#'chr'	'start'	'end'	'GFPpos_shCD19.bw'	'GFPpos_shRunx3.bw'	'GFPneg_shCD19.bw'	'GFPneg_shRunx3.bw'	'CX3CR1pos_shCD19.bw'	'CX3CR1pos_shRunx3.bw'
1	7397450	7398450	8.07095209687756	7.98514062992219	6.984169255164363	7.0423908432722095	7.455433192014694	8.041155603408814
1	9847900	9848700	0.6635451327078045	0.5072751956479624	0.6749992091767489	0.5353041615337133	0.2982070789905265	0.16730176913551986
1	10037650	10038650	2.2068828678746377	1.814820166234047	1.7254569313742898	1.743705524533987	1.6846965486332774	1.9081886446271092
1	13371950	13373200	6.083417134467159	5.516760619821857	4.416370078476603	4.449122487414966	4.229796646566952	4.358301626074314
1	13374000	13374750	2.546598284959793	2.4459421769777934	2.2947040827274323	2.1252192775408427	1.8533863333861034	1.791775608778
1	13382100	13382950	1.0550723776922506	1.012215675176943	1.0633489495165207	1.0005450325152454	0.7465582147591254	0.5214811633571106
1	13559500	13560700	0.4465799564001954	0.15614176197077637	0.38723041798244945	0.41462004677619896	0.7062518044254359	0.6564389329248418
1	13593050	13593900	2.2571626076891143	1.9701428546230582	2.103463024926536	2.0254159820255113	1.7477428331708207	1.587754111675655
1	13639150	13640200	1.1242150300255935	1.1295922282507527	1.375902980352692	1.017283086280028	0.9939497118762561	0.8089974365809134
1	13659500	13661050	2.7547567261594224	2.4548260234400616	2.318055498121184	2.2219104178905225	2.3661349020529787	2.282359552633825
1	16656900	16657800	3.6859149182670645	3.3413356141321775	3.1502720059588967	3.3237805780342646	2.903097478573521	3.145846090954211
1	16688450	16689250	1.6370887704566122	1.5200048046559096	1.7181519432575443	1.5330287168174983	1.1645666485931725	1.345507683157921
1	23923750	23924800	0.9171673287041542	0.6905848155377573	1.0341659987064367	0.7830559334584645	1.1511741799541881	1.1175974802814779
1	30872550	30873050	0.3138280434459448	0.3191191946044564	0.24184342727810143	0.26723107463121415	0.3330546714216471	0.4019112494289875
1	30948850	30950400	5.043487820628137	4.3473108846642345	3.853312903849813	3.539250372982677	3.681540294118806	3.655572982238632
1	34438750	34440700	4.21213504771055	3.6423665045745315	3.24754343577876	2.9633687973558462	3.0371569340349267	3.3877690275414634
1	34802150	34802750	1.2738052271058162	1.3754327076176802	1.1630739493792255	1.253765786960721	1.506157717431585	1.6963720154265562
1	36263950	36265000	1.7970025537054293	1.3829172131762524	1.5384001282283237	1.4072147454250425	1.123392891514869	0.9661225218999954
1	36293350	36295300	1.0580466088704377	0.9326005960832063	0.9877716900436615	0.8396430602570834	0.9203179526436923	0.6063445724926325
1	36307650	36308700	5.068700148059476	4.710652613075831	3.8221735179332725	3.8229692595629463	3.7627381748244875	4.235656298909869
1	36309250	36310200	4.149863818758412	3.487110331999628	3.009136103297535	2.513783868645367	2.714695452828156	2.1254808575856057
1	36718650	36720400	0.187141500741932	0.16565509641792345	0.17587734839561808	0.20958171001068604	0.25347599254374387	0.20638945015529944
1	36766700	36767600	1.8661870948804749	1.6119240571724045	1.5700611341827446	1.4973188404573334	1.1100700340999496	1.2237065691418119
1	39842100	39842850	4.466070429960887	4.485548356374105	3.1734416621923445	2.95130821955204	2.558639227350553	2.072955124060313
1	39917500	39918400	3.239845498005549	2.8013060374392404	2.2116016631325084	1.698314191914267	2.0773259064886305	1.2658032466636764
1	39936350	39937100	4.470296540061633	4.702947894096375	4.443054965098699	4.431895105063915	3.6679177727500596	3.624897857586543
1	40379700	40380650	1.4954461455639256	1.7893735091407832	1.6500803458661233	1.7925967037364057	1.9367715201722948	1.757205205104853
1	40392700	40394100	1.3827769964521381	1.3432272488258978	1.2077427267741745	1.0848715249181309	1.250705833084443	1.1179930555135007
1	40469850	40470600	1.624270292699337	1.4559139142831166	1.6642861173252264	1.3754264247814814	1.7851543721755345	1.1523670390645664
1	40475500	40475900	3.4038084793835877	3.578086128681898	2.804253815189004	2.9282242073118687	2.910947945788503	2.1943203091621397
1	40515250	40516100	0.8870846096207113	0.8573000764320878	0.6964961192362449	0.5359328303792897	0.7231483331147363	0.6751744678748005
1	43144450	43145100	1.2511928120599343	0.9430682161522026	1.076441042893208	0.8740138997939917	1.5507294111068433	1.7818102992383333
1	43430200	43432050	0.1819189243445163	0.1706190648298881	0.21802317338099644	0.20838083171836372	0.24652592286013622	0.21246145782139372
1	43538150	43539150	0.36154358586957375	0.4215898583627516	0.36123027481571324	0.3825497877150774	0.33285285024344924	0.36207330423141165
1	43539600	43540200	0.6924975530803203	0.6415755498409271	0.7813446754217148	0.6112709886580706	0.9279954523344834	0.9867282517751058
1	43561850	43563000	0.331504954877107	0.2748791803441058	0.3701420264491526	0.3706576562767345	0.3520640372742168	0.4305533992369538
1	43767700	43768900	0.4838710134635739	0.40203816967743533	0.2777757098209378	0.299820068443467	0.37893859050280565	0.41648198313390217
1	43933300	43934500	5.406009948843269	5.058381655293126	4.682875424456853	4.4103244471309155	4.01370119824129	4.215071303422253
1	46853850	46854450	4.586032981673877	4.444865648845831	3.590290167282025	3.265447444419066	4.078061829507351	5.533142805894216
1	51569100	51570250	0.32593175816245645	0.16015883421993357	0.4159700896379344	0.21943275571279558	0.4806733405071756	0.2727025074268813
1	51571800	51573350	0.6134615821466328	0.35265771610144125	0.7906617817504674	0.5220232359490511	0.6269065761444144	0.4641049529492948
1	51576950	51578300	0.903692249389397	0.6211789936802863	1.0448399421501011	0.798469354148864	0.8904594420893259	0.7417321297539312
1	51584250	51585500	4.108249280966482	3.861788649208315	4.298325060924407	4.290079620534724	3.8966108511307653	4.123498147851055
1	51934450	51935500	0.9400642811549229	1.1520109941887333	0.8996717892831007	0.9943422455358975	0.9119664138218476	0.8104916232558234
1	52019300	52020450	1.9840558550434728	2.40163845482247	1.8413739635767141	1.8742647366557093	1.9622135588813794	1.659873048475255
1	52039050	52040050	1.7131158900414745	1.5103874721219464	1.0680571764361473	1.1157677284628154	0.9311341198980808	0.8393458752781153
1	52040650	52041500	0.6351630692797549	0.5500773963244522	0.39645396300975017	0.33341977280728957	0.28482160969692116	0.19106132470071316
1	52118450	52119950	1.9103990141396883	1.8946045299909446	1.641076863086352	1.6763390396164075	1.565355086702893	1.3524056624794683
1	52753850	52754400	0.5109526799754663	0.3401575041223656	0.755588012716987	0.5311236815290018	0.39039325657215984	0.41952969618818975
1	53783950	53785250	2.2000801886754946	1.526306892677809	1.762067693693762	1.3320048083681049	1.6433931975558873	1.1764448393609088
1	53790850	53791900	1.899781275879586	1.2934837572999132	2.0976137818718836	1.723835976350875	2.1363072217220354	1.4441071440669753
1	53838300	53839200	0.7408558392032447	0.7533851806405518	0.686707075958422	0.6385634975182102	0.3989631658171614	0.2657394612311489
1	53844950	53846850	0.5944653094280353	0.6097828297704103	0.6579376540969304	0.5204802683780068	0.617105462983887	0.4668468031419015
1	54660600	54661500	3.127140864117278	2.8990403169165884	3.3979155573166078	3.4973785162137614	3.269473727312353	2.807277729900347
1	54841550	54842350	1.3708595715952105	1.330773295375984	1.4049935325793923	1.56025150841102	1.4272124236635864	1.3485430305451154
1	54870800	54871850	0.4309499239152478	0.46966550859254996	0.43410043766238543	0.47838572206951324	0.329773913366454	0.33262679404579104
1	54913500	54914750	0.6235594668234549	0.6684828298999417	0.679719720680483	0.7390896363892306	0.5184861268660601	0.7020106941506267
1	58445050	58445600	3.2033923998746006	3.132245168414983	2.916358272406188	2.528409224694425	2.7471197630600495	2.4314902218905363
1	58712250	58712800	3.9488452380353753	4.295254890051755	3.525311546975916	3.2977601505409586	2.317584653442556	2.434537815289064
1	59912500	59913200	7.425493088790349	6.952512572152274	5.897247516768319	6.37278359924044	6.181737329959869	6.442452759402139
1	60342900	60343900	1.0977081920254614	0.9335086976482022	0.9265494371266367	0.8462372411638498	1.2624011291116477	1.1966446399688722
1	60482650	60483450	0.5316470014094375	0.3641787738271523	0.5307718244660645	0.3899818602018058	0.23303226059535517	0.18478967207483948
1	60569050	60569850	0.08078843242220786	0.12426850004121662	0.09769063916985027	0.0985681739076972	0.1623962884116918	0.21057804030366242
1	60745750	60746600	2.4897960125698764	2.478666740655899	2.3331475143572864	2.3049076169729235	2.3991172339811047	2.3033304520214304
1	60755550	60756100	3.598059916929765	2.834597971656106	2.7532341079278426	2.225473495613445	1.027905226620761	0.5999701103297147
1	60911050	60912200	1.638920664740478	1.2557016734354627	1.4048840826390334	0.9422877491886908	0.4183864026667212	0.3286893600095873
1	60916000	60917100	2.8114175296459027	2.300456593169495	1.998317764371721	1.493851209185997	0.4921170874075456	0.2912324989248406
1	61039000	61039850	0.6161526716149905	0.5248856743907228	0.8903621168727606	0.7916124738665188	0.7394336672565517	0.7328699269737391
1	61045900	61046600	1.0501095504420144	1.0610068714618683	0.9583627656953675	0.8398046183586121	0.9288226783701352	0.9324643615739686
1	61049600	61050800	1.2968361996840003	1.4486847224873474	1.5106219035322948	1.3436163159553245	1.4022022456281324	1.525757253447858
1	61422800	61423850	0.24869301885320663	0.2631659893045041	0.35273086129162473	0.40083564259552223	0.6426981121727399	0.5414735360798382
1	62875350	62876300	1.965745258672457	1.1652198527674926	2.5166722168812625	1.897531389326997	2.627238929655991	1.6519479680688758
1	63114350	63115300	2.6762220368122582	2.4650016856899386	2.3639860016882026	2.1970873883366586	2.472236064779865	2.3809669562821325
1	64000550	64001000	0.9752266737487582	0.8182297870516777	0.8952393082446523	0.8872802555892203	0.5577345384822952	0.6476696622868379
1	64508150	64509050	0.42021965350334844	0.31688297420092254	0.5339942756005459	0.4147646041380035	0.2994387233422862	0.29003283860671836
1	64531550	64533300	8.088291548522387	7.811523209004908	7.159484938625916	6.897786572377918	6.5075980614413735	7.0479913264176375
1	65177600	65179500	0.6397265276263245	0.755370678440217	0.5551176134212313	0.687052030097729	0.701594846907072	0.9109701102687505
1	66816050	66817700	3.0117206640234206	2.8289706341099294	2.661095393787731	2.640777446036023	3.0411316106323674	3.2809251373161974
1	66930850	66932600	0.06347384891519205	0.05878957943134369	0.14211805842602918	0.10266667812526876	0.1549997856767823	0.1885318364485255
1	67038500	67039700	1.1660022537507972	1.1292510587682005	1.0772275788553298	1.075527937544075	1.3734368476096321	2.2170831286441537
1	69768700	69769400	3.355450305938721	2.8134500641907962	1.9012657154883656	1.7724116245763641	1.0721707290410996	0.7419682420045137
1	71102300	71103700	3.9135601041943247	3.5711599196157144	3.4962262897008025	3.597840808335837	3.8054760093849245	4.562041603544621
1	74200950	74202000	1.6280609396013064	1.0910445225261045	1.5859479594487016	1.2738240859905878	1.6693997620578322	1.5308260801984441
1	74284650	74285050	14.143377621173858	12.731147132515908	13.191721042394638	13.846624531149864	12.399863874912262	11.453952061533927
1	74332100	74333150	3.5722215665064283	3.4134269448835544	2.9810706991497455	3.2616344812370484	3.0626106567326046	2.9661936297303155
1	74390250	74391250	0.9397136828514837	0.9730128065539945	0.5357185981196741	0.5307217198163271	0.5297325391620398	0.7303908140063285
1	74587900	74588550	5.584346443231289	5.457685474432432	4.1497581945474336	4.067181159097415	3.607994238229898	3.5229214058014064
1	74802850	74803950	0.5879221107312032	0.6268290455390282	0.5708432435574657	0.5621609142923486	0.4056091218453678	0.585181010521271
1	75124400	75125250	6.60268418182345	6.106234522146337	5.567588593223515	5.400379384668434	5.200140002562719	5.538126291211913
1	75141950	75143000	3.4897648424889818	3.1068088719006144	2.7971858352450183	2.6073739278032666	2.5573345638598712	2.556752009647233
1	75191700	75192100	4.166558820903301	4.15083357155323	3.6365728896856306	3.8018579089641573	3.3899539071321487	3.7107300585508347
1	75316850	75318000	9.432734227334299	8.486505733024522	8.286445419584384	9.855255755423242	7.620960011591997	8.80027779529924
1	78488400	78489900	1.8279392743044798	1.5303964168845965	1.272260430674399	1.168269220920724	1.1690614419837095	1.205586958330731
1	78537150	78538050	2.615429844624466	3.656113930228684	1.5195876326070477	2.4431584957397012	1.4072017048464882	2.1722635530763204
1	79750950	79752000	1.1193044506606236	0.9487130604804206	1.026532415874909	0.7987695641460872	0.9775529735287031	0.7978833100696405
1	80664900	80666000	1.0279017205182408	1.0390051423349689	1.0420654860772864	0.9614532180198264	1.0099906572938604	0.98538866345178
1	80754300	80755850	0.8934122055062567	0.7047320428732516	0.7378681250165717	0.713253889473323	0.7365445189464053	0.6566797887890105
1	85703350	85704100	3.818324252764384	3.423951379299164	3.5605729991992314	2.93854945709308	3.2446276679039	3.034974134325981
1	85731850	85733150	1.3961772001357249	1.4656707920744165	1.3725706816370375	1.3996775839838593	1.325544420922149	1.159170441587384
1	85734550	85736650	1.312321708096154	1.3904101763782415	1.3156080111490418	1.2013335281636293	1.116311442765201	1.1357303645576484
1	85751650	85752600	2.6150756575873024	2.367729622251109	2.6898224065805736	2.602941817343235	3.25843565507939	3.1740494844788
1	85997850	85998550	0.8966725266405514	0.7262439406410391	0.8003413774605308	0.6575297395033496	0.41399574771257386	0.4046315514509167
1	86005700	86007250	0.37215659716205796	0.28856963515540357	0.2922880058305256	0.22302011528089719	0.25290908358059944	0.15185287562756491
1	86064250	86065300	1.8658039303236111	1.6305663734646987	1.5218546559953468	1.5149969879637732	1.5674769220465705	1.5515180194111806
1	86154200	86155700	1.8213808544754175	1.949232496533398	1.7227180988872899	1.6629286653900932	1.1703248614758155	1.01790464791294
1	86358850	86360050	9.268915704347753	8.610670523284584	7.362916103075909	7.17429248896512	5.979767288881189	7.196886531909307
1	86440650	86440950	2.312698441147804	2.291599625746409	1.6233689419428508	1.9451323240001996	1.4836878447234632	1.2956499300400417
1	86582150	86583150	1.8228645186923227	2.14310219148818	1.498854591010888	1.7009915441572667	1.3444174768701196	1.5633973174318672
1	87607500	87608300	1.5146263910084963	1.04077511286363	1.9615675201296554	1.6630296749994158	1.5804162140376865	1.5781403063237667
1	87636350	87637900	2.554128302535455	2.5703931373016644	1.619090793399278	1.7619656416723952	0.9489025468282172	0.8774909861822908
1	88654400	88655650	2.3492181220269974	1.5522467033878449	2.322415471753766	1.679748882109875	2.115020285965415	1.6507470726847648
1	88701300	88702600	2.1146558601625505	1.626228351356374	1.7706886539979845	1.3419307586474298	1.3168325294088994	1.3500702562240454
1	91049050	91049800	0.669566439991196	0.4475349867294232	0.6737741995851199	0.41054020476341246	0.672934329410394	0.450407951215903
1	91052700	91053950	3.279861647673576	3.2754135806175966	3.286037844159526	2.6501529139200843	2.540075697102266	2.362849980688095
1	91056100	91056750	1.4604589412762568	1.8502873524335715	1.4110871292077578	1.4377907318335312	0.8840742937418131	0.9999933295525038
1	91298000	91298750	2.0874490498900413	1.9135083234111467	1.8237971938004096	1.675062895556291	1.4692007984519004	1.3608522772192955
1	91412650	91414100	2.320998455892018	1.8483842820346819	2.0590647021284094	1.8417023934391226	1.7339309543044763	1.763585309087513
1	91459250	91459700	14.920385957294041	13.475526207288107	11.80487551636166	12.287350585195753	10.253011850516002	8.451419672966004
1	92069200	92070750	0.9135508728235003	0.5979456760432644	0.854344336361172	0.5911364113955788	0.8071040083428138	0.49031213343300684
1	92079650	92080700	1.394459196351879	1.3442299328010265	1.4767576501638784	1.3560639060253188	0.9869871887635617	0.9194777929711909
1	92180250	92181000	11.68369158744812	11.09323944981893	9.813923377037048	10.230386890411378	10.457129161834716	11.062947811762491
1	92805950	92807350	0.5599497050184259	0.6588349892391747	0.688574927940896	0.778029742210041	0.6164666054178687	0.6921203102542712
1	92933600	92935200	2.9092324251897876	2.8748093812721294	2.5873224167271145	2.512786740363893	2.2650982004579374	2.2849690404864873
1	93477950	93480150	6.753787390644577	6.055454232448008	5.40667958890702	5.3558924037979185	5.4190969406831435	6.163143987735221
1	93635350	93636200	3.5620051689007703	3.363936231837553	3.0943023259499496	3.207081980880569	2.886350630399059	2.9183318984508513
1	93803550	93804650	6.870417820952855	5.9386465271197455	5.0071926364171535	5.0818589142235995	5.148980520829797	5.629619056365707
1	94034700	94035650	5.175755318026794	4.4396381261552635	4.196342914096619	3.8879474511272027	3.678641416493215	4.412773133547683
1	94042300	94042750	0.9476073057121701	0.8163930294248792	0.866867794195811	0.7401138207647535	0.8620436453157001	0.7961919031871689
1	95666550	95668150	3.806235720149932	3.3266201049281703	3.4509083439457804	3.3657047185392095	4.208097125116517	4.563722980410554
1	97659300	97660050	0.517532671113809	0.4209962696482738	0.587559830447038	0.4659812847574552	0.42100218731164935	0.4256224625259638
1	105663250	105664000	7.5826283034483595	6.809556452512741	6.705827061096827	6.3615805417895315	6.0947838224569955	6.444912410736084
1	105980800	105982000	2.7706575724869835	1.7884315590961009	2.0891462550111997	1.832608442365306	2.2942468516840524	2.1660433590831234
1	118388250	118390450	1.8854023453098072	1.793803610549994	1.4921730674047275	1.3980615462194124	1.5613349852714946	2.254320421612036
1	118458750	118459800	2.9417797854858607	2.696458126777145	1.8849119155051703	2.0661481663300876	1.6492817871485437	2.0579112166592055
1	119836500	119837850	3.5523314084891813	3.016612373133287	2.5914595810173515	3.000610753240275	2.5604924509675935	3.209966625747857
1	125467700	125468350	4.123048626505412	3.3203998055824866	4.4892598043955285	4.236797153743414	2.748388140293268	2.757866298051981
1	127773600	127774300	8.169571831524372	7.193387414876904	7.336485780605248	7.299817839860916	6.517849238270095	6.461396573994841
1	127868500	127869400	2.866624650028017	2.8269207110173173	1.9033925275670158	2.120707150482469	1.1772635572776198	1.304197967723012
1	128102750	128103600	8.839258526774014	8.001342670917511	7.77482914910597	7.164610973245957	7.203476323099697	8.384631916775422
1	128416400	128417550	2.3450735270603245	1.7818925422438399	1.7018211236408014	1.5616134821624004	1.5243732593492474	2.234748642721578
1	128446550	128447900	0.40164839073191394	0.2853030818853356	0.40970209467626506	0.4114458891286765	0.2559785144550378	0.3092885182127357
1	128548450	128550050	1.0442059633526732	1.1169109911735982	0.8622962246385076	0.9329448968923599	0.8331547942710928	1.1395946478551244
1	128614450	128615700	2.3727338842576553	2.2193296523063415	2.1695268255418347	1.8760119079589848	2.170079003322826	2.405727393555641
1	128766250	128767700	1.8595977161299266	2.123272871880961	1.7125888902114683	1.8294127212173636	2.06526070747124	2.040997583470349
1	128786500	128787750	3.0589470557254064	2.9754875762447233	1.9353168715607172	2.4438327601256775	1.8576979286173947	2.022391807836294
1	128830250	128833100	0.7675727375968668	0.7844830508435694	0.8029666335905213	0.7120433728633903	0.8154169680139721	0.8933697966603248
1	130993250	130994650	2.0606426751174136	2.278361258407892	2.133815058358497	2.1897493633773375	1.5355358891927897	1.573175619123978
1	131022600	131023500	1.9181324882018898	1.824230014698373	2.2583248475773465	2.0647190820508534	0.3598231580273973	0.3139732355790006
1	131138200	131138900	1.6596853910173688	1.5797392147779465	1.4667521387764386	1.3775606595618384	1.2542026879957744	1.3340253665617534
1	131184100	131184950	0.5918347036838532	0.6134423200260191	0.5167981438251102	0.450991909486406	0.39715562703854895	0.3109519207959666
1	131526750	131528500	8.345521194119607	7.471961697737925	7.101444858480709	7.374870023256773	7.2671569087405175	7.752595417567663
1	131637850	131639350	0.6597360238516203	0.5733718692000195	0.6186616861620774	0.3637660486449217	0.390618405491698	0.32179429618702377
1	131866850	131867750	1.57439867745671	1.432638504985306	1.5450966004696158	1.3293189240329795	1.4911859066453246	1.5340015178587703
1	132007450	132008650	6.503063825791882	5.953716704255791	4.912651473527314	4.377996312632705	3.681707405763514	3.801562533179919
1	132010600	132011200	7.003360669612885	6.388857391277949	4.292274397214253	4.010760545531909	3.6901135355234147	3.141344838341077
1	132476850	132477650	1.542380572631955	1.3759906849637629	1.3724633551575243	1.0464422023296356	1.065597385764122	1.0546897334977985
1	133130450	133131650	4.637763875091588	4.434875571471389	4.184746618169473	4.301066917424852	3.5020219045000918	3.792661395625522
1	133815850	133816650	1.8157601081207395	1.3942609268799424	1.6741557066515087	1.4616833736933768	1.4909091623686255	1.6984851692989469
1	134063000	134064150	0.9409289331422781	1.131812207728917	0.8830407098767467	0.7890369395681992	0.7924121848884447	0.8336000414775765
1	134082600	134083650	1.4111009988916634	0.7975923919457995	1.4375648715931884	1.041389970418714	1.8278877306126413	1.420733936049399
1	134092800	134094200	3.4839061026858844	3.523115017271262	2.7886457349400158	2.7252400593576813	2.2078632793907356	2.2998949905593116
1	134098550	134099750	1.7426557340929583	1.4602696043445218	1.6222219268993665	1.2578053953792112	1.5057734406461902	1.1808025407791138
1	134414900	134415750	3.915864428597338	3.58291183455902	3.3159541038204643	3.234379825504387	3.040296865675379	3.0852232072151757
1	135131850	135133450	1.6162171163866597	1.559370775453506	1.2204588381898018	1.1155477637323465	1.182744140826604	1.1514159294616346
1	135267850	135269100	0.6178540517003078	0.35239612216415866	0.6680907173221561	0.44494491622999366	0.4360377345814424	0.3200508554384112
1	136131000	136131700	2.1361291090079715	1.9700016022580011	1.899314811804465	1.9340298234352045	2.140035834482738	1.8466614592501096
1	136134850	136135400	2.3539849803122608	1.9585953142697161	2.878036593821916	2.2036880615624512	2.0093023211847654	1.5238967771828174
1	136135700	136136900	0.840560502288162	0.5954245378637827	0.5614198659055977	0.5208207130913782	0.6553708611282648	0.40356980739782256
1	136139750	136140800	2.2933216953679643	2.1901267873819705	1.99350671429573	1.9095340503397442	1.7857836133738358	1.8144971221188704
1	136414900	136415650	4.951462259689967	4.494453137993813	3.7231932158470156	3.8515999535520873	2.9810062194069227	3.5926332671642305
1	136685200	136685900	1.5598518667902266	1.4717004296183587	1.1564514146532332	1.06975269057921	0.8557585058041981	1.0167987105676106
1	138038600	138039500	0.09435393895958713	0.1436560105656584	0.0614815186864386	0.05552019821272956	0.03318225980231037	0.049774107835267284
1	138135450	138137100	1.306026608083954	1.3342627835017378	1.1883739813751488	1.1429969202519776	1.0396056308253352	0.852496943322599
1	138162450	138163550	1.4060877477668248	1.634311244886292	0.6902346488527539	0.7479167272680778	0.432440946892621	0.4386558318883181
1	138191450	138192600	2.005750802643336	1.94054435653254	2.091368786676736	1.4631741470713167	2.5779533954288647	2.0475773548302443
1	138289500	138290550	0.7355040749463434	0.8679766978865944	0.6847849240867041	0.6570210215165502	0.8441708383504765	0.6047780508122274
1	138297400	138298800	0.26206953958564866	0.25040848316389636	0.28842154235961726	0.28197523614751924	0.3497302479734701	0.34778396567414177
1	138298900	138300400	1.0606583642446867	1.0214942983401718	1.072835966757731	0.9019430401466159	0.9283949917531481	0.7239721131731375
1	138303750	138305400	1.9397793282861882	1.7083919727723285	1.7686043169016084	1.4051410251193575	1.571629341334062	1.279078393643079
1	138559400	138560450	1.1716731754426033	1.548903766758242	0.7506818038893552	0.8993290571087883	0.5128290480801038	0.46116111025568984
1	138930800	138931400	0.38993843803958345	0.2720338071261843	0.38617387713554	0.407550060103337	0.42286699594308935	0.5792350853979588
1	138939250	138940300	0.3652751042167243	0.24538994375279297	0.38877732684038396	0.395845533631359	0.41494337615690063	0.5162583838367746
1	138975600	138976150	0.49923842137510127	0.4139907629381527	0.562433818497441	0.5029203781756488	0.3925954933329062	0.388505378771912
1	139453850	139455250	1.9799581648017952	1.9341621046461817	1.56150425909851	1.5097369692521572	1.7551098130630847	2.1862068282726197
1	143466250	143467150	0.29224555159440035	0.08688164568651471	0.41231184529448256	0.2830254779377303	0.49557985505991814	0.30110319985697664
1	144306950	144308700	0.8413349897314941	0.8224293365478516	0.8946539922617547	0.7037734804359865	0.9822861975020721	0.8801316692518426
1	144355750	144356500	0.5509707432625195	0.3126446452563473	0.9210638502850669	0.8383047857972367	0.49249425572197	0.4377428643579284
1	151682750	151683550	1.424120306428522	1.7316570645198226	1.8576770584762563	1.687519737239927	1.3094439106807112	1.4363308385387064
1	151754800	151756100	3.4564457116706793	3.440056343350753	3.3212649148983635	3.43339662440729	3.8227296961918134	3.6057919380527275
1	152008450	152009350	3.892421204845111	3.479757732351621	3.0128937934504614	2.5685390170084106	1.4298239591055446	1.1983949516548051
1	152010150	152011000	1.8451624003753944	1.7937867851643001	1.403283655029886	1.310858396204079	0.42521369502824896	0.23833997722934275
1	152902700	152903800	7.770936336293598	6.719979997562173	5.584579068628575	5.7022325901420325	5.29912855362067	6.166778659820556
1	153084950	153085950	3.6949984471336488	2.8189488948083694	4.054730077897349	4.005227532759309	2.930788643628359	2.658221184670925
1	153319600	153320850	0.5024917895963116	0.4034143364941984	0.6964896454780333	0.5954781589211932	0.6604611889204604	0.7845160675048828
1	153617050	153618100	1.6991060484483447	1.3906036112828701	2.0333251493291815	1.8398457483241433	1.5152522127614134	1.5501873130031993
1	153723150	153723850	5.004920499920845	5.561072658130101	3.977430488041469	4.829025183958667	3.058641845371042	3.5698148163727352
1	155040150	155040600	2.8191346642706128	2.851806369357639	2.6423729544215733	2.5523835653066635	1.9256040692329406	1.5973496927155388
1	155050250	155051650	1.084279949489277	0.8284641693044917	0.57029800117005	0.6691044900322035	0.7782749884769696	0.6739579387029192
1	155172600	155174000	5.120056350843429	4.720043404355027	4.868362059715093	4.210714395944175	5.350739970572004	4.921307688654459
1	155972850	155974400	5.219438127622892	4.42188339935009	4.437588749703864	3.990974304325552	3.5971706420526544	3.4524621987647803
1	156037150	156038200	0.7310967504190775	0.596185618721395	0.5573408087491861	0.48051575058802015	0.34766743365852604	0.31732939660011245
1	156615450	156616100	4.470198394610332	4.388578658103943	3.4439173059280104	3.4848958067710583	3.3108259057998657	3.5998237091761367
1	156718200	156719100	1.7886692628264427	1.624272003033095	1.4965267473624813	1.441258998182085	1.580696973055601	2.094397027111716
1	156752600	156753250	0.24172374501251256	0.222262993105329	0.1965778176830365	0.25162207945035053	0.2988545790543923	0.3661946326264968
1	160024200	160025750	0.4659095393120306	0.3751103925923642	0.5818118363885552	0.3453908804597976	0.439808625052957	0.4341085867942586
1	160044050	160045050	2.3773801838198017	2.5574611550607993	2.055024314388152	2.1865055263489483	2.0783402900099754	1.8243334151208401
1	160052750	160054100	3.7208250491963777	2.792345815496775	2.7564788708977375	2.266907048680298	2.4117920116349763	2.2549371141857573
1	160213050	160213600	5.17758638642051	4.770267629948529	4.856287056099284	4.136293954199011	4.920407372713089	5.430326306386427
1	160906000	160907550	3.082369774730099	2.5438158031209572	2.6212644847411894	2.298137810040053	2.556819459735836	2.081843800326531
1	161070600	161071000	4.807233285605907	3.95782925337553	3.7804783073067667	3.793924118876457	3.1162415227293967	3.342439778894186
1	161250600	161252050	2.594111368032929	2.255758178846722	2.3322876838157915	1.864563006896335	2.3959931038165916	2.2632476322002764
1	161734450	161736000	2.4771918043753685	1.9334443659191944	1.6553908500810322	1.2847503360600436	1.6114404987022142	1.7384123989874387
1	161765800	161767500	2.7710276593202883	2.7775464871169495	3.0092968855682316	2.6152396441780943	2.4970365272838766	2.4976308081609933
1	161775000	161775850	1.055315242282608	0.9707079812928158	1.0582259437748613	0.881906060015454	1.5618710074266966	1.366833952507552
1	161794450	161795250	1.2576302948221565	1.0581435477547347	1.7730504065565764	1.3794084400124849	1.3705449386127293	0.9484477057866753
1	161803950	161805150	1.6179673097659182	1.3704994791297502	1.7011300174523425	1.411112163195149	0.9255146441973892	0.819420974009001
1	161876300	161877550	6.7284901851531	6.0975141352253575	5.666703033644153	6.10464379864317	5.818130651945226	6.612926391983033
1	164135200	164136500	2.2118243909887876	2.4042642847302536	2.095142687757317	1.98777242359948	2.599347626267515	3.346998772942103
1	164248650	164249500	4.79725994979634	4.580726228145992	4.392186314989539	4.262794233770931	4.657757392771104	5.328355663453832
1	164965850	164966600	1.9844419791499774	1.7965423819025357	1.9702708629071712	1.916646113693714	1.5805939233501751	1.516413133263588
1	165322050	165323050	0.06577659002197384	0.11686910232662136	0.02117413704277982	0.047928806006475456	0.04379111553542316	0.058604034015908836
1	165460350	165461400	14.053673680506177	12.619155862928352	9.299377371089252	12.034944103104728	12.281368035134815	13.948023064022973
1	165634100	165634950	1.7983303124939694	2.0164202839136123	1.7191643904500147	1.6788524888368215	1.6840609668107593	1.9522042017298586
1	165700050	165701450	2.322625187898369	2.5531015414905984	1.652595167467671	1.5168180405926435	0.7597281857548642	0.8353656246971054
1	165708850	165710150	0.926482878816029	0.665208306561037	0.8355231315208131	0.6235329205839785	0.5243084388174977	0.49024319800046773
1	165722200	165723800	1.1066888329538214	0.8427291651281233	0.5630667324786954	0.6745607859434641	0.25478520941625576	0.18261247312148218
1	165844700	165845900	2.866570754845937	3.645324453692283	2.432754944678276	2.4748381210095953	2.54300080874387	3.0216081011792024
1	166002400	166003700	7.586022302520538	6.321065331357288	5.647887693835844	6.125698870304623	5.262762791668128	5.9752454915585425
1	166409150	166410450	3.0349367033459114	2.6261918941147573	2.9399480528157045	2.6636396260917325	3.7908893085496995	4.635176491668591
1	169968950	169970050	3.589397891155086	3.444477463607675	3.2895142829182875	3.542158172733935	3.380098887101852	3.895390011586926
1	170853350	170854200	0.48524867524118986	0.5604193594788803	0.5525377667826765	0.4740416255417992	0.3366628843326779	0.28819743150954735
1	170972000	170973250	0.49433899034069434	0.22047637165355968	1.0147083953585236	0.563653822777488	1.3820267796235928	1.052165048098564
1	171388050	171389900	2.7570080263591787	2.5213392012246088	2.7429608601950104	2.3860854574464363	2.420410436014682	2.1587800061605322
1	171502550	171504050	3.932402548184959	3.2675931090898414	3.07521972328104	2.8350161194464176	2.6514994043836406	2.6490465887498487
1	171628600	171630300	1.549903696007988	1.5726098741752148	1.4706196834376009	1.502523318216662	1.5035507620494672	1.5282969832781184
1	171643250	171644300	1.6906003710604665	1.5205838298275425	1.7418714528076475	1.6073315624112174	1.4983881572775897	1.2976950082531873
1	171762000	171762900	0.2512344348161693	0.19742129306929806	0.2832156767282221	0.213334631454836	0.23876593089765974	0.2963272917498317
1	171917000	171918000	0.5394694136957969	0.61095655556648	0.3539265415462492	0.33020777411169716	0.2322068117633462	0.1617835777818013
1	171920750	171922300	1.0301861446630693	1.0757154604547603	0.7447173734758201	0.612435065925088	0.28964808863525826	0.2830069070525631
1	172514050	172514400	2.363745765345437	2.2648410844802855	1.5416772864546096	1.572834724698748	1.3041135830538613	1.4378232748167856
1	172548200	172549050	0.31321919947424354	0.33131960971661234	0.30125468326842086	0.3532309934146264	0.37571349508183843	0.43101948941893437
1	173437100	173438150	1.3514278141144782	0.8335993818643455	1.514693780333582	1.119801058329287	1.792594560767923	1.3217143630271866
1	173440050	173441950	1.1403699342625657	1.0026745876836858	1.2777132373673805	0.8628457194253275	1.189965637667629	0.9729989584802561
1	173911950	173913650	0.26680899300618754	0.2078726176473628	0.18980247350746918	0.18457004043900951	0.2481973392310001	0.2835028048253092
1	175625350	175626450	2.884210334117811	3.1477815409699494	2.595692165660019	2.964925481211436	3.717923094703552	5.047563738660379
1	175692400	175693550	5.791216293498143	5.507451353006243	5.317648032122875	5.8451574712434144	5.616007073004837	6.239941469845564
1	176813900	176814900	2.2707613717356034	2.3145362248574535	2.380244892735635	2.2774717546105383	3.103227987408638	4.181411347627639
1	178318250	178319850	4.366717192713292	4.13717442709592	3.3874155198566376	3.197115694600525	3.029753908396644	3.1965004866899447
1	180364750	180365650	3.622354709704717	3.8938740020328098	3.2377342288030517	2.9628838359812897	2.9997384716570377	3.3408107705911
1	180398250	180399150	0.6338350532866187	0.6351097999078532	0.36221824907076855	0.3467765468193425	0.2308624580071319	0.13193121301425803
1	180403050	180404600	5.954879829355136	5.272084495036336	5.3566183463939145	5.009886942355545	5.278544908809481	4.8929455551811385
1	180850050	180851900	4.616200704573813	4.222780806347147	3.96265829573534	4.025074293807734	3.9052859231663812	4.030029108941756
1	181143300	181144800	0.7884688394915673	1.0442752769455685	0.6556462666142372	0.7092730254723282	0.5417380126884855	0.6561430626203532
1	181256350	181257300	1.0217486676887462	1.1075861277392036	0.8162795949923365	0.7803472254935064	0.8330197237980993	0.867529431173676
1	181860250	181861400	1.6240262414629965	1.1347985276183858	1.6752230829337895	1.347026306501615	1.6381869503421245	1.5828446762717288
1	182527500	182529500	0.19092914492976795	0.22368346690105936	0.2482929733957466	0.23194321877390037	0.27992318745833455	0.38885684688775174
1	183296500	183297850	3.420308083530301	3.1102529482459795	2.834240086964524	2.4451182670892595	2.3156554145231225	2.7497398696122346
1	184005100	184006550	1.5477510227907751	1.2678680775645015	1.7569230824543811	1.3264079626303376	1.2487575230298613	1.3053297659675884
1	184033750	184034900	10.502299340182567	8.863670269296012	8.523411851537846	8.5431348010077	8.751810226245304	9.859489052710325
1	184534200	184535050	1.8443817992771374	1.47884586705881	1.6967174423617475	1.381435817743049	1.932461118943551	2.127489246480605
1	189687900	189688950	2.763220152290919	2.730910258331479	2.597719866625175	3.3355653720346696	2.7704916651830787	2.9034622527375107
1	189817000	189817900	0.12977032517140635	0.11709406504614486	0.24544542520578025	0.22806152980638283	0.35818892689628734	0.3679346604860701
1	191026000	191027000	4.114545212893307	3.438188174639724	3.7123206326884612	4.222894906252622	4.439815106198192	5.124082380414009
1	191369150	191369700	0.5400104756788774	0.2922553871707483	0.35342129654505033	0.24470371877605265	0.34178747350519356	0.2374482057040388
1	191445750	191446600	1.4820758649531534	1.0341964576524847	1.0064814394186525	0.7757062749126378	0.4983104997873306	0.5223153571083266
1	191575100	191576050	7.474654914768118	6.902126125034533	6.184899105837471	6.062247319597947	6.198935780399724	7.291679565655557
1	193200850	193202250	3.3987134198439284	2.802413867212111	3.7625276252641107	2.840614091121789	4.018003806827449	3.4181357750464914
1	193263700	193264550	1.487765161465196	1.4497031561592046	1.7587841148586834	1.4566804523678387	1.595594569479718	1.5380986001211054
1	193328900	193330300	0.23976294574579976	0.2552004879191175	0.5967370400632003	0.4374021288017174	0.44873882603244625	0.6384669924257602
10	5823550	5825100	4.857661721728719	4.48431536028462	4.493726768453957	4.277054824754523	4.222332818123602	4.79082155492372
10	8327300	8328250	nan	nan	0.013718867352282678	0.01619189977645874	0.01569497272939471	nan
10	8505050	8506550	2.0732022551567324	1.7287635000803137	1.5840348569694254	1.267755197944063	1.260011592019675	1.1048278981290123
10	10184450	10185000	1.5379776813767172	1.3856310474872588	1.706695949164304	1.3859382369843396	1.9488199658827348	2.2052560391209344
10	12813000	12814150	3.3367597205441597	2.967373269015576	2.837625413469312	2.1077037448405593	1.690320608670754	1.583031354209651
10	12867600	12869950	0.69200471586124	0.6078507540073756	0.8121039314007679	0.7152119499155798	0.651945804416559	0.5600084689582473
10	12873950	12875650	1.0472243448362404	0.9025776110654539	0.9281735409007353	0.8602614092889856	0.8394233439620391	0.7512596128913788
10	12963450	12965350	1.8820686261479844	2.0732382269828546	1.5146571560424131	1.5513993783886921	1.5002008764035193	1.7518022591353453
10	12984450	12985650	0.21501402875918973	0.18665489152298867	0.15834997921252722	0.2684533191540399	0.12801153327960774	0.14843656760862187
10	12993150	12994300	0.9260889354245629	0.7022247756394853	0.9852533762049058	0.7097698690397315	0.9245339773038089	0.7379623222279036
10	13192800	13193550	3.917871761361758	3.8139834807713826	3.3481720929245156	3.014758987347285	2.5882080023884773	2.4643072059551874
10	13966250	13967350	3.9349898819909415	3.611509025103885	2.7073385557471132	2.1829713809851445	1.7585304262293848	1.662958779280836
10	13982950	13984400	2.268144841464661	2.361970610764185	2.450915401583917	2.2385336581741377	1.9199243779206299	1.9878470450667938
10	17565100	17565850	0.8159980720728636	0.7709314008578658	1.0783582846472661	0.94530464053154	1.7234788451294105	1.8922356344660123
10	17721650	17723750	3.3922689189998785	3.402068416878192	3.0987101360326905	2.734761352635393	2.9757893328172487	3.6057577753014214
10	17795800	17796550	1.5175479168494543	1.615653179327647	1.475263814608256	1.430543599665165	1.8233365421295167	2.416970786889394
10	17987450	17988750	1.4391234631337244	1.080761365772181	1.221979977753263	0.8888489748992564	1.6452130473900706	1.6732016109216672
10	18022150	18023100	3.405368514751133	3.001896564584029	2.735510422022719	2.3129531957914953	2.607522365670455	2.520654354534651
10	18234650	18235850	3.053845763030232	2.8761943094127917	2.4900597432195766	2.3197800064086915	2.057967542433271	2.47639952213193
10	19015100	19016200	5.451335685987278	5.235560928887286	4.156318976662376	4.086982520132354	3.3153221010014335	3.749432078952139
10	19062000	19063400	6.78513023820341	6.668543864450147	6.6924625176987895	6.4507643594236175	6.118580398439359	4.769523491114873
10	19104350	19105400	3.884162379673549	3.2712051700996363	3.9957424079612283	3.6322595055756115	3.4767847432976677	3.2659525091591335
10	19184400	19185550	2.9122753516754964	3.0645048038220506	2.3102268792736917	2.4877321366331535	1.6331491601436643	1.4611534203329812
10	19577150	19579000	2.7444254155312815	2.460631335498219	2.4908305191931355	1.9749256582642902	2.090026969077667	1.8946928382719992
10	19591500	19592750	4.881614232463222	4.2254173219250095	4.0704965092812815	3.7755067980217207	3.9290491194332353	3.1921693227410315
10	19596600	19597350	1.909604340314865	1.4733210250536601	2.127067985475063	1.7237465230822564	2.2772145015796026	1.9081388703187308
10	19718300	19719150	0.904427532730706	0.9808288233894285	1.058617923050974	1.5527043263053588	1.068496728640269	1.3842395456728416
10	20311950	20313400	7.567891847782326	7.206503981780156	6.067671567728044	6.003872780555716	5.790471907145595	5.442739811723674
10	20882550	20883150	0.4913482060469687	0.45631266278525195	0.5507568709552288	0.35859655506908894	0.3873958504199982	0.24398645656804244
10	21203900	21205950	0.9412931516093593	0.8035151689771026	0.9221623133187402	0.6225843336726564	0.7209029801763417	0.6368425009639338
10	21479100	21479850	1.254132727459073	1.1553652072499196	1.3982909936060508	1.3148471334576606	1.233975678195556	1.0041987306276958
10	21905600	21906600	0.8154958742203251	0.7549193590722225	1.1173216855141426	1.0584765783023977	1.065852549508214	0.9555445735417306
10	21906800	21908800	0.6863961348841267	0.5147733010356029	0.7383414120366497	0.5176196764165706	0.5507076905404821	0.42535014948500044
10	22301900	22303900	2.2102010527580016	2.1689885233602215	2.198282784984958	1.7106910215777684	1.6088227162080655	1.3745919387459284
10	26799150	26800000	3.2144945711248063	2.453089459854014	2.952086862255545	2.7209441090331357	2.961347285999971	3.4820855853838077
10	30617900	30618900	4.7642841517540715	4.713646410606507	3.976920192318578	4.367943156927824	4.270520756945014	4.654884852349758
10	34109850	34111350	1.4055034915644067	1.2177680476623278	1.6990948112004878	1.144451389246822	0.5554327238893193	0.30824895167184135
10	34172550	34173350	0.5929424785450101	0.4026385102514178	0.5642841740336735	0.44234232453629374	0.5811478288751095	0.8257107079401612
10	34281400	34282500	3.7196896852006662	3.02018382033295	2.904793960551712	3.088607033711163	3.0574734713304488	3.832775481830944
10	34297400	34297900	4.134344068408012	4.1585219869613645	3.749500885128975	3.5759484642744064	3.0848726122379304	3.7902437999248506
10	34417600	34418650	2.472061813610619	2.237600476409768	1.694524711573728	2.2163320293312982	2.3259679693161024	2.37330676133434
10	39171050	39171950	2.3580595278077654	2.22507897482978	2.112988144622909	1.9314956713053915	1.590053085287412	1.6479728455675973
10	39192550	39193350	1.0178474582592025	1.039118803590536	0.9722306168300565	0.9778555401604438	0.5247507190098986	0.421505200935062
10	39369300	39369800	5.860854671001435	5.361235183775425	5.250702343404293	5.559941762387752	4.342197611510754	4.056595137119293
10	39469350	39470900	1.3447772698695155	1.4997466618659963	1.2491884501493933	1.2184080823076084	1.2350319085311168	1.1928463365650677
10	39479100	39480650	1.3245566891879619	1.2867242260157876	1.2693984189862144	0.9654102588329148	1.0627079241551756	0.8174213042262793
10	39491950	39492800	0.461589835056049	0.4975022261282977	0.36015362017404506	0.36494637945119074	0.25822242309065424	0.22517869210062016
10	39505450	39506300	2.4913744857030755	2.355333067283911	1.9225369713937535	1.5395448559522629	1.1516191258149988	0.8491703878781375
10	39514700	39515350	1.1739374026885399	1.0769794498957121	0.9979525759128424	0.7948477475918256	0.8756668509886815	0.7758991957169312
10	39731350	39733400	4.663189614473789	4.534821185499226	3.601209933073102	3.549894727691402	3.1833154451248302	3.2654073375781802
10	40164800	40165600	0.19284368170658125	0.19675976666854694	0.30586043837217564	0.2949975294009128	0.17899635388050228	0.22912441844157144
10	40301950	40302650	6.846835523034845	6.110563965695245	5.089656282748495	5.165839710533619	4.644177281090191	4.367258571386337
10	40348200	40349400	5.343234967775242	5.133906157912884	5.022178506838379	5.382884177082428	4.206527756335689	5.408554539786031
10	41473000	41473500	2.0727157868146895	1.6598870041370393	2.045903807520866	1.7754419499635696	2.013468312263489	1.9848012715578078
10	41476150	41478500	1.7147471029951644	1.9448757083397985	1.607691892167028	1.6093761983267973	1.7702326358036047	1.816023159554742
10	41518500	41520350	4.265926201420446	3.796341152132845	3.3660665207869163	2.898349212195128	2.8105753165207585	2.8175600873082782
10	41690100	41691550	0.08584023300385421	0.129426400536203	0.08885823665968372	0.07572407621464475	0.05495617303716836	0.08795092212584445
10	42276950	42278450	5.409093950825353	4.904381259836176	3.9229181597309726	4.294484308416193	4.058653396905637	4.652131202014322
10	42501400	42503100	3.18603612501662	3.187517526289996	3.0501539895183387	2.995921904705	2.929311257563661	2.725631420067658
10	42838150	42839550	2.8636882291521344	2.392655116665748	2.609120468691344	2.189931264131547	1.824466483292459	1.5314981931536482
10	42859650	42861000	6.200914581303386	5.206201628636004	4.516079087593508	3.6080204101034314	3.3786387292492104	3.367100293771536
10	44380400	44381050	0.609537428181905	0.646986941259641	0.8278545357860052	0.805659162746026	0.7477352209733082	1.0014810683177067
10	44428800	44429950	0.5957976394144405	0.5046788666431888	0.6855006197912464	0.558918405811721	0.5457315236589183	0.509148709059261
10	44457950	44459200	1.4579784260411415	1.1529453173422046	1.6305094151404596	1.558921864041415	1.5886664020313936	1.5249687813103199
10	44821300	44822400	1.1584260778962834	1.0257784815963435	1.4547098268446133	1.2872249124211175	1.1636634395798096	1.0242082976075737
10	50591600	50593300	2.646492755967902	2.535996976523737	1.9401507121516812	2.0497819936336943	1.89666865462866	2.3117151389125272
10	52381850	52383100	3.3321119837775366	2.9993454803466797	2.8148439364525575	2.61053178990682	2.6149980062148153	3.6006392479658125
10	53379400	53379950	1.9348168247396296	1.9731234922192313	1.2925831655480644	1.520684204751795	1.504971211498434	2.4220351269028404
10	53629200	53630850	2.7869973725797146	2.7755702442134695	2.478124562083568	2.514679340967549	2.466315436439718	2.9085526428711574
10	54039500	54041250	1.1812218077692542	0.8814371492500129	1.0837503715022918	0.8387454434676558	1.358272871506012	1.4578579303133132
10	58323150	58324100	4.01043730670096	3.7925715739966224	3.5847304706275462	3.5163351451409492	3.2401612534707316	3.0974535669386385
10	58445950	58447150	4.563085315663327	3.7993823684159147	3.418513057565176	3.541680083221909	3.211479228898591	3.944383943739037
10	58497450	58498450	2.5418994112322406	2.3305009903138685	2.262368628844588	2.046510216295719	2.005004184648395	1.8808523981273175
10	59577450	59579000	0.2283548316888546	0.2967759222468977	0.2550487109104335	0.37418996587651593	0.22429548433884566	0.36459760823225157
10	59588950	59590300	0.549968306907189	0.5368761920928955	0.5389859444162027	0.5493573495476746	0.3469649980235361	0.43978696532547473
10	59974200	59975100	1.290801082683934	1.108573957251178	1.1989536517527368	1.0897689522140557	1.1291192801131142	1.2019288582603136
10	60002200	60003350	4.061063593794889	3.949556121411531	2.843125572044084	3.235678180951049	2.7256184066713924	2.7501789380091686
10	60162300	60163100	0.6842963621206581	0.8928896202892065	0.41500012096017597	0.41843901518732307	0.2220736869238317	0.27582804861478505
10	60277150	60278200	1.5571325194451118	1.4181709781862242	1.333302386689662	1.2779726055832137	1.4731204131848756	1.28662379390632
10	60351550	60352400	4.262819995319142	3.769208513919045	3.523115827791831	2.718429418854854	2.3687693029466796	1.8638663336809944
10	60380750	60381650	1.7216524096330006	1.4583258518079916	1.811277736682031	1.2619966989258926	0.5059215781589349	0.46120565435124766
10	60388950	60390050	1.4688851117668265	0.858575907284913	1.4448303932178757	0.9931608612018511	1.6264288406831058	1.2790834717046131
10	61274800	61276000	0.38304758176599357	0.2587274894216723	0.584534379641215	0.37984223342303075	0.6665563619370554	0.4729478414558495
10	61475150	61476200	1.8291541869512045	1.5877136386308413	1.6238820046391365	1.7029715051679384	1.566103555629296	1.561690079520146
10	61648400	61649250	1.0717582937549142	1.246287291540819	0.8254190708083265	0.9644657088728512	0.6458952615453917	0.8172635000944137
10	61679900	61681050	4.724155915141273	4.975916524471384	3.984400148649202	4.098039763626646	4.294090386555154	4.728743956892386
10	61694200	61695550	1.7065802081198105	1.4960713609885712	2.155737455388603	1.8226077362237563	2.1703335388089653	2.3356522609888524
10	62339150	62340950	3.328039827295529	3.240777799032068	2.8107434217049656	3.0288727478788355	2.771320765692424	2.6568730283337967
10	62543100	62544500	3.965232320513044	3.2471103100403114	3.4536011859348843	3.209907181479714	3.6901821591673776	3.715137372191166
10	62601500	62603000	1.2168695729573569	1.0771903944938415	1.0146579252998782	0.8836203323221422	0.871673838260127	0.8203679777828133
10	66864250	66865150	2.6807759900225534	2.593417760166857	2.3066223138488002	2.1736187050574354	1.9746134699715507	1.9714957385261853
10	67048700	67049500	0.5151727482791866	0.44933142932131886	0.3588776535424404	0.28486586020004995	0.2300052806496703	0.2870889936547055
10	67185300	67186050	2.7310870143945016	2.867410535991192	2.264677441775799	2.4724021368637317	2.443804619481166	2.7069463204393784
10	67536800	67537800	4.05188164347987	4.190224622787968	3.747797688761065	3.5110840051174166	3.121223258137703	4.090528719902038
10	67586000	67586400	2.8946085387468337	2.977260824739933	1.837917822599411	1.8670477950572968	0.9338232961297035	0.9082873880863189
10	67607350	67608300	0.839799605855032	0.7481640376817239	0.7621022618444342	0.6514939132489657	0.48783941170102674	0.4717462895732177
10	67610300	67611750	1.2640036258320373	1.3037289811558614	1.2961797477516008	0.9578385061040403	0.5030685527909842	0.39975932232947087
10	67727450	67728000	0.5459348336268555	0.27550873096693645	0.39595927613702686	0.428172658031637	0.3589333103190769	0.40194672748446464
10	68035450	68036900	0.7971098249984928	0.810262533173523	0.703545905044459	0.7256865653847475	0.803637061403126	0.8015902804487118
10	68039250	68040200	0.40801970807247256	0.35476721954384915	0.3101812853237587	0.371884284874901	0.20933641438029316	0.23951495123340896
10	68146750	68147750	0.4330574636135733	0.39665113154468823	0.30212343210202297	0.3851613610241953	0.12605926625024347	0.2272099128621089
10	68238650	68241250	0.8503075904290078	1.073883117268754	0.7113456909828091	0.655702390092792	0.7873831101672143	0.8770487352859141
10	68540600	68542400	0.9040105239977546	1.0638098670932126	0.642020277652262	0.7341164808622513	0.48134356257119454	0.8461629712057975
10	75145950	75147050	0.3632967523394267	0.26796685158424094	0.42245212433697943	0.5312643336989445	0.24650006299546415	0.3508193857290528
10	75303000	75304300	1.4727081847959949	1.63415256515626	1.409602046356012	1.2781420225196785	1.2276279455935795	1.228748911556143
10	75326050	75327200	3.6330184174386515	3.777573176941731	3.3777729901558553	3.4452296585967574	3.6117208129609635	3.522821118352206
10	75517050	75518400	3.30203543633757	3.4603492887786356	2.996211135043244	3.068822799719191	2.9714406969188865	3.3524871077388525
10	75565100	75566150	1.0848526676019765	0.666148865442202	1.333634194873628	0.9920391600472587	1.0057184680302937	0.8313678229138964
10	75591450	75592200	1.8872533416152	1.7879530241290729	2.1849737461904684	2.103154877801736	2.1067218652764956	1.8663896013498307
10	75763700	75764700	4.173008178618646	3.696476339647847	3.672309226713631	4.090614838012517	3.093033994756639	3.0594879575818776
10	75838700	75839850	1.665072281644856	1.421023062964141	1.2961192822957943	1.1137751205811652	0.6142566111630491	0.5306607941084582
10	75892450	75893800	4.042350491708011	3.503127529433371	3.446474856253097	4.005356306017961	3.2407523178711366	3.0512566529545517
10	76442050	76443000	5.274288348085002	4.928705255624495	4.4193855475595125	4.2880927122109815	4.311750809079722	5.308489109026758
10	76542550	76543450	0.7248344956669542	0.4943843641049332	0.9406024684343073	0.7474180622398854	0.9072881841825114	0.8099694601363606
10	77273050	77274150	0.5578776701315599	0.5375140528525075	0.5085336656593424	0.4528128137370005	0.2115254494738271	0.27169594687494364
10	77366450	77367750	0.08104483219920627	0.11293831785113694	0.0913192084444669	0.09741368417765213	0.06119356409707675	0.07364771881475182
10	77520650	77521050	2.4903445476293564	1.9966930543631316	2.634195998981595	2.2310818335041405	1.868872459605336	1.3535663103312254
10	77521700	77522950	1.02853250373102	1.098426778559531	1.0551102133720154	1.1620101171782522	1.2610116884792553	1.2041787224054337
10	78297250	78299200	3.80455499118177	3.340042244498645	3.5199947959791045	3.3493209856058517	3.2824883081223426	3.5030389879413146
10	78457200	78458800	1.8391428528197349	1.4884904901058442	1.5629237876063393	1.363717813404493	1.8375885005032315	2.0300121590995253
10	78573750	78575250	3.9799197802800004	3.6828583512342625	2.9694930060089275	2.5713366945488283	2.6784076158259364	2.7184317422763327
10	79668850	79669500	3.114758896919397	3.0733898714872505	2.6339407309202048	2.4478661524790986	2.099235343841406	1.881857372705753
10	79780000	79780900	10.60323965549469	9.565660247537824	9.438975462913513	9.485501646200817	9.437173636489444	8.759351098537445
10	79853750	79855250	8.698515916803832	7.612719055668	7.296568785226474	7.00654941223607	6.1342593130223895	6.102282176291296
10	79908300	79909050	8.82307821337382	7.5508695130348205	6.965672207037608	6.2904233566919965	6.248569255034129	6.199264826138815
10	79984300	79985300	7.0598466629520535	7.219962168047505	5.5936691412156625	5.989577925801277	5.807952464818954	6.2885338129997255
10	79995150	79996750	0.9679555194031808	1.0503160034841106	0.7700066328433252	0.8759485321484121	0.766687455896069	0.7038097477236459
10	80016550	80018000	2.833862227969228	2.5546767041097094	2.7283377540257407	2.0661701957359835	2.3818732317756206	1.9892645788001557
10	80032900	80033900	2.7196732384466356	2.34169264418079	2.255613595039614	1.590335725694895	1.7693948101997377	1.2290095156133174
10	80167200	80168250	7.9977888641123025	7.359495622368269	6.799564167299578	6.915390676884424	6.238117155489467	6.1227092835449035
10	80226350	80227300	2.5179398563033657	2.543048559137081	2.4087244792988427	2.6253374815144035	2.087687611830862	2.1696155277208278
10	80260750	80261350	2.22895649433136	2.215806914170583	1.8660670390725136	1.8421793126066526	2.1649467996756235	1.591357054064671
10	80261450	80261950	0.5502237410545349	0.45688557338714597	0.5719367405772209	0.45379419511556623	0.4808802781701088	0.439261668741703
10	80320050	80320950	0.6722334941393799	0.6082273857957787	0.6913984996349447	0.5856070088677936	0.6695956138604217	0.6067426006413168
10	80342450	80343550	0.9844145627175608	0.9280613945516325	1.0523050490851975	0.9869221523642211	1.1663913137772504	1.1057345802404663
10	80398300	80400650	4.923371176497314	4.439658490667298	4.319922588837144	4.454848577532619	4.138340726167299	4.096874276680837
10	80433100	80434450	4.073361229845273	3.8030962135743356	3.3383769335684104	2.8274603523228707	3.119671937614225	3.7194295448727077
10	80538850	80539850	0.7226184724838504	0.8748789069037284	0.7145437211740369	1.0170633807525182	0.6041212585233152	0.7015292123630643
10	80561300	80562300	1.6282176331550846	1.5239742004640642	1.3086521440782855	1.1934398749023676	1.1029101961776615	1.1933562711700798
10	80577200	80577850	11.220860102360065	10.264869168538313	9.175097371798294	8.444673113822937	8.66691482929083	9.584079453028165
10	80589350	80590850	1.8131533439185028	1.8924372519216228	1.9532103926135649	1.8884074689723447	1.293843255809709	1.1163112948017433
10	80602550	80603700	2.1899882191662035	2.1307832317165034	1.6167913689419398	1.607566539054924	1.5277183003193888	1.7284558146738487
10	80621550	80622750	10.959437759153303	9.995171482563018	9.831499330177103	8.000320111681715	8.14712895711263	8.447408487300079
10	80696600	80697400	0.6508102893084288	0.5442424561828375	0.5460384486801922	0.43074498627334834	0.4104245371930301	0.36111763648688794
10	80700200	80701200	1.6589813645270566	1.5345396449181339	1.5458026893984886	1.5762653114050627	1.1586114962846041	0.9088032112568617
10	80701600	80702800	9.400144866153758	8.463667725696359	7.544771304079282	7.596744588216146	6.702726683266022	7.206216762115558
10	80741600	80742800	3.221224451423973	3.4930089429950204	3.3018875927189146	3.294878894912891	2.7769833404877606	2.3208987350870545
10	80763200	80764250	1.0698219797812936	0.8717519556798511	0.9362575268604914	0.9134879467579035	0.8205348503873462	0.7805916433228377
10	80797750	80798900	4.054692033845278	3.716686191211074	3.3856814616926925	3.068694965829962	2.9891318779284384	3.4257220368022505
10	80826050	80827100	7.504924971057523	7.820844040297876	6.682913616842572	7.015688268641631	6.908403703314917	7.096076821457772
10	80900350	80901500	2.793315834270119	2.7728165786764567	2.489876696304386	2.402868294012248	2.282062807497771	2.232805146354696
10	81105550	81106250	7.227172839386123	6.784137142896652	6.111606067163604	5.083122982084751	5.2896006794486725	4.994621625883239
10	81266250	81267000	4.314194232324759	4.067158535440763	3.607450561568141	3.4072721910278	3.1850856142739454	3.0505905193885168
10	81292500	81293350	11.020846890000737	10.36828529624378	9.926884216701284	9.408941741270178	8.914763968832352	9.285554359660429
10	81297800	81299300	1.699151723143875	1.6339685190672517	1.4139248819453742	1.4701247384813096	1.278107885435516	1.3396438853943995
10	81320100	81321200	9.315033550542122	10.153792421922658	7.600784621476428	8.206346461267183	7.54322186204839	8.911343513943931
10	81329000	81329700	1.7058743957110813	1.2682934136050088	1.850322093452726	1.1694715771504811	1.086157062309129	0.5292138856862273
10	81350350	81350950	7.031888846755027	6.917225481073062	6.009496538837751	6.086319171786308	5.324121693571408	5.034246000647545
10	81432600	81433200	3.679903323352337	3.3600322308639687	3.368162120183309	3.2579170981546244	2.8457731064160665	2.394270355006059
10	81461600	81462350	0.15504155929386615	0.11234732161213955	0.13827971723675728	0.130549891213576	0.16862766478707392	0.10097569579879442
10	81507550	81509000	5.341975200131154	4.477700371344443	5.642355850567674	5.155144963244535	5.225518621092635	4.636251611594878
10	82047800	82048400	1.3973056467622518	1.6162827356159688	1.1510280056049427	1.4194629305104414	1.1106145098929603	1.5999885379274685
10	82780150	82781050	0.3912571685699125	0.2389802443180492	0.3926083524328553	0.4481624905812614	0.43922487474357086	0.38813870962295266
10	82899600	82900350	1.8849731554985047	1.4907276216546694	1.974702599654595	1.7219330903291703	1.625601286371549	1.486985377629598
10	82982000	82982950	0.8272289500807068	0.5724170951682486	0.9718136638991143	0.6392560358267081	0.9159986045329195	0.7495591097442728
10	83718750	83719700	0.6686520899361685	0.555884023303951	0.7409874689186874	0.7167232788245504	0.44713177111588026	0.4245124991630253
10	84576200	84577350	5.490433948832508	5.222820654891819	4.033400758419598	3.459602041131423	3.8542331166767405	4.363484522052433
10	85183700	85185400	2.6992919817821353	2.3920380601394338	2.327777328384222	2.2748411281174143	2.15425471536016	2.375124135258749
10	86705200	86707300	4.667857250647244	4.27650333692411	4.171472053586429	3.810024780686841	3.753100807837869	3.817558959008319
10	86778250	86779100	8.170098864962073	7.1300263388717875	6.832158134772497	6.546671062304693	6.378290511054151	6.502180211999837
10	88420500	88421450	1.4627933764457703	1.4303106411350401	1.556887411600665	1.302902492802394	1.3817844184448844	1.368909002338585
10	88427850	88428450	6.175739231059949	5.48804227684935	6.295933884779612	5.83968964425226	6.348316061596075	6.054570263028145
10	89443250	89444000	1.435869534154733	1.3320907674630482	1.204905581533909	1.231836608707905	1.2578542053302129	1.7571622357368468
10	91181800	91182800	3.7504540634155275	3.4797008686680946	3.4263804363127677	2.355095973402262	2.6386127393841745	2.7656082881987096
10	93041600	93042400	0.9383256737515331	0.7852184925042093	0.6363656460074708	0.4978805605135858	0.39533846153412017	0.30158933613449335
10	93165850	93166800	1.7546973303744668	1.690237358463438	1.8799710626037498	1.4225350718906051	1.283931097984314	1.0107226486425651
10	93171100	93171800	7.3765018607037405	7.038601793561663	7.065128691622189	6.586102491276605	5.916980437551226	5.738616319809641
10	93179750	93180300	0.6627559529651295	0.5778788036649878	0.5376276233521374	0.4057101445848292	0.48359358887780796	0.3788543060557409
10	93184300	93185100	0.2084716705151368	0.2091587438271381	0.16595907496989934	0.09917260051339744	0.06380494743119926	0.052180538406549404
10	93451550	93452550	0.6800684285240789	0.568205022473489	0.7203262590554452	0.571671203121543	0.7138801874518395	0.7130910771116614
10	93452800	93453900	3.881505465661326	3.7724624491716763	3.20883980236445	3.14867779335043	3.2663779864081723	3.7181732646714556
10	94524700	94526250	1.0465635548124206	0.8411271928546804	0.9592843976237233	0.9138760517057477	0.24760225293984672	0.27830115253193793
10	94846600	94847550	1.1152685182502395	1.0288485828943943	1.5786668033819449	1.6314106025193866	2.542605618489416	2.934466227638094
10	94942550	94943250	1.7596457457755292	1.228894101615463	1.8717081182556492	1.6546270929489817	2.1564325776696207	2.090791648541178
10	95008600	95009850	0.2432295881702054	0.092351241445376	0.3244957834366829	0.2723701428940952	0.8341366239211139	0.8878246236562729
10	95298850	95300400	0.39519839818718283	0.35124474896600666	0.4701704774126878	0.3326574533746584	0.5799331185306499	0.6055220002190833
10	96180250	96181500	0.9127405340871503	0.8937042037194775	0.99738906521951	1.1346341957439074	1.4147112364885954	1.7451675962731241
10	96350550	96351500	2.4828349774762204	1.1023516343455566	3.1360829603985736	1.624047698017798	3.796772598028183	3.1064340177021528
10	96370400	96371550	5.484866461626778	5.274260391165798	5.3127946718544985	4.599047656719273	5.237388588985823	5.1231749793239265
10	96373950	96374950	2.7614566842048403	2.8860922286125925	2.4695745047600037	2.397971891567111	2.4313655320107936	2.490102600902319
10	98717550	98718250	0.07457482321526517	0.03413426357135912	0.09152594315952488	0.07208572698992934	0.41008209028414316	0.45758989970066716
10	98779600	98780300	0.03261418751031725	0.029139937742707105	0.018020911569906865	0.027659924205290072	0.04408150504053641	0.08137281799855316
10	99241200	99243100	1.134475084547276	1.1077442441205216	1.0525093299676231	0.8486205699773538	1.041113275676338	1.4224700134562163
10	99262700	99264100	2.6288352447061496	2.8104905786821917	2.516865472046461	2.597404905500866	2.0800946637161637	2.4848642759228072
10	99392700	99394000	2.455730056760871	2.1531980200026823	1.9630191917574094	1.9640748812408988	1.7369524220859303	2.0050612137867856
10	99459500	99460700	0.46018202517622264	0.4579640127766517	0.8149014373876715	0.569744023770997	0.9267911753701228	1.4830809402962526
10	111165600	111166050	2.1832682924138176	1.8588391418755055	1.987734948810604	1.7607796966698435	1.9901377972298198	2.6033821620874935
10	111213550	111215400	1.071528914650316	0.7863256073663208	0.6838713448714877	0.48769182269822314	0.19145282269370012	0.11123284666499994
10	111298450	111299550	1.5968397579271019	1.450652295137849	1.2585600777595027	1.1909854837677893	0.687805421120091	1.0361295729826867
10	111516450	111517200	0.4303500359455744	0.594975442190965	0.4436115173598131	0.5964446849425634	0.4606838023463885	0.8539384257793426
10	111995950	111997500	2.0347279235649305	1.9349316736513074	1.7511725474346689	1.6954491783390504	1.5197988175712456	1.856179370923053
10	111999900	112000950	1.3340292843374115	1.4082065316096246	1.6899256029835843	1.5011586647374289	1.8017409309177173	1.671945314804713
10	112002450	112003550	0.4775801994933411	0.5506692176395565	0.7876163973962688	0.4444137257426384	0.5066992526449622	0.4398375905011724
10	115362200	115362950	5.296517661690712	4.731708160758019	4.849460305084785	4.73256854168574	4.657536024232705	4.856061737060547
10	116487000	116487600	0.2679681923713224	0.2233782013412565	0.19153023762007554	0.21389505910376708	0.17858180733397602	0.19470211616406838
10	117720750	117722150	0.14855588015457144	0.1474555691228309	0.09949668094709496	0.08869962043643544	0.09084860488434555	0.08844879645181077
10	117804100	117805200	0.3925047832500201	0.3995500216805691	0.4147507086387478	0.41529916280365986	0.7505480807605274	0.8114540724862706
10	117898050	117898950	0.9483117096622785	0.5493449647393491	1.010371995717287	0.7899307644532787	0.6091150585644775	0.611470545331637
10	117925100	117926050	0.915782208979791	0.614099619962079	0.9779568543216508	1.0415922328033762	1.2567317315034177	1.7862745335600094
10	117952450	117954250	0.9543468416437638	0.826583433941701	0.7188480374337592	0.6176117692007016	0.6134694263461091	0.544610395686867
10	118083000	118083550	2.0333829793063076	1.8057283409075304	2.201621981642463	2.2006852206858722	2.616691553267566	2.6503399540077557
10	118141100	118141950	3.7752992175081195	3.8119044917963203	3.313680520488278	3.7278782487243487	3.4555357820891284	3.3330442629754544
10	118406800	118407650	0.2887624838192235	0.231972201296594	0.3498016521926312	0.3248043165836157	0.5364935464552207	0.48634979141163914
10	118418850	118419650	2.5474752495088615	2.4233257435215636	2.250034663458355	2.227195738069713	0.9654940494810815	0.7616166277695448
10	118435300	118436150	1.630411854969228	1.63326763535028	1.6433961417591747	1.4574232492376775	1.3747942205036388	1.4344397301183027
10	118468850	118469800	1.138500901750828	0.871152640483097	1.6170451410281423	1.1297343835077787	1.3835396080393012	1.0419627263730293
10	118470000	118471350	1.0519429657940058	0.9588576203122284	1.3139635771797673	1.108573022459404	1.5030365001038528	1.3797903386508075
10	118477000	118478000	0.1694683552151225	0.0971076578741236	0.24126840002690594	0.20870409519649713	0.29585313132032753	0.18425778991729022
10	118486350	118487350	0.3381456450189324	0.28075729887802053	0.47163145914347177	0.2986597011446592	0.344575677908957	0.37766749904575675
10	118882400	118883050	3.152274869955503	2.889297068669246	2.644366372365218	2.149711461525697	1.886918663611779	1.5733211940526963
10	119239900	119240950	6.609955516352265	5.998471173405098	5.540505178483767	5.481344284982908	5.86252998452811	7.016724586855798
10	120193150	120193750	1.5122551160057385	1.27503810202082	1.4386239796628555	1.2241887970517078	0.6720068127910296	0.6376886367301147
10	122096950	122098050	2.7458958030655936	3.023638174023447	2.1544822218628568	2.9459459175025793	2.3368614389807143	3.145730892880396
10	122757600	122759200	1.0591892643128673	0.9322270279161391	0.9172922784996425	0.7753666047579489	0.5929958470078075	0.5763187231578387
10	122794100	122795850	1.8721088996648503	1.7771196192021455	2.1485453821133342	1.7957725055165168	1.74059040104882	1.733217932558175
10	122799450	122801150	1.7318061987136755	1.590586753855168	1.9673106459829341	1.6469870306612961	1.4451545078614179	1.2308141214772548
10	127062700	127064400	5.36540133575787	4.78460704173716	4.271955074467741	4.1455728032480765	4.527069900613342	4.52104978460274
10	127135000	127135900	3.019710114432706	2.560149846143193	2.6571173131631483	2.0578462568753295	1.9495718932814068	1.3911387106403708
10	127136200	127137400	2.784951770485088	2.349527393284664	2.31127575207782	1.7553846694483901	1.6501839532104192	1.0769684160345545
10	127141200	127142300	2.8383662280309236	2.615129374898424	2.480196443708761	2.012349126726471	1.4020734296890502	0.7524925818497484
10	127162700	127163900	8.504471037259666	7.952510644646101	7.749544892900734	7.381859109449868	4.934009545457129	4.88546151963373
10	127230650	127231400	0.5170608317032457	0.3789579141736031	0.36330624801913897	0.28357412244876223	0.17710622951885063	0.17960148898760478
10	127288500	127289900	2.2702832511603006	2.4926067064874182	2.1580825403978197	1.944247980241652	1.9947199228631352	1.8223749641088947
10	127311700	127312750	1.5198851988245996	1.7513568332045124	1.0944213103076095	1.3733044597932271	1.277637285313436	1.4390934412039462
10	127676750	127677500	4.9582843671639765	4.739966263890266	4.479402081251145	4.552039766629537	3.8381600182056426	4.145536359190941
10	128082250	128083650	3.682697403749563	3.3333892335759883	3.2826243810554803	3.247056803638801	2.975605169146502	2.7582123365343043
10	128303200	128304450	2.206829352274249	3.0294037976172663	2.2009484312980407	1.7563768652944851	1.7689270144743077	2.6657596401438117
10	128337300	128338550	3.647976971004856	3.1400448073356384	2.9004617457728235	2.8353531814921986	2.392355237242755	2.7798474295824764
10	128368150	128369400	3.306706773548741	3.233668202554026	2.8330914524424116	3.0646415204993214	2.750214969814525	2.813338314831257
10	128493800	128494250	8.220196980370416	7.341733278168572	6.5497899434301585	6.103950049612258	5.762072037061055	6.904165623982747
10	128546500	128548350	4.851911642013057	4.641873196017357	3.6975462871608054	3.756053095605899	3.0085478072174023	2.7982205721449356
10	128663650	128664000	0.2767967167070934	0.06878943096314158	0.5147390671713011	0.3057954765217645	0.6850767491544996	0.29816257155367304
10	128696000	128696850	9.26041591416387	9.07865195656524	8.321910262423403	8.41679682970047	7.573964608609677	6.813866643555024
10	128749800	128750650	2.771706904348205	2.8377693179074455	2.2237313630651023	1.9464950354134336	0.5510678733534673	0.33160339762232727
10	128821550	128822500	5.188140234880541	4.59841108799765	4.930427539178023	4.475391010093062	3.9994167204671784	3.365042206590113
11	3648400	3649950	3.7392965949313575	3.5870361937918216	3.169199284051895	3.265551037191214	3.1683558506061993	3.0286405268309267
11	3914000	3914750	0.9404123373826345	0.8912211647033691	0.8194058508078257	0.607433725853761	0.7513940631548564	1.1786720558802286
11	4319250	4320100	0.1383277887675692	0.27828023891238607	0.11446346764617106	0.15763282069388557	0.12456494881607154	0.15569084388149135
11	4704300	4704950	2.2097182419666876	2.08199693771509	1.9091313327734287	1.8590046152243247	1.5582051723966233	1.8136150169831056
11	4823500	4824300	0.566809991914779	0.5168205376493279	0.5998902255669236	0.5437643549591303	0.39708657982759177	0.3838972869515419
11	4849250	4851000	2.1779500546359025	1.680344149073148	1.588695656944923	1.6716688251303586	1.6941962563235817	1.4726932564773245
11	5296400	5297450	0.4402600700478034	0.3648552159779632	0.5253106115712113	0.3920289218993414	0.22540644000328722	0.2852274140928473
11	5432200	5433450	0.4260972513414198	0.3719566846786007	0.503414961135581	0.5704782948259292	0.4967252970728221	0.4655459243293402
11	5761850	5763050	2.209103533632012	2.056076340303626	2.168333181153116	1.9663884962099072	1.953793494621093	2.2599023574218156
11	5837300	5838550	1.8203309276026405	1.6987899272650449	1.9566930169016405	1.7103959488839813	1.7958509091309258	1.746800230318308
11	6291550	6291950	12.509773718118668	11.244418584108352	9.810105230212212	8.728123178482056	8.637785919308662	8.687293421030045
11	6444100	6445450	6.370357961124844	6.149288183394307	5.050761287939338	5.8334948058978355	4.341998723641617	6.389843907038572
11	6546450	6547550	3.491517944531706	2.9375913358783445	2.756283811362258	2.4440800514956806	2.427916138337895	2.0979228861697696
11	11556550	11558200	1.2849044078536047	1.091065183110018	1.077096642012237	0.8543929249174119	0.7788616914375156	0.7044077172591874
11	11657200	11657850	0.37026349714742257	0.4437992222263263	0.42916912141327673	0.3884160827384346	0.43550414647047336	0.4268635327082414
11	11716150	11717100	0.7942035954406387	0.6422878548973485	0.7002222551444643	0.5399741478656468	0.6002484488644098	0.3818486516334509
11	11736700	11737950	1.261350847011942	1.1529142803535033	1.2759506375108882	1.1081050206696044	0.8198885902960866	0.7497625343620803
11	11808600	11809500	4.237499012516604	3.7733813564976058	3.4687729970448546	3.354583737767405	2.7573838417232035	2.5942373749282623
11	16951900	16952750	0.4509572610938374	0.25304231170126623	0.3630182637296179	0.2701951471321723	0.31335283739829045	0.30253274177803713
11	17007650	17009000	1.9829530165386313	1.3687619306593957	1.7424895941256908	1.513265087076194	1.7353836568212035	1.58835620853636
11	17211050	17212750	2.2391786319403324	2.078982489742409	1.792449719828944	1.6900300220117213	1.770800815866068	2.279902346035687
11	17953400	17954250	3.1825970161750035	3.071501721669646	3.082343693857684	2.833353822774747	3.232309886427487	4.190760194431333
11	19978750	19980000	0.47823559541391025	0.6451047146827944	0.4151038783094088	0.5063469580639322	0.4270813483670524	0.6071058177265533
11	20112800	20113900	3.643669143044704	2.942064772714967	3.4067954317635456	2.972763202525367	2.6783029351259935	2.7536104261197827
11	20542700	20543550	10.440426394693992	9.594229778331869	8.5327108827058	8.852376871880363	7.856833554330994	8.09863069541314
11	20631300	20633150	3.366215963891619	3.2430053037129594	2.775665037226656	2.690757714930659	2.7255541694410654	3.1202113546746695
11	20741900	20742950	0.9125788469212028	0.5993351780690722	0.4505255441987936	0.41992535974298206	0.2876149706808584	0.3818927851319313
11	21222550	21223800	0.474311342282449	0.27333332568137875	0.4951848695559602	0.33728292357704853	0.3260840851166669	0.20421243917070708
11	22692600	22693600	2.364370911044459	2.1949630529342157	0.9089672470708048	1.0411228380948305	0.2826451512500644	0.2936048886532103
11	22842450	22844100	0.6161339879711819	0.5775793824331036	0.5511479762852017	0.4746834132997567	0.5825842756043569	0.5730925884072087
11	22852400	22853400	1.5142008024031115	1.6131378928153746	0.8711856754672141	0.9473394040614367	1.1030831518173219	0.9015395107269287
11	22859450	22860650	2.8934877301287907	3.2305407936342303	2.2056200830398067	2.087527181451971	1.8166332711373514	1.902840542246898
11	23770700	23771450	7.785615785916646	7.862196289698283	6.60899484316508	6.586001437187194	6.3172440455754595	6.43067152818044
11	23846150	23846900	3.2783618620236714	2.3832784686088564	2.7256216837565104	2.3042368834813436	2.1875466064612072	1.7364744637012481
11	26640150	26641300	1.1271621627049269	0.7813496996800688	1.0814457515513414	0.7245080740359225	0.6513994137942499	0.6880225404784871
11	29692400	29693200	4.692105352021754	4.199231508951634	4.0120058725727725	4.247924537062645	4.009204532075674	3.837066038399935
11	30182000	30183550	1.2445584789489499	0.9896670241559333	1.1989817937062635	1.0445072681129994	0.565729936055938	0.4923549231201534
11	30187050	30188000	0.6199675705303487	0.5344503508743487	0.5861720726364538	0.44566926013482244	0.492772339339319	0.5083925257466342
11	30197950	30199000	2.798571106065437	2.752977855465562	2.2798087904676683	2.233125407709962	1.8258688953926876	1.9946680315903256
11	32541550	32543300	1.4037354706267604	1.1812318952534056	1.4272341507303852	1.1513214859786622	1.3639492062240086	1.3100089494445393
11	32553050	32555350	1.323978000255654	1.0363591713390379	1.3430214859961125	1.0429843298719805	1.290014050915418	1.0681944054226542
11	32580300	32581150	2.3401416924420526	2.113682093480054	2.2740362906280684	1.9884032381632748	2.0343113148913665	1.7018043356257326
11	32642300	32643200	4.51636197682884	4.268714402019977	3.902679281185071	3.8303195300201573	3.6561319930354754	3.735849991324875
11	33938400	33939900	2.6805570849859586	2.5123017612170147	2.231451631443475	2.1805504365786157	1.6933763296276914	1.6779561228197675
11	34009400	34011050	2.7567353402467085	2.572320062941581	2.223312095303692	1.95323721524003	1.1706542340895252	1.0225909160528428
11	34033750	34035200	0.7410409458211716	0.6072648946329272	0.7479379270968162	0.5431738500337815	0.5283032455913435	0.31931431388276255
11	34063450	34064300	1.2631105778147194	1.3643724243605837	1.1681121754120378	1.190942847430706	0.8531924396665658	0.9857981106989524
11	34506250	34506900	0.8478814781170625	1.11854130758689	0.8278742641439805	0.8556295508375534	0.40919468434957357	0.32737984628631517
11	34761950	34763350	0.6089283817924112	0.5551520399281756	0.4648263428467522	0.6168043991735412	0.37222112505375843	0.3435395556668506
11	34770850	34772150	1.6609694833021897	1.6611762861341755	1.5967321268086396	1.4397602255861242	1.4209235672836529	1.2046472861847053
11	34782300	34784500	2.6351415101663807	2.4225402698349043	2.6042292796971163	2.2724281201226915	2.781733749665041	2.4007423106106844
11	40732850	40734050	4.215108502741157	3.3467976403484703	3.1734940701466736	3.1364800890894937	3.1724250685376956	3.784692061288903
11	43358600	43359300	1.2934593591732637	1.2678251462216887	1.6352461941806333	1.310734265106065	1.5718372416496278	1.3876297094140735
11	43384750	43385900	2.8450380772594652	3.058108728604096	2.7763018394352508	2.825772376079333	1.8491931068439922	1.636421152981727
11	44519800	44520750	3.1357969047207583	4.306650464503389	2.064186956349172	2.6615562569467643	1.6116719336886154	1.7471389146306013
11	46076050	46076650	0.9119038102527459	0.8334204695125421	1.1848250616838534	0.9366205789148807	0.8389329537004232	0.8820691614349683
11	46089400	46091250	0.8532398761659471	0.8260965050628316	0.8965282054558565	0.7469391894672466	0.29693129782847455	0.20665861937177024
11	46303650	46304350	0.5986871932659831	0.6816901613186512	0.5446281332562545	0.5795312059777123	0.33988115136112484	0.3573529673154865
11	46307750	46309250	1.8183247153579547	1.9188498942877656	1.4060879510038642	1.4390812440929988	1.0151952305962058	1.2471263987814734
11	46326150	46327350	1.769672610554644	1.4332448219996627	1.7231256842741403	1.328371224668291	1.410280818752214	1.2179090299457311
11	46343700	46344350	4.256850226200544	3.9891872430306217	3.4047126181309038	2.676321830566113	1.8637810820799607	1.3593775008160334
11	46389250	46390000	3.2395180009206137	3.244269580046336	3.091143577774366	2.9293735639651617	3.005249782601992	2.592360425670942
11	46436550	46438250	1.5302123964443606	1.466796974499225	1.521769900123747	1.2570560498522076	1.1756105126394119	1.2734413133235682
11	46461500	46462550	0.3889176831999865	0.2755968916183479	0.7507241408176686	0.41429680785962514	0.43618762661658583	0.3019080269088348
11	46466700	46467650	1.4096085778761067	0.9682451761592376	1.8139545877228833	1.4350285103446558	1.0674457646847555	1.0287391520694324
11	48800000	48800800	2.277468482106924	2.3398627550154925	1.8944583059847355	1.6678668494150042	1.4762375365197657	1.3851851484738291
11	48816650	48817650	6.145889415248749	5.468035353322183	5.128296625937185	5.0394531340003015	4.863927927494049	4.707945127487182
11	49093550	49094150	1.359931303166474	1.6243519875903925	1.6321508946207663	1.521444564362367	1.3835704498986403	1.5988075921932856
11	49202800	49204300	2.2019053823819728	2.2954646849273352	1.6207687139613653	1.5343496426669034	1.1855480874005486	1.011536702237388
11	49243100	49245000	5.707013999613315	5.311030566955226	4.702320273498147	4.581301106212757	4.392563488367483	4.348935223373406
11	49658600	49659450	0.16911550540038767	0.17208172072632572	0.24444731822237373	0.21138998915167415	0.1814274698452038	0.34447681345045567
11	49981050	49982150	0.19565599591151708	0.0639474017851993	0.37775302003079486	0.17924177382308495	0.3865060433091964	0.2188022204434749
11	50212600	50213650	2.376078921550979	2.574147497717686	1.6818401797466014	1.9503990606608845	0.9086567310988903	0.46304408321955376
11	50324850	50326100	5.082996198297315	4.366588584013908	4.80496678008418	4.180969488340436	3.692161962733549	4.170786084163189
11	50377200	50378300	5.412945157272026	4.964787845108167	4.42740048327404	3.9631600061001526	4.188897400208336	4.767349821870977
11	51584450	51585050	3.883091766834259	3.392222287853559	3.021775930921237	2.7251777762174605	2.316949036916097	2.2719905219475427
11	51760050	51760900	0.7841927107555025	0.5589375768426587	0.6705329187039066	0.4777561610586503	0.25143688903135414	0.15334049927859678
11	51837300	51838350	0.8351389120288946	0.67417184018869	0.6840973431896105	0.6266264248320035	0.8676512021323045	0.8723221554855506
11	51874300	51874850	1.1220264099131931	0.842413910600272	1.017608755027706	0.8511049376834523	1.2584555723179471	1.161960964311253
11	51931200	51932350	0.6290430201654849	0.4688277928458023	0.6403530353650471	0.63518781295981	0.8855569653651294	1.1568697158473988
11	52045750	52047000	0.5895167835473404	0.5207453537522381	0.723711440345266	0.7101931317822028	0.785647703796146	0.8954922991752624
11	52076050	52076950	2.4457662080393896	2.5599748550189867	2.404921272496382	2.6580983448194133	1.7480556663705242	1.9025123446020815
11	52231500	52231950	1.6802887870205774	1.4587771889898513	1.3222169852091206	0.8877118190129598	1.0241154947545794	0.9590402595367696
11	52299400	52300600	3.440356507583331	3.787648053579433	2.9776796269150823	3.263126771235005	2.1467829992899707	1.9254415029194205
11	52314000	52315450	3.8845196403359146	3.524224773402739	2.795158497117651	2.1721737426056054	0.5599024307094645	0.3126354948357703
11	52318150	52319350	1.5971303266222758	1.3532455727425954	1.4195928038832961	1.0228652788412693	1.327288688082321	0.9284885906924804
11	53430600	53431800	6.840937451193166	5.762170861091513	5.5198964747556705	5.729872169694753	3.556656608090681	3.3919395098478224
11	53609200	53610100	0.19654593437082238	0.14364843643113467	0.1843442683170239	0.1822111183435726	0.16354574214253162	0.14511764152730638
11	53794400	53795450	1.719117159162249	1.566230801261515	1.8960052072727185	1.9058019904153687	1.991868250086194	1.7470998021747384
11	53802800	53804350	0.8069884341812529	0.6166414403369598	0.8008661237988586	0.7479574004615144	0.6911486318486918	0.5867669988256231
11	53841100	53842900	2.0485365913418456	1.6158303704654873	1.6548417719119768	1.328293830499625	0.987785317562764	0.7137105994907584
11	53891600	53892100	8.929043083667755	7.688407830476761	7.792687643051147	7.74011668074131	7.454465552568435	6.736908258676529
11	54214400	54214950	0.3955252094431357	0.35134582140228965	0.3192690943723375	0.3881933112577959	0.36863346338272096	0.5014272074807774
11	54437700	54439050	2.911907706927228	2.7524998163749665	2.2700110007470466	2.234283030217745	2.474127645035455	2.8421793544733966
11	54491800	54492800	0.1429129325674001	0.1534968026602819	0.1671260966686801	0.1627609533816576	0.20992794256959413	0.29606619180950916
11	54522300	54523050	9.271377021153768	8.672769887049993	8.580073345184326	8.216094268878301	7.201985331694285	7.035695586284001
11	54787300	54788050	3.631948166648547	3.3950689724286396	3.174798697193464	3.1407326301932335	2.7954984343449274	2.6251110990047453
11	54801950	54802550	3.800160323182742	3.5552453339099883	3.977194225390752	3.5564159645636875	3.521120618581772	3.6102280479669573
11	54807400	54808600	1.363977460348478	1.221657124171334	1.5497203275208833	1.299790166465923	1.0527317369334837	0.9586641013746461
11	54860300	54861300	6.670987187693195	6.0582490601078165	5.338451192763544	5.935985035413021	4.652311555955559	4.221404716126621
11	54955750	54956600	8.930527573683683	8.530827923767706	7.317552017183865	7.191527474101852	5.833058528444346	4.93260490068618
11	54972150	54972600	3.5092898766199747	3.3049921282132466	2.7618432211875916	2.2829859624968636	1.7085475240813361	1.0683552029397752
11	54972950	54974050	3.107983289254376	2.3370505915219484	2.228234308360259	1.6498657644813053	1.9295580815248947	1.1414476174657995
11	55031000	55032050	1.7159005970522736	1.3932403762512675	2.188014517284575	1.5564425527481807	1.9873777161609558	1.424254351939474
11	55130650	55131950	2.677969295842476	1.864308603760685	2.2244014466341313	2.167364501953125	2.2033414372060096	1.5085362836073797
11	55469200	55469950	16.623362650235492	15.077634978612265	14.499440950075785	14.794561641216278	13.159038763046265	12.996500599384309
11	58210150	58211450	0.8207845977044875	0.799485836360354	0.6715573169339087	0.7376956130519058	0.538330426626076	0.6697865690405552
11	58239350	58240350	0.5377204486807595	0.39382673124392137	0.7652412518471412	0.45160577126162155	0.4296804501955619	0.6231707021845191
11	58322600	58323700	3.078483963739837	2.3646794075280693	2.280290864262063	2.4164727132006623	2.3936289953106678	2.7703728175163267
11	58329900	58330650	3.3735257757107417	2.711206673403581	2.6419665444691978	2.3213350781003634	2.271582277695338	2.5329324714342754
11	58959850	58960750	2.3436760016613536	2.040836341910892	1.7689347553998231	1.6257275781231306	1.4158691173791886	1.092615005630586
11	58977250	58978500	0.701475831480949	0.5571045807623094	0.6616328866527926	0.43963336921460705	0.5443287378564443	0.46766327941417696
11	59201700	59202500	2.565001349146478	2.382537051436957	2.166997374321246	2.0562092379853127	1.7676858131866902	1.893724902686663
11	60046100	60046600	4.091234290599823	3.61832049036026	3.442648478984833	3.156157465457916	2.745098847985268	2.6266301580667495
11	60352550	60353600	4.37768687170449	4.588456418681186	3.309802173125213	3.903157688748269	2.92826505815699	3.3875467183618317
11	60726150	60729200	1.1729358473425648	1.0721835550437333	1.0037833621500662	0.9328317177977808	0.9667841971427509	1.0739231153177282
11	60830200	60831000	2.9450678923446687	2.5806089949933813	2.489259728989564	2.3271400131098927	1.738468646223191	1.9337784150149673
11	60935100	60936100	2.114247264092968	1.9570670725607104	2.159466661937775	2.274702693372965	2.2222005576640367	1.904083664059639
11	60937250	60937950	0.44552452958055905	0.4299620235125933	0.3733182817431433	0.3094503179405417	0.2145835013834004	0.2518048660563571
11	61174550	61175550	6.064708935645319	5.586512192141625	6.011940344410558	6.825015655368566	6.529129156291485	6.8468961802124975
11	61266650	61267850	4.639586752614667	4.343773262167287	4.115751172491512	3.9968196499287476	3.814143128903473	3.78198803307799
11	61493850	61494700	5.77146885665024	5.289083882219651	4.735136671487023	4.985295397674336	4.834146787278793	5.179668778812184
11	61602750	61603450	1.5601465539208481	1.5819695255479642	1.2777189913871032	1.3365717673301696	0.9912378504233701	1.0789970217485514
11	61638900	61639500	2.258393609325091	2.1832460033893586	2.003638500173887	1.8491147331396738	1.342259104847908	1.3065746048589548
11	61647300	61648600	1.3027058795900557	1.3548975414910327	0.9377005131723865	0.8454012683388237	0.5112467919431661	0.49961618765042376
11	62550300	62551850	4.110952208774023	4.033467981177736	3.5054881941192972	3.1837387690539463	3.1044441525352515	3.0927933792377535
11	62752400	62754000	0.8379283107940644	0.6690218286029272	0.4992053173832089	0.4591059606284499	0.9599494376208852	1.1868431342812296
11	63984300	63985450	3.2222487438143053	2.8034033077395146	3.3679922752861886	2.577112851098906	2.8774147403331667	2.5050963113359783
11	64978700	64979850	2.606981736092213	2.327678350793697	2.3125951546539265	2.4155398362804306	1.9978315229001256	2.5203079694509505
11	68435350	68435950	3.102502803206444	2.3808204074700674	3.793436822692553	2.958449430267016	2.29815598855416	1.5824741690357527
11	68441850	68443950	0.9833964983182752	0.7860447530817912	1.1394631812100038	0.8170434545903162	0.9031458100284182	0.5901236438530121
11	68452000	68453400	2.2870006621048744	2.070366812499438	2.202810687930903	1.5100546348869028	1.0851923370361327	0.908489872625104
11	68463850	68465500	0.4957326919149211	0.3811716251429225	0.5631491409487351	0.4298331269482279	0.3326050153688101	0.30278155157664316
11	68853050	68854400	1.799413802729143	2.1697357297957183	1.6590352915350255	1.6470016456835188	1.8655326681199418	2.1764578917346618
11	68967100	68968350	1.3055417160208036	1.2471810282399578	1.1588146194487425	1.173607795366529	0.8105263493317411	0.7864074038624763
11	69098250	69099650	4.802980607555758	4.403140084578694	4.054456191656227	4.089254066748021	3.4461041307850038	3.397583410066624
11	69322950	69324250	2.423818037669653	1.968268989404437	2.302905347553266	1.775067526504988	1.941269229457017	1.6812026365760426
11	69365900	69367200	2.491200160506937	2.426728396025184	2.0950012645117995	2.1287770731016575	2.161866802629842	2.2062437803011674
11	69408100	69409250	2.9884194994440922	3.015810277679358	2.209716484770701	2.1390823870649522	2.6737602144129133	2.3604383832216262
11	69410650	69412150	4.693962472238848	5.472225821177164	3.719155890351982	3.838458955706972	3.1882550834206977	3.3989428256722385
11	69672250	69673000	7.72393022408088	6.601079510966937	6.656079421043396	6.652344109117985	5.791673150539398	5.16689951723814
11	69758700	69759800	5.165245338213409	5.20708558440558	3.719852231087223	3.492844682908912	3.972502909191152	4.151125183972446
11	69837300	69838950	2.770267116401203	2.869606833285484	2.06844671778898	2.357956223921342	2.109484275045082	2.4107861982293097
11	69919550	69920150	2.0389138269921143	2.2858488263686496	1.7816607614606619	1.9041133387883504	1.5214659474045038	1.4859470492601394
11	69920750	69922300	7.848022250791742	7.196874437113832	6.71124416434678	6.748901742690936	6.538522521784456	6.612826594927216
11	69980300	69981400	3.1437461563569014	3.06257833889153	2.262603598899506	1.9516966476650606	1.7453359042896943	2.1643469257788226
11	70021050	70022100	2.872990164632255	3.1340312278032667	2.010732092674244	2.5568243942090443	2.3354709262081554	2.5252128841479617
11	70029100	70030100	5.499210854314989	6.4529114976698345	3.9869795788180444	5.333417357385159	6.261782725900412	6.968638843178749
11	70220750	70221250	3.3134610850811006	3.029362684905529	2.9037443510890006	3.017975511074066	2.6354259905219077	2.6791526263952257
11	70451850	70452450	5.041505736112595	5.39798982222875	4.260216861168543	4.111690028508504	2.48423594246308	2.1100957484046616
11	70653150	70654050	1.2555970375405419	1.2335842426286803	1.0950435952676667	0.9695888028211064	0.9140645629995399	0.9564380659990841
11	70668500	70669350	8.30955264231738	7.936743812701281	6.7556929523804605	6.817532751980949	5.946291798142826	6.3899002825512605
11	70789300	70791950	0.8098307664294251	0.7705370180474791	0.7788249099972911	0.7187575982378985	0.7875337902581387	0.7709183831205586
11	70803350	70804200	1.695387066988384	1.595002004328896	1.4790671937605915	1.431706792133696	0.898519621193409	0.7661569394577199
11	70969900	70970600	4.756769320028169	4.924311408145087	4.1857146890674315	4.311856568242822	3.947462027498654	4.5419758283666205
11	71019000	71020400	6.058938828366295	5.129828110708069	5.059909984629405	5.738721415205091	4.616925734441821	3.8977857132663853
11	72795200	72796200	3.025703548308342	2.796662367174702	2.142234475720313	2.8099263107329606	2.402469514064491	2.578470494410023
11	72946200	72946900	0.47688571878841945	0.324453701376915	0.5341373501930918	0.3321883259287902	0.24527054260884013	0.1732731909996697
11	73018650	73019850	2.9010291363231633	2.6655847022073083	2.051432389495193	2.476841391361121	2.061682732245501	3.0191006684303283
11	73047450	73048500	2.086880070349795	1.7845604755032445	1.8483157236125614	1.8557459410031636	1.5585780781649408	1.752912560133707
11	73094100	73094900	0.9636651253141463	0.7075776456948369	0.7706569835962728	0.4622553554106885	0.28265235831961033	0.21852938344702125
11	73198950	73200000	4.8249616619994935	3.827848625593288	4.619944938976094	4.25261022916862	4.4485561356374195	4.510016145535878
11	74555100	74556500	1.10881844153602	0.7758380951639694	1.2196835849032424	0.8715861919535187	1.540382234669533	1.0621023493668564
11	74559450	74560700	0.1423168692880055	0.07476835389000837	0.36657677457255705	0.23450463323186424	0.441243026228512	0.26971183075755834
11	74572300	74573200	0.2895439619777931	0.2430080899182293	0.5123506270349025	0.3823086929817994	0.8325485997729831	0.6902922314902147
11	74829550	74831350	6.806695102226777	6.361953049842602	5.334736069197296	4.978315901427156	5.32372333888135	5.828859536419851
11	74832000	74833450	4.283718622714712	4.189398158691882	3.476938560351013	3.6376713298459995	3.8579879547181037	4.525777545032639
11	74837850	74839500	4.4824973913884465	4.354959586507997	4.083632968593086	4.252243973994105	4.447740426956014	4.549057306742651
11	74959100	74960600	0.6230914557005769	0.45416382570676905	0.6897395101742325	0.51213464853923	0.5975332844397601	0.5766563679534222
11	75169950	75170700	2.9503115882873536	3.6600524397293728	1.9403131185670695	2.498431581735611	1.9405357640782992	2.2148473014036814
11	75172650	75173850	5.122337031774623	5.38343046798501	4.595591727738739	3.8512863806522257	4.590305253150417	5.053300647884607
11	75178850	75179400	3.332196135737679	3.4743350151181223	2.680947236120701	2.349450494958101	2.440567532561042	2.7103559107672086
11	75336650	75338050	1.2347716295279665	1.3876232996981264	1.4027467117873318	1.5128663865402412	1.3753483998412992	1.2727534720240352
11	75459700	75460650	1.220412346454043	1.0990505226113294	0.9382088932512622	0.8980709486258658	1.2694054789449039	1.3724611375755384
11	75460950	75461650	10.714786914161273	9.798857271245547	9.544280172373567	10.027503520590919	9.078925390924725	8.74673767072814
11	75531250	75532600	2.5629201864655013	2.3274474501296467	1.952720867940887	1.6420934452994504	1.4757911888654456	1.7434362522761027
11	75587700	75588750	2.625512746761105	2.4648673887003767	2.185562296616866	2.4243438165244604	2.305506492909931	2.6691363722369785
11	75630550	75631850	2.269549306001024	2.2438755012919236	2.0467400597165297	2.365538399897949	1.7894376744296214	1.9084545224159957
11	75678750	75679650	5.154308344390657	4.637505507849984	4.202628637734387	3.9949735042121675	3.206477522684468	2.933043875305189
11	76479150	76480250	0.8709626602776939	0.7635349900171554	0.9543549634983812	0.9269559531303806	0.7721451957085553	0.9129861249300567
11	76496050	76496850	1.207650262247771	0.9526702126208693	1.3692105727642774	1.0908483575470747	0.906715647391975	0.7173728494439274
11	76588000	76588450	1.4517331833971872	0.5863160556885931	1.8185063408149613	0.8172231054968304	1.2790468707680702	0.6405545117126571
11	76734350	76735300	1.1049635102246937	0.818794523901061	0.9869344065612868	0.8057089041408739	0.7919936016358827	0.7177080603414461
11	77348650	77349550	1.097383955737783	1.1250041731488374	0.9246558921784163	0.908059631999996	0.6890774787776173	0.6503203003605207
11	77385950	77387050	2.299403854842759	2.2155371953175567	1.9138671381639882	1.8977091139277078	1.4443807607283565	1.2652509942447598
11	77491700	77492500	0.2080477993004024	0.22477223470807076	0.1372061161790043	0.12174277098849416	0.17029075432568788	0.16337996483780443
11	77685650	77686550	5.711772806048393	5.426868875291612	4.828794972697894	5.012706584814522	4.907863430513276	5.358175953593519
11	77800850	77802000	1.4455247787645646	1.3171686635278452	1.2759396236623701	1.0765081617838497	1.247732340789512	1.06354583275059
11	77886750	77888000	0.46366935383434654	0.46124689238060435	0.4735274029876394	0.5521934718667844	0.5357428979299195	0.5834825900378872
11	77981350	77982700	6.510288875857847	5.985531511021913	5.4528584289550786	5.941447461445124	4.188310839085797	4.726418020981882
11	78175900	78177150	1.285551110526054	1.4105853544542866	0.8574899775966521	0.8703066535121426	0.7126436096640194	0.5743411993086338
11	78245600	78246600	2.854119083666032	2.671362095679006	2.0080410474961803	2.2062596114128827	1.8987636068463325	2.3714972467219506
11	78301200	78301700	1.8634182315766812	1.740132808893919	1.8355209594070911	1.8091856316030026	1.586083132147789	1.3653213222026825
11	78496950	78498250	1.1500033002219188	1.162676253590927	1.1233243943530173	1.0210692739820146	1.0244149225267645	1.0766835551542546
11	78697400	78698350	2.867497943616227	3.062541344146195	2.6501500994608227	2.4853372268457163	2.0648359198037998	2.2341696404542253
11	78864700	78865150	0.9785353178448147	0.7748733705282211	1.2789871780077617	1.0750704640812343	0.35468029757340747	0.19942985941966374
11	79076200	79077100	1.8509518396357696	1.8847742252217399	1.5418185141889584	1.3302724992069934	0.8534882386691041	0.8695455932037698
11	79130000	79130750	2.8069662182529767	2.407332744240761	2.006670021176338	1.776769409775734	0.7780024482210477	0.48880432804425555
11	79131700	79132750	3.080728128685197	3.2465092644933184	2.6761256471537225	2.760857718203749	1.2316606120623292	0.9444944650531678
11	79614750	79615700	0.3703761218561968	0.27848810457967615	0.45234944558947493	0.3546573843824979	0.2515770516387726	0.1766922615272902
11	79641000	79642450	0.4549574764790604	0.43775236894609665	0.5684139912810023	0.5144072967138659	0.7471472805363654	1.040684262070131
11	79652900	79653700	1.5987748739123344	1.0595871015265583	2.0164945089817046	1.3812700114399195	1.9331821620464325	1.7185791306197644
11	79697700	79698450	0.5767553480628007	0.42787155069907506	0.5706742342710495	0.4163565493212543	0.20844392632196346	0.11871599542185257
11	82182850	82183800	0.6005375071360093	0.44271670549323683	0.8082571788836975	0.7262662972901996	0.7174993154641829	0.8135549334868004
11	82214000	82215000	1.3745086751187128	0.6615718806674404	1.285502861007218	1.346439215103251	1.703484305486083	1.98462912774086
11	82952500	82953000	1.4983127260804177	1.153248265862465	1.5432013432383538	1.3585975179970264	0.9766124276518822	0.9552871876955032
11	83191200	83192300	0.596538518391047	0.45811539412243973	0.5468672632122319	0.428802298527447	0.3304686967319346	0.40313851420174945
11	83271250	83272300	1.5550681959465718	1.6733495699095835	1.0860909532585088	1.2193269870678585	0.9945812035174597	1.1618480055388951
11	83472600	83473300	6.999555669852666	5.908131133786269	5.5386159368923735	4.940612608024052	5.121515694516046	4.890179617575237
11	83534100	83536150	2.2028907346687943	2.017225807544099	2.2514198126594067	2.0201646098188353	2.0049550191641194	1.8704301618055665
11	83536350	83538800	1.0656701861313098	0.606974951968215	1.1335189682971183	0.691180333631158	1.1712695259864734	0.9331194375757363
11	83549900	83551300	1.4964470578778177	1.2100535565257622	1.5718202869134017	1.1771527347626625	1.2722443250447761	0.8594804933421667
11	83568950	83569700	0.7445612177451452	0.3529091886480649	0.8570075828234355	0.5404208575685819	1.2960360575119654	0.8841107106208801
11	83628200	83630100	0.19582495630328012	0.06358195496095391	0.47366634722650286	0.29076535110823254	1.0885266588014715	0.7226327004543571
11	83639700	83641000	2.8854742081644518	2.588092704328059	3.134875066156127	2.8713295943511206	3.4137842026447283	3.3905079557230837
11	83648900	83650000	0.5937281995364998	0.4197457651246052	1.1536336409893988	0.8077345278901403	1.2928954566230535	1.2860187935558232
11	83657300	83658200	0.9179731253120634	0.5479308770431413	1.3507604911592273	1.0703924733234775	1.735222470810016	1.4588089833491378
11	84879450	84880300	1.2588088183367954	1.2143189449170058	1.0450244629470742	0.8945356577284196	1.1259527818245045	1.2248457025780397
11	84915300	84916500	0.5060881209004932	0.5721821663918867	0.5847227873927511	0.5647170619829046	0.6185052800460998	0.6388170280416186
11	85139250	85140700	5.472607266250214	4.8451551823356125	4.752961335972498	4.856312758510715	4.34764473694575	4.1794641588100525
11	85929500	85930300	0.7817687981482595	0.7459327373404189	0.6196336689346935	0.7533481550961733	0.3487494561445363	0.2701879520121997
11	85989600	85990600	0.2008240938880968	0.2545162443923513	0.20616090433294237	0.2508681696934963	0.060323722012561004	0.0762855432155818
11	86544400	86545800	3.0294559307252205	2.990551223007764	2.423588861803854	2.6663040955341617	2.1645892804084705	2.1981515629030146
11	86573350	86574050	0.978014199329274	0.8690715382993222	0.8575978525195803	0.5843193340940135	0.2005298089102975	0.20909964711747214
11	86582450	86583450	1.3241109417946109	1.2280869167697044	0.8808905596579276	0.6278894292414189	0.42006012245640156	0.4103787281289697
11	86587000	86587550	7.309348154501482	7.329358587698503	5.87790216142481	5.779889154434204	5.3092278896678575	5.622683785178444
11	86587800	86588200	0.7517289138585329	0.8339123798906803	0.8003041467815638	0.5437238889187574	0.4170032783225179	0.2822213738411665
11	86592800	86593550	1.6230909013350805	1.7023540464639664	1.5542465128501257	1.4866538188060126	1.1683973554174105	0.9978663095235825
11	86594900	86595900	0.7174109487225933	0.6902290006145354	0.5118512068102437	0.5626163485064272	0.4471971549540758	0.28025518808141353
11	86606400	86607400	1.1636795610458621	0.9660649191641038	1.325273891310538	1.0947828852832318	0.9960638352520764	0.7310139444246888
11	86624150	86625100	1.6061458275673028	1.7008857427811936	1.1612447660670362	1.1985507617931108	0.5533027513031112	0.41106187149261436
11	86652300	86653000	1.6688476350477763	1.7966787908226252	1.3526625699177384	1.2757134880338397	0.8433995421230793	0.8251660887151957
11	86757350	86758750	5.071590063582917	4.38960181345588	4.078087945428508	3.990716342328008	3.8781385176121694	4.196702757547068
11	87085950	87086950	0.4317353342242522	0.26042390325761605	0.4371609095120119	0.3968263142584284	0.439681364721734	0.5367844434566795
11	87108600	87109550	10.874560299609836	9.455575011654904	9.452106190888506	9.054629848834715	8.919762095777612	8.612248899842564
11	87591550	87592750	10.223050953444615	8.781924134531328	9.233892137055756	9.445060727326766	8.614663739064161	8.676368322384855
11	87744300	87746200	2.378448313047606	2.17971127283391	2.1630631228254287	1.9409759475777972	1.868309724795929	1.5953240407899367
11	87748450	87750400	3.7760023214878182	3.6076292056895367	3.5812653946225756	2.9596622033478592	3.5091391135053214	3.0011314410287566
11	87750900	87752050	2.4196848514337526	2.337060474112191	2.717727042648936	1.8832267152085134	2.1407792536742853	1.6249656199372333
11	87754800	87755950	4.487902767828771	4.145786500692702	4.096129137443125	4.159843394514444	3.9313113826741954	3.469880576133728
11	87757450	87759750	3.151405163694063	2.860952006068504	2.361951853790925	2.0338026335745147	1.8587931439333865	1.9352908315552497
11	88047300	88047950	6.1702944454779995	6.161171400363629	5.652811933664175	4.966802872511057	4.754364872162158	5.342489341772519
11	88993350	88994350	0.825091494821733	0.8293106608544627	0.7342287384079349	0.6927056275904179	0.791282495431602	0.8263450849354267
11	90349350	90350550	0.19893653389266744	0.31035971247380784	0.15036649710388592	0.20569945080111726	0.17952455661752645	0.3155525357968768
11	93885400	93886400	6.421187931429955	6.309144291416291	4.7075835155364	4.6617294226884844	4.975215117037297	6.427513154745102
11	93955450	93956350	1.8360612408485677	1.7372112371855313	1.7035456167161465	1.5752918487290541	1.855190406408575	2.00306307339006
11	94275350	94276050	4.028802538428987	3.483406534024647	2.973019306915147	2.115147676893643	0.5156716921712671	0.27771602389003547
11	95258800	95260150	1.4061155142607513	1.3095754149880174	1.3137101514991751	1.356861551736474	1.4000583570974845	1.4285636987288792
11	95309150	95310600	4.735967425875722	4.330393268401684	3.9305462149496915	3.8354629153730104	3.720105501410927	3.329041084115182
11	95336650	95338450	1.9349751248410954	2.058323577398895	1.3630936983922048	1.6428144281105295	1.3427280600709852	1.4647789332663366
11	95384300	95385500	3.3617161426140414	3.1366598468600606	3.021827993526683	2.6019848809502513	2.5712821964896175	2.309096846481164
11	95413450	95415000	3.885205102838645	3.4237074837897996	3.5384468081821954	3.0101084586969793	2.8030419626181673	2.6539428564130323
11	95833700	95835350	0.908751237334161	0.8475611253684333	1.0137983835803914	0.8160786717155666	1.3583021939119553	1.3763452000581018
11	96441200	96442100	2.3101271245214674	1.9593575052130554	2.4978234340043532	1.9433517019119528	2.1409629134833814	1.7353978798152505
11	96829450	96831100	4.169999355715821	3.688419577513838	3.3825918882815005	3.5424926576767284	3.240718198175552	3.059774986759927
11	96859500	96861150	0.23193284020745508	0.2541092717962181	0.26301140776958576	0.2819438485383522	0.21055612260697126	0.18298795115368058
11	96967000	96967400	1.1271698547154665	0.9406160443276167	0.9272360058128833	0.8418979670852422	0.8800759150087833	0.7247602286189795
11	96977200	96978400	9.333010595178092	8.872504414794266	8.419447771551672	7.978039983884253	8.217554665406546	7.983414182861646
11	96987750	96988450	4.251764410819326	4.090909536395754	3.7554898697989327	3.5642535083634512	2.8195097466026033	3.412230644566672
11	97104000	97104900	3.8842633258634143	2.932177056041029	3.3340863540603056	2.859075646582577	3.2263119343088733	3.4275356304645537
11	97123500	97124700	0.33194593694261326	0.32297540562127225	0.5148975563818409	0.5566580470884689	0.8412887515273748	1.2868752473592757
11	97126250	97127400	1.2877899367879517	1.098268860058564	1.1670528847438923	0.9586941641134846	1.1069745289395228	1.1601213346616082
11	97128800	97129450	0.4835608521447732	0.3843325852889281	0.35632946816774513	0.4303308612566728	0.2908019629235451	0.308104672729969
11	97142200	97143700	0.8891312335844964	0.6417547274353683	0.8580165774027506	0.6084319236447113	0.6527415541106579	0.4764200635806534
11	97187750	97189000	9.504514833757955	8.480628294200281	8.419812627453958	8.753476466634034	7.259432317659336	7.558276060724259
11	97683500	97684850	1.5244294780215053	1.3312022731694413	1.5603735735367992	1.2659959046848694	1.809654514753221	1.7807017872178996
11	97728200	97729050	1.6294403765306753	1.6270160406827927	1.8585151110326543	1.74809649123865	1.2194741049759528	1.1226784856529797
11	97825000	97826300	1.6216198310089207	1.195324913899301	1.8946224936465454	1.3502020056486685	1.8372867326930638	1.4716557960957288
11	97829650	97830400	0.3721431033114592	0.2862215466797352	0.47274474346637724	0.4100868642528852	0.8527514668504397	0.6534769418239593
11	97884150	97885300	1.7600746779421772	1.6921335513260725	1.5407964075364036	1.709000449414054	1.3368920808679918	1.81402638799318
11	97954750	97955900	0.8987533692524444	0.643012743544612	1.1131189214163377	0.9028605656378825	0.9854001443282417	0.8389253085592518
11	98000200	98001700	1.9693969122773858	1.9375969342057424	1.6998948999425416	1.256927442126804	1.3561081761378868	1.2721276313426881
11	98026250	98027450	1.7741964081794985	1.7198759292402577	1.5175279268297084	1.1303996727683328	1.1750718184896543	1.1165822858860095
11	98149900	98150700	1.485747599825263	1.5037846067361533	1.3607880176603795	1.3013224823214113	1.0014675482548774	0.9098186162114144
11	98202600	98203550	6.009456252549824	5.512350231471815	4.975017394768565	4.78651278401676	5.340720087854486	5.4240617312255655
11	98458300	98459600	1.0430152608147332	1.182700097152672	0.9300558705483715	0.9685981336117903	0.6711173506991357	0.47101775172238164
11	98463550	98464800	2.2651381459882183	2.161596863186744	2.4116127683578	2.1694334675644384	2.1829910305247586	2.3911312556266786
11	98479650	98481000	0.4975832612662449	0.6974135540719527	0.5318828174176324	0.6515181042636954	0.3954988279010216	0.5623295013799712
11	98549950	98552000	3.1352053969343467	3.2349997991714696	2.698008255409171	2.622133325148933	2.5010235052252012	2.6942736515590435
11	98773500	98774250	5.502983796000481	5.01296095520258	5.296042801111937	4.831533604840438	4.686970649540425	4.158860631495714
11	98809700	98810250	5.830505927476016	5.305111649903384	4.669715455445377	4.478326156789606	4.0884462460604585	4.064441382884979
11	98941500	98942850	7.519278760611512	7.316664240801776	5.896454273893841	5.821093308334265	4.299455794456997	4.3348956695971665
11	98945200	98946400	1.1856912523187617	1.1880156748783663	1.0251271290267596	0.7448395650314562	0.8515504370047936	0.6895878900261596
11	99024150	99024550	8.884262384027243	8.025214616507292	7.9205596909672025	7.297850231900811	5.98166088744998	5.268776679635048
11	99104950	99105500	1.3455899185484106	1.132427047924562	0.9221559921855276	0.921672521585768	0.7214059978452596	0.5172128048403697
11	99254700	99256000	0.28566734851209225	0.3523144605833487	0.2974518390988944	0.2539399239398734	0.19999594482573965	0.14476050652758318
11	100619000	100620000	3.0889563843511767	2.781507224544402	2.1897485088225337	2.1730987800359727	2.2313567632436753	2.548062022924423
11	100804350	100805000	2.283344457287055	1.7440104643656658	2.2136904998926017	1.9049149331450463	1.902114496116455	1.3696262351022317
11	100859900	100860750	4.702034735223826	4.457468923961415	4.28078380454989	4.145259645160507	3.6733164202991655	3.2335062152848524
11	100904700	100905950	0.6823550450171193	0.690953000197872	0.5904887932765494	0.5943368791307413	0.45784010293063004	0.5039905779793858
11	100939050	100940500	7.341281920317416	6.612931774370662	6.2076350775569695	6.705613779126914	5.486423494869023	5.518840890806392
11	101007650	101008850	0.41277899764237863	0.4584060319992643	0.5667710837215425	0.5551853512097042	0.3534414773579871	0.33752568680127815
11	101551900	101553100	6.31389465270504	5.499965305738551	5.515236708938434	4.688266716581403	4.661693205739938	5.67499709824721
11	101626500	101628150	0.8803817553720632	0.7931129860528403	0.775393190140544	0.6276116870639967	0.5466917782618016	0.5109967483467343
11	101665200	101666100	2.3673313335122335	2.164636791381571	2.0466679689826237	1.9566293597883648	1.8007657797593208	1.7386367862837182
11	102087300	102087750	2.9200446661313375	4.02443766646915	2.3544190445211197	3.1107158075438606	2.265480735037062	2.789536082612144
11	102924650	102925700	1.0746195728401617	1.0801788199309525	1.0638843727990779	1.0099120488904771	1.0525740075820968	1.3684821167162486
11	103115200	103116600	5.885550638717441	5.6405555287813804	5.311795860984908	5.053384016210383	4.3878738097182834	4.665838905442197
11	103174950	103175750	5.88188010526821	5.1649415237270295	5.732380710281432	5.526782568953931	4.677137275766581	4.077837767638266
11	103267100	103268250	6.143426325558613	5.858083357710657	5.665528710878942	5.272820028448293	4.891273809430544	4.9187933210704635
11	103697100	103698000	3.8053042623731823	3.558671387301551	3.087745129333602	2.8131629249287977	2.653934152763751	2.665871961729394
11	103966300	103967000	8.331811807411057	7.778209836568151	7.184960749915668	7.394007242407118	6.5855372686045515	6.244927863989558
11	104361500	104362650	0.6064484972946877	0.3725968470162128	0.5652446208796026	0.3979427587762663	0.6809168654840544	0.5250264388514416
11	104442450	104443550	3.890849712293519	3.1301719508632537	3.6364849636491794	3.1034099679741978	4.198347967882208	4.112774503339421
11	104582200	104583700	0.4432058700438469	0.40994816182762056	0.4270390432265497	0.41022407024144364	0.29842031063753016	0.3124301151009493
11	104622300	104623200	0.6825568660154075	0.6473994266986847	0.886006366237998	0.819166177858909	0.7430373153587182	0.8534989654686715
11	104630300	104630900	1.8512300731490057	1.8965828272203604	2.5863669829567275	2.630563011964162	1.2304143729805945	1.4984828962137302
11	106065700	106066350	1.9695368243639286	1.9981463393798242	1.821466554082357	1.6991779567645147	1.5236659735670457	1.4870299966060199
11	106159150	106160050	6.089269947343403	5.460167454746035	5.11537529124154	4.0765986078977585	4.505310801466306	4.395268360442586
11	106165050	106166300	1.2024895709622292	0.6987619780509703	1.0394752573320942	0.5902667189042613	1.1448705682417926	0.679372581499569
11	106167050	106167800	3.090098521153132	2.395524261832237	2.4988256225585936	1.5944703023235003	1.4478217553297679	0.949871503551801
11	106387500	106388700	1.5683389045227991	1.488542348016721	1.4906579241188624	1.3150272993607954	1.5678399665799796	1.4008813060633838
11	106415950	106416950	2.674083772536247	2.9618408724877145	2.2058202140562	2.748105406910181	1.9024981392920017	1.6894169789552689
11	106487600	106488300	4.530458230844566	4.383967574792249	4.339227989273412	4.2701275287355696	4.353403776117734	3.963395385699613
11	106536000	106536650	5.559327902656335	5.841473154012974	6.45248178931383	6.562104325294495	6.226387656376912	5.697079144945511
11	106674750	106675350	2.473328132132689	3.0277097976704437	2.2518761941293874	2.320110246340434	1.5894764855504036	1.4481236502776544
11	106687100	106688250	0.15620798065535443	0.20730146773865865	0.2555255182595273	0.2600466940430667	0.19135942359316843	0.3195513302379328
11	106761900	106762950	0.7626729371031309	0.9575336303945328	0.5467504146241922	0.8029486500223477	0.6111820028438455	0.8135814550128722
11	106778000	106780350	4.120066995326181	3.8316288156057765	3.0424310367010845	2.9322866576014603	2.388672454473522	2.391550306551885
11	106787200	106789650	6.92469460397586	6.204768793132448	5.398515160606439	4.9815153254412845	4.787160915361017	5.013911901998395
11	107102250	107103200	1.3666662785881445	1.4943948625890833	1.4807135865719694	1.5545464626287213	1.4167547985989797	1.3934536022418424
11	107417050	107417900	1.9906191452987054	1.8343833080985967	2.1890224629465274	1.8356660978759036	1.587095957591253	1.4600253281347892
11	108067600	108068850	0.30140716352766	0.20422753329920845	0.45928791183703477	0.47740425218732163	0.664157483944977	0.9838086116671563
11	108235000	108236000	0.09429350834255376	0.1206609519568883	0.15629953937298283	0.13775816177239333	0.18723330391198398	0.2165361367315054
11	108268050	108269000	2.4982459452277737	2.156584894719877	2.440729009885537	1.70648988908843	2.2395447763957477	1.7652353728444952
11	108272550	108273800	1.2107575465540732	1.3270804118494834	0.8530753949565273	0.7772631702885484	0.6377224040985108	0.5440654519319534
11	109218250	109219550	1.4253688292644349	1.1904619575493913	0.9516408638445378	0.9489102975804729	0.6795384681063	0.8856981022426715
11	109419350	109420550	2.7670213591460575	2.5408218517098375	2.3989593441511996	2.315571844890864	1.6200798845524882	1.7271753024992844
11	109425450	109426700	10.02565191094183	9.62837549999606	8.35804733374811	9.069472350334399	7.289847933152143	8.174669107580185
11	109473000	109474400	4.267528182790027	3.486103972861294	4.125733882033419	3.6376562617741244	4.188015927306744	4.125828109246948
11	109495200	109496750	0.4183253049106181	0.3814735007310881	0.5729744602961545	0.5120745525192305	0.5454406187430278	0.7727859176555614
11	109611150	109612100	3.7058852632735904	3.7125083074757925	3.4822478141596442	3.749720140946539	3.429568570789538	3.8640922058883467
11	109650200	109650900	3.0444700187444687	2.66479385469641	2.344576867733683	1.8942901955332074	2.247005706514631	2.538802446978433
11	109667900	109668650	0.141634924903512	0.14833270081877709	0.13639018543809653	0.12526048670212428	0.25254748556017875	0.18905727836489677
11	109671250	109672800	1.6327797138678544	1.4920342304654473	1.53129599347447	1.6485206425760965	1.8028254314346603	2.0446012774250693
11	109859600	109860900	2.2106212980634816	2.1077183923650322	2.099145223721677	1.8305614471435543	2.105636788709131	2.755436486957165
11	115153150	115154400	2.215936817981351	2.000562033376386	1.7469658686484062	1.7486940884613942	1.0352139539045446	1.0241072252810002
11	115157750	115158850	1.2246004436092992	1.118996388164084	1.1714263923846382	0.9526466205956814	1.05275966797283	0.9271500259231438
11	115162600	115163750	6.587720846788746	5.732444436820995	5.810718569481356	5.536263106915255	5.457289413686299	6.0177882647708705
11	115172900	115174200	1.7546266837865485	1.7568979078723537	1.6274111181216562	1.5675604303177697	1.5512630290898803	1.3993823637985265
11	115198600	115199800	2.300851089518557	2.488521733514724	1.871655125105253	2.0732449742278667	1.8767957648108988	1.879917619228363
11	115276900	115277700	8.625755371339618	7.550561279058456	7.513772163279355	7.456491570342332	6.5707035255432125	6.299505286943168
11	115451250	115452600	0.8691317056184744	0.7336207482602203	0.6091150426010077	0.5561889575591827	0.1625010337112291	0.16182505973883887
11	115514000	115514900	5.244522686087423	5.038514413345191	4.482351887379256	4.203057086020708	4.565054497437345	3.9417738747100035
11	115813350	115814100	4.002950935979684	3.980125206609567	3.0012015484273435	2.8794811969796816	1.5591579565008482	1.5453244324525197
11	115954900	115955400	1.1153381805419922	0.8182007858753204	1.1497482776641845	0.740649923324585	0.8606244245767594	0.5587908012270928
11	116023950	116024800	9.150707132676068	8.870882784058066	7.535960757311653	7.279573356684517	6.279984938958112	6.593804794199326
11	116029950	116030550	8.739789692610502	7.832975953668356	7.622559908727805	6.741769006649653	5.492273040314515	5.5557079121967154
11	116077600	116079400	0.7216159501896109	0.5926467859531389	0.70492387836552	0.590142208276966	0.675671565595016	0.5922143100659949
11	116086600	116087700	4.327967251864346	4.022920294171554	4.015870626455178	3.8767647294498997	3.6264670824239595	3.5772751476006075
11	116254400	116255300	1.2174445541699728	0.9744232637021276	1.0965463413794836	0.9658468201259772	1.0996083113054433	1.056845485534933
11	116255500	116256550	0.7895412569954238	0.5788590500409826	0.692145113835137	0.49137010134401776	0.6474493675572531	0.4606086752599194
11	116376700	116377650	2.4452937631818807	2.019909554587579	1.9245061420776735	1.6624551256978384	1.7875707169661397	1.4169120234486303
11	116413000	116414050	5.26643071469074	5.850109127296648	4.759668392292731	4.745398677644276	4.376817571095058	4.240977498463222
11	116433250	116434350	8.780228620176791	8.3174240051896	8.358421055410615	7.257001943667072	6.7024165655329915	6.499487843608314
11	116439500	116440250	4.757419749259949	4.899564621925354	3.868103634516398	3.6555263606707253	3.1162580687204997	2.73534259947141
11	116616900	116618200	0.4283817926648237	0.28620448652035546	0.5019175015963041	0.38200926734017326	0.5602407861511092	0.48171325967862055
11	116618300	116619000	0.6315652218248163	0.3368245778977871	0.6540433370002678	0.4994276732632092	0.9399877211238656	0.7068772792816163
11	116843200	116844200	3.8339459303425203	3.448342482720652	3.307101977563674	3.30410279494524	2.9378256650567054	3.0963438754975794
11	116853200	116853850	10.088545986322256	9.092293253678543	8.301043813595404	7.497671880355248	8.059200978279113	8.807352709770203
11	117292200	117292900	3.356187361734254	3.4161544139044624	2.630013544474329	2.613094963261059	2.6395167124271395	2.542916465827397
11	117301600	117303100	0.47384806623969244	0.542303407792122	0.4079083241552711	0.4214285932816168	0.31028570732431227	0.32807922897636294
11	117318850	117319550	1.922792154124805	1.8634062732969012	1.6686318712575094	1.3689092252935682	0.8233156199966158	0.8183506787674768
11	117326600	117328550	1.6679037573083164	1.3724518217066284	1.4912832800310638	1.2418353299583145	1.0342365508849085	0.7869896606327027
11	117333750	117334700	1.6032437530944221	1.2395789204616297	1.8970718113999618	1.1746285760559534	1.6039312220247168	1.082206297485452
11	117654250	117655050	8.378029250651599	7.528649422079325	6.759347482547164	6.665375984311104	6.185114887431264	6.656941907256842
11	117780400	117783000	2.1377059467495525	2.0171661939218675	2.190676003046722	1.9080128969846073	2.074197622791135	2.104185408999967
11	117810200	117811050	0.9484342555088155	0.9139501460159526	0.7725826935645412	0.6679062201345668	0.577785756132182	0.6770456865605186
11	117831900	117833050	4.575319975950608	4.32676510927219	3.8922395971011983	3.536143961769476	2.87564589057737	2.675373712493026
11	117848550	117849300	3.707355840841929	3.367918213446935	3.3712927628358207	3.4802005904515583	2.910506359418233	3.049158308029175
11	117871500	117873100	3.3049194228264596	2.658219231636293	2.344656030285743	1.782602067643946	0.25183940897749957	0.1887830952295037
11	117965200	117966350	3.188951729965745	3.4992535559826776	1.919257069637197	2.312969125702447	0.9430468167154991	0.9912635567071645
11	118143600	118144550	0.4091681533620546	0.39991589917556236	0.4174834632324545	0.36073855136570177	0.45358258590102196	0.3147535387073693
11	118145750	118146700	4.710375832507485	4.106084861065212	4.808389752036647	4.269957375244091	4.633041027784348	4.732480516182749
11	118227150	118228650	0.49417052003901496	0.49605323898664083	0.5173254939638159	0.4617032635543501	0.6699397734099745	0.6906893604368098
11	118232100	118232750	2.3859809712492503	2.9784774248989727	1.935988109587477	2.215026807830884	1.4591788194500483	1.3512104036830939
11	118290200	118290900	8.211210166897093	7.47279949929033	7.542175276215588	7.639662050626107	6.573323224037885	5.892701268025807
11	118337200	118338300	1.7401254894609426	1.4438920074523773	1.1406847282314772	1.1286722526219704	1.802214556547233	1.9204707758805968
11	119186900	119187950	0.8182633534779846	0.6814485570275703	0.8106769321511383	0.7298076218934286	0.6722781123611189	0.7331875564796584
11	119670750	119671700	2.4062314909853435	1.8063614331421098	2.105670849233866	1.8088738904658117	2.5140405855994477	1.8379866660425537
11	119928250	119929700	1.5290393039037178	1.4154700836588996	1.3732002994083323	1.3552306044687175	0.9904295745195704	0.9712816492843934
11	119933100	119934700	1.976616082056876	1.870695875979239	1.699673547360205	1.640861027087226	1.2592439582242685	1.0180864729056702
11	120098250	120099250	6.088797216015477	6.0251883234208625	5.668546921802497	6.077694030612707	5.687522767648101	4.960090682752431
11	120672900	120673650	4.6519751055240635	4.295457356611887	4.285244066198667	3.8794712966283162	4.202062663118045	4.749270145177841
11	121236650	121237300	11.494293628655948	10.29264717743947	10.015934237700241	9.472385636843168	9.657892593695568	9.337072211045486
11	121353400	121354900	2.9096710160778416	2.4792775090535484	2.4238173877039264	2.395703024479232	2.4845787096958536	2.7482486520505356
11	121559250	121559800	0.6664016114954244	0.6018779171732339	0.7662694179876284	0.6867426750334826	0.9128928598897024	0.9866001453182914
11	121672900	121673650	6.655505280574163	5.958886449654897	5.994020016074181	6.403766889870167	6.172013342777888	5.649140553474426
11	121706200	121707300	1.2284791764166816	1.245029105664698	1.3919718412482798	1.4589708576715263	1.4762513018483145	1.493243566724387
12	4082650	4083300	4.930986512440901	4.975513846874237	3.162389859006955	3.6298003412210025	2.9959547567367553	3.691603919726152
12	4132800	4133600	2.432808344773948	2.198487830404192	1.9066332056559623	1.7682972262799739	1.7711643466819078	2.0113312712032347
12	8499700	8500800	1.3470018034456763	1.787367510439014	1.1967812110252043	1.2588806824513374	1.0418618424945976	1.3682682259922678
12	8921350	8922600	5.712825787555285	5.311330534172058	4.303092810846144	3.913233428290396	3.868358004222197	4.6281340916514395
12	16006450	16006850	0.818406261652708	0.7242900569736958	0.6810057494044304	0.6897747910022736	0.8723254483938218	1.061728404313326
12	16525800	16526350	1.4800763361020521	1.302780234888196	2.01762617031959	1.5171811242266136	1.527491588077762	1.0804149682819844
12	16532150	16533100	2.115957237670296	1.9821632602026589	1.7700433083113871	1.2546846918840158	1.0629375985264777	0.8873683592598689
12	17032650	17033700	0.48427745767242114	0.36377927521356834	0.5371266291328338	0.5209473419331369	0.536778727556978	0.6748159034763064
12	17266150	17267050	2.8099767583111923	2.6694882141219245	2.3971197384844225	2.467033864226606	2.260209852349427	1.9025601187845071
12	17387650	17388650	0.8034011473894654	0.8319568615498081	0.7051888775056407	0.792286024555564	0.6557852053046227	0.7486573022007942
12	17690200	17690850	2.422385936310658	2.5795707513277346	2.1240830609317007	2.1282633288777792	1.6673696610102287	1.6632500262214587
12	21285350	21286800	1.6897576317983423	1.5904552644511085	1.4613676079547446	1.278507124403552	1.1608100106556565	1.1718819002887204
12	21417050	21417950	5.601263076133198	5.339923707180553	4.954965068234338	4.934697372035847	4.720573000229067	4.585480910175376
12	21451000	21451950	1.8314096475667074	1.6039588670638438	1.579209151197421	1.4234725818822258	0.9210074612968846	0.5795143785621775
12	21476100	21477300	0.24275382949728755	0.23542055989566607	0.33227095601900575	0.33795932970390336	0.459054653565037	0.5743807719570921
12	24633850	24634600	0.7119094657326738	0.44977406529088815	0.9433078523874283	0.787262932729721	0.8371211602787176	0.5900955622096856
12	24651550	24652550	3.9503589748259516	3.545504836543914	2.6365351856634462	2.6523303660154345	2.455459635257721	2.262842787012458
12	25095550	25097100	2.698200607364309	2.438748475232556	2.520536144186236	2.3106205725366884	2.0930431042586153	1.9146308116490733
12	25155200	25156150	0.9646839558980183	0.688348028565708	1.0416135410837044	0.9721292546595347	1.1779876157013993	1.1819894373887463
12	25189000	25190000	1.6304807496686136	1.43317209699077	1.6821616695773218	1.6506183338016271	1.4004650390148163	1.5145505115389823
12	25190200	25190900	0.88178155160376	0.65846675870674	1.1622488276128258	1.072736382548298	0.96491233506373	0.6323981580776827
12	25239650	25240800	1.2841906766503588	1.5903449204860862	1.8126854314509815	1.9022039873578018	1.2361400481319182	1.4052785008109134
12	25350100	25351900	0.3423858080390386	0.14988853090381254	0.4400786838997338	0.3118930647586947	0.2555299834488264	0.149725283402392
12	25359350	25360400	0.822516756527306	0.7139034785469922	0.8114079242253769	0.8177811174437388	0.7306415462245544	0.4969815137593963
12	25438350	25439600	0.8820208495912096	0.6784559953070834	0.8026458808406707	0.5658948197422605	0.46785064487913325	0.4340179114207625
12	26468900	26469900	1.4534185623661164	1.176907863647707	1.2390207013160952	1.063192592382431	0.9986018733680249	1.013589870005846
12	31499050	31500750	2.6595371962227	2.405501676664407	2.083070510867877	1.9514068219021228	1.9679693132842415	2.230631851112794
12	31949550	31951300	6.7979836118320165	6.423972464309697	5.959426066552439	6.441227100502324	5.479851920781184	5.692897655347653
12	32953350	32955150	2.564832872800762	2.4903895381382206	2.2547753542811213	2.335995524741724	2.369687732219704	2.3376132254267845
12	33160100	33160900	1.5426754339411854	1.4145316138863564	1.6679882103018462	1.3499187318608166	1.411063288860023	1.2569940816797316
12	36156450	36157150	6.426754080312593	5.966105686000415	5.231260457805225	5.054116574696132	5.261628006015505	5.961286426952907
12	40036600	40037850	4.717480407813287	3.894985282454952	3.5801115161772703	4.033931952181729	4.117558289202522	4.897879717445374
12	40038050	40038700	3.820241799537952	3.549728242691893	2.7687187940913898	2.98314589287226	3.369212439037286	4.010255819008901
12	40222950	40223750	10.339896705895661	10.199806488379837	8.803591143023223	9.369483655486256	9.09166662171483	9.327650186270475
12	40248250	40249300	1.0895531184991936	0.7320725808092343	1.179136570066129	1.0151704580868994	1.4012990830483891	1.3043793039378666
12	44209550	44210350	8.456279401034116	7.378975445628166	6.978813418969512	6.9001387294381855	6.365824644044042	7.0794955871999266
12	44268700	44269700	7.115594417029879	5.566378272271926	4.189812790409211	4.773695799827576	4.85700655901432	5.753834065675735
12	51865250	51867050	4.907505025282555	4.542569692844131	3.947680877083946	3.7520792087400805	2.268509276863796	2.2543570009620923
12	52602600	52603900	2.374476706082413	2.439133452611881	1.639542323454438	1.4547081007879654	1.548005389692557	2.1081326714616555
12	54695550	54697550	4.7283269257084015	4.3485969744651545	3.868564972908266	3.456204670530377	2.7857657057818246	3.0307954692840577
12	59011700	59013200	3.314521275345997	2.9791702341059203	3.1775268118458415	2.8346729159884987	2.789769796521056	2.706493469238281
12	65073600	65074200	4.355053135852019	4.004079142908255	3.767090460459391	3.4888146660725274	3.933966466387113	3.760945631166299
12	69385650	69387100	3.0855201458108836	2.7111587687249443	2.245454788844498	2.207150010434811	2.129719369934068	2.030479904545739
12	69446450	69447150	2.2370158420716013	1.8524789578999792	2.036373989645924	1.8088201143699032	1.9944639367716652	1.6207680272630283
12	69447550	69448650	1.2571447302299767	1.1442826677417477	1.0987056719802344	1.0439373488596977	1.0285679304599762	0.9644063399461182
12	69510250	69511300	0.6009930559603666	0.5964069600202676	0.5498998886026362	0.662479947691872	0.4261354527870814	0.3535255697316357
12	69516200	69516850	1.5769084868293541	1.3469606892420696	1.5890336695657326	1.5962222816852423	1.3764124495478778	1.2852521788386198
12	70974500	70975350	5.717212920048658	5.218216788242845	4.955273362976663	4.3265134632938045	4.228183503028225	4.449806525111199
12	71015600	71016400	13.137658618688583	11.441424788683653	11.604317402690649	11.054471605978906	10.051191820912063	9.394619736522436
12	72085600	72087000	3.4490894280670843	3.469252456476062	2.972838060522313	2.6730814004640693	2.698449094298122	3.003873348442027
12	73593050	73594350	1.4415013241117114	1.4196520982605056	1.4866074774578844	1.3129180047006317	1.4886986106876874	1.4300632703791445
12	73603500	73606050	2.842548738307096	2.4718092713395228	2.738155898595444	2.383394232442247	2.175322404199268	2.054444926444983
12	73698450	73700250	1.0022965276711304	0.9676146168008073	0.6399947368970481	0.5456405319202627	0.5025932912811505	0.3392162640687136
12	73715500	73716250	6.039112306276957	5.608986505349477	5.529331579526265	4.5257009148597716	4.325817645390829	3.2705375496546427
12	73720350	73721350	2.881248143288397	2.0501803149254094	3.0365671164762364	2.02528296084702	0.7885283948853612	0.41736043127890254
12	73841800	73842950	1.7941364054278386	1.487939894900483	1.49625850878123	1.3542445651455917	0.8508288720057466	0.613370448525833
12	75669050	75670000	9.487129660311497	8.57413273290584	8.434496473262184	8.443376656331514	8.161403283978764	8.215107982221403
12	76254700	76255400	4.539873212512051	4.266237692473722	4.017886860855467	4.405187860348482	3.889908878675529	3.64420216090445
12	76403800	76404400	9.304486268758774	8.559398177067438	7.207549839814504	6.947188891569773	6.588276569445928	7.282202304204305
12	77039300	77040450	0.9462749996182181	1.04921702647775	1.1391686516617332	1.0439557099916177	1.4806796353609415	1.7240268956643083
12	78980800	78981600	1.5792025918699801	1.3982951129600405	1.4562685056123883	1.325003502368927	1.3248357120994478	1.3198537426628172
12	79295900	79297050	1.4676677296171683	1.3787121374175724	1.4555523672010255	1.4915878461534837	1.1369866516035232	1.1149169224824595
12	79646450	79647800	2.764981665975874	2.9377230232220537	2.6483520263070273	2.596532317310338	2.455816965539471	2.2264270140506603
12	80112650	80113450	7.141592692807317	6.748678882196546	5.301001956500113	5.276656410805881	3.9680917072296142	4.094949779063463
12	80643000	80644500	3.2922307411932175	2.725169414561282	2.7300668619217414	2.3675383243946113	2.4212271277483772	2.621669623721977
12	81532550	81533000	0.6365216308169894	0.4835671246714062	0.6565278555618392	0.5819730394085249	0.494418459435304	0.4549735121925672
12	81971500	81973000	0.333322903511867	0.2904687688671757	0.3301584371857636	0.21403774801890055	0.32328717877324215	0.37304038501709935
12	82244500	82246200	1.3476251273589526	1.3224661689193695	1.5228847321884909	1.3626262865467824	1.3744417282454282	1.076633812070056
12	83520400	83521300	1.109468502138841	1.087493711176018	0.9530093995766913	1.0479756723713092	0.8566608287890752	0.8639538624464759
12	83921450	83922350	6.877419051229953	6.495803997781541	5.746251019404994	6.006601143446233	4.402197394321362	4.743051738772127
12	84193550	84195050	4.576097556165469	4.348523158288772	3.554867986130458	3.562546035997795	2.773656062163558	2.596495275216509
12	84361550	84362250	6.117204225020749	5.472808640428952	5.531328603242125	5.688514099333967	4.88244471435036	5.343932221106121
12	84407700	84408450	1.3456791898012161	1.033116163219015	1.0995552463581164	0.9543719588915507	0.5731729134221871	0.4997497048601508
12	84450500	84451800	8.186148144814483	7.093139341273912	6.607092778889773	7.144876327144912	6.793630115457249	7.060356980264187
12	84617100	84618650	0.49334631909817933	0.4405822390169494	0.5266934822824715	0.45005166104560607	0.48294307167818146	0.5051476430031655
12	84762200	84763100	3.144652429620425	2.652387716273467	3.234413463862406	3.414476049426529	2.1210001474122206	2.1191109623677202
12	84763700	84764500	0.38025071611627936	0.270530377952382	0.3827759911306202	0.33525327388197185	0.20740211693570018	0.21729376864619554
12	85280100	85280950	3.0647193827348596	3.5825106936035787	2.8651783286429504	2.9924153923813033	2.3082765448619336	2.393286176060929
12	85446650	85447700	3.8670382017144407	3.4053674407525363	2.6859093384662165	2.747487696863356	2.3753230141599975	2.3654883507745605
12	85454950	85455950	7.749298954363791	7.1008227980829055	5.707637933915662	6.883354756101966	6.284953565403819	6.076941068589687
12	85473500	85474850	3.236897716271549	3.3524362269211276	2.3335837054508985	2.169141574178882	2.2088711799671445	3.3480305236798746
12	85624450	85625550	1.1947434477792107	1.2111834662234637	0.8603913597074234	1.0241468046775941	0.5231888753972589	0.4557116555625742
12	85629550	85630650	0.31988879251738633	0.2846340788976524	0.4116837217416232	0.30079571234701097	0.4930576256188479	0.5553686346926472
12	85660500	85661400	2.156451790959885	1.8924569010506902	2.0000165556826524	1.5666384090814325	0.4752292434323896	0.324813791650037
12	85704500	85706100	1.5408253971992003	1.5192346235244505	1.5044453869907928	1.247503282582118	1.2950494258894638	1.309162595369095
12	85824500	85826200	3.0846241282110722	3.15598126830998	3.3588487393674207	3.2221600015227323	2.4051939089017345	2.1674301569247207
12	86686050	86687450	0.4136749707047082	0.29475303296425365	0.2441604775018421	0.18306535117228645	0.14921376330407973	0.10546920312071163
12	86818650	86819600	0.8534876640376292	0.6063238069101384	0.6621557653812986	0.7602694949978276	0.6423070243549974	0.5934491610683893
12	86833200	86834700	2.1664444750714047	2.018266482137865	1.914038978863788	1.8586249619156425	1.5098379222645477	1.6644193546679593
12	86893700	86895350	2.973280651058969	2.7234218396795575	2.245062027760615	2.1683854779330165	2.115457752248183	2.171631448220165
12	86950200	86951200	1.650014298408262	1.6130694971392234	1.586995666290616	1.4373062694966794	1.1352236462831498	0.8581721064373851
12	87147050	87148250	1.5860521122717088	1.5653962414035072	1.411324807297673	1.4629195263048613	1.246475491331289	1.5714780162026485
12	87266100	87266750	3.760565248085902	3.6576196880523977	3.497511756328436	3.2493906197181115	2.84155884550168	3.0542016725356764
12	87388050	87388900	5.3776991363483315	4.446740531562006	4.753749407937422	4.305063784490613	4.565627097220105	4.174376926877919
12	91765200	91766000	0.6693318116106093	0.6218015988636761	0.6138682510517538	0.6696766201220453	0.3970327315852046	0.6658768503367901
12	91766100	91766900	1.087252141609788	0.9839794258028269	0.739930528961122	0.8968692815676331	1.0931375469639897	1.2828367187827825
12	98258650	98260350	0.5240662091184066	0.5399303007917567	0.5595072887656803	0.5551668591872203	0.6697000819754022	0.8353091042258286
12	98269450	98270700	2.9974397156746155	2.874491989431074	2.2657816360965852	2.133057366527211	1.9883271846995634	2.5039123544454576
12	98271050	98271550	0.19853462168574335	0.22533319810032845	0.21442799454927444	0.16797473797202112	0.23635960400104522	0.2654481899738312
12	98282850	98284250	0.4988834688541822	0.426964045194819	0.514797438129032	0.5130234930188196	0.5305384645695038	0.5668662887763177
12	98996650	98997850	0.07373348380675764	0.04537334190558474	0.10915832350330969	0.0829025194061499	0.08049674882608301	0.09154864470784863
12	99467450	99468800	0.3842248449966328	0.3938912727558467	0.45308969044695474	0.539842805401871	0.40292002147219297	0.5359201744585126
12	99571900	99572550	0.7556558366463735	0.760146991450053	0.8849371828826574	0.8629535738321451	1.2842845019468894	1.4603158567501948
12	99640050	99643150	0.7356872278223187	0.7359297580974873	0.7099180043399596	0.6566696778537008	0.7064364316745493	0.7145964032299789
12	100187200	100188500	3.348965130455736	2.8254652424147535	3.0033411459177364	2.49095664375034	2.2858513833440806	2.0758801712611548
12	100894700	100895900	3.2254231320786215	3.5539195320683143	3.087955770390008	3.016759532581676	2.796173434911537	2.3773108278121797
12	100985600	100986750	0.2174635750448219	0.18988797615821698	0.22808807529955116	0.2348248356181335	0.434674790986269	0.20772709723400032
12	100993800	100995050	2.6073788175521355	2.270706454197053	2.5400719369211506	2.028857511254513	2.478209428316004	2.0215324100315573
12	101027450	101028400	1.4428974702797437	1.5410489537213978	1.273660359806136	1.32649143250365	1.1025072395174127	1.1387821953704482
12	101975300	101976450	2.462403387735803	2.156155168605553	2.2058785982252336	1.7219040002684662	1.9662907530157767	1.9825835782807806
12	102294950	102295900	2.4999372943294675	2.1194050299180183	1.9702074551660764	1.9418689792250332	2.1788777271226833	1.9219793535219996
12	102626900	102628750	2.1031470934893988	2.116513043489265	2.0528585441027296	2.1554748499578964	1.7324671918220096	1.7869594014897279
12	103341150	103341850	3.0442592499511583	2.765803723888738	3.0246624196214333	2.571643761971167	1.1743201126583984	0.9732954854198864
12	104056750	104057300	3.641432490782304	3.5066591000015084	3.1808387223698875	3.2474473462592472	3.2065150183981115	3.358034972385927
12	104990400	104991750	0.7583312811355813	0.6136608635937726	0.6829082306030322	0.6209578615275451	0.7188140661499579	0.7774396322681396
12	105000350	105001550	0.7137923077485895	0.5414141372711427	0.7130720470989903	0.5618438112615335	0.5406501331837738	0.5069917616791403
12	105008550	105010050	1.3768762663154193	1.3789772233655375	1.2527234999133694	1.1905464140366933	1.2441062126066171	1.2253871192636416
12	105032250	105033250	6.587742790960497	5.867669600425228	7.109026466738793	7.291180763825774	6.911944476813078	6.7071874938309195
12	106008400	106009150	3.362831788341204	2.723293990691503	2.6460718639890355	2.4808797353108725	2.2040229051113127	2.2712668081919354
12	107128750	107129950	0.6018586960332732	0.54900939244096	0.7389439422981713	0.5611953990096106	1.0444219375825397	0.9037030554857726
12	107145200	107146700	0.2702211003354801	0.21223231992413918	0.23742959430653562	0.18853755045195286	0.21867774507111196	0.310109972591548
12	107160050	107160950	0.9344531518552038	0.9997166426314248	1.176465193612708	1.017067194349236	0.6330669386684895	0.5389527554768655
12	107921150	107921800	3.543859394788742	3.4512023740548354	2.9236340794196494	2.8624539657280996	3.192299649623724	3.2050968722196727
12	107961450	107962400	0.26255666307908926	0.3374618924507185	0.34199940754822683	0.33950155852656616	0.3673267772429392	0.37597009705904205
12	107976700	107978000	0.9282951487027682	0.9552963451830387	0.7904420521359881	0.5977509848054473	0.6044664877248566	0.6099113286917026
12	107992900	107993950	1.3687963619320074	1.1635795747373145	1.2574779643221385	1.1440271048886435	1.183830055637019	1.1453923253218332
12	108179050	108180250	8.461325978925151	7.333921679424983	7.922790518947827	7.125973008473714	7.353276329788506	7.020808320989212
12	108764750	108765950	1.4040629214625204	1.296992384643965	1.4254506894593597	0.9561902374603364	1.315024964201684	0.8864568637125194
12	108792150	108792750	3.8833867257336774	3.27455219189326	2.9899761354426544	2.5354627726475396	3.529987999225656	3.8089400926232337
12	110504650	110505350	2.3933800307341984	2.691953787292753	2.228904063531331	2.062131143233606	2.5762374023880277	2.232811746810164
12	110591300	110592350	5.839090019041492	5.752395310540854	5.521536908348472	5.231525249977906	4.843422979059674	4.963973390232949
12	110888800	110889700	6.4188830511768655	5.809787281420496	5.265621113313569	5.222391064001454	4.9794944432046675	5.608587027721935
12	111038400	111039400	4.4627161065224685	3.778322688133486	3.7182892411447344	4.55923453964293	4.293330803990364	4.43589879989624
12	111159800	111160500	2.590836694112846	2.83403080620936	2.3033688820153473	2.1822284788531916	2.290839952720063	2.2988176033752303
12	111164350	111165350	0.8607181173755276	1.222358266768917	0.6168615610368791	0.7879625320583582	0.6285328880548477	0.6899248372465372
12	111181550	111182950	0.44366270309166284	0.48955385234498755	0.5238347445792317	0.5255635113464204	0.4717829888608276	0.5180013132947403
12	111691100	111692900	0.8673311721876232	0.6462341926743501	0.8732463928875529	0.889773746923801	0.8713955093832576	0.7179188612634821
12	111813600	111815000	3.361627507049241	2.6756585993634943	2.8636182070272858	2.8194640108207603	2.686341866304894	2.6079027292102674
12	112588500	112589650	2.2306727088484157	1.9892014962794236	1.9569080350643118	1.858860726877949	1.8412955725223512	1.6817188668639764
12	112619100	112620000	0.9670687054428789	0.9367671537813214	0.9144066885155109	0.8981106447014544	1.2067908243752188	1.3805608918600611
12	112860950	112861350	8.162424865961075	7.5757689255475995	6.987267684936524	6.399119693040848	5.0473689287900925	5.368921557664871
12	112868150	112868550	2.213721800148487	1.5091638851165772	2.1038587799668313	1.4042024514079094	1.4134058280289172	0.9875865975022315
12	113155900	113156500	14.892600722710291	13.377456547617912	13.21202212492625	13.503611478805542	13.576132889986038	14.083168181975683
12	113167800	113168700	3.0590916292866073	2.24799616565307	2.6735218437512716	2.3132106526361573	1.62461110767391	1.6188875965070393
12	115802200	115803100	0.5933071675130891	0.5160623617304696	0.7621290419540419	0.5693970573610729	0.9136967115849256	1.4600273185057773
12	116280350	116281300	7.142308281440484	6.236842712273723	5.860920111027203	6.363518116631006	6.4610017271026186	6.860359294273351
12	117443850	117445450	0.47006529246183065	0.319998492900639	0.4174642411752177	0.2915714789393433	1.0694086163062453	1.2053241172294284
12	118301550	118302850	6.599236312279334	6.5886230809517015	5.949935689197284	6.349892340528937	6.703938921760111	7.888097228866357
12	118371800	118373850	0.7279376854979082	0.8240163000243372	0.8501998766081996	0.8005799085972314	0.9681244880670796	0.9509189540367537
12	118376050	118377600	2.434268943502754	2.531195269692825	2.062381459730908	2.0038591181474463	2.1294465188147673	2.2646768884451336
12	118410800	118411700	0.11699708288949397	0.09550334831492768	0.2180982807195849	0.12548714785112275	0.23609043802652094	0.22939690819217098
13	5844850	5845800	1.9616323492401524	1.7138540634669757	1.738445466301943	1.4169446748651957	1.5470437303342317	1.4476094131642265
13	5864300	5864800	7.33292413520813	5.859502944469452	5.450160409450531	5.056698018550873	5.262604438781739	5.405069484710693
13	6547500	6548750	2.2101249256441666	2.0831724578153565	2.008487805003505	2.178825945258863	2.3382436323088984	1.9340927305221558
13	6634550	6635650	0.8924349834632315	0.7415067429137019	0.6267486480813572	0.6392485738654438	1.048169606560692	1.2685539909384467
13	6646850	6647900	2.1698442743890296	2.1666228233724145	1.7453884305236158	1.8658465804940179	1.518039535496916	1.6077407215890431
13	8885100	8886100	4.2160458240745395	3.6544225820679417	3.622121894805662	3.795214605838561	3.5028706411123274	3.69609521497041
13	12394900	12395400	6.291480763196946	5.452422936201096	5.471881427884102	5.642651181101799	4.522409248948097	4.733109597802162
13	14039300	14039950	2.746513830423355	2.897714433624194	2.228634948180272	2.162639874632542	2.1247249452425883	2.4116084859004387
13	14062750	14064050	5.807323564098728	5.523810173938647	4.919632265455374	4.860294395571266	4.759573982635774	5.190155678551931
13	17694600	17695450	9.646588182519464	8.826551147208495	8.34319035950829	8.562524745709755	7.357982078019311	7.667485438935897
13	20184400	20185300	1.9465545966227848	1.6639107983642154	1.8543649062183167	1.422692007654243	1.5859358935223686	1.382567053337892
13	21944350	21945750	0.6147233819474427	0.6401587432880125	0.5054064543380405	0.4941359834265634	0.3749335548600492	0.31822845940854594
13	22005500	22006450	2.0969612521874277	1.6561101912511023	1.7676564777054284	1.3689481131654038	0.9563570123361914	0.7951184402484642
13	22040750	22041350	1.1239874414354563	0.9068519282092651	1.0023560034359495	0.8117271021008492	0.7883698239425818	0.8146970189486941
13	22042000	22043100	1.1435890483471653	1.2537210138941788	0.8684763248733488	1.18841830856464	0.8930681953901913	0.8517857674054625
13	23423600	23425650	1.3680534704645069	1.2904966109010951	1.1955771150881358	1.0943218406570108	0.9628305417666989	1.0277404073464667
13	23431950	23433500	2.007002182020723	1.662229103043029	1.4854271440773923	1.2014479655231316	1.3544687034517517	1.0774491642367454
13	23530750	23531750	2.6484807281494143	2.964189443649784	2.2631980553903888	2.180579124450684	2.045204887121916	2.30356647759676
13	23555050	23556600	0.8432662590733427	0.6347301251533499	0.6407791060750603	0.49996330453352983	0.6537509005436182	0.5506107656562722
13	23739250	23740550	3.5320478653966934	2.8409756159723245	3.1586498645280785	2.9057043407173704	2.682100856314957	2.6000452731019603
13	23762000	23762800	2.1038278391957284	1.9219545147567987	1.638968654051423	1.3817764073610306	1.5688090477883816	1.4886606868356467
13	24412800	24413900	1.2841131033909974	0.7172291199692533	1.1737602977668784	0.9698194137705082	0.9261426396171715	0.7562241273644296
13	24415450	24416600	3.825514926990653	3.5524608382001666	2.7399057695942544	2.7426051627600145	1.5015079716831217	1.5036860694833423
13	24599250	24600300	2.291649299380591	1.8538083606418192	3.0114110874873337	2.2005408268173534	1.9813352082616515	1.4077374000421592
13	24613200	24615300	1.3789753959731939	1.2903295016032392	1.148305681568503	0.9869278629345639	0.9311213327322354	0.8131624320812796
13	24778200	24779650	0.6003540022330783	0.3217849274071522	0.38371458041445594	0.301516804440297	0.20561460844572735	0.1794033673686062
13	29985850	29986650	5.89695367962122	6.053550572022796	5.5063272908329965	5.941273251511157	5.288620211072266	5.328037121072412
13	30692850	30693400	0.7087821970202706	0.5903077015009793	0.562550798275254	0.45669985768469895	0.4467854873700575	0.5457363973964344
13	30814100	30814900	0.4872141466476023	0.2885712493851315	0.5654671674441991	0.3694586379081011	0.38868748089298605	0.2563254588795826
13	32338800	32339100	1.2608555873235068	1.2685431685050328	1.1642120292286078	1.1760174689690273	1.276291341582934	1.3554649154345195
13	32965700	32966350	1.331351781304066	1.148355115881333	1.6375736063260298	1.3230526500711075	1.463615336418152	1.3116022756466499
13	32982550	32983300	0.17706218433298476	0.11406145290567328	0.22908052933464448	0.15673755476872125	0.147691075121363	0.10164413139906549
13	33001000	33002000	1.465862289780446	1.057378887843701	1.356841197013855	1.3680535517781973	0.9225404398590327	0.7908433773890138
13	33003300	33004950	0.971218605973737	0.9381001964132807	1.1629186097104995	0.9949759640487867	0.9983331632019152	0.9184476048735273
13	33071550	33072500	2.195027841449176	1.376613534259561	2.795220528241051	2.217216642749937	2.0192041097346105	1.411234012061828
13	33076950	33077750	1.285071931090206	0.8316983678657561	1.5516526745073498	1.238416988812387	1.3929847702756524	1.4397959154099227
13	33964650	33965650	0.20475047403766264	0.2587615072496476	0.3153331310672145	0.23828001667559146	0.28623558996617793	0.3787664878964424
13	34001850	34002950	1.420734239225863	1.238755814868334	1.4694658838753496	1.149010512901075	1.3826741158452263	1.7233268938281319
13	34874000	34875000	1.552010163584063	1.3379654335206554	1.6118244236592323	1.491921703875065	1.8676180159449578	1.509972898080945
13	36117150	36118150	3.5253271763478558	3.0437357308172412	3.0155722350858944	2.9557305204727133	2.5164243838563563	2.14200270395726
13	40389250	40390300	0.014743399074059409	0.0131205992410647	0.020304276805308285	0.01619189977645874	0.01760660200134704	0.029364346161484717
13	41015400	41016550	1.1985547740099816	0.9770291843387555	1.256256110050241	1.0304995270440835	0.9509886275437502	1.1469839597736364
13	41367200	41368000	0.4986401859903708	0.5135402764333412	0.5176953328866511	0.4477667017094791	0.5052364477252757	0.5463105053734034
13	41381650	41382600	1.0974055503700908	1.001474605685002	1.2326783761382103	1.145346657508298	1.3856394396251754	1.7545136120052713
13	41487000	41488050	1.6786942710827273	1.3316886523608604	1.8990127816172695	1.799130649447441	1.872422423774288	1.9029294346577266
13	41705400	41705800	0.019543576487448325	0.013120600022375584	nan	0.01619189977645874	0.014419199898838997	0.03268084493152064
13	42050950	42052050	6.74467374734515	7.340587611471103	5.389758171958666	5.70573683536414	3.7197219757090276	4.432374609126286
13	42052550	42053200	4.216113407153349	4.050167717658557	3.1283980316840685	3.3489831991379075	2.4106907503879986	2.592920644741792
13	42102850	42104600	1.3475464422652617	1.5064238163007568	1.2270607401735802	1.2183121218842234	0.6304528401438929	0.7101667463095201
13	43177150	43177700	3.325226231813431	3.9300012709877707	2.237671180855144	2.6762268230589954	1.5433787710558284	1.6110698672858152
13	43202400	43202950	1.0507217510467903	0.9019578941674395	0.9996894266253168	0.9570478181564069	0.935071814398874	0.8671138874644583
13	43239050	43240150	0.48429312518131773	0.4173511952039433	0.4330286624329695	0.37447828144081363	0.4156179169027563	0.7371874794099416
13	43249850	43251700	1.493612179559112	1.3002650034479606	1.5410899208427389	1.409863011390726	1.5633290168068161	1.3798557073376152
13	43260950	43262150	1.2289643532870917	1.4102909169914901	1.1758791935443877	1.2673028565536846	1.5261843911572999	1.4668382662286361
13	43267950	43269300	3.8631081281910378	3.557595782900939	3.174448535422413	3.1853572222520206	4.35685966433523	4.461243183127156
13	43484750	43485950	0.5789565811554591	0.3751795695312674	0.5085035381796222	0.3280478448168804	0.1863224741538373	0.12846187293638014
13	44730700	44731500	3.3736950439214706	3.568918275386095	2.903535000346601	2.6026050318218767	2.431166911125183	2.582166725769639
13	45443000	45443600	1.4927444403370222	1.1555091301103433	1.4019282902777195	1.067585802450776	1.9571421015262604	1.7790036581953366
13	45693400	45694600	0.6369081562308855	0.9357624443115727	0.5370912110933693	0.582277094065541	0.406295684412414	0.3572582818878194
13	45849900	45852000	1.0026515611598752	1.003896605261643	0.9755573198872227	1.0219350445352349	0.932266843672894	0.9817893784840124
13	45863450	45864500	0.24235189603404148	0.25032451696726654	0.28574178613642215	0.2785931564654623	0.12176671807964642	0.13911578949306008
13	45868350	45869250	0.43142673748645016	0.3774797484030326	0.4790832902656661	0.36361605220370824	0.407662859360377	0.29940753039386536
13	45871650	45872800	1.194347031688289	1.083111663968165	0.9633088672311578	0.9199106518290989	0.6626743465189434	0.6549308132283066
13	46735600	46736700	3.4409130029314774	3.4269783600614216	3.391205828490495	2.5792660858742793	2.35411698142475	2.4559701859951018
13	47043150	47043850	9.324020310725485	8.533807323149272	8.193402350800378	8.779711487293243	7.632536172696522	7.1560255173274445
13	48545600	48546800	7.026909156717281	7.558951250712076	6.66520098716982	6.278662208219069	4.984396774628583	6.575297453552484
13	49215300	49216550	2.3629766431500836	2.199578843245968	2.0004430183164534	1.8291208662784462	1.7432848385754753	2.1513682571411135
13	49241300	49243500	1.2030230963474846	1.2480980629865026	1.0561762136028658	1.0854910818735757	0.8048824746850978	0.7608602309103073
13	49341050	49342000	6.607060335372624	6.112846238330791	6.041826982717765	6.147331269320689	5.655998677987801	6.036671046049971
13	51644650	51646250	4.675977063169402	4.164369074762348	3.848566453283833	3.7277536024017768	3.5507514825090767	3.1905089245980403
13	51676850	51677650	1.9716350351087748	1.498667544517666	1.561025095693767	1.2187643147446214	0.949864763841033	0.6637279126420617
13	51756150	51757450	1.052987950043406	1.1330514483534668	1.1151501490401274	1.1000281576232198	1.1391124428451331	1.4006880588714894
13	51767400	51768250	5.519114107489586	5.133504569495425	4.3377430327149	3.572828732974389	1.9593654562971172	1.6667877138011595
13	51792350	51793500	1.4429800426809516	1.158410721413718	1.315446207439749	1.0543803940522967	0.9171617167928945	0.7460123577325241
13	51797600	51798900	1.709490270639449	1.4174659303636763	1.3805862425752076	1.2442366265234295	0.8136327420635084	0.6903008231240862
13	51813300	51814800	3.502531710470876	3.4723378864719017	2.8873761298425737	2.758179146021861	2.407832916735662	2.228463291237743
13	51845700	51846500	2.0688486313819885	2.0879135037958623	1.2642765618115663	1.1828791538253427	1.4319705979526043	1.6945103096216918
13	52882900	52883750	0.3420815352942137	0.21445233928587507	0.29378244208500665	0.2108185705191949	0.12721121901974958	0.17332217351582238
13	53065250	53066200	0.3608873926397217	0.09477289185139982	0.5029601529789598	0.21528402927674745	0.46240093637453883	0.3710582726487988
13	54686750	54688500	5.722115115838117	5.230319731751894	4.872687953105171	4.304925699902819	4.575728700653845	5.128591582149366
13	55017950	55018600	4.225617053692157	2.175011671598141	3.5762968775859245	1.742173602626874	2.0257641284282393	0.7884291877654882
13	55210950	55211650	7.421089546339853	6.621686952114105	6.330804300989423	5.4644657346180505	7.074697402545384	7.135392998286656
13	55329750	55330700	2.3785910813902555	2.6475986009522487	2.117455613801354	2.2784218473340334	2.1660068419418836	2.3889294824004175
13	55405600	55406350	2.9738616567353406	2.832038133809964	2.5686868639638027	2.2232557128667834	2.671205051422119	2.9194086798874275
13	55431100	55432750	1.1177348916664278	0.8954933899609827	0.7949099254724684	0.8263798026458682	0.7107608792903571	0.48847979759530646
13	55443600	55445550	6.2357689210814415	5.544673437744847	5.1906902496102845	4.493069000244141	4.54509419746888	4.379529861764106
13	58128150	58129700	5.939430963623412	5.448860292365226	4.8191954346973365	4.135191727313828	4.355276900577364	4.415479117820609
13	58157750	58158950	1.8280065436004307	1.7500091386563958	1.3907487347437102	1.2588420419558624	1.092364376853494	1.4301976393411557
13	58401350	58402550	7.149351017449493	6.734582823553392	5.834394219818935	5.049572008884314	5.33723964990354	6.181182201355695
13	58471600	58472500	0.22671415922275492	0.2310835692665877	0.30680024552052965	0.3233105049972494	0.37715137577908053	0.2970916933587028
13	59656050	59656950	3.0951638049880663	2.547670537498262	2.775255946450763	2.56691995938619	2.851348785062631	2.451637721574969
13	59768550	59770350	3.8211987706281803	3.5896172269014475	3.228484162019572	3.1632110967058122	3.165415215507832	3.3871851194173765
13	60839050	60839950	1.7939604306552146	1.1638117029207449	1.8480376904457807	1.3344643955263826	1.7932516942587164	1.55635116353631
13	63189450	63189850	0.49482535645365716	0.380792551888153	0.5133955212682486	0.5803986381739378	0.35925442399457097	0.35389139361679556
13	63223100	63223950	2.2566242664526492	1.6470987044011844	2.2589251747376777	1.7126458021472482	1.3394757976339144	1.5249774319810026
13	63274050	63275050	0.897301370190036	0.6090074765605311	0.7427058033020265	0.7231788266301155	0.5782962696701288	0.6209408344179392
13	63431050	63432000	7.090829742331254	6.632573370619824	6.709028423836357	6.081217567418751	6.488047541756379	6.048682948162681
13	63567550	63568350	3.0093856694549324	2.791309649050236	2.5410824557580054	2.207947651017457	1.9729432987980544	2.055224675349891
13	63886200	63887150	0.2590647899467302	0.3916568684107379	0.31615205801088075	0.38062419668542885	0.46162680969622577	0.6456817135254019
13	64311850	64312800	1.4364105600050012	1.485030943318025	1.2538591085500281	1.279793164500311	1.076689048354563	1.3653128283196374
13	65240550	65241500	6.58213656023929	6.395947237265737	4.850985907002499	5.01340417410198	4.83506117143129	6.467268385134245
13	66932150	66934000	1.8192473782257395	1.7457694399108676	1.3524252065909668	1.503053180172841	1.613475242129191	2.0758606214199284
13	69611200	69612550	5.608011761947915	5.195239101305088	4.776042920959181	4.6939015504620825	4.565503825518041	4.934347926521743
13	73736300	73737550	1.3182416014426948	1.0098536992221814	1.3232075068319997	1.0550968088824797	0.9156218824050005	0.7587452252328396
13	73937650	73938700	3.1994369444869077	2.661938579953484	3.1010833242302116	2.809726461541085	2.8991104784465973	3.1541003133285614
13	74317150	74317850	4.488270750003202	3.677348115933793	4.119016751072237	4.111448011228016	3.4155787540972233	3.2618898781708308
13	74493750	74494800	2.1825045731759842	1.4844541083246516	1.8225115493182578	1.9299203031119847	1.836278404039996	2.267697571345738
13	74769800	74771000	1.6191559468802585	1.289582821656299	1.557273815826939	1.2803017904782537	1.1568230475163928	1.5481788154753546
13	81657600	81658300	3.738779149396079	3.6259901985526084	3.2220885493712768	3.411078133476632	3.678791162456785	4.355593260696956
13	81711000	81711700	6.737396892309189	6.113824795058795	5.795360465390342	5.50668007510049	6.217517533302307	7.477611688375473
13	81783050	81783800	11.51836785252889	10.170686559677124	9.700690178553263	9.181261967341106	9.941615547180175	12.807902648925781
13	91370200	91370750	1.4495170853354715	0.8463032495975494	1.5620058632980693	0.8871100357987663	1.599116079157049	2.0504094221375206
13	92354050	92355400	6.207205932598956	5.637401728202792	5.40096881014187	4.89907870651228	5.56874427475441	7.256445841612639
13	92775450	92776550	0.021346613434169527	0.013120599512783986	0.012883200284012467	0.020932476782489537	0.018137952851095488	0.03398625764507836
13	93093600	93095450	1.2727475658040932	1.1692413542264424	1.11505520806503	1.1214068605873149	1.1158125467709783	1.4535316217207894
13	93764200	93765300	0.9527686969118273	0.7518805714728698	1.1003205268334084	0.8865520070640998	1.1385481782010534	1.1523102209446106
13	93771050	93772200	1.7517081680404856	1.4891807613934576	1.966925945843754	1.7029866466590338	2.080850339533423	1.8710201559896054
13	95696550	95697350	1.2380771757964977	0.810754797141999	1.414333782112226	1.287802374754101	1.3033694990165532	1.1664663361012935
13	95712550	95713500	1.7302700704022458	1.2545919487782216	1.4302521741468655	1.1285244616552403	0.9728710080859693	0.8505638299725558
13	95892250	95893600	3.126026827129697	2.309276854219972	2.482222493580735	2.4336257839103683	2.4939860436599495	2.094635933654176
13	95986850	95988850	1.2459219396345076	0.7385900546196968	1.7909503138142246	1.1571275547056488	1.8727883202608895	1.2344957889734312
13	96670850	96671400	6.958751824335619	6.263679402633147	5.768043100888079	5.998774741048162	5.370076365199956	4.679961937340823
13	96956150	96957250	0.9886579887610529	0.8248922269714892	1.0548828089712556	0.8119013603832518	0.347757096130514	0.3287624489448287
13	96964750	96965500	0.3840163816809654	0.287131227205197	0.6565106669664383	0.4789130930503209	0.603068633834521	0.6545086856683096
13	97137500	97138750	1.5383756230120624	1.4020595081944618	1.4874843984911519	1.3657915462609596	1.3337262468898998	1.4321479839026927
13	98832450	98833000	1.2116128771413457	0.6219880014657975	1.5244341926141218	1.0882427827607501	1.2958932049166072	1.2558147617361761
13	101701750	101702800	3.08106940062914	2.6788034946541264	2.729466226536741	2.5674031039646694	2.997463027025972	2.8946824268074263
13	101705850	101708050	1.5885195808991783	1.583267039078072	1.69693321286758	1.5741984952200418	1.995017106953789	1.770208440623374
13	104177900	104178850	2.9108284687368493	2.3523439073562624	2.2876495388699207	2.0197261181944297	2.3416779112659003	2.9111436230257937
13	104816650	104818100	1.112727349573566	1.2189122939416683	1.1540571041930288	1.0594089036600716	1.2507514903898413	1.7491931489762442
13	107890200	107890650	17.028592555787828	16.134431222279865	15.063951251771716	15.462145963244968	16.821984901428223	16.59313901901245
13	108302900	108304400	1.3314178489767097	1.0625043208419636	1.3491801662445067	1.185019461545077	1.8551010824091294	2.0618012741443725
13	109822250	109822950	6.123461389882224	5.736495398793902	5.9473454719781875	5.399837777486869	6.328958643504551	6.024867693356105
13	111724600	111725900	4.086286559879928	3.3931199729353856	3.483560942074164	3.6124907009377307	3.1032951995150535	4.005213624006854
13	112000250	112001600	2.8550524200931675	2.991356334162157	2.155201361427171	2.050545845331434	1.3388413168713937	1.377193852458839
13	112424450	112425850	1.5684787591151927	1.9655310007174445	1.107562136847852	1.0110109953446822	0.7223707337139034	0.5526025022462357
13	113087300	113088250	1.0091157120387806	0.7073158186841618	0.9516209381465849	0.605185002857133	0.8915162999535862	0.8432117413533361
13	113120050	113120850	0.39969370381440966	0.49272768272086975	0.6627762175537646	0.6822658696956933	0.8198757427558303	1.1701471607759595
13	113182850	113184200	1.2055106517149128	1.1918129108798117	1.5981577117703067	1.3177443919679532	1.3804813133388185	1.219820927221466
13	113466500	113467200	0.07015002592496815	0.07459881859220929	0.02326200267770023	0.06931422559031541	0.058813266321551816	0.08250929805126833
13	113579450	113580650	1.8525683559461308	1.7892726537168668	1.9627837039267357	1.904553965206848	1.6805636870766394	1.9250119578217466
13	113600900	113601700	1.8192618869990111	1.8883004052378238	1.3235716061107814	1.4115492051653564	1.7385412518307566	1.9222536880150438
13	113635450	113637050	0.1277245951957712	0.11687972502822382	0.27991973057849856	0.18970909093238128	0.2043917745894367	0.2074520719950965
13	113828350	113829600	0.8887244570332188	0.990134197899603	1.2873607195130259	1.3505129521225436	1.430952711284862	1.847976562809944
13	115098200	115100000	0.3443711508766908	0.18962347252182396	0.47184464857997005	0.3383675787427614	0.44168365072435645	0.39656053413100323
13	117048200	117049100	0.8504157758897377	0.7158600170455045	0.8117990272098945	0.6984295076096965	1.1496908392343257	1.4565647612512111
13	117210750	117212100	1.646296463878636	1.5953485510536527	1.5896194056370778	1.6198320878306909	1.794176270146256	2.2219379675498714
13	119651200	119652150	0.0288205960974068	0.013436336386550398	0.0629827977467811	0.031254619065868225	0.10425639176186856	0.07694024899449917
14	8172700	8174000	4.339779320094484	3.9112334459413662	3.9035410955205885	3.827841289892942	3.633014547418657	3.659119950876786
14	10452800	10453800	4.382656487249559	3.9335940809557512	3.766400132702243	3.860699341148138	4.266496828138829	4.556287695884705
14	14067300	14068900	1.1679789338284925	1.0087587484861573	1.2553712470091105	0.7766820750188765	1.2530662377004003	1.1871898513897219
14	14345500	14346350	4.824474005138173	4.615101736713858	3.8682492108906015	3.9252403825872086	3.61681060461437	4.098604804487789
14	14632950	14633900	1.5466308173419827	1.4946296488611321	0.9459386721880813	0.8937247162586764	0.893595840146667	0.8685702515432709
14	15769700	15770200	2.307931775391102	1.5710604051947594	2.431858666777611	2.02845637267828	2.193073742210865	2.2976993342638017
14	16255600	16256700	0.47374454149539413	0.2864403145898697	0.5347369611840277	0.4222794143344048	0.43211903423604364	0.3166302086683837
14	16364700	16365500	4.917901335954666	4.4275305949896575	4.509828384257853	4.248835443258286	4.127207633331418	4.159045336693525
14	19984900	19985550	2.1953600816543286	1.9545456769833198	1.924175077034877	1.7306402501234641	1.240894172833516	1.0531242811221342
14	19993050	19994750	0.4823993338443749	0.3470787729846006	0.5080150233093204	0.27769000152003104	0.26559146462014804	0.17078512006250474
14	20025150	20025850	1.1567039946360247	1.2207220967646155	1.4334953041853649	1.5534971067522254	1.0224861693967666	0.8812558681198529
14	20177350	20178600	0.7720375096351869	0.6893425357680167	0.9159449213550935	0.75624486648584	0.43648173721057754	0.34190205576568844
14	20379550	20381050	0.42950155577095606	0.27243796925903646	0.4233858535834841	0.2515929702083116	0.22163450385521055	0.12515070344783333
14	20503150	20503550	0.41141452416777613	0.2502754296758212	0.19476177266798914	0.16609883543692136	0.1222387217450887	0.17926041013624286
14	20546000	20546850	2.4777413327378386	2.6966847659384503	2.277613257051391	2.1533701932605576	2.055278611980817	1.8729679846851264
14	20694550	20695800	2.308275690140263	2.0915008299796813	2.0241962277689285	1.5459896017825965	1.3685960792092715	1.3240597629725932
14	20785300	20786450	0.9736013161550899	0.880888077079163	1.1129100720109981	0.698087644514202	0.6135292576889857	0.6470635851569798
14	20928450	20929800	3.0652596443724933	2.9065810039023487	2.602086860346364	2.436853939809917	2.034406292111266	2.0807545446521707
14	21051600	21053050	5.28631512999402	5.070606360578696	4.201408603687308	4.04773486082083	3.5371701529389643	3.2810123269631823
14	21500050	21501300	12.174981926308908	11.724257725328014	10.006566478704638	10.671085002367425	9.773799002434226	11.53884692773819
14	21830750	21831750	4.044903655944332	3.5979149993850337	3.2122847430435364	2.9735453415215014	3.29310017631948	3.2041394521445037
14	25161450	25162400	0.617504709482122	0.2739719448934652	0.8665917695098018	0.567994781183569	0.8748356077388714	0.7256707293265744
14	25421550	25422850	1.0504646676733982	0.5662001419196135	1.0414889747747416	0.7151638069875172	2.8763432952283527	2.3725456126779316
14	25516650	25517550	1.3122773966855472	1.1532427046696345	1.836757810778088	1.5375646918680932	2.3931865094105405	2.407462591297097
14	25640400	25640900	0.976308140039444	1.2688930796086788	0.884173997476697	0.8781513324975967	0.8262779536545277	0.7016585024893284
14	25645400	25646600	1.2763394704429052	1.1154540444413987	0.9029888137552875	1.0067620586109858	1.130344749981282	1.1299594149490197
14	25832450	25833200	0.8643367640028398	0.542928347040632	0.7064632547795773	0.603892262920598	0.7521054526368777	0.4275137385626634
14	25855050	25855950	0.5394444599416521	0.6332877583408522	0.6944046724215149	0.5558679101036654	0.22915535675771034	0.1787276134800373
14	25857100	25858150	0.8273155309088219	0.5520900718407697	0.6968496050739436	0.5025194274101938	0.44019742921704336	0.3068203284059252
14	25861300	25862900	0.5506881162289491	0.4747797361547576	0.48860273560064377	0.3871173311220694	0.2761805597700739	0.17176332609969852
14	27229050	27230050	1.7950676067644549	2.1167790373025404	1.562458047282311	1.6562370903640986	0.8505308523699642	0.7854921773970127
14	27234150	27235150	0.8565305166378264	0.9801465273441806	0.5567413886593234	0.5563697852194309	0.21265435000509023	0.2629123203009367
14	27335850	27337050	2.5896984436691444	2.338416163331719	1.7146304163368797	1.266119811510799	0.9978044845543655	0.9685855946441492
14	27340650	27342050	1.6530430530293199	1.710554297931733	1.3074346611518943	1.2843819975386517	1.2063337364367077	1.0587121359097997
14	27404550	27405650	1.2476017629925455	1.3214004336494156	1.1983495777654845	0.6072576581413752	0.5524305574301093	0.6658475869081237
14	27508050	27509350	1.2540324233879632	0.9293292219628305	0.8978519122502073	0.8036462387227232	0.6615969372918491	0.6733902778161259
14	31367500	31368650	0.2809432925596356	0.1937440709830972	0.2027719791607636	0.22521384991368312	0.2815749203717267	0.25872712097952366
14	31398200	31400550	1.7562717770437406	1.2976814474499871	1.569506300886496	1.076918152094963	1.367867815348323	1.0976196249076238
14	31494300	31495900	1.0158647000885779	0.9839727386736102	0.859912584943156	0.7971492968364196	0.7335788245148518	0.8788350331107219
14	31640700	31641500	4.0640548566356305	3.995961101651192	3.12050428153947	3.2641656167060136	2.9046398899704218	3.3924857676401734
14	31669250	31670800	0.5118533151281239	0.43865008687625695	0.6292427986792353	0.5044390478154824	0.5414629222591191	0.5588711946108286
14	32085100	32086050	4.698675286895351	4.675919254233962	2.9564370197371432	3.3743237841599867	2.4680057730015954	2.8370134444926913
14	37134850	37135500	6.909279025701376	5.7618201154928945	5.821819549340468	5.621154568837239	4.828435701498618	5.010777401373937
14	40947500	40948650	1.3621156623487218	1.2466238116415485	1.5668177417279985	1.3466711111533625	1.1543416475643409	1.1584579307229623
14	45219000	45219950	8.404375227846597	7.772368415688214	7.349363867530697	7.265851563591706	6.467740084105416	6.7002684392427145
14	47104700	47105950	0.14709365484176143	0.16004376483425017	0.13567521145728326	0.12003923542424284	0.14834530803456025	0.16733203722536563
14	47360950	47362650	0.5514795793233832	0.36085097244161357	1.056734049071397	0.7052708831105429	1.3317720649238272	1.1508433175967592
14	47541100	47541850	0.23789951826632022	0.18736220022663475	0.3723759920919935	0.39158738718808844	0.4605493365377188	0.37287121605624757
14	49221700	49222300	0.7554763175050417	0.4689303000768026	0.45982286722709736	0.38191299108167487	0.2463280457134048	0.21483123971770207
14	50924450	50925250	4.506872757188976	4.2637853254750375	3.6583459468558432	3.556045000143349	3.4426740420237185	3.8068455243110657
14	50930550	50931850	6.061915292875432	5.444068491637964	4.972660542693978	5.217415641961109	4.448521943620966	4.719352236172328
14	51088800	51089450	4.629540965190301	3.994778210383195	3.4239579656490915	2.9542993717010204	3.0848211938601273	3.4166593202260827
14	51912800	51914000	1.1970339598706974	1.2723144731213971	1.0399821669342255	0.9775131853912938	0.8083939271171888	0.9577687866364916
14	52022900	52023450	2.330342037677765	2.5375474465977064	1.8150087642669677	2.1724230590733615	1.7794077508016066	1.8252683433619412
14	52103700	52105050	8.58339257811809	7.808817545481765	7.760408416050735	8.54956323708972	7.018652158417215	6.747413315085901
14	52196900	52198300	1.1010272907661403	0.9903213201744766	0.8104633123086544	0.781016985269956	0.6255430233667649	0.6544316220085487
14	52257400	52258600	4.750839581352478	4.012538996694299	4.171771028602587	3.906767861667785	2.6338636583851507	2.464991565061112
14	53553900	53554600	2.8061454067189264	2.900664167078212	1.814538990961646	1.969212549264942	1.4246991517900356	2.0336894213780763
14	53878250	53879350	0.6019531205532488	0.4549223014965785	0.5521264605927677	0.4024452941502216	0.5740597250828527	0.5338384828851982
14	54061200	54062000	1.0989546537026762	1.2792255696281791	1.116909053903073	0.9330984704010189	0.7812139509990811	0.597134726792574
14	54138100	54138500	1.402981397882104	1.2623329933732748	1.742163168117404	1.3252660331875086	1.7074494864046574	1.1533856058865786
14	54222250	54223350	5.867327610810131	6.051027131961587	5.731284962203846	5.1941499378530125	4.455908655176825	4.148428425301205
14	54223650	54226150	2.46648634210402	2.367108522673576	2.158584061899493	2.2362382790305397	1.836421929482853	1.4649880841809648
14	54227250	54228600	8.243030573025683	7.862041298012863	7.345769690601344	7.208782461018675	5.4761895273246015	6.433081315402632
14	54232950	54233600	3.528004580461062	3.31262847836201	3.315660096682035	3.0211842911518536	2.3592696475982664	2.038206569139774
14	54492400	54493450	1.1845698007653345	1.1033389932658815	0.9960040353547059	0.9973130904634794	1.0384569124806495	1.1205858184468178
14	54518050	54519250	3.309458931607585	2.6102647613197245	2.874056534100604	2.909915384620127	2.8625703745729782	2.9994541092341147
14	54893600	54894400	7.871205792427063	7.3124377501755955	7.115922864917666	7.382797636017203	6.493020780608058	5.819842164218426
14	55015250	55015850	7.287785662313302	6.58380862981081	6.556346822977066	6.256171804964542	5.712310534715653	5.485863338212172
14	55559700	55561300	7.548681865815194	7.049957518039211	6.161759337590587	5.669444329420274	6.274702495564433	6.354283620456451
14	55660000	55660950	0.6183536103426626	0.5877477323067816	0.5939562494386184	0.5572740503831913	0.5083146965346839	0.5069223265232224
14	55671850	55672450	2.528247327208519	2.5380491392811138	2.254109524289767	2.25121389935414	1.7004563364386558	1.530074232816696
14	55721950	55722750	3.48358899281011	3.072959340303205	3.418106132000685	3.084881026931107	2.101247096126183	2.0169186423905194
14	55724500	55725200	3.87467078681503	3.2869913825392723	3.501359345593623	3.250662504796471	2.7489381891914775	2.5932652550935744
14	55881750	55883050	0.6878933730932094	0.6022872677275325	0.7215693574981121	0.564493902537679	0.4365036247264944	0.3377692999704117
14	55884900	55885900	0.8175106517730221	0.902966288505062	0.88553744657578	0.8389347361326218	0.8047643308639526	0.8512307767122984
14	56261250	56263050	0.7601537627724997	0.4662429466951225	1.3419221130665058	1.0610454847654212	1.6395553295407164	1.46499564001266
14	56283450	56285250	1.356636231715533	0.9656409268057998	1.3474077987334268	1.1220634372023404	1.279427915608961	1.0506563575508059
14	56296250	56297350	1.1259480517770537	0.8235846129610391	1.2679589863886231	0.925825232618768	1.125261267493753	1.1689351698078891
14	56778300	56779450	1.241614182207476	1.1337619501923393	0.7534582902908442	0.8362183743743188	0.7558934780271351	0.6172570247527049
14	57571650	57572500	0.38280062031374273	0.5292194556834092	0.3094089451848584	0.3019122874561478	0.28846877549062755	0.3073240156767757
14	57717750	57718600	0.16329772690718705	0.05895283013480167	0.3112497349519555	0.15445462957764347	1.0986923596788856	0.9255743211288663
14	57772200	57772750	0.6312855663624677	0.587230497517369	0.6880330948667093	0.8792790216749364	0.5805693350596861	0.5613654688000679
14	57825550	57826550	1.757238933317123	1.5809310330421693	1.457143498851407	1.5556583839078104	1.2953342574462294	1.5291211019307376
14	57888700	57889250	0.08224138443442908	0.0399104839106175	0.05872400767762553	0.027421087413639217	0.10709529925476421	0.030972618264021333
14	57890050	57890800	3.9388268807927767	4.164356071392695	3.6224637722074986	3.83665961732467	3.7909422608415286	3.362945200910171
14	59440100	59441350	3.0444389561068625	2.5349644109910536	2.8014053577487084	2.693187884018638	2.4649465916353113	2.5732314554810523
14	60129100	60130050	1.6465271672763322	1.2236274349179708	1.5763203664829857	1.2292037850775217	1.147692151187282	0.8424651996085518
14	60711900	60713000	2.4174249357072486	1.5103858502519447	2.2998896333409196	1.4631803330770865	2.159619275567366	1.8343529697981749
14	60735550	60737400	3.565942558947083	3.2398554687325394	3.3038658100184715	2.9310415681399604	2.6359301477168438	2.0649895856266203
14	60738400	60739050	2.0658907099412036	1.795806682912203	1.5147473433728402	1.3703080435899588	0.9797287823374454	0.7373492658252899
14	61172500	61173650	4.347269428148954	3.9413594577890962	3.512006263572404	3.777062685545806	3.541660646587132	4.128829678608024
14	61439300	61440500	3.502047344267736	3.110153635086552	2.936393211785183	3.067009783790569	2.7158950890980518	3.0792200445383786
14	61556250	61557500	4.837848030533329	4.517766915395183	4.161533843038738	4.449685635509005	3.4578310264316876	3.4599893603920937
14	61680800	61681700	4.040985686282317	4.0750982024934554	2.5935457363724708	2.8671535563303365	2.5693253069453768	2.7212922114796108
14	61736350	61737250	1.7475844546986952	1.6280921531054708	1.0719250787711805	0.9403174991243416	1.3059788939191235	1.461005656628145
14	62760100	62761450	5.682441474431447	5.54643884893529	4.229103222143978	4.460678294446198	4.771530588145868	5.427462822331322
14	62837000	62838400	4.674154975245631	4.708515064513079	4.320752660825155	4.052147993938232	4.182194381382774	3.847758793589221
14	62940450	62941250	2.192619970403612	2.2773098727688192	2.0382349178753794	2.314105814229697	1.8563456569798291	1.8683666950464248
14	64666450	64667100	0.532613974178628	0.4571822921415934	0.5916956710657821	0.5430017004563258	0.48142464484381997	0.38451097294401665
14	65070850	65071600	3.8969556779066723	3.1332516086498896	3.345509476482868	3.39246212242047	3.5045769194165866	3.787106958826383
14	65102300	65102950	1.372814460167518	0.909883766082617	1.4840653203083918	1.1765033714817121	1.2119893193244935	1.0666799233509945
14	65112750	65114250	0.13874039292312215	0.1053962995573071	0.23365836991147665	0.21254692639972997	0.21626417664430073	0.14190144270304048
14	65343250	65344800	4.849013101714706	4.43004236352621	4.508142782669285	4.602504459118746	4.1774186862714755	4.054718658321349
14	66199400	66200100	3.818603345432452	3.903360115587711	3.852003123536706	3.9278086503275804	3.8960058436010567	4.177467857024499
14	66296500	66297250	1.219613450155904	1.5707982351730267	0.9803084471337498	1.1920260848999022	0.8792442594567935	0.9437397660265366
14	67008250	67008850	6.706011774589618	6.32896105637153	5.6470288501183195	5.215465236008168	5.095552749906977	5.242774257610241
14	67715600	67716600	12.671973288259197	10.613513226909022	9.995916539222964	11.925302074760198	11.341565275937318	11.214906819611787
14	68035050	68035900	0.7172751642719788	0.6152326718060409	0.828965614021701	0.8416930178333731	0.5739181889418293	0.69502128956949
14	68050750	68051800	1.7935873658472974	1.7965275729892807	2.229133753036757	2.20296175130776	2.0949588490100135	2.270972033341726
14	70056800	70057700	1.4719483082824283	1.5842542696495852	1.6747301489445898	1.963051939772235	1.488173717674282	1.6243082940909597
14	70065500	70066550	1.9785631928284046	2.036027654129239	1.4845760621746198	1.8131073562871842	1.1572850168602806	1.3660256958149728
14	70278500	70279700	0.41201355280414703	0.3404589335636426	0.40492316892070157	0.3177584869539913	0.32049495725655086	0.28352860269136726
14	70282850	70284450	0.43854169378357555	0.3816095249114497	0.46568990930434195	0.42552491094765715	0.5719792368219179	0.41049584633735725
14	70333400	70334250	0.8160036506240859	0.536678928732872	0.8590821805684006	0.7782206899102997	0.6835379553038408	0.650549590134007
14	70350700	70351800	1.257392143126457	1.1656638993965218	1.0684766336701261	1.0568668688982983	0.7505639272067637	1.0990139267661354
14	70599300	70600100	2.1268275113776327	1.7742658986710012	1.8321359314769508	1.4944720524549484	1.9063806193508208	1.8323707892000676
14	70775600	70776700	0.6170632746072808	0.4360051491253537	0.6427560695804808	0.5150798033617088	0.7170845903496054	0.6779019468616355
14	73117850	73120850	0.3018022175254562	0.2701845027707512	0.3623096005070594	0.2410559252497096	0.2229647536386756	0.19222988877387293
14	73289450	73290750	0.3161142565829308	0.26950584225855745	0.38825896551441386	0.3363717519160293	0.4764155034857523	0.39416495686970077
14	73476200	73477050	1.1386934361387702	0.8216582737161833	1.0344300611886907	0.9307675002427662	1.338797406554222	1.3111610926950679
14	74846800	74848100	2.605286994820493	2.1556429466834435	2.0570510478055213	1.9225602079102926	1.961323034882006	1.880153009249614
14	74996300	74997250	0.5671863803267478	0.3215237481127444	0.7895096334501317	0.46671874248667766	0.7640354775911883	0.5954394498467446
14	75068100	75069950	1.7558361580544384	1.5793134797793842	1.7478834224243045	1.232979152689818	1.8304748050744966	1.4821229743299105
14	75176600	75177300	3.202350421335016	2.769627290878977	3.0923545105648893	2.4273972788665974	1.2371263947124993	0.7688925641881568
14	75178400	75179900	3.217148208536128	2.939308322701403	3.0303326707655382	2.338639875623915	2.3919920675240314	1.8976047753622363
14	75191950	75193250	2.585730185189259	2.6316793154960236	2.358936988769039	2.010045826118309	1.7178234102823078	1.3560374967839854
14	75445450	75446450	1.9255776920241694	1.7762220315548682	1.5433364669738279	1.7415684402734042	1.2223442965000868	1.306438422270119
14	75834050	75835350	1.276228048405044	1.1819567319240523	1.202436438387736	1.1215736977815072	0.7797809050417593	1.0403456607690225
14	76217000	76217400	0.9007112443447113	0.8058344050496816	0.8670717134326696	0.4513085773959756	0.4146240997314453	0.20841163039054514
14	77864150	77865800	2.2093542544606377	2.0727789488985393	1.9341382811426067	1.4856195957589617	1.3709004675173293	0.9237877499914403
14	77870700	77872150	2.336322558268291	1.8759396529701582	1.9715582521924453	1.5799982191437172	1.2370892771165707	0.8736413670469484
14	78458400	78459600	1.2066711641639791	0.8903678838668331	0.7802342713648274	0.7380465877785061	0.841373951750643	1.0132853239340087
14	78678650	78679650	0.79127877751858	0.5803963867017626	0.9623421831438618	0.744066353648901	0.5360915237311273	0.5625945761948824
14	79301150	79301950	6.6895779393613335	6.146000890880823	5.383889448493719	5.53655669298023	5.449124174788595	5.506298748031258
14	79330800	79332450	0.356083921416435	0.34444841561313017	0.4149610902558253	0.3762847457692843	0.5816844519926434	0.6099027594064977
14	79529850	79530700	1.8258399241461474	1.7628840427188313	1.3176330185900715	1.161187758200309	1.177268502536942	0.9100507967962939
14	79532300	79533050	0.7524441311955452	0.6336375248829523	0.8603401288489501	0.5345485113064448	0.5695198775927226	0.3455353627006213
14	79587100	79587800	7.773078582201685	7.225364079475403	5.912008371225425	5.3877158434901915	5.019014204910823	4.781069890643869
14	87140500	87141750	2.6975022503268336	2.5243322121897056	2.1414631177348475	2.2367673790440414	2.776617382700303	3.7111856801748275
14	101640200	101640800	2.2055139569441478	2.046507707039515	1.8923277851939202	1.6873850902915002	2.0345011497537295	2.622926503519217
14	102806100	102807000	1.517177981270684	1.4670576470096905	1.4283174977865485	1.5223626275195017	1.4163340460922984	1.8040868994924757
14	102982650	102983450	1.1416551028192043	1.2246440794318914	0.9873687695153057	1.33156101282686	0.8738756911084056	1.3160648183524608
14	103469000	103470050	3.58017631501463	3.132097262076335	2.5476364403942906	2.5291899444943384	2.6773156873243193	3.0841041151114874
14	118929500	118930200	1.0357449112406798	0.9918047760001251	0.9428660365087645	0.8808622802581106	0.5468584638408253	0.5420159146349345
14	120477400	120478650	10.673211693548387	9.485576938949093	7.767414314122354	7.51769228071733	7.4778236464556525	11.169042004680634
14	121408550	121409450	0.09121617787108521	0.10214429656233714	0.12797544449390882	0.17906456107166424	0.13879762782390073	0.16978456579021992
14	121829900	121830750	2.5382758269941106	2.572996068912394	2.4654504301618125	2.034654856236542	1.1674123716880294	0.7073084839301951
14	121894950	121895900	1.1877749545323222	1.418129712343216	1.0156707295383278	0.9057577125022286	0.9238608774542808	0.7876534042546623
14	121954450	121955950	2.8486811239796297	3.048742341297929	2.6060310344696047	2.409602221402255	2.095539054267245	2.1775807312898925
14	122063600	122064150	1.608907224373384	1.2707660177620974	1.3003366495262494	0.9781967364658009	1.082095533284274	0.8964189660007303
14	122982900	122984250	2.7119724138606265	2.9225619099960487	2.309478143272719	2.2741936933451745	2.3539769793076193	3.4539365808941698
15	3995400	3996150	10.608269684235255	9.454056899865469	9.493115563511848	9.310881998936335	7.951919025421143	8.838901518662771
15	5116100	5117050	5.708675509973576	5.041873875417207	4.753141666619401	4.628327147992033	4.411941163194807	4.119013062590047
15	5243950	5244800	3.745049042491352	3.383586270388435	3.264330011956832	2.8325728285312652	3.7812400297557605	4.861813712400549
15	5517000	5517950	0.9577776271418521	0.9840451405128758	1.1399598439233867	1.0849425945783917	1.5825300454152258	1.5274854287348296
15	6567700	6569300	1.0725044447946246	1.2250873066172483	0.7137131049267706	1.1542627214976238	0.7154261510412177	0.45716433376766913
15	6574450	6575200	0.7907375938395659	0.7282984356805682	0.8883394570872187	0.6437466106613478	0.6441536917984486	0.4490614317158858
15	8168200	8169900	2.366528208079329	2.316087927845335	1.871802044817513	1.8003772181356827	1.65846177524589	1.7734465191166238
15	12010050	12011550	2.4462024924473096	2.3243335958628975	2.3517156331667337	2.2338434944923478	1.641510014814489	1.6011072972994995
15	12204600	12205600	8.171885448824975	7.044809782951108	6.182188101614676	7.097282075226307	6.531955754578114	6.713010621070862
15	25073550	25074050	nan	nan	nan	nan	0.014419199898838997	0.021490300074219704
15	27596350	27597750	2.8542116668806643	2.6860547839221867	2.445563002780835	2.1934823132077335	1.8922056936215956	1.6728729073376751
15	27624450	27626050	1.0006176672539404	0.7427662589112597	0.7661812826017335	0.637283373296171	0.8765252353733076	0.7874195050916006
15	27627050	27628550	1.0944662399907266	0.9779183236091367	1.0051565032057812	1.0034604914116139	0.7740976850004757	0.6481234814693841
15	27640750	27641850	1.7895548319047498	1.6985054811913947	1.466171054392616	1.5765293605465536	1.0903257725838031	1.0271191250295801
15	27670000	27671200	1.1964559886276083	1.5001584958773788	0.9931839129745318	0.8585267840973055	0.7081289580405927	0.6956231955190499
15	27680150	27681550	1.7631678738324874	1.51285280816566	2.021290203997776	1.6168162211046406	2.199865239167414	1.908399881302442
15	31546050	31546450	0.17231343510560693	0.24499446631409227	0.32552626356482506	0.23611843671649693	0.2382051901705563	0.11228674522601068
15	34442950	34444000	4.440768903037919	3.568857052183371	3.3873575597900762	3.301034814360596	3.3072012419785772	3.073337847164699
15	36214500	36215450	2.448087190499431	1.729916669389135	2.258967547581384	1.6996893562298072	1.0988188421726226	0.8154098032140418
15	36395850	36397450	1.0950832232832908	1.2071743211486647	0.4288019912161005	0.4983780462597276	0.3431123599898099	0.2687133773593668
15	36640300	36641650	1.0385190536204498	0.9048666182527121	1.1565308747181031	0.9586092006905982	1.2139709216057606	1.1447163026862675
15	36649600	36650450	0.8383964264721555	0.8398583497470289	0.9816391775691334	1.0980461989167638	0.9187009303077786	0.9395170722834933
15	36792950	36795100	5.875431307781665	5.402023776602405	4.480118236480936	3.98802279466278	4.501311421171311	4.379600028496552
15	36938550	36939400	4.0412351776571835	4.074085244010477	3.397951704596772	3.685581373765188	2.545175485225285	2.4118435306233517
15	37346600	37347600	0.2835977206691619	0.4210515220275716	0.5813977835562921	0.6014965900927782	0.46125557795912026	0.5091266285032033
15	37457950	37459700	0.6956428208153369	0.648358182098459	0.7309029067254835	0.630464832515892	0.7822512620797678	0.8233985020330181
15	37461000	37462150	0.6428204671263194	0.44694359837777553	0.7933309994661484	0.5762698470840107	0.6487658482991562	0.4565985526064032
15	38100950	38101250	0.991493605573972	0.5587188787261645	1.197450454433759	0.6462729358673096	0.39417280703783036	0.13576295361583957
15	38300050	38302100	5.703978316774526	5.495327874865708	4.629357233580223	4.788254619324904	4.0356716638110814	4.121686008797406
15	38519400	38519850	5.664021712806489	5.320521306263076	4.883820888797442	5.440622978144222	5.00416667342186	5.304711703326967
15	42302250	42303200	0.018411614112199493	nan	0.014813435896711897	0.021116240430124028	0.02069518276617574	0.021490300074219704
15	50399950	50400950	0.46085406767370285	0.41576025517339477	0.44004945691539177	0.38355369344353674	0.453613625543192	0.43625297302752736
15	50697900	50698600	2.01820305619921	2.8386792594194414	0.7127539254086358	1.1980618755306516	0.7175200217536517	1.1997418013640813
15	51729950	51731300	1.5377876834117383	1.7830054931458323	1.3658968101692883	1.4666987819222088	0.678239962883245	0.6253835902169899
15	52753450	52754100	1.272627550134292	0.7144469735255609	1.3641325940077123	0.9735566994318595	2.6439490549380964	2.860161255414669
15	57694250	57694650	2.644339375495911	3.2231736236810686	1.6487597227096558	1.9583700212836266	1.1268242558836936	1.4783189168572426
15	58215050	58216000	2.8149649875415	2.740630719246049	2.3859956300768412	2.3083514448059232	2.438544686420968	2.457359155628242
15	59314700	59315300	4.704176410635313	4.504761674702167	4.199880521893501	4.517917870382468	3.7284204882383345	3.1686373924215636
15	59373700	59374950	1.2115485574537708	1.1864197511511754	0.9553562255859375	0.9334811034016468	0.7955300325533862	0.9424268143728376
15	59540650	59541250	1.0756784075250228	0.9962253086144726	1.0915076161719237	0.9491961875806252	0.6583085106437405	0.3767965210104982
15	59647600	59648850	2.8676279386458856	2.865947280982233	2.615059178112399	2.56096680357962	2.274840993757809	2.591936542534828
15	59761750	59762900	0.887048306324706	0.6588331904549194	1.101911710281693	0.7514274388088382	0.42824984744598044	0.40881634022586555
15	59795600	59796500	0.41165214139554235	0.35739150183804813	0.5726010517600096	0.5836099890371164	0.4648269592018591	0.4632830374149813
15	60119800	60120600	2.9978308498114346	2.651443469002843	3.252492818403989	2.3049170431122183	3.3577632346376776	2.2858962327614427
15	62038500	62039600	0.5908761115647481	0.5695117702651933	0.5161477004747587	0.49966901319414464	0.6049372510094055	0.8492968432469802
15	62169000	62170250	3.472275088304089	3.459566630012759	2.4378649183704004	2.232287350186435	1.0227745509428137	1.1751239164888858
15	62177550	62178500	0.8322106270697949	1.0209069333068634	0.6298257117326322	0.8482509616958468	0.5682076650426576	0.6742073502666072
15	64021450	64022450	1.372362464035711	1.3740476464763764	1.3696528238821508	1.2262320893229004	0.6639606583565474	0.5913202361609212
15	64205300	64206850	1.4150953245868856	1.3658707775479877	1.1918311703402198	0.9993407116753859	0.8981541113017482	0.5780349305959935
15	64234500	64235950	0.6622671293655412	0.9994455741483458	0.3899890119730123	0.4526511401961379	0.3776385497192389	0.3948666790174118
15	66444750	66446400	1.797396081158143	1.3922653849826414	1.772526752736678	1.382946913873655	0.9946300757207549	0.7586204560594145
15	66799450	66800500	1.199171836182086	1.2026786421557543	1.4013450202707505	1.3646376212296032	1.332141949775673	1.4240905997299014
15	66801400	66802250	2.0039575109411687	2.3287517770598916	1.7713640914243811	1.9493522544468151	1.4643971067842316	1.747287608858417
15	67039050	67039900	0.6352667875566027	0.5981295929323225	0.530924306881121	0.5566453931556232	0.4790566527624341	0.527852570861578
15	67153250	67154000	0.298819169819355	0.22546434666713078	0.32620262082417806	0.288841781715552	0.3534241451819738	0.2986578520735105
15	67175850	67177400	1.5822996022028928	1.640259599983382	1.551363175418945	1.6637679950792417	1.885470634836852	1.7358304362715589
15	67289800	67290550	0.6073495015650988	0.8864976535240809	0.7272996483097474	0.9206066576838493	1.0478721339503925	1.2691598303715388
15	69000500	69002100	0.014743399560001097	0.016404866612909068	0.018751725539459845	0.01645480668778776	0.020643970167563305	0.02605558316266083
15	73182500	73182850	2.1471025582722256	1.9615296578407289	2.0373860904148646	1.7788425156048366	1.3537982559204103	1.2787339878082276
15	74617950	74618750	0.014743399806320667	nan	0.01288320031017065	0.02316983753726596	0.016521999884086352	0.024555781214078684
15	74918500	74919200	2.2977167073105065	2.307276477813721	1.7040608129916446	1.7458571836352348	0.840412820726633	0.7764448540551322
15	74934050	74935600	1.1671410980383392	1.1916736325711539	0.9219650435670976	0.7924264495929781	0.3437391061258045	0.2816521437974774
15	74961450	74963100	0.9184021528398769	0.9917554308728934	1.0016609129873377	0.8550485333942918	0.6330446070211494	0.6173773329001572
15	75116500	75117200	1.7904384245617049	1.8939022255795344	1.8224573917633722	1.789898888724191	1.494467618007745	1.3503583984449505
15	75616000	75616800	3.6106950986385344	3.3117053100466727	3.3762358649261297	3.6127166877500714	3.2981935627385974	3.1672944977134465
15	75908750	75909700	4.118809250216735	3.899897823804303	3.6307976995957527	3.297693336151148	3.604982297169535	3.7404881960467287
15	75921250	75921950	1.3287381883870277	1.4054222667137426	1.1635371460007238	1.172709840961865	0.9817004374627556	0.9627032861113548
15	76080400	76081300	5.46108633518219	5.166279774639341	4.5102511674828	4.01062569707632	4.314224420256084	4.183397466076745
15	76195000	76197300	2.133819440678493	1.6986481017317379	2.0901802952727633	1.5260465124704214	2.1010185899636933	1.6967703527097633
15	76203450	76204500	1.5727237981512068	0.9908840337656608	1.7721035572057862	1.160619950180962	1.1974390562375385	0.7518329523929528
15	76274300	76275300	0.984892028008738	0.7565965124401953	1.1739808910277585	0.9654745519459248	1.0397972268760205	0.9959462740123272
15	76299150	76300150	2.000584484777143	1.8701891337363952	2.20215925944236	2.151288152486086	1.56841937430948	1.2099252911135554
15	76316900	76317900	2.359803738882465	1.5093493496987127	2.4054948910436322	1.8625866160541773	2.3229044159427286	2.0160049890577794
15	76350700	76352050	5.964848625520366	5.146287599173925	5.0786452893629725	4.8234633885650116	4.842276459405106	5.6785799856980645
15	76511500	76513000	3.821910211870747	3.645523345393519	3.4314381565381122	3.4371669041631727	2.8958794826713263	2.9065224731504458
15	76639200	76640300	3.6604823871861454	3.0791302466742105	2.894072733224246	2.838745750796521	2.337676106034753	2.457591259686107
15	76659800	76660250	10.33872735977173	9.841499395370484	9.562569964726766	9.00795093006558	9.02968699031406	9.428701407114664
15	76769800	76770750	1.430761542079088	1.3545432615084083	1.0471191851657473	0.9458968475774715	0.7489483321340461	0.6911961874581481
15	77841850	77842750	8.913940702146954	8.25449038359854	7.617821249498261	7.515343991319338	6.042910508215427	5.437379131582048
15	78450000	78450700	4.370428152424949	3.8854596519470217	4.232757153681346	3.9069900482041495	3.953992051993098	3.723900931051799
15	78494750	78495700	6.606113800092747	5.796570892992772	5.922773590589824	5.997224055591382	5.658914228395412	5.288174646716369
15	78510050	78511250	0.9184545606695196	0.8213906284045148	0.9045188440046004	0.8645459442427665	0.7912048100957684	0.8126023672148586
15	78528000	78529050	1.591358636718375	1.3649946083268079	1.0963431886593868	1.2522966084309988	1.1832943695783615	1.1813117554074242
15	78563750	78564300	3.5206971937959843	3.117025401700627	3.610434891093861	3.1706390924887224	4.177976426861503	3.6028682074763556
15	78591600	78592650	2.1998177143102784	2.454960179013957	2.341641532909669	2.4769444633097875	1.7743169168347404	1.9704965179590952
15	78771600	78773950	1.1174180187259377	1.155509814093423	1.2491797007087493	1.1270301227688961	0.8910581257883389	0.8313649123229471
15	78876750	78877500	6.786939345935981	5.967477410356204	5.312155160903931	4.641073303321997	4.932385225713253	4.468033527255058
15	78894550	78896700	0.5867306750355497	0.4840514228849224	0.5296263718721959	0.3938737924488301	0.42337199935182507	0.2915425196848386
15	78922950	78923750	0.7839434852823615	0.5684010649903212	0.7952960435952992	0.6466638311371207	0.9788112664967775	0.6658231579326093
15	78982800	78984100	1.8286323352368832	1.7205402692316778	1.4876602834034203	1.3900848667438213	1.2182369115665486	1.4870303217264322
15	79062650	79063600	8.179048083565737	7.711887792788054	7.4436970558958615	7.425418519895327	6.048731853938416	5.656404671959187
15	79900900	79901950	2.264105506463351	1.9772485574233	1.7535483732677641	1.6180122069053344	1.2227481363217036	0.8689241236944993
15	79932050	79933100	3.442419870145127	2.917879710395215	2.711348558651504	2.282379307179224	2.0703087391881714	1.7617335824313618
15	79956300	79957000	1.0924229005404882	1.0804440817449774	1.1935365063111696	1.253923789794956	1.280672144059624	1.1665858169645071
15	80082900	80083900	3.6650571973246917	3.312455530566554	2.903382421970367	2.812678932979703	2.70316735124588	2.3209744552373888
15	80191950	80192850	1.353608118833767	1.2708175032503075	1.210491082974606	0.9823086223006249	0.32382317075919775	0.15967672066721092
15	80216250	80217100	0.5434938819947488	0.5090486102123909	0.645898389172213	0.5458092642891995	0.2820226104119245	0.20994756843237317
15	80321200	80322450	0.1476212523874899	0.04891826791146236	0.3472934344321292	0.22555985927828714	0.5113293270952561	0.24074290427714587
15	80571700	80572850	2.4094269435101436	2.1443437302095862	2.0757495154638947	1.778610488630252	1.6493444411772902	1.553935313788445
15	80590250	80591100	1.658476363771102	1.357766026784392	1.3907794005730574	1.0977917575836182	0.9237618485268424	0.8080863262975917
15	80639000	80639950	1.8041575058039867	1.2004660392748683	1.7963248702570012	1.4841665469031584	1.9503864569099325	1.32163073326412
15	80710650	80711600	11.156625118632066	10.513096348611931	9.346260302443254	8.82973208276849	8.018501899744335	8.756800625198766
15	80735450	80736700	0.5231021610260009	0.3698697952701199	0.4374493490902002	0.35869499532792515	0.12850651666344107	0.09340554193343992
15	81044450	81046250	0.7372376904778156	0.6258505121439588	0.8458660619318699	0.6512192213358771	1.0039494157363387	0.7819006331188828
15	81190450	81191500	5.355554085715392	4.941457298794466	4.777171367990989	4.96281647987309	4.372560864278958	4.555144246170918
15	81300850	81301900	4.161544557445426	4.062097528108986	3.4515331620774514	3.2984134275146895	2.115104944308599	2.048414016564687
15	81466200	81467150	8.70163178817222	8.241848392429713	7.413562410422846	6.874416163955864	6.971197065428684	7.9617494444666725
15	81539250	81540050	1.0468920975038782	0.8240885320398956	0.8691329039819539	0.9265156021914432	0.33989670481532813	0.19066359769616872
15	81585050	81586700	4.225814881981993	3.3943310744694832	3.1972129215080134	3.4054842662548555	2.8996630089465736	2.4315415511020393
15	81810250	81811500	5.989061740112304	5.3351095521988405	5.1415025525985225	4.599388496223752	4.606870990079992	4.838327172875404
15	82015050	82016650	2.1032494772441925	1.7940813909134556	1.5387007739274734	1.7860909872163426	1.2553102414923556	1.1473631647887617
15	83464400	83465150	1.3859385939836502	1.4141906617085138	1.3850987201929092	1.4222532589832941	1.3273930950363477	1.6156120708783468
15	83562750	83563950	0.8887425228344497	0.8646118605571723	0.9604642273107434	0.7141328514465178	0.834385556251395	0.9164898814509312
15	83594350	83595400	0.5393799628859841	0.6168500481403095	0.647104270238059	0.49442341936486106	0.43673693800256363	0.5455261357838199
15	84684400	84686150	0.18753036135489554	0.1373615779786611	0.21137690459905897	0.2020212330300057	0.19011942970845067	0.2444884575676996
15	84922350	84924000	3.7242603664314293	3.280719850426264	3.25034165465354	2.850277566857246	2.946936679353901	3.2138352025080525
15	85041500	85042800	1.6163682654065983	1.6818691801729035	0.9814467312718599	0.9091619572302333	0.7391086404086238	1.3004937489230473
15	85634150	85635300	6.661058775751195	5.700289243869875	5.958685770977273	5.9326038099612965	5.89258273429578	5.767809930320667
15	85981400	85983750	1.3154222095233574	1.2135159937322506	1.130895233413787	1.1207619652172098	0.966856242359622	0.9378445978963147
15	86061250	86062550	0.2828407312090284	0.22476420919001844	0.15092970400826808	0.13465323291176776	0.13644684248919942	0.15399562040983672
15	88750700	88752100	3.9918162438177296	3.5686632674026053	3.2558687057802755	3.2122326834996544	2.811178962202633	2.441644391665031
15	88818950	88819650	8.47517976179719	7.955450964953219	7.680578222892114	7.7621888578150955	7.192009230852127	6.596324916779995
15	88861600	88862650	6.236930932544527	5.6634489416600005	4.939826729652886	4.80802293832813	5.200868317541622	5.0902541668925965
15	89128200	89129000	1.7996529919840396	1.6746642864868044	1.3272111841663718	1.2072682500630618	1.3668323664553463	1.379274154547602
15	89131250	89132200	1.099826492129972	0.9725127050437425	0.9419382914351789	0.841177552420842	0.7833874463015481	0.889811606532649
15	89196100	89197200	2.734183683808573	2.6706575791087666	2.2050726478470386	2.213995590842551	2.014160428174677	2.60208424416794
15	89309050	89311100	1.4494687653300709	1.2320829773849618	1.4872278249517001	1.12641036315574	1.4222843699886263	1.3663708386175077
15	89429200	89430850	3.2018780407201737	2.841376885435565	3.0037019434842827	2.6341183112979043	2.5029023760695295	2.2341269473071272
15	93275350	93276400	1.5358345338349702	2.6353089370705254	1.8494434970109621	1.8672805347612926	1.8168467932779875	2.2253303795272394
15	94543150	94544100	2.823547261500437	2.9058399924165323	2.5169839159909047	2.3830899297563652	2.486977385094291	2.9883511830944762
15	96287300	96288000	1.5149052673578263	1.469694881950106	1.2390693838255746	1.0660975589922497	1.034453911440713	1.2224607821873257
15	96640250	96641250	4.488558092178838	4.7054379453351425	3.466215053712168	3.9647483486533166	2.662433430492878	2.848625390589237
15	97342250	97343500	3.7487700540850244	2.575078284675844	3.6847593180010394	3.0103191234241837	4.007312669866225	4.434084805059433
15	97355700	97357050	1.1275949007832615	0.9910956716480506	0.9259685163913804	0.9726928433127705	1.0825500079308317	1.1256368918512383
15	97390650	97391950	0.32151190248069533	0.0763855809831146	0.380780329084043	0.14260180906260206	0.34499270329108606	0.1548127479879902
15	97468900	97470450	3.5010520282471465	3.035413965231174	2.9736366063417905	2.145204459756234	1.8538458086553065	1.4886665164044022
15	97664850	97666350	1.1814325490151683	1.1565203565577027	0.8568397362616754	0.7236283231793028	0.7306076451703615	0.647384975418564
15	98513800	98514800	0.5806812105947925	0.714246280977803	0.5572422740920898	0.6123289776295423	0.5557303036898374	0.7305414154753089
15	98778200	98779700	0.4300023613386257	0.2598337770872048	0.6473360020011985	0.41749408092983725	0.6355971849478927	0.42959587474202
15	98831500	98832950	1.562439104701839	1.543788817408883	2.0066571691595807	1.3635839855708298	1.9839776230632171	1.6888773564366981
15	98880900	98881650	5.365005642175674	5.674256531397502	4.219814861337344	4.727602812429269	2.1274471111893654	2.1559641960461935
15	98917600	98919050	4.157586826212016	3.824179330174464	3.98609588926476	3.935577150264724	3.734987687272825	3.637075414479494
15	98953000	98953950	5.103357483917161	4.814817657800098	4.0496641086473275	3.9587998960990656	3.8632689783604524	4.246528394849677
15	98985700	98986150	1.9445234608650208	1.920506311721272	1.6152668100595475	1.5589922189381387	1.0847722199890348	0.8856394029988183
15	99029550	99030350	7.768241673596203	6.665215664319694	6.443227456081659	5.71602405866608	5.2611514950543645	5.14295141402632
15	99074600	99075250	2.5545321786632904	2.311062463166622	2.2320835357274	1.904217131963143	1.9127178786351131	1.59335688914244
15	99331950	99333800	0.38341774532999856	0.4211238900351634	0.4220534356686461	0.5027616590443529	0.4392303678201708	0.634786860644718
15	99340900	99341700	1.1088694960065186	0.7845311797656608	1.2638096528500318	1.1514871595427394	1.0329193828906864	0.8379606456123292
15	99392750	99394600	3.686912317574303	2.7855799026713344	2.3900439408166334	2.6458282955522034	2.753563398461214	2.606682773974736
15	99771300	99772650	1.1878906413788153	1.1326409870423315	1.179117542786034	0.8493848306166368	0.956606012772371	0.999458283384641
15	100060400	100061250	2.0331150366979487	1.7335245601920521	0.8010995014517561	0.8608186134170084	0.18376845248920076	0.19439863632707036
15	100228250	100229750	0.4289886508074845	0.375656657366342	0.464907427936472	0.2672805935276023	0.5013880894569561	0.5033865476432243
15	100461100	100462100	0.9534385998914412	0.7661738176687282	0.6989540508639428	0.7515146416276693	0.9327924323529005	0.9350649377480149
15	100686300	100687950	0.8640556765395059	0.877205632434101	0.6491693647456662	0.7384106262597915	0.6632117242439122	0.6954796723291158
15	100705950	100706850	2.827685687939326	2.3960548456841044	2.923355646183093	2.4924011604487895	3.5280256416234703	3.3676258731053936
15	100727800	100729450	1.0571524166245148	0.6391879413414562	0.776978054587326	0.5833695375911652	0.5608473489288766	0.47880035501339824
15	100761100	100762050	2.2083285839345894	2.443525268357051	1.8613105373555108	1.7124893740446945	1.5884039650935875	1.6556355068244433
15	100844850	100845650	0.7883663697680459	0.8991053443681448	0.6974613713405521	0.7805568982029751	0.5217226719297469	0.8514727079495787
15	101245950	101248350	2.671499625072684	2.7046039461608857	2.3359366383535685	2.3902415407665925	2.4518229644730978	2.8121146390667064
15	101258050	101259750	2.9697848403385967	2.9732246647568767	2.761221578107059	2.664186777892524	1.74452937326944	1.4180330267161256
15	102135950	102136650	5.471570162858282	4.8064686774356025	4.825605291234595	4.7023130750869	4.1641001202591825	3.93149694280965
15	102147450	102148500	0.6840081343160064	0.5297264012648129	0.7868151558672412	0.5920838056433768	0.5725794361602692	0.5211295680169549
15	102150000	102150800	1.5443345317989587	0.9254779862985015	1.659163165166974	1.2650328249670566	1.4604488665238022	1.2920235884096474
15	102230750	102231400	1.9298429984771288	1.5509761785085385	2.122754903252308	1.6144818839660058	1.7908202581680739	1.3714450151186723
15	102377800	102378750	0.4653948365857727	0.23609618890174452	0.649896471010227	0.4280850649698231	1.0414982765779401	0.8073788495832368
15	102399700	102400700	0.653757466495856	0.5834013903121575	0.6888144640961669	0.5583290442824363	0.5810792385526001	0.5044573766709786
15	102405250	102406700	15.69824110529712	13.54817381386762	13.216895923211391	12.918487916187058	13.84494979177479	13.998462180081807
15	102517750	102518750	7.235589027158675	6.625701445548764	6.658127071688252	6.8979593853354455	6.703182901084423	6.75577639490366
15	102624550	102626000	5.068047496856121	4.45614664418797	4.0291814403522155	3.5946372347955857	3.4503797280909323	3.3855363208308824
15	103152150	103153100	0.6542810678599696	0.5159019497860419	0.7719613510370255	0.8771690208455571	0.9079693898401763	0.9301679094665145
15	103238900	103240950	5.311875835511742	5.120074753810062	4.365699710805517	4.101531627860092	4.260222676412618	4.920828418333142
15	103257600	103258850	3.999297256174395	2.3844740345370385	3.0786908767700196	2.474814236044041	2.3990874408273135	1.5118167269527911
16	4076800	4078250	2.215864980542098	1.863063194579357	1.7675223741325417	2.2230239352007946	2.043661733041187	1.8138779504621207
16	4623700	4625550	0.4778827669602335	0.44801135682001575	0.4315416310706532	0.3933712917519326	0.35752821832816356	0.4800716682148296
16	4673600	4674500	1.268194284391486	0.9551067672504319	1.2924426723168128	1.0434147962458677	1.1706949503885375	1.1545308072782225
16	4789950	4790600	5.289977250924477	5.091822567352882	3.818322921899649	3.9253149921160477	3.601051079264054	3.814164307713509
16	4878000	4879350	2.514565688375931	2.149676354475489	2.3751221355770937	1.916898113725964	2.1795879770831603	2.281728562315305
16	4963700	4965500	1.509566800765239	1.4846705347097706	1.442557725667099	1.3834310467632005	1.2453445073852625	1.2265353606436824
16	5049400	5051050	3.7417857582338394	3.42987061303382	3.3838784437515166	3.1033588562502135	2.9472159616419846	2.8847817580241233
16	8829350	8830150	12.01583486571908	11.28220748513937	10.368221899792552	10.31035330414772	9.642119282260538	9.634452017098665
16	10785050	10786550	6.287471388786071	5.363098068401378	4.314126196420321	3.768311298717152	3.276437416226256	3.705413397678109
16	11175750	11177100	2.5421029568003353	2.3988863756779133	2.166668604534017	2.2028676499046727	2.2793312140799293	2.4723876528607476
16	11253600	11255150	2.7412538487060263	2.67338331116186	2.391380300544179	2.1891318223587004	2.3187138983864255	2.3276325683676813
16	11285250	11286500	0.07648182674044635	0.07584364120780819	0.1105843568107519	0.12309904494472951	0.17125331793392407	0.20400308157205582
16	11448850	11449300	0.8709744548963176	0.7489821014801661	1.288377192252212	1.223387820687559	1.0279607342680295	0.9319628506071038
16	11475350	11476300	0.8066968579364843	0.8603246032093701	0.9967936881513972	1.1687483321051848	1.6664344568629015	1.8946298964086332
16	13159000	13159400	6.992720602154732	6.8310434591770175	3.622852497398853	3.853307714164257	1.6339477756619454	2.0912749218940734
16	13818800	13820100	2.130814228649471	2.065075829934246	1.7186780806983968	1.6409877243575515	1.276361760801859	1.6244353527862292
16	14088050	14088850	4.760551528334617	4.168088001832366	4.847674566302448	5.105953044593334	4.395801477376372	4.662481258250773
16	17807300	17807900	1.4556406979262828	1.5314798007408779	1.22970165318499	1.2557357193529606	1.1920836442708969	1.3879870525250833
16	18288950	18289550	6.808624236782392	5.977723675767581	6.214169334173203	5.651648038129012	5.730189894835155	5.69607611477375
16	18811350	18812550	3.4523627939275516	3.1978703605487784	2.582764113436463	2.855857052713668	2.382570844654943	2.865785310342908
16	18876400	18877000	5.6592292435963945	5.5877795424064	4.666166219909986	4.829099188645681	4.294710645079613	4.783131744464239
16	20547950	20548900	2.066481414735317	2.0436232964459218	1.8792928692541624	2.1800872029230223	1.4394763394229506	1.3781611772352143
16	20715500	20717700	1.1745141604126135	1.473179007296688	1.223824022823065	0.947568553860194	0.9640928461207425	1.184010685785628
16	22857400	22858050	11.986045550749852	10.353849125642043	10.483220259409684	10.721703179432795	9.444575416491581	9.499109957584968
16	23127200	23128350	1.9072670769390518	1.766008352196735	1.7624565629904028	1.7641880486842645	1.7228257864515495	1.6487544777276724
16	24151150	24152450	1.2323210541131182	1.246987293139285	1.0198518329932733	0.9676693760848546	0.8088129700093247	0.863149707122491
16	24222800	24223850	0.6215095668925134	0.5547083116529906	0.6191842702807633	0.6430035467374893	0.6721271277751242	0.7418860851724942
16	31201000	31201650	5.6269202672747465	5.120687625711927	5.315708292332979	5.659641846739329	4.906853852615907	4.51355913150769
16	32099500	32100250	1.7704858471353848	1.9233400580485662	1.4349651192426682	1.5505580441554387	1.2056375563939412	1.0744576133092245
16	32107000	32108350	0.9257143157016563	0.7067553448009442	0.8515087292583637	0.7289165222068495	0.8446707266990774	0.739717557836163
16	32130050	32130750	2.275580871488367	1.8137917751925332	2.3735821313517436	1.886356365765844	2.0936267531769617	1.6708400280135018
16	32190000	32190450	1.4808930408954621	1.0140184497833251	1.2103053139977984	0.89116610997253	1.0265827194187376	1.1397511875629425
16	32207300	32207900	0.3195877657830715	0.2286920400708914	0.16054623105873664	0.1859369290371736	0.16497977033257485	0.1592431400467952
16	32608350	32609450	3.185986357635889	3.0296163779759335	2.901676294967214	2.8806484217117596	2.302311494045285	2.1560438263602553
16	32650700	32651650	1.3039373882507024	1.2908599941432477	1.3504443028255513	1.4733606951487692	1.2957395607821252	1.2549881642978442
16	32750300	32751350	2.0661681772667113	1.3131981792720684	1.5274636299379412	1.209889761507511	0.7206716948818592	0.3974023005686365
16	33052950	33053350	1.3921454814076424	0.7630613569915294	1.453385979682207	1.1029923217743636	0.8171360152959823	0.5688484950363636
16	33379700	33381050	1.296229809791811	1.0250411410517466	0.93239486095441	0.9437078611457389	0.8703257950510593	1.069475947380332
16	33685150	33686500	0.15136436493028996	0.2137030533365594	0.11675592002643116	0.13538046250565286	0.07466822442172732	0.11740064900782374
16	33769550	33770650	1.362074744387141	1.0892285993063997	1.3548471637808006	1.197762139279339	1.7193102281584014	1.7112921374223449
16	35741900	35743000	0.5776745644622534	0.4359512786361829	0.2735554426646303	0.29183883401334026	0.11975478214376112	0.08377255589333585
16	36041000	36041700	3.212102244411196	2.730978062642472	2.4596054739824362	2.3873336716634888	2.0341369202626605	2.0085140422412326
16	36683850	36685000	0.3912932534159587	0.2676040542587123	0.3558904186572255	0.22716602410252384	0.317525130622305	0.28548460268132064
16	36874600	36875800	6.594669759299165	6.300423472722372	5.9548204998910474	5.8942894400439165	5.0503914081816585	5.852865631878376
16	36985050	36986050	1.1701783574627294	0.47357924583256206	1.4969481313305517	1.050319909363985	2.389675843793453	1.5818363287225365
16	38088350	38089450	11.220648904839567	11.097756396822216	9.086545925643788	9.882265207747821	9.946191951552814	10.58282219260931
16	38379050	38379850	0.08038836674182676	0.06506177270319313	0.07495233345017502	0.08595875767990947	0.09240900171222165	0.08357039134250954
16	38403250	38404200	1.7710702822867193	1.6915770518466047	1.7353535802270237	1.560711718405548	1.2748545665176292	1.1667649883345554
16	38522250	38523050	4.25295493349433	3.8856163254380225	3.642660576850176	3.532425059452653	3.3221115421503784	3.3032749503850938
16	42875100	42876350	9.597787971348916	8.879896676931073	7.9038127179545725	7.617184895648378	8.45998808441162	9.592083660793305
16	43663650	43665000	4.399178881719263	4.05977330625983	4.144171237740466	3.7086787864950503	3.4991128902809288	2.9875657298333116
16	43690100	43690850	2.5054933534463246	1.6239977000455061	2.8241691289246083	2.231459804495176	1.5743456591765086	1.1865515597263971
16	43697650	43698350	0.30493555115801946	0.2903963398773755	0.4061521466927869	0.3654500042137347	0.28006202041570627	0.16661125195345708
16	43698750	43699800	1.9036558032731674	2.2129792492657034	1.9172645578223255	1.8717527683150201	1.7803183846388544	1.6472011968777294
16	43889750	43890650	4.327990091581725	3.8995595472968287	3.553401604605218	3.3691299636446748	2.6904783683849707	3.521709032196885
16	44138950	44139900	6.136948010419545	5.566518347137853	5.069661335066745	4.933108923246986	4.4785276803217435	4.882348138972333
16	44745350	44746750	1.8739061206322705	1.397730081290144	1.6349411401158587	1.368696653770678	0.9301921409694794	0.9972043031768955
16	46009800	46010250	1.3966260306371583	1.1928667555914985	1.4517935167087448	0.8598258196976449	1.377866882748074	1.547540045314365
16	46010250	46011350	6.114378065014165	4.062350097835239	5.701034377818339	4.0749184432436945	4.533069234225839	5.29814000097188
16	46021500	46022850	2.2079352503495118	1.9471457120979743	2.0080895537429955	2.064026669166045	2.802151366256681	3.263087496293916
16	49698550	49699700	3.4461229732687	3.3427813409053595	2.97791033236008	3.2079903703452732	2.4814816703271987	2.7099641189950963
16	49853750	49855300	2.040168385738885	1.7865718471793057	1.8542585526644004	1.3368697802971536	1.3907098120575387	1.4140005773843423
16	49855750	49857300	1.8871698909445933	1.5944031556017317	1.8746190498324262	1.3335755026357567	1.4221875633370038	1.38736769468017
16	49935450	49936400	3.7007795300491546	3.6968740449306603	3.158323341690396	2.9563682522585517	2.6217594843161733	2.5709182290340724
16	49969700	49971050	2.1663360117156873	2.245965312014344	2.081625077029425	1.9041334299500676	1.7326760704688775	1.880067051494563
16	50732300	50733250	2.6605164558577696	2.0188872448864736	2.3378939084159702	2.062030051617246	2.1026381020483216	2.436276213252231
16	51690600	51691300	3.845226146536214	3.660759704677122	3.1928434717868055	3.0723438450694083	0.34744094713457996	0.1927678676508367
16	52031150	52031900	6.649194144407908	5.945661618550618	5.090324251333873	4.640080139001211	5.293307668765386	5.204520758152008
16	52060450	52061700	1.7572736845939392	1.8388541894728136	1.5017204212311774	1.3147641146573155	0.9989380988625919	1.02422753393054
16	52064600	52065950	0.4630452027429104	0.4572600741369322	0.4239825710002667	0.35321004561041963	0.3941312040898275	0.3549601269166493
16	55636050	55637400	0.9608482007944418	0.7428741883486425	0.7398578812144564	0.6632366387217247	0.6250689273618145	0.7710239949532681
16	55754300	55755150	3.1940102403304156	3.2180045442546117	2.897401421946638	3.1081779282233293	3.2570087715808085	3.532348070880946
16	55757550	55758950	0.13480970474981493	0.18988556185076313	0.1791901532790628	0.11680524084283572	0.23262590662271032	0.23207201997307053
16	55787000	55788000	0.3127424582437918	0.27061959275891706	0.23328136260172933	0.25860209323805616	0.28387077055871485	0.34554258309304714
16	55934500	55935700	2.245467749922141	2.0995269558359984	1.6952160367880018	1.6735520093728895	1.1567992553465507	1.7841887286763984
16	56037550	56038100	4.325874394422228	3.965784998590296	3.1891073233837433	3.0012717091766272	2.3837822383100336	2.3931987972151147
16	57121000	57122100	3.2581932660771256	2.9753219222183453	2.6874431521731736	2.3130002392225033	2.561582115295737	2.987092619159005
16	57470300	57471650	0.8405862582854698	0.9174995955600533	0.876019775762068	0.7932020624612451	0.5798593156685756	0.7707852818899684
16	58464550	58465450	0.12462583858296912	0.06691314674990467	0.10993010223850266	0.03874984052446154	0.1182074169482803	0.08191447700455523
16	58480000	58480500	0.2892949959225953	0.0643696685116738	0.3636928023472428	0.1256167544722557	0.8453974092900753	0.344747323974967
16	58498200	58498650	0.8355244813693894	0.9102194284068214	0.8770882666110993	0.7825365014539825	1.0857981361283195	1.311146613293224
16	58693850	58694750	0.20250880966687368	0.1597896462948309	0.19308873586398498	0.15431214736730925	0.09157088708464296	0.07750833236301939
16	59468950	59470350	0.26794043470292594	0.2893639317525697	0.299831864729455	0.29262470262330975	0.3456159899415088	0.2827300941670563
16	64757800	64759550	1.3092044316392892	0.9510033535583777	1.3060348810292608	1.0889256690301936	1.2888226694539813	1.439986614892649
16	64851250	64852300	6.784038226571501	6.588121916013563	5.818647139647406	6.317538806256794	5.839239755244482	6.0335146550337475
16	78375050	78376350	1.554553538161531	1.336392062355212	1.1372419934710556	1.0535965539358711	1.1218747000025406	1.4330068643391132
16	78537300	78538550	0.5968879358630169	0.4820368161355295	0.5421527160029258	0.43967878372931746	0.5487626691117006	0.5558343493733968
16	78546100	78547050	0.5629960468744761	0.5918771305964573	0.6644205249414632	0.559043924604958	0.4254421172820424	0.48982035598472545
16	78576900	78577800	1.66348181106978	1.5994742520319092	1.4435769044690663	1.2408750163184272	1.769316285798947	2.3392665950291684
16	84583350	84584400	4.988558690060851	5.403935544018142	4.024519448229062	4.4853260965574355	4.640331877753848	6.406790703137716
16	90143000	90144450	3.1141226479102824	3.2877128548669874	2.3732191432066037	2.647718494170138	1.6794607407374509	2.3556594646732236
16	90284050	90285200	2.1508410263462787	1.9211897540259661	1.5891491302500935	1.8453316847168337	1.5417291852228912	1.7981025747922452
16	91366050	91367450	1.4069806405640968	1.1962186832075166	1.3529979196954303	1.2136643206963074	1.0064184472840636	0.7656800514020579
16	91464550	91466200	2.549233063430264	2.3464979961354246	1.8590193023756219	2.078042444906944	1.8992318895071372	1.880688993549414
16	91532900	91534000	3.819418973912702	2.557134448791119	2.319738044450114	1.7501420907368324	1.785375791404832	1.6227053279388908
16	91597250	91598500	3.3163398662898826	3.0913794535622365	3.0926344256935243	2.8954246755888966	2.014516284162186	1.922866115859151
16	91646750	91648100	4.726701646688591	4.046487706958037	4.043659825729497	3.85536502130639	3.153661680865651	3.7244122444258796
16	91727850	91729700	3.1057405103749636	3.131167572586655	2.456962750594273	2.8886994232600056	2.1883744733307684	2.241615819427519
16	91780900	91781900	1.0114280017852681	0.774953605145259	1.177162249341086	0.7870396344065667	0.3671993018463254	0.2309776767361909
16	91825650	91826700	0.9336614124665267	0.732202196175016	0.9824207109899565	1.0484486452312696	0.7650278315657661	0.6816313047778039
16	92057900	92058900	2.5116247076219125	2.250745313090663	1.6977588797538512	1.840792376846075	2.2592290076613426	2.169746772021055
16	92620700	92621500	1.2542209156230093	1.3393674540147185	1.3879070674162357	1.085099922399968	1.0045676937885581	1.1098935445025564
16	92818150	92819300	2.414109546958315	3.4012470027072905	2.2720558082238154	3.169142725758883	1.9106180450434576	2.1790788190261177
16	92821550	92822550	2.492554279896521	3.3495420034470094	2.294252367558018	2.7499839095920326	2.021629624634981	2.13523297098279
16	92823350	92824100	0.6824817601839701	0.8657496797442437	0.8521979680657387	0.9875330137014389	1.4594728439648945	1.5407106163104376
16	92825600	92826450	5.493356205154868	5.786724873991574	6.163095157567192	6.062228631692774	6.663315495322732	7.373248082048753
16	92867000	92867900	0.3302974698153582	0.5310105479577317	0.7417287915903661	0.8371391814615992	0.969819187571605	1.126067741351823
16	93238600	93239300	0.014743399806320667	0.013120600022375584	0.01288320031017065	0.01619189977645874	0.02127881934956729	0.035785187304662985
16	93552450	93553500	0.6944496008437899	0.5286877195073204	0.6928053860806177	0.6144462589840156	1.3091945621797016	1.1177004868927456
16	93711250	93712050	8.975929416641593	8.529570391476154	8.163294989019633	8.353542948439717	7.140748795196414	6.926861072853208
16	93777000	93777750	1.440430517156919	1.2442527282436688	1.3103074041406313	1.1060576928456625	0.5745762451787789	0.6184334979752699
16	94240600	94241850	1.3102058275497355	1.0051567049969274	1.2827425158837147	1.1639067875505487	1.3943420392948256	1.211210423593223
16	94525550	94527250	6.189538160021889	5.588984950642884	5.231742011071156	5.131498236401597	5.049979968648468	5.603620670184228
16	95168200	95168900	0.427811274712107	0.3214921596393521	0.3999129615564431	0.33637506774493625	0.31641899675130847	0.2410904582270554
16	96127500	96128500	3.783169382649083	4.122239403263215	2.2318783138007454	2.768863870220035	2.7633531347215174	3.499179466828704
16	96273000	96273450	0.8204866139094035	0.598212057252725	0.8729943196309937	0.8475201633241441	0.8840890360540814	1.0950510253508885
16	97961000	97962300	0.9470492804375831	1.2353788166661417	0.8611514997763314	0.840045374538651	0.7443347652007013	0.8617608759781489
17	3114550	3115250	10.820159378732955	9.800844531059266	9.486969061579023	8.410188578196934	8.473112851551601	9.51431031022753
17	3556900	3558300	2.95340109414935	3.084750091709317	2.4596005620330477	2.749641144654537	2.3226215228112803	2.737296343097487
17	5802100	5803950	2.275643483887783	1.8380796563199218	2.1697497440860287	1.6357910046276747	0.8315084545335634	0.5994638007336034
17	5975200	5975850	2.2770842626461616	2.776884494286317	1.4771283918160658	2.013275988652156	1.2345941036481123	1.7669652166274878
17	6007850	6009000	0.9473268168102976	0.7740054043613342	1.2559832623228955	1.0050324048640884	1.3788836369429098	1.697358923735826
17	6861350	6862900	0.3207359024972627	0.24292330127198736	0.4068411125784453	0.3458579308235019	0.3241196773967155	0.33747992443678004
17	7874350	7875650	4.148362406690422	4.310769869234071	3.4076454538387932	3.4851484843567535	2.7757425990902997	2.710075627542459
17	7897150	7898100	0.6518599062530618	0.5734670243843606	0.5141483187479409	0.4938867993260685	0.7397506685790263	0.45851270650562487
17	7928100	7928600	6.388050006628037	5.0942828838825225	4.353593802213669	3.6953477899432183	3.3647489344477655	3.2457229450941085
17	8371800	8373300	0.8705899257643385	0.8631468128388927	0.709273419769994	0.7309632668378464	0.6090437858852685	0.7236455678266754
17	12162100	12163550	0.6482014200406958	0.43770697843300255	0.6074747097643289	0.49095089619064985	0.38260560686641487	0.43834491807041376
17	12164350	12166000	0.32688689684614475	0.2232574048853306	0.424677189377629	0.3378287328330048	0.17281546343870524	0.1839727477072997
17	12363500	12364750	1.3473741348265589	1.0883588944669378	1.5735911861542733	1.5298128736111671	1.8417981275881745	2.3923688518464563
17	12782700	12784150	0.9850820545941522	0.8413962855779289	1.0612214962041315	0.9388250639271705	0.37488734902932075	0.29208915555245407
17	12960050	12961050	4.277365750805024	4.015005991554064	3.680765750961155	3.5818587411493064	3.0765236867144705	3.5139863812029364
17	13683000	13684450	0.4455906810260791	0.22213870827637947	0.5132728069324515	0.3200278195239847	0.4034524255083906	0.6177056296768434
17	17373700	17374750	2.661066197660478	2.2023918716149393	2.289033424271966	2.076772802841096	2.244781257964316	2.5827650871908383
17	17624600	17626050	5.974474696900874	5.902718411584585	5.43382997816211	4.954797663115658	6.5153121711274435	5.77560492753409
17	20944950	20945900	8.58016229936951	8.295479575834776	6.916665049697223	7.602319215034184	6.197250557322251	6.49764890476277
17	21008100	21010300	0.512893708620343	0.4234771562732471	0.4262974020546614	0.44813177222304307	0.38661731149979245	0.47828817952188707
17	21422550	21423600	1.4925145220416016	1.132973578567484	1.4918605670841059	1.3282444903964088	1.7553656267410234	1.4960114489424796
17	23598350	23599950	1.114643559846044	1.0929758396768763	0.958067791481766	1.1303491430138597	0.9534506018898066	1.0545936087836598
17	23740450	23740900	1.9290261271264817	1.4547244532903036	1.8079709266291724	1.4998021161556243	1.174299366540379	1.0052209103769727
17	23802600	23803700	7.67060859120836	6.848869462446733	6.571513725543651	6.096667043512518	5.516878235352868	6.036391182866963
17	23980000	23980700	2.2128583266266753	1.2930165448784827	1.9694733974390797	1.090154408471925	0.6064920026995242	0.3194712580279004
17	24169150	24169750	5.733019967079162	5.494579260746638	4.916680345535278	4.658814579248428	4.840621193647385	5.182994714577993
17	24251100	24251800	5.7745478301388875	5.157333016352994	4.9810511379582545	5.091450333212103	4.3649392236130575	4.290876244391714
17	24454800	24455850	3.2125892241283127	2.912392206792641	2.9406921520614038	2.9198007434890383	2.5670158799347425	2.563588505018325
17	24469750	24470450	5.3471160863127025	5.132403685280255	4.667602126231151	4.756486532368831	4.013996416032314	3.7867441336597714
17	24478750	24479350	5.424047952095668	4.737476973136266	4.483869199454785	4.335408483147621	4.017308747669061	3.805394447644552
17	24527050	24528500	3.8438792219775846	3.4487490946458896	3.2013986886174166	3.730844049039734	3.120954727623574	3.1141964366868886
17	24849950	24850950	4.061823158802524	3.4992255983045024	3.130186502764302	3.4120705681294203	2.666715691506863	2.641502153933048
17	25015050	25016400	4.473380583600189	3.7207967971815434	3.5591420251807575	3.4176875206115667	3.2051844289775513	3.3198215403600977
17	25224200	25225100	2.8148262070947223	2.896066316730446	2.8948692264821796	2.5850009643038114	2.5103344385491475	2.117415053745111
17	25247650	25248850	0.9878325411581225	0.8594775688997704	1.0912421423837704	0.9499313591770008	1.0380673098447275	0.8903793769888579
17	25257850	25258900	1.464212449550584	1.159531816740373	1.5890842266278948	1.203443636354946	1.1692323799005577	1.1322659833624507
17	25273400	25274300	7.106236527231005	6.2853358750873145	5.592654305299123	4.872484269936879	4.987184298833212	5.2902905744976465
17	25578800	25579600	1.8518260608054697	1.7694604823365807	1.6331872109230607	1.745972432270646	1.6797826441004873	1.6284816060587763
17	25583600	25584150	1.0141584032570774	0.643127991228054	1.1212129747715185	0.8550239557076079	1.4345530692928217	1.2754533640126444
17	25791850	25792400	1.4934798286177895	1.4866355873779817	1.453318555273793	1.1117358547178182	1.0407783048803156	1.218499501401728
17	25919350	25920550	11.02446079848915	9.66490749564222	9.666180008867736	9.828218965963883	9.619559319253062	10.45119810928901
17	26137500	26139250	2.6258460038883897	2.3881925396897277	2.417898240257384	2.4297743809171886	2.538712574550084	2.9199356472206994
17	26571750	26572800	2.146050202037149	2.080910421919347	1.4499540506529918	1.7964680657500312	0.7935366051750524	0.7850917255381743
17	26715950	26716700	5.955645861625672	5.778346328496933	5.357229676008225	5.41908383377393	5.394819039026896	4.7931105046272275
17	26939000	26939900	8.915301973687278	8.42129651149114	7.6003013748261665	7.505270360228089	6.1649442093902165	6.210196155309677
17	26973000	26973800	4.193778657317162	3.7806031846627595	3.731683335462585	3.4417298032715915	3.4092034609243274	2.9648825962096454
17	27322700	27324100	0.8029415648928435	0.7021834033668677	0.5416432847085599	0.5516406737361116	0.2983732909281166	0.2947033383322185
17	27342150	27342950	0.5253625996783375	0.49387586537748573	0.7944102898053825	0.5623649670928716	0.7900457474403083	0.7835367825813592
17	27405100	27406100	1.3243428351540032	0.6300727041921308	0.9751382760112614	0.8471624082556628	1.4869371461085976	1.282884723411873
17	27555200	27556400	1.3109594926526469	1.3276036190730272	1.2219042168381393	0.9175897078803092	0.8818155604951522	0.9547604563087225
17	27623550	27624050	2.002773009598255	1.7291901924610138	1.6535587249100208	1.5153673234283924	1.289682025551796	1.2087865429967641
17	27825800	27827250	1.9729743437294966	1.780474143956474	1.8561992190597585	1.7537513989216353	1.576835859465067	1.7084049637994143
17	28014800	28015650	1.3783868192223943	1.0222029318879633	1.5393304419517517	1.0148701596961303	1.582888684202643	1.6934855604171752
17	28207100	28208450	2.1295389976182433	1.7836016201716598	1.8948578077803944	1.6054009502530766	1.5101222086056647	1.5477471046425677
17	28211300	28212450	3.577110476714531	3.352553883428159	3.14672904561646	3.040205601226043	1.5242470838346749	1.484904796908731
17	28313450	28314400	1.1157338882080818	1.1503312986540166	1.0726280656966725	1.1945368307800952	1.1448541966355161	1.2980592493516834
17	28485850	28486850	2.3526450281450826	2.146660989392188	1.8459987754206504	1.771086188942194	1.6619568973481655	1.5777746757864952
17	28487100	28487850	0.09484921925763289	0.09382103515416383	0.07507554450876092	0.06541524257262547	0.16343679683407147	0.13341743404871897
17	28487950	28488650	0.4232408578321338	0.39682315804995594	0.4123544366551297	0.30995917518224037	0.2473922960353749	0.18361921249755792
17	28518050	28518800	1.4468582600752513	1.19287258597215	1.4362018309434255	1.2146732771794002	1.458088572303454	1.0251158969402314
17	28522250	28523100	2.473612986500649	2.416351777139832	2.1845360448605873	1.8838991206709077	1.2928258347423638	1.4627057186996235
17	28952150	28952900	2.798474196434021	2.821138845324516	2.4413492665688197	2.222867278556029	1.7838660868406295	1.3699065033098061
17	29003650	29004800	0.34772990233728635	0.3064664494272369	0.23188920149350203	0.18874421069529568	0.1980444997856318	0.18879684509304553
17	29031850	29032900	4.230153466853129	3.7611525000881305	3.2485158716954765	3.8182506161644345	3.3033560814460117	3.6111070760374977
17	29064900	29066500	1.1831096159835015	1.209091674329773	1.2751666583553436	1.0983879769866545	1.1061951052461407	1.1871813258446857
17	29094900	29095600	3.654362226341452	3.414692547406469	3.945148774640901	3.6589992894870895	3.30759971005576	3.264837230699403
17	29393350	29394850	4.77185664105159	5.221878806493615	4.368423739525579	4.294679135255139	3.0990784547469192	2.875325016701868
17	29489700	29491350	7.134627314443579	6.85140409959959	5.794839362016754	5.918850184318885	4.9852021476759205	4.824361281418481
17	29659950	29660950	1.56456945512207	1.6016588823333864	1.4424671664100168	1.930679993967435	1.0880873921830208	1.0875132681632584
17	29768800	29769500	2.880544401832989	2.4277234252648694	3.1746780831473216	2.812139454654285	2.19031794447984	2.081304693818092
17	31326150	31326950	3.17163709923625	2.3406330248713494	3.4233239990845323	2.267270654346794	3.737330171093345	3.1055896139889954
17	31658700	31659300	4.837014380519589	4.5495682738969725	4.82611109705021	4.505503983944655	4.093514038845897	3.5852983757605155
17	31830200	31831350	0.8797855124201087	0.6625731375374599	0.7756621633605904	0.7527236173840851	0.9341588884119487	0.681802901411834
17	31839950	31841150	2.1471872743336515	1.6331225565364285	1.5914948721854918	1.398042361821628	1.8356261252581105	1.6882146007442118
17	31872400	31874000	0.26629812312429335	0.27761447719989285	0.24889856498980278	0.32097276129323066	0.2424764797625027	0.32711853841747335
17	32320400	32322050	2.7737040125566264	2.4367902657573177	2.26811927022589	2.15010946129264	2.271653562033503	2.380938427239585
17	32349950	32351100	1.8275002670568457	1.6881276976221171	1.669464655018243	1.6808467357871717	1.4250308566949526	1.181852805579055
17	32402700	32403600	1.5776747715142039	1.5479830541875628	1.599291846288575	1.4307522606352965	1.3701763837536176	1.3452927060921986
17	32891000	32892000	0.5576415817851869	0.7738695749557712	0.4782184903003469	0.7084117687940598	0.6142724745795131	0.6583982894793153
17	32965800	32966750	1.732240823946501	1.48508622280273	1.6598715836672406	1.1798951015190073	1.5290422082731598	1.8759680681950168
17	33554100	33554700	0.29612119413601856	0.2972909298352897	0.4245015472049514	0.34510320882002515	0.43305654215315975	0.4176280148948232
17	33555000	33556150	0.6630861263556033	0.5369888580397169	0.886879278118781	0.6615830833607912	0.636573638440398	0.5037622412229966
17	33563400	33564250	1.851961761625374	1.3618567050905788	2.376541145365028	1.767260135517401	0.8987912914156914	0.47948645619785085
17	33564450	33565400	0.7610386763434661	0.5891289174713586	0.9796927364994037	0.7078756932051559	0.4159558682065261	0.24694173079509332
17	33629000	33629550	3.8564447644081983	3.7107437509298324	3.3584397554939445	3.2126496199315246	2.7976132117076355	3.187401655370539
17	33759800	33760950	9.488364772662875	7.995203035416141	7.974962233293274	7.274214972092699	6.82318785879618	7.976676657070285
17	33908700	33910200	4.11249525808519	3.886710281987344	3.5542297901030504	3.5008046337474474	2.6619426778157553	2.6255595301648222
17	33915100	33916200	1.6720127142629315	1.3656402290251946	0.9551246686834743	1.0462912396162996	0.7802230554992777	1.005320573454239
17	33920050	33921200	1.3240623675957637	1.244068635041717	0.9901845601364072	0.9807411273257691	0.6563234806304697	0.7329122700121091
17	33951250	33951850	2.553384846250216	2.4048311624924343	2.129013391931852	1.7922542814413707	1.8806239641706148	1.5766352984309195
17	34122300	34122650	7.344783069746835	7.101205856459481	5.616928072316306	4.857569886616298	4.882711985111237	4.955846737452916
17	34210300	34211100	1.3807193676754832	1.2187726446497253	1.4027067387383432	1.5222340862823012	1.2028496705926954	1.146399897094816
17	34603350	34604750	12.588315219307827	11.430082841798457	10.231100665457237	10.372487932304283	9.938291671857113	9.82376400931729
17	34629700	34630850	0.9322074466132851	0.9956745785717209	0.9055286616797534	0.9196769633060702	0.8809890791217384	0.9970189863378587
17	34680700	34681900	0.25053497867753954	0.20414735667127865	0.22799940825496823	0.23919912555906322	0.16818241907070489	0.2689350894263466
17	34952150	34953700	0.6089335723176335	0.6269322617418684	0.5189241406485888	0.3594372999330186	0.35343862739617393	0.2871525437869439
17	35000450	35001100	4.003559096776522	3.4902007286365215	2.6645630543048564	2.284627185051258	1.8522681469183702	1.775626675899212
17	35120450	35121850	2.4304344155711513	2.1667353140923287	1.8561527276669536	1.9065227080772789	1.6228040129397094	1.5180712733157844
17	35164950	35165800	8.045473278953748	7.842908105078865	6.5399062650519255	6.461539250647321	6.162936522066593	6.221290688672487
17	35185800	35186400	0.7172418050467968	0.719402436465025	0.7011037634809812	0.4847853854546944	0.45093639930089313	0.48320937519272167
17	35232200	35233750	0.921882840532666	0.9312287554309221	0.8899566305043423	0.7428764787004606	0.8319896818881244	0.6315246584320641
17	35246050	35246700	3.488968840745779	3.0561913491212405	3.065607005632841	2.6267994923316516	2.3263714200258256	2.2711939764939824
17	35262650	35263000	12.438501478603907	10.900555584771293	11.376859700339182	10.444099412645613	8.448950634343284	7.533394100325448
17	35704450	35705150	0.5524351780010122	0.569527549860733	0.4715066761044519	0.4027387972388949	0.24992593441690716	0.16066700314982332
17	35741650	35743200	0.47772245241873723	0.2900734438236249	0.5599809705355164	0.33267627444784664	0.37986566229165414	0.24589882378086012
17	35763100	35764750	1.1746190719660425	0.6570737880742212	1.1526017318279977	0.7072455955049898	0.6201379843574157	0.40330239540911134
17	35766300	35767150	0.9461100197188994	0.6416128122762722	1.1044389289266923	0.8478458801613135	0.7416899564555463	0.5838338788915304
17	35836300	35837550	0.9633778586602979	0.9740840508245654	0.7262081169866746	0.7063726563424775	0.6814051215901095	0.5795847796559334
17	35837950	35838950	0.8934953479151572	0.9494945374765703	0.8100463628916751	0.9811966877579689	0.6993311992436647	0.5975163374301046
17	35841000	35842050	9.06474121234384	8.464687704270885	7.677365641440115	8.917866085398765	6.62736648664588	6.3742479984675136
17	35869850	35871100	1.5249168689112511	1.3823881575553647	1.6949328084884154	1.4462980320731116	1.2768793841193702	1.1341889595150947
17	35909650	35910600	3.059845128278983	3.2015366581239197	2.435562395594622	2.7307041557211624	2.182960636380472	2.120052023130028
17	35915750	35916950	8.63499850683315	7.518077369043904	6.72645471501094	7.78109866592017	6.5316472506523136	7.3372721527889375
17	36000750	36002850	0.7680994845617721	0.8228858133468394	0.5330009235676193	0.5293715596218418	0.466222312450409	0.4430968018042817
17	36271100	36272200	3.5679195276523266	3.6133495661100685	2.9663743992914555	2.8644502846353266	2.203508499471899	2.736223446862264
17	44556400	44557450	1.0698549040341707	1.1193366691776867	1.0298517550338064	1.4493342068334394	0.5705060416211685	0.5295952086720656
17	44566250	44567500	1.8707919100115378	2.2390122570407005	1.3446029186617943	1.2262167321407433	0.3962338209264419	0.3359706883072853
17	44569000	44570100	3.5214271218755724	3.723719631933397	3.1037400742919563	2.968080808361043	0.9804618637064563	0.8386691530861637
17	44608450	44609650	1.3975014853092933	1.4623362208950903	1.2373031360615965	1.216476333502567	1.0853891723237785	1.1215610234253108
17	44612200	44612950	1.063372768719991	1.169850185831388	0.9756190442641576	0.9271694987416267	0.7729458729624749	0.803565262834231
17	45488400	45489450	2.03403631142679	2.0733572788062733	1.273008013177553	1.7062515803750027	0.33483925301176276	0.34262339676825976
17	45506800	45508100	1.1365698243588922	0.9188948931676282	0.702745166775478	0.7415061082892563	0.582033833957871	0.9996187637834248
17	46153100	46154050	0.7326383242030677	0.6184914202988148	0.7598105062201227	0.8114297757410023	0.6033144030602354	0.623128097971019
17	46159950	46161000	2.251834233836278	2.194166689754082	2.341456804641747	2.469943179218542	2.4415000341619764	2.522879004194623
17	46870200	46871600	1.3284356403680442	0.9837603593257167	1.621290804526773	1.1987835046845894	1.9640518261404596	1.682732200464141
17	46890300	46891350	4.24245743257842	4.076262438344883	3.784983901039979	4.540285910481498	4.414678587686448	4.1827904308126085
17	47010400	47011200	1.528134975731373	1.6041900407522918	1.1606151785328984	1.1437148671038448	0.9070937379077076	0.9917774620093405
17	47501850	47502400	5.023424660184166	4.759628994356502	4.255039682821794	3.6541294028000397	3.3491344942287964	2.900252352952957
17	47507850	47508700	1.9387396574371	1.8162768691427567	1.6390916404391036	1.3555666679319214	1.1489895544946194	1.1403511459161253
17	47521350	47522100	1.3002497866153717	1.087802485704422	1.2439502717753252	1.2146298981308936	1.088918715943893	0.8660879134833813
17	47531100	47532150	2.491058139716998	2.4415451192050117	2.1939108817222115	2.187649055094946	0.9200135152751491	0.9160391482391528
17	47629000	47629850	3.530333214367137	3.6615117434193105	2.9179386301601635	2.699113607406616	2.4585754838761162	2.592816836904077
17	47681850	47683400	0.18587933807899676	0.22482082239951123	0.23497504775112069	0.26612320540576984	0.10005500565441011	0.0749075005400997
17	48332350	48333850	0.3233279249130182	0.2520495180991022	0.20295300124928117	0.2069898936204357	0.12874608021682638	0.14945068383469914
17	48409500	48410100	20.58594021320343	17.95444809436798	17.577300259272256	17.477835733890533	16.451416532993317	16.841949849923452
17	50071300	50072600	1.39242247283015	1.0629133390454975	1.2307738249418436	1.1629981383082433	1.3251422535024617	1.2772468215165038
17	50158150	50159150	1.5212986794748613	1.3338562005566015	1.6389828683176346	1.3234773135185243	1.0077578302025796	0.9225572095364332
17	50469500	50471150	2.9686868396882087	2.936296468974325	2.805479228261163	3.0617754472729315	2.8115815840461837	3.092339927162668
17	51814200	51814950	1.2314080160061518	0.9453653402427832	1.1355250811576842	0.850009813328584	0.6553813834488392	0.682159150203069
17	52162250	52163300	3.6048906948599404	3.5894380028603075	3.6270320197953603	3.3626876248348325	2.6934932675815766	2.4178630670479366
17	52168200	52168800	2.7886897258460523	1.4652431191131472	3.2956087188919385	1.9551987032343945	3.4714464177191258	2.4017565473914146
17	53567700	53568750	1.7746910416915118	1.507866711360152	1.5538713850147348	1.4574867415286246	1.47821510158834	1.5597459013689132
17	53688150	53689750	3.148586263708066	2.5785272250636933	2.828546831471977	2.564330717065302	2.0828119712279123	2.086686460888663
17	55958650	55960150	2.606892658587425	2.6050757968759024	2.1824292039461035	2.021830394369183	1.8985043449962837	2.1052803757541865
17	56008500	56009800	2.1795313192892904	1.9626371873046267	1.8121502522795134	1.4576258707157659	1.7582929367824915	2.007243213401391
17	56074400	56075400	2.5979439990443565	2.4119478624097765	2.2869534479571927	2.2898422735035417	2.391424163043499	2.3930950255393983
17	56078900	56080000	11.287769775558429	10.939590678900219	9.974529268818518	10.862483667053137	11.039944622376387	11.532866745807908
17	56256050	56256800	4.743561198870341	4.48866218551	4.259168543815613	4.052702963511149	3.791749750137329	4.365482528368632
17	56276950	56277600	1.471391176535533	1.893605611232611	1.9261572860754452	2.0676063687067767	2.335733410670207	2.4840470359875604
17	56303250	56304500	2.156677994266633	2.406666935877646	2.204962345566288	1.7804635039820815	1.6789598465863398	1.8798857432842255
17	56325650	56326100	17.819102431403266	16.251991639667086	16.124242610931397	16.710111130078634	16.35781240357293	15.215373213556077
17	56461900	56462950	3.1054161742718724	3.4077549268719602	2.138601616626511	2.5032059354157674	2.1606003821038064	2.569400511227903
17	56506950	56508200	3.017067087504269	2.5451632972127824	2.370187320051367	2.2896679907134088	1.929579893690792	2.4343871757224202
17	56584350	56585450	6.770011707652698	6.1472586524940995	5.742930293824316	5.8426612880275925	5.662687143234008	5.905045647512782
17	56609450	56610650	1.40096299212466	1.4736776369101197	1.2216843346700657	1.3174896891015837	0.9700159367772877	0.9172716518476463
17	56672800	56673300	8.659299978375435	7.789804718732833	7.788537845790386	7.935423496723175	6.84943602913618	6.8024113607406616
17	56717000	56717550	6.271332644115795	5.8434144258499146	4.536924192038449	4.628910711353475	4.344871903332797	5.2330051797086545
17	56819450	56820200	1.562603792309761	1.1185573366681734	1.5097221688429514	1.4040969917376835	1.3563467398087183	1.4331737500826518
17	56913100	56913900	0.39659745842218397	0.3097281732643023	0.4364184187632054	0.3255179240554571	0.6187638932280243	0.5048071101866662
17	56989650	56990850	1.9040277569845159	1.7815477569641607	1.6116384975115456	1.5606776311614485	1.569324808588215	1.675025794369479
17	56997100	56997950	3.871235358421417	3.8341013806883026	3.4255518055575735	3.6909529505933034	3.6524176176593586	3.6466512360292325
17	57031600	57032300	18.94253255026681	17.95599266597203	15.978812432289123	17.62220131942204	16.070858481270925	17.2157266327313
17	57059550	57060900	2.498738916185167	2.2810800360038144	2.025607688691881	1.7970212694771763	1.9279254843518625	1.894298473585535
17	57125550	57127050	0.27380760573574303	0.2067475513744261	0.32968281228211216	0.24607954369709933	0.29965450370094665	0.250470225854167
17	57247250	57248700	4.031118879604658	4.115836171796245	3.4759789641044034	3.402034961845932	3.065868895716406	3.114075104714205
17	57290200	57291950	1.5329910018488633	1.2383338099661758	1.2679276307347171	1.0572889458353818	1.0643649009828464	0.6914268620956777
17	64331600	64332550	10.251768733388499	9.744435163046184	8.556045621759013	9.28636139800674	8.78385812922528	9.157538441105892
17	64754250	64755000	0.4248799242303095	0.342202810027947	0.4488506909062465	0.5382403648187313	0.38785728586961826	0.4893757519448361
17	65613350	65614000	8.171017930324261	8.018947361065791	6.6221431222328775	6.193351360834562	5.9315040203241205	7.089220340068524
17	70852350	70853300	4.2865891473544275	5.478747878921659	3.083912602866951	3.631025136050425	2.031650276372307	2.512601151560482
17	70986650	70987450	2.581993466466665	2.813778384178877	1.7067499300837516	1.544039446078241	0.8970545293018222	0.9154065386205912
17	71002200	71002850	7.453106085979021	6.95876333291714	6.10562647319757	5.463893324595231	5.402674160553858	5.183295003313285
17	71485300	71486850	1.7400357242032467	1.4968260864908811	1.616369719604548	1.2294184381218365	1.0028711792549554	1.0213266232956286
17	72836000	72837500	6.98245360015541	6.415950803202968	6.1725044721377795	6.3272378595525565	5.785133208031748	6.25923401375704
17	72917950	72919600	4.07947209228635	3.5876763447661792	3.043702577533144	3.25867718012646	3.1720044591295102	3.8447957860423783
17	72947900	72949550	1.4799073072192959	1.3388954607505834	1.3272881011972213	1.1114398159197907	0.967532309388111	0.9527796318801546
17	73034400	73035150	0.6263192259867986	0.5998214652339617	0.5506622875332833	0.5189826378027598	0.42079067635536194	0.45009297000368437
17	73107300	73108950	1.467359651265373	1.4730788196512146	1.034455172364659	1.0686748813871287	0.8863452157447256	1.1318264962653974
17	73301450	73302250	0.7167688265070319	0.6331674081273377	0.4578527934430167	0.5166632123664021	0.4581699933949858	0.6224665022268892
17	73814450	73815500	1.2571411220269268	1.0820164954351021	1.080383611247595	0.8662050420755432	0.706787956569876	0.7841502348652908
17	73869150	73870050	0.9983248759702675	0.951141600203183	0.9681775434347286	0.9240192708981358	1.2868013986758888	1.2622802930945245
17	73951800	73952900	1.7711376171727333	1.1938364632598115	1.9197319683511238	1.4390778013891425	1.7388412640821487	1.6257212495126507
17	74315800	74317000	1.660362566577124	1.566218907243462	1.4120105744829683	1.4180129994762483	1.1712690203287603	1.4476403050621351
17	74527250	74528700	6.857203748931318	6.494914032466155	5.998871715685402	6.131025694593378	5.91216829148074	6.909210033432325
17	78350900	78353000	1.0233232874950873	0.911124509937386	1.0352907059782295	0.8323923452798422	0.9759180040786916	1.2315673245992902
17	80062050	80063000	2.0502326758441174	2.2135696272787295	1.56628517552426	1.8585232726053187	1.5500034207733053	1.9678102853423671
17	80174500	80176100	1.231157778155419	1.1168492671318593	1.0731913038992114	1.1988926727844005	1.2049116163854214	1.0975065797298469
17	80772150	80773050	0.41637518485906794	0.506652383797	0.10516427947646555	0.19881855904229434	0.08914841168363948	0.1366598903923792
17	83158200	83159050	1.416580740213394	1.7357625392605276	0.8864701991922715	0.8722099600995288	0.7253365498079973	0.8657300625127905
17	83276950	83278450	2.056859853929089	2.087185731334071	1.6746416378226332	1.6708030363526007	1.4580979629217408	1.5418777330383775
17	83514050	83514650	4.11633284976085	3.359333422034979	3.052288131515185	2.8065688591698805	2.5322758996486665	2.990411289036274
17	83654750	83655300	3.7137012872370807	2.83970361254432	3.9665265514904804	3.7886102094433523	3.3486097183010797	2.8571157757260583
17	83707400	83708450	1.4041257383636616	1.202380247467674	1.343621643347674	1.1143574070078985	1.3251378954876036	1.0859356759701457
17	83772550	83773100	4.48949952266433	3.848796816522425	3.864444903379137	3.6098221067135983	3.230110619799657	2.8518408034606413
17	84003900	84005550	1.922478639401299	1.6230258203881647	1.899061751831354	1.3252909694755701	0.8212612621244475	0.7385632573693043
17	84116400	84117400	6.081131581952494	4.883495254055147	6.478464856916857	5.704744991764426	4.336458996333182	3.0388786081597208
17	84119250	84120600	3.810312184136686	3.5997558141409853	3.7810430549977077	3.4672148309074458	2.976987606829807	2.878952231892833
17	84180650	84182000	5.119261539509362	4.051853251850306	4.920468878660578	3.8809692785260923	4.827444932642585	4.803304656479094
17	84226050	84227050	2.1733631365376134	2.1501020749615085	2.283725716206335	2.6379195972532035	2.9360231618732215	2.859499241113663
17	84332650	84333200	4.770883542841131	4.7410451057824226	4.695973390015689	3.8364205733212557	3.7870585748282344	3.1566126935048535
17	84419050	84420400	2.3515323897124705	2.452762705054904	1.9369184521364056	1.7751138607106764	1.964009570755038	2.1275241865010726
17	84434550	84436500	0.5027780997920767	0.36507647360524825	0.5343838074658842	0.44730373627411374	0.25584498689523233	0.20461843257224163
17	84790050	84791500	3.2932887074976747	3.0309001757968654	2.657567722586011	2.5744357110144147	2.803164525897701	3.3967164362048576
17	84855350	84855750	0.43990623850375415	0.9473731426894665	0.42337420597672465	0.6327387419342995	0.5112327246367931	0.9761427846550942
17	84956950	84958100	15.726829588463396	14.772023508572143	11.141871619525498	10.694556572352473	12.483359493440984	14.533460420318272
17	86322950	86324450	1.069870334532953	0.7169257196069039	1.1465527361336574	0.7911042759111913	0.7026291537519436	0.6845810123247594
17	86507350	86508350	0.5056002495542872	0.9016336367514826	0.5258681570483792	0.7200374831557274	0.7627180657535791	1.1042144706845283
17	86752900	86753550	2.9192839282292584	2.7319311357002993	3.4162083702362502	3.0211345790899715	3.3819897614075587	3.7355433887701768
17	86903500	86904850	0.3601566428181091	0.3393499397845182	0.5807104186359058	0.5934621183753739	0.41370410832840543	0.6595134922254968
17	86956750	86958600	0.76494621315184	0.5259552994664066	0.832963717609462	0.7243667237159173	0.6052433790821541	0.5522059166223203
17	86962200	86963000	1.2849055589362979	1.1690782765485346	1.1940311882272363	1.0011653324775398	1.605379655212164	1.7255907353758813
17	87025250	87025900	7.303675067057976	7.1826193189620975	6.473411888617735	6.413936139528568	5.964600548744202	5.896574219006759
17	87118900	87119800	1.4736685077100993	1.9804234411505361	0.9072791586634241	1.1051753093530465	0.4062259670470271	0.35076938963184756
17	87281800	87283150	2.0852102633445493	2.080514776133319	1.887149371804587	1.6172635249770644	1.5656678910400872	2.1345442207599126
17	87344150	87345100	2.004217809313222	1.6241231839750943	2.4529072235289373	1.9566290000551625	3.1244735784279674	2.9746195482893993
17	87446650	87447550	5.623689392937554	5.33945742170016	4.6222919672727585	4.127297225329611	4.495906319618225	4.8497874160607655
17	87974300	87975350	2.8623907573541736	2.962358203073434	2.5219198640041087	2.7550594071405277	2.5185944507377487	2.846400266431627
17	88110600	88114100	1.0132352465128565	1.065483366418695	0.9344818967585903	1.0561189415925119	0.8343220202504933	0.8826947114254219
17	88439750	88441000	3.463372554166855	3.2004416269979172	3.4000887481074176	3.425331052509526	2.955354509914623	3.4247799056887627
17	94749600	94751000	2.975387523273169	2.7857045041141424	2.8396253700053697	2.5657041596648473	2.8277477576151613	3.861796434250385
18	3336600	3338500	6.076365114837025	5.295480204940045	5.256661567428926	4.98865331220855	5.517384233740461	6.36613230708763
18	4294950	4296300	1.1210506394080102	1.0817400594936903	1.0471335204385372	1.091869476577382	0.9283199435304966	0.9644845428069433
18	4302850	4303800	0.7462334154614885	0.7679971102193782	0.6901109742991121	0.7483618405717677	0.55465356329554	0.48549964031694753
18	4347950	4348350	0.6014939064532518	0.6463864731043577	0.6946622055768966	0.5466790604963898	0.7619466453045607	0.6257441880553961
18	4920250	4921500	0.8635250577372888	0.5434760829802483	0.47095436814831154	0.6490660378196023	0.49710631288640633	0.5114519258201122
18	5334100	5334950	6.883762223895858	5.964470668470159	5.421447623968124	5.2852265967691645	5.086974569559097	5.460812243082944
18	5989700	5990250	1.6756545256484638	1.8200892723148518	1.6670626078952442	1.7466056252067739	1.188902466811917	1.1024528203227304
18	6135450	6136700	4.744775811386108	4.196147051805066	4.086610019979169	4.049881963286653	3.676164363457175	3.2519288489580154
18	7626650	7627200	5.30829395164143	5.250935812213204	4.146563526283611	4.021685452894731	2.4211670870672575	2.1788430711897937
18	9957250	9958150	3.5184142605505055	3.0358008649552035	3.3017924311508735	3.1015582228369185	3.7326982027809654	3.563175892600482
18	10180950	10182850	3.190639076767227	2.9036431668017375	2.722422988655322	2.625960553090546	2.5796633701938454	2.566524431762817
18	11931350	11932100	6.579015741507212	5.3045541539986925	5.373549046595891	4.375569611847401	1.4676243805189928	0.7153683699071407
18	12127800	12129450	2.235384073243286	1.942857647976917	2.01458376412158	1.9453608981494246	1.6153900039072047	1.472505287744362
18	12584750	12585850	0.21406994717795944	0.07474154946202481	0.3201978702247639	0.12289254508494854	0.16284946990870847	0.1428604800561894
18	12639950	12641400	1.5435027897128617	1.492592213079582	1.7205566368339913	1.7302145352390954	1.5036974986378127	1.313638343502949
18	17733700	17734700	0.014743399467814012	0.015633289534183793	0.017395145116105657	0.0179730087518692	0.02352827248126919	0.021490300074219704
18	20946050	20946750	2.8301007690599986	2.501423900468009	2.7576491633057594	2.2291850303964957	2.573497502888952	1.8591565376520156
18	20961850	20963450	3.3457996714211276	3.1702890144625013	2.8696659118610044	2.2869898789139893	2.475991733074188	2.0593457005363565
18	21001250	21002000	11.338007655938467	10.27731409160296	9.311495151877404	8.815755336205164	7.952515304327011	8.021240818818411
18	23802750	23804000	2.5087338327715476	2.2620861032793598	2.303750832243889	2.232369359325802	2.323643747621424	2.3648266503453255
18	23841400	23843100	0.3539683723721151	0.38740655885475633	0.3364210347613528	0.45167648016237744	0.32894641539629765	0.3871450620821353
18	24116400	24117200	0.5090159801812842	0.49190782495308666	0.3842736679012887	0.3331685005687177	0.41413745351135733	0.4508376577389958
18	24121050	24121950	4.152167288164298	3.518055593520403	3.441847025172578	2.905060638702578	3.083000886456834	3.0897562913099925
18	24673400	24674550	0.2419263644037875	0.24518230747206846	0.23830631197251245	0.24817943658439226	0.19226482315746415	0.263321470618248
18	25168650	25169400	4.4262831959724425	3.982679646372795	3.899950849254926	3.888387743830681	3.787558529853821	3.8255885706742605
18	31634500	31635350	8.359611490403905	7.413987039818483	7.122894342594287	7.341426775998929	7.6309124505169255	7.806009835425545
18	31788300	31789950	1.1658156194341964	1.0332941823830701	0.9836610243167612	1.012893248476773	0.954080072560057	0.8165087654155515
18	32162150	32163600	4.269544494796515	3.81254939842012	3.817750084848372	3.762774719004104	3.548685117996247	3.6882217953734715
18	32945400	32946000	0.953209748590986	0.9166269693523645	0.6752942707451681	0.46049745209515097	0.271777936629951	0.2795528916704158
18	32969900	32970900	3.718077713381859	3.538165434637377	3.0065621529856035	2.818718285009265	2.738018568456173	2.4074714807271955
18	34330700	34331550	2.9704134021787083	2.9253227351255275	2.6259749410608237	2.2400063210725785	2.3316522799344623	2.165868182830951
18	34372100	34373600	0.7998347231136855	0.7162224964839157	0.7786095238434806	0.6030184366647264	0.6298219890033497	0.542723728868418
18	34623850	34625000	2.6925690407259832	2.2247595397820814	1.8484005818462506	2.0170944252074223	1.7899100532678078	2.004522042909394
18	34751500	34752650	1.7005228008414266	2.296825487818158	1.2873951750951929	2.3622901741149187	1.544853322115417	1.9643811238830553
18	34854300	34856900	2.187644823987786	2.026609985124385	2.030969582313935	1.942369808073895	1.878104160490079	1.624984122124469
18	34860200	34862000	6.320802689692453	6.636736066264492	4.946866562964669	4.729947583747633	4.844633974390092	5.051354861444282
18	34953800	34955250	4.344003154703719	4.107277466516208	3.5457082224899983	3.1536198062468346	3.3586220341131865	3.205533993853399
18	35552700	35554150	0.6384995442388176	0.47002083961594043	0.5326341612055251	0.41737551861546757	0.35436146026208964	0.2945008549608272
18	35849550	35850350	1.204535551406443	0.969694244414568	0.8662663289159537	0.6483034016005695	0.4473376252502203	0.49003251577727497
18	36559850	36560600	15.83395745976766	14.259137051900227	13.606327299753826	13.674145951271058	12.59592123222351	13.181176701545715
18	36701200	36702900	0.2842939277474941	0.2250940387371535	0.3708105745494212	0.3712874137359458	0.38480760744473846	0.36401775115823704
18	36744250	36745550	3.641475878424443	2.9490944543369944	2.948143799350547	2.587118497239404	2.5419003524342303	2.584902838030114
18	37813400	37814400	4.135985116650982	3.3082738579627002	3.15921778586603	3.1277890853881836	4.3717863515019415	4.058980392724275
18	37925700	37926550	0.8354650778454893	0.8054504756673294	0.9854284117852941	0.880420247509199	0.9692925312764504	0.8223099963096054
18	38996000	38997650	0.5232117844839833	0.6710785699286885	0.4407496191795737	0.5005612151017083	0.42884748550659835	0.34665653380698647
18	39020300	39021000	0.4486205105696406	0.5463606247518744	0.5384809758939914	0.43410492424454006	0.4324524328325476	0.33276189805141515
18	39035000	39036150	1.3986908952517731	0.993252288475946	1.4195308577629828	1.002329228856822	1.454127510960725	1.1061711619405643
18	39048450	39049400	0.9063465336376899	0.7687429935210629	0.7580068218668825	0.6523801828371851	0.48788482226823504	0.4315704905516223
18	39137300	39138350	1.6414549378553005	1.2420561619654595	1.7835105434353689	1.396126953618867	2.305781154604185	1.88733920024974
18	39250450	39251250	0.22415586778364227	0.1769047841972297	0.2340555281320121	0.20047597805038095	0.2703059380874038	0.2072739356989041
18	39281200	39283150	0.997988219362464	0.8176068670459776	0.9065455995271774	0.7216913894173149	0.7999083170124599	0.603256011000968
18	42274600	42275600	4.47514771495327	4.193696732236493	4.106406814306507	4.65023172006011	4.185576252318919	4.211647212367505
18	44827950	44828550	1.2399442482491334	1.266772159722944	1.0047607202082873	0.9791513010362785	1.2387048135201135	1.8382449235022067
18	46525900	46526850	6.993073757416323	6.4812436956814246	5.963212396522102	6.233080702157397	5.460809182979559	4.978533667623997
18	50014350	50014800	1.8722478253973855	1.6361389884683821	1.8211116126510831	1.3173369218243494	1.173242765598827	1.3238490021891065
18	50016400	50018100	1.1972574227946533	1.037762717138729	1.2786697952118498	1.0165532504811006	0.9952601211953741	0.9876241211720062
18	50078050	50078550	0.21428056168556214	0.17458270210027696	0.10860544416308403	0.10408149790763856	0.13254126837849617	0.09808171603083611
18	53744400	53745450	7.761856057537682	7.060599497020153	6.7130437394477624	6.502096274466742	6.610421349491392	6.824640868277776
18	54860500	54861300	0.16123751218779944	0.2548512275214307	0.06126513519875607	0.118018692843616	0.06114259168294984	0.06473948512459174
18	56398950	56399850	0.28308974438367734	0.21132912192493677	0.18868089740355795	0.21663478767365696	0.09571452280606634	0.07787307281472276
18	56431350	56432650	1.6927530371758246	1.7203880970767946	1.7957577698757274	1.6058381386069984	1.8466492146927846	1.5831905054071775
18	56446700	56447550	4.79727703196161	4.3034332764148715	4.916926936244264	4.230239098878468	3.78609146139201	2.854038472280783
18	56706950	56708100	2.94262936461022	2.9622694220304626	3.003060659914164	2.7570030430021117	2.798475499214114	3.067269566681331
18	56924950	56926000	3.1878719792754238	2.9491366494525963	2.635896054105275	3.023891313856556	3.3502947296131227	3.4334538448424565
18	57249450	57250100	1.024099199129985	0.2786411724268244	1.184541034767261	0.5322651186585426	2.591995430680422	1.465472424351252
18	60499600	60500950	1.2038564739888142	0.9669532757192814	0.8698416995994787	0.7111077728335705	1.0629663843059332	1.169995804671888
18	62169050	62169400	1.6624657722881861	1.4599853238889149	1.1464209805216108	0.909152202137879	0.6774140882811376	0.6522619052869933
18	62185950	62186500	0.19386233966458927	0.2190663030269471	0.25660989235747944	0.227893629480492	0.290245394625447	0.3785027277469635
18	62192100	62192850	0.18295571966469287	0.31772843263546624	0.23382155672709148	0.23804253860314686	0.13680942485729852	0.286881121262908
18	64920700	64921600	0.9203483323090607	0.7526558853685856	0.6933166189243396	0.643735892292526	0.8795872678690486	1.1052221788797114
18	65381400	65382300	6.420422691206137	4.76471682485607	6.95050028923485	6.168556827737225	6.5983389826284515	5.894550578958459
18	65414450	65415850	2.046365610531398	1.7796688704721388	2.4857160802041327	1.91884913264931	2.1413406101194754	1.7927262537177282
18	65430100	65431250	7.78855015255793	6.6735295954593274	7.341387239111089	7.14773077460931	6.86316617016902	6.581022221497867
18	65799750	65801000	5.828730924052577	5.288290839582873	4.778296179285356	4.272171434945771	4.215066256713867	4.533766008734703
18	65818600	65819550	0.660845880641749	0.451843236783925	0.35556273380588543	0.20103518492297123	0.17351609080049551	0.10657211362410036
18	66470400	66472000	0.7847123763515175	0.639540696767824	0.853953995089377	0.6243593060270404	0.7833047742703382	0.7191906782638194
18	67248400	67249500	2.7797507223425724	2.040375805348595	2.0129798501638407	1.6825438904263512	1.4214826034352104	1.1353521836345846
18	67288550	67289750	2.738664318976864	2.9035946661938903	2.312893183308263	2.23142898960547	1.7970774744071212	2.1183168088272213
18	67308000	67309000	1.7656788905974359	1.6814300249776535	1.551051994108385	1.1547576549947263	1.192280484110117	1.3987819929122924
18	67449000	67449750	5.8358306797742845	5.908994358301163	5.087008535265922	5.578324669798215	4.185393589774767	4.18201200735569
18	67723100	67724600	3.4982264153624096	3.265004614989417	2.635464074165591	2.4055168530098117	2.6530742672751932	2.487259228155603
18	67774450	67775500	3.787945739464826	3.762415424118394	2.796673528053061	3.0645714191311884	2.31590215885923	2.8102557054587773
18	70529050	70530800	1.9166075843775876	1.6864886016845704	1.8053335528044108	1.4145715266155425	1.4597244552323798	1.4549720510565163
18	70631850	70632500	0.5366145568856826	0.48273719214476074	0.5527090364350722	0.5150269238536175	0.6123059170521222	0.5921407842177611
18	70644550	70645400	1.2297731591322842	0.9759099354112849	1.004677778929472	0.7613621070805718	1.0631021391644198	1.4432373762043083
18	73835250	73836500	1.109703372093939	0.768881131129111	1.014470235541559	0.8408947066335967	1.118151428192369	1.2859107535004615
18	74215100	74216400	2.187232371343868	2.2091597959823566	2.034585594299732	2.2074860906236653	2.1152338529397916	2.0247995922112696
18	75214800	75216000	0.37237071932279664	0.3318286490506877	0.48850625059321845	0.2914977470673168	1.3188357513208013	1.063913216535002
18	75353500	75354400	1.7275089601432716	1.4714025871869592	1.449073691719936	1.2866333188653125	1.2033942862807048	1.0577525114475026
18	75377400	75378400	2.933188219378071	2.653659725004627	1.6565722006520918	2.2685500843524933	1.4898496542274953	1.4930387257933617
18	75454500	75456050	1.6193389134600555	1.5396352408306904	1.255037154119295	1.2489062530250958	1.0512102740901246	1.2274644400960775
18	75478150	75479550	2.0761537187110446	1.8756354269954596	1.6040947948499438	1.512625209151881	1.0210245546261685	0.6395144988513612
18	76240850	76242100	3.8055431431850053	3.6604244873297342	2.9921471482799897	3.083544755389036	3.019158028069317	3.6148745844960213
18	79079600	79080400	0.6003144468925893	0.2883907929621637	0.7347772869933397	0.4081775710918009	1.0437697431631385	0.8836807976663112
18	80150800	80152250	2.565951061864053	2.568230173346463	1.9997668649039093	2.077865436478219	2.251864252883571	2.4008130536236187
18	80169350	80170250	2.055000650684039	1.8129023305575054	1.8460624994834265	1.557732723918226	2.088717285063532	2.3045710580878787
18	80611700	80612650	3.0569275711712085	2.9855583271227384	2.691083571910858	2.4596346195747976	1.5949000554649453	1.3619419474350778
18	80685800	80686700	3.0039841802252663	2.5192135975758236	2.571987750530243	2.3578284695910083	1.071394459158182	0.8962171985540125
18	81400150	81401150	1.662689565597042	1.8934121758168745	2.335776218091288	2.183137783497572	1.7895955974012614	1.9405741476938128
18	82502700	82504250	0.8329093804205219	0.7899058945150339	0.68503327671311	0.6779826408253775	0.47907802915274394	0.5676247049672409
18	82525700	82526300	4.898346741100152	4.725296575675408	4.357721033990384	4.182718380565444	4.448251144786676	4.631088115870953
18	82534250	82535550	1.489500189797754	1.472469276447154	1.0847065243295049	1.2474463231246788	1.0562766979506653	1.2777470727150257
18	82825500	82826350	1.0956081297818352	1.3604674906590406	0.5718321863868657	0.8973930565749898	0.7155147162079811	1.3397310364246369
18	84685100	84686400	3.2680406658074017	3.2950331152398182	2.7351616251908597	3.0254821946846433	2.663915952665234	2.989350568030316
18	84851000	84851600	3.857020464638869	4.009764702816804	3.024438374787569	3.4188117358088492	3.118488320410252	3.8147435706853865
18	89232800	89234200	0.2643205634099305	0.3914200472420926	0.37160652675320455	0.403137661529942	0.4708783106087846	0.4781363481054312
18	89245250	89246100	0.8009482306066681	0.7508378262554898	0.8173709515350707	0.6483807326590314	1.3121813224168384	1.3225381838924744
18	90579400	90580100	2.5361808178680283	2.2557874298947196	2.46058076481734	2.173785635381937	2.680055716761521	3.448364209788186
19	3322500	3323800	1.1098675836700362	1.146822069040303	1.0564504185858792	1.0359152340833402	1.0019232610771558	0.9688323263709362
19	3575300	3576300	6.8161069587276835	6.299611226666358	5.32196022113677	5.945763597130775	5.572618406891823	6.272955114126206
19	3851350	3852350	2.819999113267468	2.8893236173814345	2.286601669588397	2.4144069289416077	2.1406455033123493	2.2861806919872762
19	3912000	3913500	2.824379735644146	2.676393750826518	2.6673272633219276	2.789804563070602	2.385469487441024	2.1318196587565286
19	3943150	3944200	0.3447956526290975	0.21138613155540553	0.22135321079953507	0.2404991945130585	0.1394394683994501	0.11831901882353246
19	3999950	4001000	2.089531968581145	1.9897404878150484	1.8342162008915446	1.6430151971181233	1.64854020994334	1.7175666505666005
19	4096550	4097700	9.787810612340126	8.586592593092737	8.110505142532926	7.718801753203702	7.27331291710934	7.118689018980317
19	4119500	4120300	3.999257686510682	3.724971282221377	3.084801681526005	2.940368093214929	2.605982168279588	2.0964593838155268
19	4231500	4232450	2.0803556155060465	2.0235142343295247	1.7751423207395955	1.7670816733492047	1.5912879628884165	1.7594222354614422
19	4299150	4300300	1.3965378833118025	1.3464907432438449	1.0992496055306094	1.0460349173413908	1.2882463485932412	1.0776729738987658
19	4509850	4511000	5.516696997053637	5.4832241555918815	4.106096262317096	4.477163055103287	3.0473811558872232	3.721896741260653
19	4793450	4794400	5.994201104672332	5.887655344323108	4.886896375088315	5.064213480431783	4.0526593764989	4.0867760832058755
19	4811350	4812450	2.853235776613185	2.63465909314645	2.7453401519406224	2.5064851634843253	1.9933216616176668	2.1395159691622987
19	5001250	5002350	2.3387829435427605	2.444469767026741	1.3664740953819492	1.5631288201662756	1.5069281850396632	2.376475617506287
19	5023350	5024350	1.1965668405102143	1.2074278854862337	0.9144745048322986	0.9978418837487698	0.8499541322663426	0.8940610534213483
19	5088000	5088550	7.220915051373568	6.921188070990823	6.052246185649525	5.784570849592035	5.468022972453724	5.481667102033442
19	5488050	5488400	7.56382710320609	6.888090427943639	5.925499654497419	4.882782760347639	4.832862572669983	4.836975902829852
19	5488800	5489450	3.5938962059754593	3.4480127831605762	2.867404005619196	2.95641667508162	2.8681340185495525	3.1377824168938857
19	5490950	5492200	2.2779257642622914	2.061122975773965	2.0623606174592046	1.8452793913014371	1.798806455600963	1.7350062624379992
19	5510100	5511350	2.129598529514543	1.9713904030821052	1.912295861841017	1.7803181416240863	1.4004725792604336	1.2459043987512588
19	5571750	5572700	0.9945122349575947	0.7235803561304744	1.0528151430268036	0.972945739752368	1.4383987753799088	1.2166675299406051
19	5688600	5689600	3.803322575969081	4.230574136057207	3.5807059966056576	3.7159112593382595	3.8367616503238677	3.819535876393318
19	5703900	5705150	2.152776170103012	2.5161924884673086	2.371064925704074	2.3549153065074573	3.753015810618681	5.096587951350212
19	5726800	5728000	4.704116816264327	4.039463468161963	4.444175346743676	4.726361832715044	5.024243029052136	5.425244419922431
19	5802700	5803650	3.7906526943884398	3.288299359428255	3.104864924361831	2.6700099178834966	2.543349441697723	2.4589424552415546
19	5815650	5816200	6.469886812676083	5.678929870507934	6.626063663417643	6.111647841551087	5.770170265381987	4.918543969392776
19	5845350	5846700	6.066259768724157	5.288852754727345	5.391960596793299	4.787455022021978	5.75974004442136	6.104120654000177
19	5877350	5878500	1.6375658569754508	1.4022200701313634	1.5557168105073265	1.2864260725849095	0.9127760616189732	0.8682643970506995
19	6046000	6046850	3.4512392388722475	3.6291268744363503	2.8278171177471387	2.9151324055825962	2.2501923294540713	2.3415073274777214
19	6076950	6077800	1.2980079674726044	1.0011791513246648	1.1034837965163238	0.9126518753521583	0.6893054741533363	0.6296150749505443
19	6127600	6128350	4.220032559752465	4.254538162628809	3.3256691722969216	3.387993111431599	2.81220532310009	2.9559190579454104
19	6140650	6141650	5.162594350507182	5.151018587297009	4.031858971072781	4.066579351842403	4.024124920010567	4.232278980255127
19	6276200	6277000	7.119513797461987	6.3697718968987465	5.961555749177933	5.676454298943281	5.121501568555832	4.863979791104794
19	6363150	6364550	13.210357308277887	11.512156757407475	10.739972742230112	10.483861754558843	9.412083117701426	10.041802861096455
19	6398300	6401050	2.255898363935633	2.0084737186264086	2.1427789242819957	1.710469885571272	2.147752465385804	1.885153443318341
19	6909450	6910650	3.9671497851033366	3.7161124197129283	3.577034084886633	3.0171790375854033	3.2488511966256532	3.852440582861503
19	6921500	6922650	6.642060549416348	5.614615796959918	5.713331401471838	5.641955518998961	5.5429427085935	5.516316339710484
19	6979600	6981200	10.634869537387162	9.323510659212065	8.554904494862404	8.15457810276409	8.654187215777005	7.9539118438543275
19	7039250	7040450	8.663516659275178	8.373852549111971	7.867115171288932	8.018552299701804	8.190230774651555	9.006656247315307
19	8722750	8723500	4.776664721926053	4.61600173954169	3.884576677819093	4.2724583807190255	3.331085156182448	3.4181892841657002
19	8757050	8757750	1.896717485530036	1.9701143293721335	1.441574901001794	1.5299727247868264	1.2022111828838076	0.9551519207017762
19	8785700	8786400	3.1496737533382007	3.045984471823488	2.7870592129606804	2.9885354405389974	1.9201016929692456	1.8123932149767923
19	8797850	8799100	1.2374423640158867	1.271832104738297	1.1874859673530826	1.188769597463897	1.0969177585040821	1.1257650192052127
19	8818300	8820150	5.015022001565802	4.73040194000487	4.53934255961241	4.0216856325541634	3.767213000835903	4.021674212246553
19	8880300	8881250	0.872762686694531	0.9487992171707906	0.803599856033137	0.7824608399522932	0.673361411965207	0.5553997906885649
19	8887900	8889600	1.1226080756372927	1.1203242338812103	0.9683684685161909	0.9070326958433091	0.8114183259619566	0.8148959075647159
19	8941250	8942200	4.746505676821658	4.409530079380462	4.229404984014599	3.8993669162298503	3.265539157594505	2.8874595718948464
19	8966650	8967250	10.58212207754453	9.624135081768037	9.37308836420377	9.198860392173131	8.394546342690786	8.102846165100733
19	8984150	8984950	6.032815465088934	5.339723233617843	4.568640255387873	4.551704746875912	4.140905741136521	3.8569983486644923
19	8997100	8997900	1.723540434204042	1.7083021270856262	1.718458034414798	1.7052498196996748	1.4456509034428746	1.2237650437862613
19	9037800	9039000	0.39045709773959664	0.3867782894307697	0.4581730863612185	0.5177771225841258	0.4471850129495573	0.3239168071753076
19	9052950	9053800	0.8970751920649234	0.8467880862951279	0.9058708928832236	0.772182159756913	0.9206743036298191	0.7712491253807264
19	9055050	9056400	2.2225631373244803	2.1445073159079966	1.7330148778480157	1.715976386278968	2.0149801420386324	1.8789206077544778
19	9065800	9066650	2.526082253666485	2.253609862608068	1.5878470521113452	1.4360691751101438	1.645739327248405	1.401344641464598
19	9899050	9900450	2.192748087041017	2.1220068377046197	2.1387243788006636	1.9345144133680536	1.6661817937638579	1.7057731447266986
19	9938900	9939900	2.074705400282337	2.5088066507154894	1.382898118419032	2.005924586552652	1.142563064236194	0.9883605437055231
19	9982100	9983400	4.42484067080926	4.537361855447736	3.504524148605006	3.5454250072525624	3.3780453875485588	3.9368575086215367
19	10203400	10204200	2.235173116941005	1.922266374528408	1.7122413735091686	1.6074507273174823	1.477787884287536	1.5998727610893548
19	10524800	10525700	4.100139376951589	3.775831583009826	3.30186405385534	3.0546739766001703	3.264827149593168	3.1232331250442398
19	10576650	10577700	2.208365660856396	1.8718700734151674	1.845809533031536	1.684620617032051	1.5133156288273277	1.5906301217561676
19	10742100	10742800	1.5955939703328268	1.2359981395942825	1.6404731651289122	1.0663060403295925	0.3767324958954539	0.1737977591515099
19	10747350	10748400	5.019722655101489	3.965890990226499	4.555781920414	3.719233068568366	3.833007996422904	2.6159219207650137
19	10763150	10764000	4.439584581799367	4.786656812543378	3.123403090698754	3.7744840391418513	2.6981039235390285	2.371998476000393
19	11044900	11046150	1.2419254725179365	1.0862926620052706	1.205347411317278	0.9244292948921858	1.1902026623869149	1.0689962574630976
19	11052400	11053500	1.4581404173199384	1.4049497629400574	1.4068149141726953	1.092864008751555	1.1715424480795222	0.8423806573518298
19	11065000	11065750	0.7115362620353699	0.531996702849865	1.070679896513621	0.6553185767730078	0.7385129746993383	0.4027568139632543
19	11497500	11498350	0.5263047627885552	0.4825447385363719	0.5756668818720123	0.3797052870065935	0.36520736228150424	0.2307648799650851
19	11965050	11965800	12.091436674992243	11.135331149895986	10.077464422941208	10.577779458661874	9.265200694998105	8.68173735443751
19	12795650	12797250	6.126757453180129	6.299042524060894	5.391259379002355	3.979107751340577	3.877447617474724	4.1957339843483865
19	12833300	12834200	1.4588593773378267	1.580143161940699	0.8823847480873681	1.1054529956643495	0.9469729944235749	1.0517590172919962
19	14352350	14353250	0.5431961156262292	0.2989455798558063	0.7378208857071069	0.38648263512386216	0.5512301083405813	0.4612055956986215
19	14597500	14598800	8.059656477329453	7.496966845746666	6.939110077226133	6.929197831943041	7.1749112723855415	7.990870202137874
19	14620350	14621250	0.27285888808371583	0.14270897851746578	0.2429609833318623	0.14166984555377568	0.20198093600571154	0.15991152690516577
19	15882950	15883450	0.5204418730139733	0.5602234068512917	0.31334521135687826	0.3211177397072315	0.2533741406351328	0.290935672044754
19	17264700	17265450	1.2908535661697387	1.069136327875157	0.97778341084222	0.7931079295833515	0.9042567269355059	0.5880322343086203
19	18598050	18599350	1.0323177765498388	0.868750437838268	0.7037475198788323	0.6035447062201155	0.39767632551322696	0.29378893266503625
19	18603000	18603450	2.7579657549328274	2.3272735512256624	2.496649688879649	2.3976962051126693	1.8018876066472795	1.942054909931289
19	18617950	18620650	1.6937877661288816	1.8504686914236599	1.3770563247981464	1.2282212191043231	1.0205072127448187	0.8228760870484197
19	21271350	21272500	3.996776133385178	4.054594551006299	3.4049277607230524	3.498292440383935	3.0732319087933395	4.196121660626453
19	24476850	24477500	1.7665541087205594	1.6566469824772614	1.3615561044216156	1.3859518936964181	1.4288763238145754	1.739556779402953
19	27828700	27829900	0.014743399901307687	0.017798062710697674	0.013250528441447884	0.020874850890215704	0.014419200083854937	0.029050280636043424
19	28011250	28011900	10.845471319051889	10.067155666351319	8.79056419299199	7.950895306880658	9.11260176878709	10.690167157099797
19	29361650	29362850	1.1664495798538705	1.2248765148911425	1.3522629610335315	1.318994435114397	0.8046840322497643	1.194371489397197
19	29454000	29454600	5.120800101657708	5.987957455913226	4.278962016503016	5.104550470511119	1.058032713495195	1.0282749500374
19	30113500	30114200	3.5325183740683963	3.1781843526022775	2.7602070130620686	1.9637768861225673	1.6831115991302898	1.7088160400731223
19	30118400	30119600	1.5083803862910117	1.575386610537447	1.179987738265659	1.1945032549432766	0.7284449752113399	0.6353160368840628
19	31337350	31338050	1.4337113443017007	0.951300122652735	1.7105760143271513	1.2749502399989536	1.2417401396163872	1.279378577822021
19	31854300	31855500	0.014743400174517965	nan	0.013393018832308687	0.0161919003945352	0.0146037140684742	0.021490300074219704
19	32172400	32173350	1.3149715888872742	1.0773118904860397	1.550920323980482	1.212274484273502	1.1718407500966599	1.1463301550719764
19	32196850	32197750	1.5288413104290763	1.417053791673647	1.4441493216529488	1.1155139006012016	1.3252044242289331	1.3309890191174216
19	32256600	32257400	0.5612074006465264	0.5793565910030156	0.5644130069157108	0.34112278090789916	0.23997411301425386	0.20060610409085158
19	32262350	32263250	1.1629102857410907	0.981333545703027	0.6948767578922626	0.515280329303609	0.14614656845728557	0.1069022473651502
19	32274750	32276300	1.8333532948250826	1.6763441495270188	1.5545893319910946	1.3895209808573346	1.5698985220132788	1.485678640238253
19	33101050	33102300	0.7075237867786038	0.5425379780184838	0.900623344322943	0.7332884855212587	0.8682459308399874	1.16272914083004
19	33215600	33217050	0.020123811413853256	0.013120600312406187	0.012883200554722925	0.01619189994097474	0.014640512730474012	0.026831927001929233
19	33222450	33223500	0.5698954736032794	0.5435579498865272	0.815182020982839	0.7382426015961738	0.48915413065325647	0.5792146548415933
19	34119900	34120800	0.09526510095256849	0.07031880193052517	0.024484284068151327	0.04493521231432889	0.02897704628188736	0.05597801082015275
19	34191550	34193250	1.17744370838312	1.0294815188828428	0.9521352670890493	0.9269564834542924	1.018452155945658	1.144905456886735
19	34550550	34551150	2.2984962033232055	1.8319420744975408	2.060023847023646	1.8775051027536391	2.0690831248958905	2.5748232169946035
19	34846250	34846900	1.0544250560723818	0.9460559993294569	1.3655992752542863	1.2741783054287616	1.0632717095200832	1.1623606454867583
19	36375200	36375950	3.8802073051134744	3.816379969437917	2.485341360290845	2.866182079633077	1.88745408141613	2.0940152386029562
19	37110400	37111250	0.42964006027754614	0.12238770898795721	0.747747863419766	0.23972819285327884	1.140236521652516	0.6162151881877114
19	37375650	37376350	8.744037163598197	5.9610071960091595	7.749503372226442	5.497890745231084	6.379403868466616	4.456198744433267
19	38054300	38055550	3.833408592101066	3.4138095612583284	3.7628359118430845	3.4703889034024002	3.9834183718232556	4.330363702690601
19	40830800	40831350	2.806714534136382	2.6356188531897287	2.3731790925968776	2.027608755935322	2.0592974006316878	2.0091084850376304
19	41328200	41329700	2.410195237211002	2.000635376181266	2.034942378162056	2.026296730195633	1.7872589968907466	1.576116653997432
19	41338650	41339700	2.082242590762137	1.402887470455679	2.1986421845255912	2.0134858848793167	2.2054646357077927	1.8516656444824877
19	41354000	41354850	1.654729858864756	1.4994844661565387	1.9075623498944676	1.8178358532400691	2.250277391146211	2.3470442480199476
19	41383800	41384200	1.3712471391260623	0.8218412788957358	1.6461507091671228	1.3497161889821292	1.1386478889733553	1.0139662287384272
19	41597300	41598250	0.12318304751652137	0.11758817300494565	0.08880159323226505	0.12578866337525083	0.13661318486481103	0.17802639313243296
19	41829350	41830300	4.283920351110007	3.81995863851748	3.9384079739608264	3.302909037125738	3.744074301562811	3.566055650428722
19	41980550	41981750	4.508596661183741	4.726378866575097	3.787553174572606	3.525763311482439	2.695878496357039	3.016055976599455
19	42089800	42090450	6.7419751435518265	6.086768059134483	5.744955500444541	6.414233403091247	5.371572731504074	5.396942469248405
19	42128650	42130300	2.973210719614895	2.3214877527503557	2.1157016388155734	1.9744510833488025	1.891096643638696	1.4091896320044615
19	42170050	42170900	2.487853237565826	2.2784617728170224	2.079803131369545	2.0079862638431436	1.7313386774983477	1.5424472333578503
19	42779600	42780700	2.0347876929257973	1.7635755879858022	1.8364693383230066	1.854955380369828	1.8431722851488042	2.0146763226389885
19	43524500	43525250	8.011112345357736	7.106869814137617	7.011947577695052	7.457988942106565	6.270812996149063	5.852065709869067
19	43674600	43675800	8.685294538313341	8.36255332864741	7.205345561940184	7.11910119894779	7.172943420971142	8.19614886144797
19	44248250	44248700	7.199496485127343	6.53093887646993	6.691420263051986	6.497233552535375	5.393773974378903	3.9916082174248166
19	44266700	44268100	1.7521087502581734	1.4981022038551741	1.3574239380759978	1.2270674325125308	1.1656791620795466	0.9523766669479309
19	44293700	44294400	1.2370134248478073	1.438280177286693	1.0723056380237852	1.0437759684664862	1.1416093449081692	1.1997114738396235
19	44388200	44389100	2.293728839357694	1.843546475784646	2.1719358150164285	1.7134090110825169	1.9033983869850635	1.4776488925516604
19	44930800	44932200	1.9694324161738757	2.0023104366938713	1.705627300214189	1.6137352372945069	1.7364743991861549	1.9118795923688647
19	45783250	45784600	4.301116790913909	4.219850178539683	3.7716445083914403	3.925079578922736	3.3507550601813785	3.6426532670082867
19	45790450	45791250	0.6165873191773426	0.5685814699344337	0.59355308502836	0.5546391853302076	0.5997307057096622	0.5389856902745689
19	45998000	45998650	3.1183422815341215	2.777792289853096	2.466895048847565	2.2230729734897614	2.0382761874107214	1.9756206735280843
19	46303950	46304950	6.3332881493722235	5.8010056541504404	5.134948516845703	5.1062934871017935	4.374193837046623	4.136667676314712
19	46395050	46395850	5.1193686574697495	4.720070533305407	4.208587618097663	4.31935124784708	4.274391623586416	4.867713585272432
19	46503500	46504600	1.521212409458552	1.3674732567348091	1.5519140588083573	1.3066196555670957	1.652197262055096	1.5866093387116085
19	46619750	46620850	5.633924060049644	5.628698233439426	5.245429886932596	5.258613063927854	3.430716480979308	3.6089639429341664
19	46689850	46690600	0.6563672587740498	0.6394276676528851	0.4917945878741642	0.5028556318879127	0.579382586201032	0.3889804285221985
19	46760600	46761800	5.800485571917667	5.326834612507974	5.025734543207757	4.709678556798685	4.741752133322698	5.734435726658751
19	47729450	47732300	3.916550079368974	3.955390800964081	3.752571499505106	3.5663966275950365	3.075046422240612	4.272102837977723
19	53193500	53195500	0.8250296803674391	0.8857058050786295	0.907252247395054	0.8616695809508815	0.9343268600421795	1.0625559507414353
19	53263850	53265250	0.8654873546477287	0.7224450043269566	1.2454044033744918	1.1693119007787665	1.453251874226482	1.624732443977432
19	53407350	53408900	1.4183577173334256	1.0424856362705053	1.6300750541690003	1.115460860363316	1.0130615380592998	0.5259794311065559
19	53420900	53421700	9.197245903387666	8.727231730297207	8.845284618511796	9.0451195178926	6.4228166328370575	5.699065062254667
19	53423400	53425050	5.656296035304214	5.336093289998969	5.161425590254112	4.62867319280451	3.193281977308413	2.801300380026647
19	53441250	53441950	5.538800616988114	5.707442145603044	4.800998287445733	4.840059210636786	2.5922837677598	2.0103868013726816
19	53442700	53443850	4.113144993507846	4.018604471653408	3.7259871769921142	3.669531525692292	1.9156302285057347	1.7562245929937648
19	53461000	53462150	3.185355053616774	3.0406472616877833	3.080969945471551	2.6343915441761845	2.0457373462491635	1.4040266246316226
19	53464600	53465750	2.4385018965391825	1.8350877968158164	2.5248523649226398	1.9969176142826817	1.8519398518840373	1.7036760292752928
19	53528550	53529800	4.2642876709968816	4.20839850647834	4.286698169757474	4.20237797722094	3.943406358965705	3.9478529041290282
19	53536350	53537300	1.5105465457000231	1.2222736009014281	1.3106011247948597	1.280097562356999	0.9226467465256389	0.7006517011946753
19	53799600	53801250	0.7020776674755548	0.6665967887277359	0.5990801924218511	0.5963230300074405	0.4336709810637654	0.5440675271730948
19	53807050	53807800	2.4275889445145924	2.4407817216714225	2.3405512239138284	2.2515807334184648	1.5000966944495837	1.6949255499839784
19	53889600	53890150	0.8580124202506109	0.7276446710628542	0.7037975842912089	0.6809134431318803	0.5231285622885281	0.4954263675965584
19	53893150	53894050	1.4645107556051677	1.366393871208032	1.344447807619969	1.1791840894354715	1.4817489232288465	1.5381090323130289
19	53899700	53900800	1.514507863148064	1.391602979251366	1.3255602352220641	1.0618873621412546	0.9425526055422696	0.66543750196018
19	53925100	53926000	0.22586891807408796	0.1989228802236418	0.222421295867405	0.18290915091264165	0.21857342975237487	0.18373686905014572
19	53943750	53944850	6.372207819247875	7.344044458998963	6.464520123389459	5.9818948275392705	6.300113002195715	6.63514953350479
19	56450700	56451300	0.9947862469467024	0.9447707817641398	1.162558624309798	1.0846621076129184	1.5558797112852334	1.4740197935079535
19	56679400	56680500	0.336057685924765	0.1473837778601084	0.3439024219624808	0.2726347410974424	0.34752791302726865	0.4113438199460506
19	56756100	56757000	1.0691096523900827	0.6314361562455694	1.7047052226463955	1.1519274386266867	2.969826607472367	3.001000693506665
19	56771300	56772800	0.23494238918169333	0.17105473424501233	0.3015252053250549	0.2406464865399909	0.3490487773558673	0.4667962074279785
19	57012900	57013700	0.12611091384515372	0.09146700187702664	0.1584156508954173	0.11875132146933916	0.06421497366071202	0.048883366799839824
19	57099450	57100600	1.319415541618101	0.9266042060638042	1.3871979919957915	0.884578316221124	1.1475821585056447	0.8577247368803491
19	57119400	57120100	0.6652011061140469	0.7006213073645319	0.5742042371204921	0.6452702763676643	0.4345946969304766	0.48985602847167425
19	57130750	57132250	2.478811342280398	2.193065608568089	2.180838957161032	2.0494569372334523	1.1412485750142265	1.17246563113013
19	57132250	57133350	2.2297366317346303	1.9321384094327778	1.8336273123441904	1.7473257582115103	1.5395386551653187	1.508930999582464
19	57354900	57356450	2.073463327713489	2.190071181178449	1.9071108260685647	1.7474414922548482	1.2952458946076018	1.2810147197468742
2	3283350	3284450	5.3137625048377295	5.028794204007147	4.709656511457784	4.970122125588829	5.255052271501265	5.122935405779969
2	3332650	3333300	8.613594419864508	7.832997901623066	6.957880546313066	7.032490678842251	6.2504125129718044	5.929570699471694
2	3423750	3424450	6.211309116823332	5.14737977887903	5.5851076369626185	5.463678574136325	5.247785533922059	4.660509837269783
2	3512200	3513850	4.757472904807806	4.042996970001657	4.090966919030794	4.414370055097721	3.7760192297954185	4.091903832963989
2	3657200	3658700	1.6822596072176454	1.6112488154800988	1.73274038008977	1.5086196307558002	1.4295335552365174	1.235424461364746
2	3709900	3711400	1.132795104233458	0.959469307491165	0.9564442788606049	0.9376360489647798	0.5842301285466084	0.5199626085873935
2	3723200	3724650	0.6004360899538034	0.7401619302284996	0.5378547811464212	0.667852034986253	0.42550327845554203	0.417786785789557
2	6352150	6353400	0.2984676249473326	0.3989217889355075	0.21171801287743355	0.1928141551823224	0.3488373412188362	0.5819229219675064
2	6706250	6706900	3.080803648141714	2.8719179896666454	3.0153228219197348	2.5433241452391333	2.629307704246961	2.1293576397345615
2	6723400	6724550	1.3416768145957798	1.2044298579147787	1.2726409141144615	1.0898867394992855	1.0917627889238048	1.1448163826828417
2	9593650	9594600	2.158356237333072	1.9327333925037007	1.9338634734953704	2.0031084008750164	1.695409505477077	1.8535045095650773
2	9801150	9801850	1.6955122901339617	1.1109586496331862	2.062917386210666	1.5980943561238903	1.8421352978263583	1.4569196555657047
2	9866600	9867650	0.9898474576396328	1.0118255487784813	0.8417892989914539	0.8395270198867435	0.9654550193604969	1.011411946186619
2	9871250	9872250	0.9056381099454818	0.7927555495231382	0.8148455176199636	0.7934839979708195	0.8955764111280441	0.9369772064089775
2	11192300	11193850	1.1445617558744952	0.9206395518395208	1.0682888338642735	0.8304128245431073	0.6843316766206862	0.6640032535950564
2	11202600	11204250	0.5749853609733917	0.5470032377606613	0.5597285389923513	0.3883211446924972	0.36356265650713504	0.31502927356951854
2	11338750	11339900	0.4184295423970483	0.3352770179396871	0.520756291420229	0.41143072692761995	0.39865731056998754	0.3976078122724657
2	11645000	11645750	0.16021163634335	0.0651049929514636	0.21720887794410879	0.15253059889178677	0.11391171649422334	0.061697931371388896
2	11653050	11654300	1.1811635118792134	1.4518689766914612	1.2596924841111705	1.3478554646895036	1.1873687574050005	1.3834595199480653
2	11654900	11656050	0.5750220083300345	0.4943162471917033	0.40218228905791054	0.3859599911354662	0.3292130435098376	0.2493807782670078
2	11657450	11658100	1.3424661189088454	1.5595749678520057	1.0239170840955698	0.9970225173693437	0.4943123304958527	0.32939667150664786
2	11777550	11778850	3.242430279450145	3.1300948733194884	3.2844738050134246	3.164923510150775	3.056187695421245	3.3939469214586113
2	12417600	12418500	0.3529733608373337	0.3046749501882328	0.3893588573940926	0.30793394020862047	0.3605922039018737	0.38981016672319835
2	13270800	13272250	0.9727757185277004	0.8920331929572153	0.9102682299706718	0.8526195880687172	0.9521984564653516	0.9451302735482394
2	13409500	13410400	0.8451736208589541	0.5886922234255406	0.7915724925158752	0.5900551697817342	0.6952937238580651	0.6775173318137725
2	13544050	13545000	1.4074515105078096	1.2479623698874525	1.4620126552526889	1.346313922844435	1.530863802182047	1.4366832428621619
2	13573250	13575800	1.434081779204917	1.1429795270053593	1.4246975779910394	1.16843948617551	1.6550484735660487	1.7746067666028984
2	17671450	17672300	2.1612784557833393	2.1535535770128753	2.4360918066256185	2.497114687018535	1.7845372655637124	2.0214280792895485
2	18957450	18959250	1.1674741359081746	0.967424060178914	1.0746001395187925	0.79800768606036	0.4283973049377304	0.43659010617307914
2	20930350	20931750	0.019207151386977536	0.013120600234630495	0.014684699297347085	0.016536179124509085	0.021479198754764957	0.024833984403462312
2	20969150	20970150	3.0347190557458132	3.0704331965292653	2.7935359630879297	2.9978492261320353	2.004629544734955	2.2745551967024804
2	22805300	22806100	0.8607748862355947	0.712694556163624	1.0033275653608142	0.7511826820112765	0.9090043983887881	0.6650979934353382
2	22807200	22808200	1.1465813148252426	1.2704614259658322	1.3683461518287658	1.2846814339905976	1.692280794173479	1.524350254237652
2	23067450	23068550	1.7824564410803416	1.6109813914201128	1.5556867495461955	1.5527503870604122	1.2095571468284425	1.1674702267992225
2	23068800	23069700	3.6125587893856896	3.480443492581447	2.9147238788919316	2.857744462804662	2.257437966267268	2.1161974897277025
2	23156000	23157300	4.016813132779386	3.8548334457146622	3.602598119141107	3.2295038149627473	3.881968873979502	4.316376433335245
2	24385700	24387150	1.5389505501132918	1.362118336822883	1.453416550841029	1.311273184510234	1.2504772403709303	1.0785706187250526
2	24934400	24936050	4.418762666640743	4.140828893623587	3.866714016978692	3.5522262645302836	3.7925478532236823	3.5105396893429366
2	24975000	24976350	4.095868912563529	4.03289555047148	4.052376426642086	3.9318027425267212	3.702698964885637	3.631574628684256
2	25110950	25111750	0.855577693633968	0.6606058753258549	1.4922611306700855	1.3679119118489325	0.9793702648393809	1.089343499194365
2	25224350	25225850	6.378204364776611	5.854235675073439	5.767893431166167	6.593670536796223	5.263547408541748	5.919941979282022
2	25255350	25256100	3.3639915300409	2.8782045769294102	3.1528971390724183	2.581701286137104	2.155478164732456	2.319691615829865
2	25426350	25427100	2.490396160463492	1.8777852152983348	2.4673387432694436	1.832102478226026	1.2806172002156575	1.0330812755227088
2	25460650	25461350	4.3489661223547795	3.607677550784179	3.9547561026471003	3.564230476383652	3.9345876566427096	3.7568729649697032
2	25533750	25534750	1.9346931813763035	2.2213789824208905	1.1565170411448324	1.5401088890880346	0.590105650447309	0.5914561935793609
2	25546350	25547400	4.759109693547732	4.386068644618841	4.2111161420128305	4.1333601075552755	3.8518895248713947	3.8157968341168904
2	25574550	25575450	4.077434377372265	3.77998694004284	3.585079947428571	3.3324368510478073	3.244512417945597	3.325911347170671
2	25983300	25983550	11.304532497406006	10.042666078567505	9.452198793411254	11.19125835609436	8.61651026725769	8.509042978286743
2	26444850	26446150	7.789479713913228	7.336092088465063	6.589071267461659	7.10478603382505	6.907248465594124	7.884675984061682
2	26497300	26498450	0.5818311619725167	0.5510011427800419	0.5888818338229228	0.48286775191939085	0.3192050115165808	0.3505720545966988
2	26503000	26504300	1.742762110532604	1.6647959205589575	1.4496481717845642	1.350866392269181	1.3096948373857127	1.334795590306704
2	26668250	26669100	1.747231515088283	1.255965528032359	1.973827658860999	1.6699753471332437	1.1907546715504107	1.017022105957217
2	26902600	26903700	1.6577674835238638	1.4145624407155772	1.513028315298718	1.551434109322624	1.3080736036479157	1.2225244282507761
2	26933200	26934050	5.650798146374085	4.886666800555061	4.896069996567333	4.6828869709021905	3.0765142371023404	2.530267513148925
2	26935050	26935550	0.18783095839619637	0.1480265847109258	0.14944514231383801	0.1749372241795063	0.15774606475234032	0.17583357022702695
2	27027850	27028800	1.8202820052284943	1.752069288429461	1.1119964920611758	1.195337189184992	0.9493145932570884	0.8222413900690644
2	27514350	27515150	1.052153296595396	0.954835915871663	0.9659017857071013	0.8250986533798277	0.8487860415317118	0.8518759732600302
2	28517100	28518850	3.4745444448444696	3.4012294022081084	2.610069329960555	2.6604906145236193	1.0197578573787913	0.6490969277822298
2	28526100	28526950	2.1543751033264047	1.8296444568037986	1.9430138755940338	1.6904724603365449	0.6440461209547871	0.42151323921101935
2	28640600	28641600	4.263399456147225	4.000528578235257	3.1182846768286923	3.378164774760604	2.6878396717756985	2.8220638999268415
2	29124600	29125700	5.767729745232814	5.519040329113733	5.166350560481947	5.237467078331533	3.90464288334158	3.762580283988606
2	29623750	29625400	1.7072963540085602	1.494450636758366	1.3519966496796667	1.333611356001364	0.6130227788629379	0.5121387209035616
2	29631750	29633000	3.183778945479854	2.942111112508466	2.5729826449978734	2.098893153265751	1.8335831132327811	1.5704599807739257
2	29668800	29670100	1.3672630973844315	1.3058166918742746	1.0471207999354852	0.9253668255352181	1.0241298517314883	0.7091801923685349
2	29869150	29870700	1.2271342440475161	0.9156760867949455	1.1609114244351961	0.8672189472008311	1.8866293888707315	1.2518259237050473
2	30093550	30094450	3.6155567285749646	3.5553177955042985	3.1567991718442903	3.269072656350003	2.6775651176563566	2.384253519707256
2	30123850	30125150	2.029509859493268	1.8723127700673141	2.0157030669899667	1.7775753461397612	1.63486085624177	1.6547696604293127
2	30251150	30253850	0.552136813785191	0.37707652110026185	0.5691815228673007	0.4648928015046782	0.4753175212099047	0.3507969762940133
2	30257450	30258750	0.7608088604096443	0.5685681826305152	0.6817195646697771	0.452553340493938	0.4859123557293577	0.36206185669853136
2	30363600	30364500	2.778590179383755	2.7007881693790354	2.1261431111933455	2.3172946941355863	1.809737822636962	1.902846727627847
2	30391850	30392900	6.3864287313997465	5.8436124669351885	5.664755207041715	5.544630763246899	4.962676826389063	4.903389598358245
2	30463750	30464650	3.821472214129236	3.5182163348462847	3.4712491019235716	3.8536356017655797	2.4789970158040524	2.5885305457644994
2	30624950	30626850	3.634744690294379	3.115115065242722	3.2274712886065497	2.7710148809210917	2.7993585594242942	2.1900185096745393
2	30981950	30982600	13.966536477712484	12.060193108962132	12.783108196717043	12.97845484641882	11.489839052787193	10.423325939545265
2	31060000	31061700	1.776637529811099	1.6585375977286352	1.309485032553917	1.1339963024009625	0.567104021248933	0.38797522461365413
2	31062050	31062800	2.6089329684575397	2.881073814471563	1.8808268202145895	1.765543289422989	1.2050797895987828	1.1119939283927283
2	31082200	31083000	2.49174533811165	2.202161610526964	2.3697197923925706	1.9987281555682421	1.1947389724710957	0.9228203562065027
2	31115200	31116700	1.7685905634151993	1.8843067820559265	1.479431542919528	1.4485814239810213	0.9558555121328316	0.8459649188315221
2	31118450	31119650	1.3633199271848127	1.5072012470101797	1.05315250849852	1.0391545246199119	0.5073529387572232	0.43385324138837555
2	31688050	31688800	3.0054911484917004	3.0757661151885984	2.5531926922301453	2.673800926188628	1.664686698993047	1.6375609115163485
2	32061350	32063700	2.4792954769933067	2.340660984665053	2.1695953444282567	1.8528989734317622	1.2163308481221204	0.795895783354291
2	32137200	32138200	3.748534254289442	4.5626831575711995	3.1458696808430453	5.176046703604684	4.13366735016182	3.870445458691567
2	32151850	32153200	0.8169479737458406	0.8529122581618661	0.7740321077554172	0.7423179763896698	0.5524488715045073	0.46157966763333036
2	32287650	32288600	5.770861154418243	5.076884124843698	4.960561641674293	4.982451458792937	4.611760911878787	4.550921367093136
2	32493200	32494400	3.6339051367903275	3.2241856614107727	3.810967529178948	3.0596669005143524	1.490815267492743	1.2590222612311173
2	32495400	32496300	4.136080844567882	3.9679612420664894	4.578461187150744	4.311740600234932	3.254381380809678	3.0696985513965287
2	32534550	32535700	5.08088949484377	4.751176020928552	4.192245541528432	3.9346355143711653	3.5635233152735877	3.2856613648715225
2	32586850	32588000	1.6339400505718642	1.8115070102258284	1.457568455892726	1.833224240573902	1.6283511993281372	1.5778181070607642
2	32714600	32716050	1.9887016189880709	1.5027761388501282	1.913633312407272	1.43705871455366	1.5149533600425047	1.1912554069433388
2	32772750	32773200	0.6410101893875334	0.5247948445876439	0.6403809230857426	0.44225472380717595	0.5006023882826169	0.3650007168783082
2	32775200	32776000	3.4030899193324147	3.260042543448508	2.72093178153038	2.6191005917079746	2.2940224998630585	2.160527744628489
2	33130450	33131450	2.5122972686213836	3.63479556932757	1.3528749032866572	2.6472298559695484	0.6331614115163684	0.8962738911211491
2	34771550	34772450	11.36827626089255	10.128330609268613	9.356696500844425	9.079930825101005	8.7370258863767	9.019263644483354
2	34938300	34939500	0.5584834694606002	0.43380657879543755	0.3789592454061713	0.28173307575059664	0.29744607773481635	0.2520274440338835
2	34958200	34959400	2.4615937754159334	2.298228706903355	1.487692367722911	1.5436891366496233	0.6658873215142419	0.7715193990183373
2	34962600	34964100	3.834081143430484	4.068696796868437	3.142712862301898	3.1216043824475217	1.8666800084394568	1.7447403556025305
2	35109850	35110500	1.5183434904538669	1.1270597445047819	1.394993196106874	1.0190185187413143	0.9753369361162185	0.7772545819099133
2	35131850	35132450	4.441449279089769	3.8070296669006347	3.3822052038523056	3.176067954103152	3.0609797892346977	2.632632944136858
2	35495400	35496750	0.8547851092727096	0.8230375141795533	0.9011850686973436	0.8606364843821286	1.0149272117531638	1.3735646793522216
2	36201750	36203550	0.10703819613582721	0.08436674667408436	0.07262568799253741	0.09029469727265194	0.1806286526357868	0.23341241541939478
2	38536450	38537300	3.6061141717959853	2.6258797553882878	3.0215044001971973	2.600190564814736	3.866550878531793	3.455160054564476
2	39190250	39191200	4.824769555738098	4.651584728375862	4.168447852605268	4.290496039123911	3.846754232064674	4.055581007113582
2	43747700	43748750	0.6380030699406168	0.4968605651324468	0.8219467473658552	0.487268228658608	0.4909531499693791	0.4740144676253909
2	44323200	44324350	0.3823278791552462	0.20130750439998188	0.6477270188258871	0.35039210185167824	0.92511538086601	0.7544403762969634
2	44920500	44921800	0.6215915144643476	0.5568006383189492	0.6787832389524411	0.3795604756195453	0.45314476504545653	0.44108693703448587
2	51934500	51935300	1.5976504380255938	1.8205324218049646	1.5392202013917267	1.5258638760633767	1.3605956062488258	1.4657457745820284
2	52318650	52319900	0.6868742281792599	0.4587464908666835	0.6199711760854817	0.7157311665551614	0.6447898090666323	0.6811050099030137
2	52742150	52743450	1.147191127098391	0.943648422000115	0.7561119425826414	0.7674433649604865	0.7489605916142101	0.9169971494902802
2	53190750	53192150	8.100087736378068	6.872484846554594	7.2690942202185695	6.237802000653383	7.882242128147799	8.049401024092868
2	57114500	57115750	5.342530563699045	4.701269663164693	4.140548064004221	3.877647664110588	2.850498256728228	3.183332663154602
2	57116550	57117300	3.9252629058361053	3.9621065117518106	3.396887802998225	3.092717847029368	3.1538633035818737	3.401255206108093
2	57237850	57239750	3.286801607021856	2.778028291984001	2.4983439141825627	2.3082926511384274	2.0922381358176194	2.1612590330817274
2	58156500	58158200	2.659492077347902	2.5620102292084375	2.111791224687783	1.9811362808825923	1.5335172045602106	1.600590258179546
2	58161750	58162150	0.8416636301577092	0.8452290333807468	0.7882907259464264	0.6752830347418786	0.8592400240898133	0.9265002342313529
2	59646950	59647500	0.9765760883959856	0.697181059718132	0.8710448461771011	0.581259676353498	1.2645375016602602	1.3942511741681531
2	60165500	60166450	0.10276930289342999	0.05940765359548594	0.22622898861373725	0.10311869158931035	0.5238115386272731	0.415712829145946
2	60774250	60775750	0.3282620734918404	0.309521295144114	0.34955829818432743	0.37289981895625285	0.3195151770223458	0.22185198337590614
2	61493800	61494600	0.5648195247980766	0.6932433607429266	0.3566553157102317	0.4523146771340112	0.6538384675048292	0.9637047437392176
2	61592450	61593450	3.262689963553391	3.006513412075658	2.8466651790684234	2.98724576229589	2.5016447161324322	2.7038604185840516
2	65182550	65183400	2.8076285094373366	2.961165009807138	2.3531846678432298	2.157446600356523	2.601800581672612	3.0433550651283827
2	68382600	68383150	2.3939527463912964	1.975604755119844	2.3108245201544326	2.202510428537022	2.5712840961326253	3.3235729243538596
2	68436000	68436850	1.1333511648896863	1.2651296912419476	0.7669597016866593	0.7505293615756591	0.5270980100070729	0.661066904515028
2	68465850	68466750	1.3746578870548143	1.4915496686432097	1.3709298904571268	1.4277117139432165	0.6706850004361735	0.7484594131675032
2	68978750	68979400	0.435111761075946	0.4163873147620605	0.44104148698540835	0.4810737471855604	1.048896787097821	1.4137308222055436
2	70091650	70092300	0.707002558524792	0.7216531804433236	0.5517577423728429	0.5760082363394591	0.5014776045771746	0.6122091461832707
2	71031800	71033250	3.5210338567494017	3.2040176121729766	2.9866321021218982	2.7343710930444605	2.2862085706960595	2.180419507917635
2	73385750	73387000	3.611953103440808	3.247651622575329	3.684591299832348	3.57197057203813	2.791777012432323	2.9570999584555624
2	73485200	73486500	1.1990790894368744	1.135761450112014	1.2182894306088203	1.0940546194934622	0.975057266804967	0.8763582161642038
2	75658550	75659750	7.338564748148765	7.113039874415245	6.7624556358911665	6.061589763140438	5.934893124968397	6.022172972410917
2	78986300	78987550	0.12329657204742127	0.13224599645728422	0.1239735161239966	0.15293711553785597	0.11890081482783321	0.1062561394851806
2	78996000	78996350	0.8780747948374067	1.39738204904965	0.8962289941310883	0.9692470632280622	1.5286408456734248	1.4933321905136108
2	79120500	79121300	0.8738242465099201	0.8436291639759175	0.8307717324466789	0.6001324275135994	0.7073699575290084	0.6295587113220245
2	79227500	79228400	0.9861695458326075	0.6167994469362829	1.0048896227031947	0.5816310377750131	0.8218944932106469	0.4081487495286597
2	84678000	84678500	8.101616379976273	7.39316933131218	7.9059552991390225	7.649829661130905	7.5677434058189395	7.432937458276749
2	84714550	84715750	7.944510022329573	7.633625639433502	7.161314294658682	6.2541930042613645	6.46687879263186	8.438328261872133
2	85013750	85014650	3.3936357406940725	2.502215169635084	2.6189970523284543	2.251231848663754	1.7874520807796055	1.4937908373938666
2	85047400	85048900	1.8456116548917625	1.8134454482293898	1.5440884741147747	1.6827628667426835	1.6450029854119994	1.887199075181355
2	90486650	90488800	0.5311574989427593	0.4548882809841338	0.5546164706803226	0.5195559380488329	0.49158016318085923	0.5067175349771307
2	90547100	90548200	0.4072951563687349	0.25903849611758395	0.44674836052701744	0.2793579458868718	0.2402139623036163	0.17373965539588224
2	91042350	91043900	1.58699949536458	1.5432243248630584	1.3863928594139099	1.4918216855819417	1.0989906800790075	0.9478459943755535
2	91834650	91836300	0.46580819745572194	0.32260510090817973	0.23034575955296568	0.17436457592362206	0.12220295703035756	0.11584991342097878
2	92433750	92434600	5.520258230882533	5.204648233406684	4.108922926336527	4.589222821084892	3.9719475330149425	4.004578170828959
2	93187350	93188000	2.3810816781394757	2.7311235978511665	2.013565032527997	2.096004097920198	1.7698125859063405	1.6969401579636794
2	93424150	93425700	3.095542181344484	3.2993237323344187	2.464636218977024	2.591606849547355	1.06618849142679	0.9173850265321898
2	93425800	93427900	0.6437079580787267	0.6146363590316655	0.4567060097461472	0.4331429759698708	0.32935042516190133	0.25686311028384584
2	93458800	93460000	2.4683624591622304	2.608499784982333	2.671642956695249	2.0212875695088823	2.146951431012621	2.205477785542607
2	93460800	93462000	1.312572121671451	1.4662034036779918	1.0023562301102507	0.926215656490037	0.7005032611360736	0.6191717015082637
2	93850200	93851250	0.31205224989707425	0.22779027670444615	0.31148743485604996	0.265655058324337	0.19081409248035577	0.28596421102505354
2	94010300	94011000	2.099839416529451	1.8172217308836325	2.014306919186243	1.7266811772755215	1.6716795146039554	1.7572004739940166
2	94157800	94158300	15.479507911682129	14.152091058731079	13.40223996925354	14.298484185218811	11.35128340291977	11.1048980178833
2	94405850	94407200	1.6797740554353808	2.003117039816069	1.4335297853317168	1.3347104548765754	1.158583227886873	1.405879416278115
2	101755550	101757350	1.2471041964011618	1.3653633528862377	1.1843783945684818	1.1457023353438618	0.8328439727522968	1.0203720066474793
2	102873750	102874500	2.837750646154086	2.9754543340206148	2.2649182653427125	2.0020313061078387	1.699446561574936	1.5492212627331416
2	102947900	102949050	0.9200711149453782	1.0511450192904908	0.811182624621612	0.951515962276534	0.6898953554880284	0.9804061255765998
2	103655700	103656400	0.6479091796491827	0.9397160307211535	0.37070483030219165	0.5099291834873813	0.25062632460147144	0.2916845875126975
2	103656950	103658350	0.5991291420627157	0.6375418157703865	0.4111946308107996	0.3834083378995645	0.2607899372467474	0.2734677534757198
2	103682300	103683550	2.1140856286817984	2.355889754609139	2.3014654255528604	1.9983718485051933	1.752919470573874	2.28763350713253
2	103797200	103797950	3.144394150575002	2.7369047552744545	2.3692376499176024	1.9679204568862916	2.011593895196915	2.1228693198362985
2	104172850	104173300	2.1414951596657437	1.9798406576448018	1.181675905154811	1.474110552072525	1.434773676859008	1.6321167368359035
2	104847850	104849250	0.9164393457399536	0.6716736923604516	0.6401319925905923	0.6191179316797297	0.3607868487394157	0.4464199560108375
2	112454150	112455900	1.0144268536414087	1.040875769892821	0.9932438167872415	0.9322811885876896	0.8961335152439799	1.1611333740664094
2	112510000	112510350	0.767962498494557	0.5019565440927233	0.7051159430827413	0.5673178052902221	1.3074509731360844	1.1173725870677402
2	113848350	113849650	2.41098993162955	2.256091165588676	2.108376064105306	1.8608132994591775	2.2167520669143124	3.0425797567230006
2	114144700	114145950	2.8376008361816405	2.705292623526732	2.5009897102602068	2.323343737076268	3.2479749872544232	4.409208130526543
2	117331550	117332200	0.691805631042673	0.7802719922363758	0.5925438751440995	0.6717328180958118	0.7328947477730421	0.7255127646200932
2	117389900	117391050	1.8036848575971909	2.255568549741429	1.322230575734742	1.253166031818616	0.6668789381627231	0.7575432084905712
2	117432350	117433200	0.36097043454647065	0.3439449411038967	0.3287187043949962	0.2564224877778222	0.39807164367507486	0.44070265755057336
2	117446100	117447350	0.828415490658154	0.9080906916932472	1.0713865789957406	0.8394349427231033	0.9177359023150274	1.0443944021731615
2	119476650	119478400	4.336737260941536	4.046097140035322	3.644800964182257	3.2672774746717312	3.144166599786582	3.217701983581746
2	119897200	119898000	3.79384503595531	3.346195921637118	3.356492395438254	2.8871980087459086	3.744233420807868	4.188083424214273
2	120154400	120154800	9.46986824452877	8.395116112232209	8.699768293499947	8.867088906466961	8.16937870979309	7.997776944637298
2	120599400	120599950	0.28543223038315774	0.22567440203645012	0.16879340315406974	0.2060198842937296	0.1633826229382645	0.22095931482585993
2	120976550	120977500	0.7931947877767839	0.6367219693645051	0.6739133619556301	0.5168624446580284	0.4736629798224098	0.5244540498444908
2	121139650	121141150	1.8594082072780977	1.6373839579038723	1.6858175930541046	1.400668305258167	1.4053135227970048	1.5358878617590734
2	122377050	122378200	3.1475982043251585	3.047193402401361	2.6423552595783244	2.364160198694161	2.7301986268231326	3.377266622862738
2	122651700	122652950	1.120245271596601	0.8540708973546182	1.155176838548722	1.1450518153219513	1.1991669561049516	1.4454547125935555
2	126675000	126676100	4.27685216461808	4.1723247333425935	3.634807777964125	3.057587393978739	2.768292438588678	3.7401715502955697
2	127133350	127134450	1.160413436620937	1.1411266500089874	0.9980865994226897	0.9904091342297062	0.8655360813639402	1.070217217088423
2	127142200	127143950	0.2839864021837905	0.2334754613755315	0.2780867976002163	0.27139947478111803	0.1854164925749191	0.29965855980183087
2	127207700	127209100	2.1786212578178548	1.984905231449461	1.7758940224795847	1.6796804509657746	1.1588535759125198	0.8123843141863244
2	127269550	127270200	3.3493597638377777	3.2723584376390162	2.7646159870349445	2.448738248875508	2.313038951617021	2.1423836498994095
2	127332450	127333750	0.9253079452940607	0.8648794739299613	1.0306229966686618	1.0272825433824446	0.8774198069507719	0.8071258483827114
2	127334200	127335900	2.6226214275323914	2.05613654583636	1.8546098895136274	2.1515275426854426	2.4920812059026276	1.821972874068692
2	127338300	127339450	2.3000170932678823	2.3199750203136644	2.4262827627387993	2.294707274908134	1.8274864325559963	2.4702069598695506
2	128060650	128061650	0.315211455115156	0.45489196057644427	0.3896902779190609	0.46792609051483225	0.5752539415881037	0.7326903484351933
2	128073100	128073650	0.35547683615576137	0.2484325969761068	0.5752231712232937	0.5818485170873728	1.2414141802083363	1.3185665374994278
2	128125700	128126450	4.226382484237353	4.459727101246516	3.8261560900410014	3.9186768825451535	3.2116173592011132	3.2168394318819047
2	128152400	128153700	2.3359806092264637	2.7416879020671985	1.9630250258717878	2.099678678979407	0.9101950251392628	1.0080940967798233
2	128196800	128197800	1.4363559441928389	1.367127951652773	1.141029375253185	1.1660095173623655	0.6277542577832937	0.48407640196999385
2	128229950	128230550	0.03779458877674881	0.048633690527640286	0.03662346852584037	0.029637595367851766	0.017404540690668623	0.021655610074790624
2	128294200	128295650	3.724693897690736	3.612521661794491	3.5126276777223855	3.2392429454648006	2.8640929749432735	2.7859559728627024
2	128325450	128326200	2.7689088809266686	2.509988312611977	2.923799439912041	2.680601322333018	1.5797840723256662	1.3434127633131805
2	128367050	128368100	1.7982313270393055	1.696106245213756	1.3054180705565643	1.3696496226106372	0.8523117360188848	0.6608985801750705
2	128380550	128381200	2.5736985804484442	3.048278740277657	1.8090391524938436	1.88147386101576	1.3259007906913758	1.2887567023130564
2	128426750	128428800	0.5450414315140406	0.8416926008805247	0.7963172204282507	0.9580017075182681	1.0698215041577903	1.2369051349832465
2	128429850	128431350	0.4696346405105483	0.5192497452008905	0.3917161411463334	0.3709165011019035	0.37047096581552547	0.3888245993484391
2	128498900	128500200	0.5805288501501674	0.633157583112786	0.6946782499247237	0.6446149060792851	0.668666662479418	0.6905772124406209
2	128817400	128818550	5.704633268594408	5.302049705430468	5.354897091769905	4.80424127711923	4.373153496880056	4.1614750942847
2	129179850	129180750	2.083668533646398	1.8792196619841788	2.0309219330714807	1.7021286888751719	1.9018442105419107	1.7007186896436743
2	129183250	129184350	2.4575851148454326	2.449298408429993	2.4784371802813845	2.4457760061048606	2.4878150983800222	2.3889792435243726
2	129296600	129297600	2.0959448137590964	2.081939982052772	2.3449801247948887	2.2184522156119346	2.2146880121678114	1.9628165426440538
2	130423850	130424850	2.540781859028724	2.2873379731947376	2.21522068602039	1.9329891340732575	2.151993600308895	2.4516771552562715
2	130539050	130539550	0.24698143842816353	0.2673715913891792	0.36784107795357707	0.3022703006863594	0.21539405991137028	0.3078699718415737
2	131262050	131263700	2.2240350992122586	2.1700414635964966	2.146027885697571	1.9066154317248518	2.2839523977986844	2.1976874568833353
2	132252450	132254300	3.336343353885814	3.3316068849505394	2.9388653920657135	3.4507283474292425	2.539941690544256	2.9953320424231547
2	132262450	132264250	3.783137945633208	3.349434979483218	3.186679229266327	2.907575276500047	2.7842397261600866	2.5689245435187367
2	132512000	132513300	1.3568331225279247	1.3115930234942188	1.406795295308305	1.239293470693913	1.5227609458336464	1.5862325209149948
2	132577250	132578250	4.010636480944901	3.4263987579722572	2.98062819597798	3.1141715090423823	3.2895099927634	3.578908193923533
2	136890900	136892450	5.597971246046529	5.128402646984692	4.615823778714152	4.291776433982328	4.57086383598353	5.7676709174680605
2	140041950	140043300	2.6227802745428064	2.61534945104065	2.0649284963938213	1.9505992772034277	2.2068475939557444	2.8881849085622364
2	144010450	144011650	6.063778481124549	5.235551456225815	5.279085291072887	5.7098633118534154	4.154322489196179	5.38528973137339
2	144167250	144168250	0.2159812507538496	0.17756075406074523	0.3498680990140789	0.27186194963753224	0.6665998502224684	0.7765954794287682
2	144213600	144214550	0.3646431411371419	0.18323258738180526	0.46220851138626273	0.41959184812872036	0.5275454281348931	0.4306656069700655
2	144230600	144231300	0.09223589944641224	0.03568406278359224	0.11640895446895488	0.10147691369056702	0.18425677269697188	0.1614227977075747
2	144267150	144268250	0.5849168975052595	0.5692045631436659	0.7365554508715431	0.47096210907970243	1.146003914236385	0.9382276471162384
2	144526800	144527800	3.066623255888811	2.7707748675523063	2.730104296715029	2.9139265992343426	3.347590318761766	3.7832384388968348
2	144554800	144556700	2.260071678042536	2.0433648074712	1.6596041787062599	1.778534948146954	1.6899559900687173	2.4290811320660937
2	145934450	145935500	2.0008502597855355	1.8254212744029246	1.9777581319578843	1.5512878271653263	1.412996620866557	1.6474672764646157
2	146496700	146498500	0.19434874272105418	0.09124521431529821	0.22586037932102562	0.1751998838222248	0.5029620520819247	0.47585615853908
2	150904700	150905800	1.9510366901166678	1.9568424587048925	2.232990154236974	1.5638669529066753	2.4298457020041915	2.0384921052374625
2	152825950	152826500	0.5108990869755772	0.5862523948248815	0.40624239719726823	0.40992002655159343	0.15436405485326593	0.17278190698135984
2	152830800	152832300	5.850229812499669	5.570084694330783	4.736376638976476	4.309358352095932	4.31371222543363	4.266358522282091
2	153161150	153162200	1.967516735504819	1.367526751011381	1.4819263414596815	1.684235106749194	1.4651555855501266	1.583957439526206
2	153345200	153346050	5.523537262397654	5.27605604781824	4.534416875348372	4.128801178230959	3.710535204655984	3.119076643410851
2	153741500	153742050	1.9244158219207417	1.9058028927716342	1.324018036696044	1.5077015801993283	1.5939768184856935	1.8821598025885495
2	154569400	154570450	2.84571584325968	2.4546603248232888	2.4094184206304825	2.638786279814584	2.674349680471988	2.769280695347559
2	154603300	154604250	6.383922897404746	5.518137774075332	5.540196949180804	5.34518456027696	5.612801663750097	5.459666935111347
2	154790350	154791400	7.925739922355031	8.034869508516222	7.51387944787695	7.990132644545464	7.817746562049503	8.250575825032733
2	155381250	155382700	3.035661155584263	2.7833490164208334	2.4852091772431657	2.3014288979912	2.4433949338591847	2.892582181519093
2	155517600	155518350	7.469910523414612	6.078983813126882	6.643402301371098	6.159160961151123	7.703870512564977	7.16953647462527
2	155979200	155979900	1.026604086054223	0.9431086618985448	1.2524312191190463	1.1506194207710878	1.0871044991058962	1.1021146094692604
2	156180500	156181100	2.8576885831356047	2.9736090780297917	2.251210513220479	2.1677448281645777	2.6191037523994845	2.9511913762614133
2	156877700	156878400	1.9107657135384424	1.229606537095138	1.9172595530748366	1.336733807495662	2.017451969321285	1.1994043960528715
2	157006200	157007100	2.1041943377359873	1.900854336379303	1.6359228687609235	1.7182302004761165	1.2232012732697806	1.1582080892473459
2	157134700	157135700	1.163324152300435	1.1812793416669292	1.2339553474391594	1.0403043316394525	0.8992966733127833	0.7089431850574911
2	157137650	157138950	0.5959296026300852	0.5237024880803136	0.7486326154704129	0.543630447828972	0.35309975593877596	0.2710587779346567
2	157456750	157458750	0.9596057498897276	0.9014710546750793	1.1215111404868865	0.9381543908198958	0.9580331000019522	1.11242703599708
2	158166300	158167200	1.5745459481701254	1.2055936271335101	0.8317821817431185	0.8219366941021549	0.7269841011944744	0.7148422914598247
2	158717550	158719950	2.255149202220038	2.4007074051518598	2.0152598341049686	2.030478564312919	2.012674268542552	1.7918169855332189
2	160397400	160398550	0.13309231828339685	0.1478744490411705	0.10582108495705224	0.14338873362336313	0.1604160642779675	0.2744591718782549
2	163120550	163121300	0.5591089775363605	1.2293823614915211	0.24565691902240117	0.3907643962105115	0.06021456259737412	0.1117319305273414
2	163228850	163229250	0.7884403705969453	0.7502030610479414	1.045632783267647	0.8543249899148941	1.080106234513223	1.3263814059644938
2	163253000	163254100	0.8102480830754702	0.7556021301347838	0.7389165407751312	0.6810725221883496	1.2550406155866733	1.5157111997225068
2	163994900	163995850	1.9893658170260882	1.844894598251895	1.7713994214664164	1.5791191976791934	1.5860511469997858	1.6352766844473388
2	164083800	164084700	3.118851396838824	3.0672028616401885	2.5784579527378084	2.1240532724393737	2.0969682674937777	1.8173397009571393
2	164103100	164104800	0.07369992414021982	0.049360951771236325	0.044761869153111325	0.040930883926269736	0.03544290818490812	0.05828328291824936
2	164441050	164441700	0.20341356485508955	0.20724491329433825	0.16540046597616032	0.21113862373837922	0.15567721954182437	0.1998266939016489
2	164521550	164522700	2.289974531094398	2.082300461787595	2.1903194424681374	1.9012953343473094	2.4760324293512213	2.1807053058756436
2	164769400	164770150	3.9433091067075727	3.7890363319714866	3.3533264683683712	3.4476653831799826	2.8597694554924966	2.7176061419645947
2	164804600	164805900	5.078130381965164	4.475547501911009	4.93290279111002	4.459433143707769	3.861164227148652	3.5675061023077714
2	165654850	165655250	1.76592840179801	1.5782122823596	1.7275409182906152	1.727230406999588	0.8261843863129615	0.8683155093342065
2	166523800	166525650	0.2181210704112609	0.21054687607782277	0.22242164253334237	0.3198037944783911	0.10667415229379962	0.08223640328485642
2	166553600	166554350	1.041729419807593	1.0483187817136446	1.4277846907178562	1.5357261281609536	2.744646949092547	3.090964004278183
2	166610150	166610900	0.4715724868774414	0.27740448141098023	0.5647650459607442	0.43461211466789246	0.7456264309883117	0.4288030589024226
2	166619500	166621200	2.1584917431131037	2.369923187921803	1.7804670678055645	1.772661630593094	1.6035266729209663	1.3988993616179275
2	166621950	166623000	1.0636192476474744	0.8609311733157953	0.9702498511835593	1.0025408017777262	1.0619534411032994	0.9082412263449459
2	166625100	166627050	0.9304499876213231	0.7664060353404535	0.9338741991912363	0.7361645793025587	0.5107275558632783	0.3072846988385282
2	166650250	166650900	0.9861974001847781	0.8446033601348216	1.2373223739174697	1.0385980838307967	1.255956699206279	1.3054861649756249
2	166655850	166657600	1.7865527878159202	1.55007567492718	1.8060209960410123	1.6037135222555639	1.8621490941167878	1.5704311699217735
2	166664850	166667350	1.7310906214621762	1.5631509602085238	1.8309588531309557	1.7150662767285798	1.8928330790856305	1.6877762546095736
2	166672100	166673100	0.9135707660798105	0.7205365044378466	1.0385324136057206	0.747256105363369	0.9875421705096961	0.8077125038802624
2	166708250	166709150	1.867513599221905	1.6916976566488544	1.6917073966645533	1.565828137057554	1.0788767188953028	1.0501595375852453
2	166906050	166906900	5.399015201189939	4.642176700970706	3.998960307371967	3.6807997657095686	3.9029381010900526	4.100222630851409
2	167346700	167347450	0.24458312580982844	0.29565080132087074	0.25673646324127913	0.13744505300004592	0.10706737497448922	0.120402330750154
2	167349100	167349950	11.373007309086182	10.298867172143039	9.812026153347071	9.685233064644477	9.389579798824647	9.145613483821645
2	167363100	167364050	2.542724413118864	2.3304257737256977	2.3847752998690854	2.0785114075478757	1.0864637472598175	0.7178214741851154
2	167503000	167503400	4.664074660837651	4.449162328839302	3.423839108347893	3.2724234049022196	1.9636784887313843	1.4852489544451237
2	167631750	167632400	8.506985484636747	7.948297806703128	7.819270295546605	8.006447778298305	6.756437967740572	6.262636176989629
2	167774400	167775800	2.3397645789467245	1.9215112208481884	1.99648921220808	1.9651090316802788	2.1412421521419236	1.555552108957126
2	167924500	167925500	2.4373494444277974	1.8910897214951052	2.167355169696193	2.062653678536415	2.3323632525354623	2.029286262128502
2	167931700	167932850	3.334242178126438	2.8454362525511927	2.67737975303789	2.6753380172588765	2.8178650546744657	2.6051660092822884
2	167942400	167943700	1.6923217410307667	1.7212154030622382	1.4053454569492387	1.4125008328737372	1.2091304083215704	1.2284682048742588
2	167996100	167998250	1.091754139516019	1.0090469185356261	1.08850133622578	1.0275901302205919	0.9364465438487918	0.8403609000012241
2	168080450	168081300	6.148378896818442	5.73990669401253	5.173999359274612	5.287893710487029	2.337538926268325	2.1810629368880217
2	168206850	168207750	4.919873112754689	4.787152823805809	4.297906947069698	3.527567166388035	3.4391232398814626	3.3620141587323613
2	168230350	168231250	2.7229421762625377	2.553545973797639	2.055557568669319	1.9941762236091827	1.5520665724078815	1.4962501907017496
2	168428600	168430100	0.5381772919918348	0.40952146760590447	0.7513553732595136	0.6825677778654986	0.8658812716614966	0.6636423242849897
2	168582750	168583500	0.6929792475675544	0.752999914402763	0.7348060777286688	0.6748999435305595	0.4882340246836344	0.5129303253640731
2	168590700	168591550	1.5817586386203766	1.2747823101632736	1.5431346381411832	1.122384265556055	0.8432008703140651	0.5922474172974334
2	172393050	172394150	0.4726378776320963	0.5994244375375157	0.454210599230881	0.6035776024007345	0.46687443442523163	0.7184401103854179
2	172433650	172434250	1.3215491641002397	1.1790608447045088	1.713594503030181	1.4793192005157472	1.6798604549467564	1.8805438904464244
2	172999500	173000400	4.644776563396056	4.149215366095304	3.909263417571783	3.3768025413321126	3.5953155912955603	3.2484021576576763
2	173019400	173020350	0.8218901753582453	0.8624654313921929	0.7134987064411765	0.7425603948925671	0.7963192504330685	0.8754692907082408
2	173046450	173048800	0.6059619171388688	0.6656789114578341	0.5807079694560725	0.5272785018783167	0.47852295275709045	0.5533172161398637
2	173085500	173086300	1.938849095366895	2.131211880929768	1.642173079047352	1.6272456113249063	0.8738216589950025	0.8955274991877377
2	173218400	173219350	1.4307929202443674	1.4709158787915582	1.2793152751263819	1.3954860323667526	1.1093223046315344	1.4617479313047308
2	173448500	173449350	0.8530529982892467	0.7787151097024189	0.779175983814194	0.7501559503083005	0.727816864563967	1.0134063164451543
2	174472950	174473600	7.008059411415687	6.1735449297153036	6.461063562952555	6.21940907056515	6.540548224265759	6.229575003293844
2	174601550	174602550	1.5532280778807979	1.4996923667816733	1.3485451538082094	1.9476809237122121	1.9964536175765097	2.2110729505866766
2	180024550	180025200	8.300192766189575	7.459767250281113	7.331987755298615	7.380243848470541	6.271818706072294	6.767328312397003
2	180118850	180119800	4.243399295806885	3.6872061582301794	3.33105301979341	3.589249907481043	3.4137075104525216	3.666335540507969
2	180273550	180274450	2.8508498096155623	2.4590337671960394	2.56644810255203	2.3828721868991853	2.5594719815336995	2.294877382595506
2	180276450	180277450	3.331211467435283	2.120284155614914	3.3314009197604273	2.706718883633614	2.0565237785577772	1.6983997305110097
2	180436850	180438450	0.7051438268538445	0.45826727505653136	0.6590009064059104	0.545051238021073	0.8590483510494232	0.8638952498103297
2	180455900	180456950	2.773065902868174	2.252206790531469	2.4031646064019974	2.378667263644082	2.1115336212373914	2.170929796156429
2	180709700	180710150	4.745540058546596	4.430592677195867	4.305450526674589	4.0304885690742065	3.632068143950568	3.7070769262313843
2	181365100	181365600	3.0621750009059907	2.6941057257652283	2.621860398888588	2.2885955481529234	2.401460070848465	1.9167191644906998
2	181520100	181521150	2.6069995076310195	2.349485980178903	2.0454211958139537	2.3358896954286665	2.0467986204013937	2.3836219392787843
2	181878600	181879700	0.4993413671699846	0.27651022385631757	0.5351478641434018	0.3274485616208647	0.14978527562340574	0.10297759176147255
3	8923300	8923950	3.678659734955201	3.5723766016501646	3.2010587265399786	3.256415188060357	2.8229460998681875	3.284644053257429
3	9753750	9755600	0.2625626777274437	0.25386358545851306	0.19219128707402514	0.18792775094549313	0.19494649976533615	0.22155710263514794
3	9852950	9853850	0.5653601579326722	0.44779150124225353	0.7283444506923358	0.5545364858210087	0.38588981471955774	0.4497202652071913
3	9886900	9888150	0.8671038439842962	0.863447910185783	1.2071392305681783	0.7843407145328173	0.9146434778493995	0.9397452615112066
3	9924550	9925450	0.353661419192536	0.20573103412760027	0.4547435821505723	0.39085177472997	0.29519295192427103	0.3452894932269549
3	19258300	19259100	1.4018763466924429	1.1835763916559516	1.5850201061554252	1.3688024841994046	1.9589743530377746	1.685027339719236
3	19429300	19430450	2.4409361912057244	2.18848479799268	2.066724311887466	2.3547113634227403	1.9665651933128574	1.7551410478418288
3	19627700	19629150	5.1693550950878855	4.279327486824928	3.9232739337585922	3.441680302993071	3.744158782572098	4.076699279687265
3	19894150	19894750	0.47793194696928065	0.5342530716047038	0.49663427956654016	0.5633113763276363	0.49188696414853134	0.6183475661526123
3	20034800	20035700	2.3277368548595243	2.2026282076330648	2.1608848496133253	2.1394159316221413	2.2200442171510724	2.167511726228727
3	20104250	20105300	0.687429508821874	0.42378856783566576	0.8201804891489618	0.7069846630238351	1.047081156032426	0.7982110793391863
3	21935400	21936300	2.9256639053093063	2.6632776939206653	2.348865255514781	2.235093970613347	2.2190827971117364	2.721531812366512
3	21965300	21966300	0.6074436465232603	0.37967550449986615	0.5811746530897188	0.4077769520431757	0.5482899906635285	0.2657273979969323
3	21987500	21988700	1.6846329181425033	1.8265795902344473	1.6262611803943492	1.4888922937302362	1.3855756618345487	1.458546971610437
3	27152850	27154400	3.3676548651180207	3.3272744893928468	2.7096247221503127	3.1128663878841825	2.4488109290034314	2.6768282807186323
3	27322300	27323400	0.43884629775518663	0.22810097267222462	0.5221740027638226	0.31397345220584244	0.5387663918936445	0.570059633072127
3	28805350	28806250	3.955932856603629	3.4764196051160496	3.571123028167834	3.349726494832171	3.0467448648644817	3.220990240358644
3	30602000	30603500	4.819346712045772	4.925293887973263	4.0269180932322355	4.299529876176844	3.2231656917241334	3.624310087084338
3	30863650	30864250	0.8612352414739629	0.5853754420392215	0.8556806800266107	0.5487433304389318	0.906991890159746	0.7403407308583458
3	30995350	30996200	2.023314925519859	1.670159567769836	1.6063688244254273	1.2872940187769777	1.4538960948761772	1.456840539259069
3	31060650	31062150	0.7387958267683624	0.8053078945682894	0.743881470464891	0.6834314645131429	0.3521257681379131	0.4364807765447858
3	32529150	32529900	2.121732468714317	2.064552665049831	1.8787484054068724	1.6613632275869972	1.3726695739080508	1.2276689379612604
3	32736350	32737100	5.8314855415026345	5.20560698723793	5.301728123188019	4.964933280348777	4.378476395726204	4.189720551013947
3	33799450	33800450	5.553960182359142	5.020151608005646	4.397183033604775	4.7805446488410235	4.626746459126473	5.00345755764842
3	36475050	36476300	3.6030710083007813	3.2173138311671257	3.265594695565008	3.1432675592133497	2.429961685158225	2.017715669757128
3	36853950	36854550	1.9032992408424616	1.7418029684573413	2.5927868604163327	2.143375847960512	2.12116015560925	1.6919672393798828
3	37257500	37258300	0.6517319630272687	0.8194306462444365	0.6033364007249474	0.7964793582446873	0.5041673208028078	0.6541109199076891
3	37418950	37420700	6.599902249226373	6.036333961521975	5.642005065126903	5.568827438618714	5.945761684898569	6.59438870696768
3	37978400	37979000	0.13404432136584105	0.10859483721045156	0.16718103666013728	0.15098943747580051	0.20499295253306626	0.19477369454378882
3	38484250	38485550	5.905096582889995	5.20680420073327	5.202474270836339	5.396047230611592	4.983549361768351	5.061411571961183
3	40744650	40745900	3.3087747400776033	3.076159942233178	2.6305444091258607	2.726804606120954	2.5543333998287423	2.9451338377475738
3	40948750	40950100	3.777936286048324	3.736562180694897	3.2464877531597853	3.598210197086138	2.8411120211480747	2.873364587591754
3	41082650	41083900	5.97388421069295	5.562222824392011	4.959418564950266	5.037573334295099	5.486180961969335	5.762272032117844
3	52269950	52271100	0.7563020546874357	0.6009344535923941	0.4193575085028693	0.43509155503374786	0.29894055000656405	0.3282153951902117
3	52343400	52343800	1.0206856754422189	0.7022144509851933	1.257690238803625	0.8296731761842966	0.776437983289361	0.41159300711005925
3	52396200	52397100	2.0224505829479957	1.7236385565168328	1.7604320081364777	1.6061286106374528	1.1375147084809012	1.1448837856203318
3	52498050	52499400	1.0163034942296645	0.4255699848155669	0.9553280304158625	0.6187159115406512	0.5945531697397153	0.48574118017935
3	52554750	52555600	1.2362427167857395	1.1171188647738275	1.3479314482212066	1.1867900014975492	0.9874268347901457	0.9094441707958193
3	52670500	52671350	0.7524859894461492	0.5702368413350162	0.8675092485108796	0.5185788563419791	0.2257028670915786	0.238289502924856
3	52701500	52702250	0.07116148996228973	0.05235977580917574	0.10114171776175498	0.05942717353891896	0.03120314904799064	0.06914270474280444
3	54692350	54693300	3.7760485778356854	3.299444032907486	3.5300912785216383	3.1994004823973303	2.8560640525661016	2.928019088663553
3	58416200	58416900	0.9753388571739197	1.1944617000647955	0.8298620612280709	0.9424842458963394	0.8686127116424697	1.245946625982012
3	59080350	59081700	1.1866532645914858	0.7080224521157277	1.3183171360004033	0.9465669058634221	0.5013585409048077	0.39410025822895545
3	59203400	59204700	0.731533021619243	0.5606155660232849	0.7823446247121917	0.6649889930422768	0.734698431567369	0.7058076282418692
3	59296350	59296750	1.295907624810934	0.948126617372036	1.1496965415775775	0.904519808664918	1.2334903033077718	1.1659564070403576
3	60320000	60321000	0.7905389629852163	0.40974928043918635	1.3187751143064392	0.6585144683100939	0.5973152740038932	0.4800070756394416
3	60472100	60473100	0.701366712508663	0.7416988154072914	0.6534505818618762	0.5384129274189472	0.3195295149832964	0.2865946382582188
3	60785200	60786100	0.8150073955195762	0.50132353012657	0.6631126537505123	0.4935860658594395	0.6641804313245747	0.5161969134542677
3	65929200	65930200	1.4812251940081196	1.217348689176939	1.169624783023594	1.1445568348318338	1.993641716837883	2.0806263754069807
3	65958300	65959000	3.731912273509162	3.9544742360711096	2.963301885724068	3.064571459378515	3.304900951619659	3.268889360214983
3	68676750	68677450	0.702059545713876	0.5913121080736882	0.7205021549362157	0.5694674213268363	0.6462686231732369	0.658431850714343
3	68789400	68790600	0.5450007187935614	0.3671971989447071	0.6945240795484153	0.5827921774263335	0.7258295817936168	0.7245990047293405
3	69004600	69005300	5.270680854575975	4.642537105509213	4.0199266088860375	3.6489604566778455	3.3133672273159025	3.301954932979175
3	69159300	69160300	0.6359691604029748	0.5895633052856692	0.9306405499750567	0.9056453551799059	0.974146744325757	0.7919389307852834
3	75498700	75499450	0.3835839201211929	0.2946712034145991	0.44167045694589613	0.33284059075514477	0.8013808849652608	1.0104456835190454
3	75556150	75557550	8.209556467522125	7.19778639534102	7.128330834032752	6.833832852664964	7.816523395906977	7.2259540438731245
3	75929600	75930600	1.2382687045604952	1.1648826387159286	1.0003129080649344	1.0489111199080945	1.4973762893304228	1.840837728753686
3	79152200	79153550	0.36088776385430416	0.36404352681728086	0.33842284190156346	0.2475241260692254	0.3786188381727357	0.5882524410558638
3	79176550	79178600	0.8775234231707255	0.731829140332852	0.8238425448257843	0.719645928924609	0.802408622633265	0.7449175411789497
3	79286900	79287450	5.410854063467546	5.19394420764663	4.572973845113408	4.918334244272925	4.361467118696733	4.830746433084661
3	79627450	79629100	4.125931227324106	3.6926351280156466	2.9196381039522934	2.8754423531936513	3.1863609179526167	3.0274699225617434
3	84045950	84047200	1.0155635999864148	1.1017028226023784	1.1694599678900934	1.1115003351480772	0.4390797773866093	0.352784720107913
3	84125650	84126600	1.4472749378751044	0.6427297478041759	0.9494646796280224	0.6833534405161779	0.7833893357244969	0.33233024129153865
3	84388650	84389050	0.1176155137270689	0.12533444532193244	0.10995821728371084	0.1364165949448943	0.07952183902263642	0.08483289499767124
3	84678350	84679400	1.7165473752234208	1.5681845627768614	1.7590367236949422	1.6807656171208336	1.8304144908239444	1.6068601699350846
3	86142300	86143350	4.005590134047876	3.47404575569106	3.7877456163214887	3.357922254006068	3.7096069453301883	3.8228180979263215
3	86837100	86837950	0.7666395662735929	0.5673347563373253	0.6381883567352505	0.613082448542118	0.7911560374235406	0.8503330334319787
3	86998800	86999850	0.8089010920719858	0.8121468302437461	0.90147823052106	0.8254475387647039	1.087413802444935	1.1107619581336068
3	87845500	87846950	5.559332297285884	5.009145175989	4.777811106638331	4.247291088203901	4.6332420244855275	3.6070999890398583
3	87849000	87849400	3.2900265783071516	3.2278973791003227	3.368795704394579	2.835080032646656	2.8360044495761394	2.188949135094881
3	88137300	88139200	3.0633095420196224	2.932945048683568	2.306316306573881	2.1747086532190423	2.153966129372363	2.329086686350647
3	88141900	88143650	4.744779678555678	4.377473401583835	3.8907266760619557	3.5756717607242208	3.777467214728604	3.4791176558586447
3	88177700	88178500	10.713863463513553	9.859851455576718	8.46129947282374	8.119407430179416	8.22909178774804	8.567537634037436
3	88296150	88297700	3.2834530756687075	3.012930874938647	2.7848873652071693	2.7792771450979297	2.5476128217888965	2.810253703940678
3	88335600	88336600	3.8695293336683703	3.3973912614391697	3.1592967429391803	3.1628285554647446	2.963015800267458	3.1760301436297596
3	88409450	88410950	2.3303303845610004	2.0900896440621133	1.8573965128043197	1.7416513208419613	1.6076321117211345	1.6092146100435896
3	88451700	88454900	0.6662258755103234	0.5080423177826789	0.74415213999729	0.5883397686382013	0.7780233117928801	0.6779386060528978
3	88509450	88510650	7.609132885317649	6.881631489415324	6.45557515359694	6.397414484313041	6.1193943440680405	5.52723387191693
3	88521700	88523150	2.4895719020007165	1.902460050187321	1.8803580360939973	1.9702985084579396	1.5475835204831991	1.2657461410156547
3	89089550	89090800	2.1210372286888863	1.9140468578707788	1.738880421447754	1.621094057857629	1.3876107735802146	1.2185515829205513
3	89417950	89418800	4.773894558654112	4.220865942380008	4.587358596298625	4.31716085819637	4.130049031744985	3.374053356945515
3	89458550	89459100	1.5573052337223834	1.427448867931962	1.4514449742707338	1.302270531627265	1.1317098215561638	1.103272397436879
3	90079100	90080550	4.54882311183433	4.278222746249699	3.7480923493950726	4.022834860424014	3.5492714375463024	3.2683030193446054
3	90265150	90266500	3.636826781497349	3.6718270656170953	3.0534623971663355	3.1028980776597357	2.424934450203557	2.80805047304542
3	90292900	90294300	4.191911485513784	3.9117251441116156	3.6884273805197587	3.6191623093245866	2.9005281552071334	2.4156284493547666
3	90432900	90434000	3.2074569367103916	2.7365433397600727	2.8893663215702725	2.76706505988255	2.2522457200320645	2.6416265474259855
3	90490750	90491500	3.682920956055323	3.394246554851532	2.8936010085344313	2.773197658578555	2.7213259242375694	2.8597288387616477
3	93505300	93506900	3.342824699771061	2.8010975639937556	3.508425615258942	3.156720516127339	1.3295571448026506	1.388528762057814
3	94582100	94583150	1.4972016996363025	1.3426824975012404	1.1280229383020357	1.246298253749098	1.1688063047311845	1.4339152839300888
3	94952050	94954200	1.5119871528436615	1.7211198043152893	1.3357869768965451	1.8781202826719032	1.0500120742082921	1.2272833803745207
3	95015450	95016850	7.119594310461651	6.852029132930913	5.140168065387533	5.911418828262395	4.538413146604009	4.670750078337641
3	95135050	95136650	1.3243225917244148	1.2011650768883768	1.01180479774552	0.9529370457612956	1.0055718744852964	0.937138899107312
3	95433700	95435100	2.273261166387989	1.9569740115970824	2.0178585954788875	1.9627732993468998	1.4975423956518414	1.3138576332363314
3	95624750	95625850	8.39081379670202	7.678536896838471	6.939296184358708	6.3430186560725375	6.532892536175789	7.353883641294457
3	95671800	95673800	3.3086995795734464	3.1916285700951854	2.6735110187838154	2.4230249850822214	1.238904330029207	1.0925052004082259
3	95818850	95819850	6.043677898283928	5.349164839959913	5.264422936962497	4.984870988309384	4.791456877470017	5.447941923618317
3	95881900	95882750	8.650854626683628	7.88355137348175	7.320416552739985	6.648546802997589	6.328298256888109	6.806459111185635
3	95908900	95909750	1.2633053861694024	1.1287730683079538	0.9325013139515239	0.7688865171109929	0.16013792821151368	0.10973122867033908
3	95928350	95929200	3.103277573887916	3.0953192777318113	2.8602213563682404	3.223616759023246	3.919392811156371	4.539495566594403
3	96600650	96601100	0.8922378653950161	0.9673673191335466	0.6375181940197945	0.8336666615804037	0.6120790185199844	0.927473633090655
3	96881700	96883000	3.190581596057409	2.355360297571045	3.127029319554937	2.6609496804372212	2.5510093913682446	2.5544192462242568
3	96905050	96905900	1.6577132960310315	1.5276389913019888	1.2681100872515894	1.1854387933685935	0.9200635691206245	0.9695401643086868
3	97076250	97076700	0.1575255533443342	0.18491292936934364	0.1387090603593323	0.13811085549769578	0.1175324779914485	0.13505462285545136
3	97226950	97228550	1.2679226961924184	1.5468560396165372	0.8223672395315258	0.9826566389549556	0.8113484151153678	0.923074358632346
3	97767750	97768700	1.6451161628294353	1.3344617175899054	1.3053124055227168	1.2156242876286678	1.1152395377892765	1.22449418552612
3	97931300	97932850	0.48135005442485196	0.42623211913252723	0.49703094688836297	0.4858407605646042	0.5733249924893171	0.6322603222560096
3	97933150	97933700	0.5320489716529846	0.5958183496106755	0.5000555067712611	0.6086682568896901	0.7189674573594873	1.0542370649901303
3	99141000	99141750	6.173395838816961	5.387160731156667	5.053633135875066	4.622895355780919	4.179510686397553	5.176154089450836
3	100488100	100488750	0.7605780035715837	0.8116400642807667	0.6748022635854207	0.6961768863751339	0.7452283598711857	1.201076289828007
3	101285450	101287350	1.511705484082622	1.4077148563145376	1.5766991226377634	1.2611577481478213	1.4325144353813428	1.4316085104901466
3	102995150	102996500	2.2673633705970766	1.6623180143000262	2.1030898762546846	1.8668950353530278	2.1327489248444054	2.352980846448077
3	103020250	103021650	4.174531579105535	4.084575414954243	3.258628057098609	3.094642966526411	3.374447241550735	3.7628551535115293
3	103384850	103386200	2.5931056062067137	2.637252760765231	2.3771363611802405	2.2006485575858994	2.165455148900516	2.407407541010115
3	103386400	103386850	3.6340838495890297	3.8446858098771837	2.973013653755188	2.745246625476413	2.4297956283887228	2.15003228770362
3	103789950	103790700	1.6421788846651713	1.5149222322305043	1.0782380801041922	0.8250527605215708	0.7096553254723549	0.5421858160495758
3	103801750	103803400	0.7016506126292873	0.5722040895143212	0.6790880761355617	0.5597128411753269	0.6406688369499084	0.4827765882141242
3	103859700	103860650	4.717701241091678	4.346992468331989	4.188355487271359	3.9704923811084347	3.612418834818037	3.1225407826273064
3	103867300	103868450	2.4541521587612585	2.462276913507791	2.1927460559454404	1.8171430276743281	1.8707113236905364	1.380275060702925
3	104511400	104512550	3.5163177189552766	3.5935655065271663	3.4292478411544765	3.509488074239144	3.2123433035535887	3.524670816342468
3	104864800	104865550	1.309331960995992	1.1049995717604955	1.096738244175911	0.8318749348719915	0.97298836906751	0.899642050186793
3	105763150	105764550	0.2570720975519394	0.3490626230108024	0.21900754684291943	0.2534529027936802	0.1747842956580141	0.27247689995325636
3	105894200	105895450	1.7257621181118874	1.1402694265550182	1.6316080539149622	1.1134643427407827	1.1565858171799601	0.7318392004966736
3	105900000	105901050	0.5076303381605239	0.25020200281053606	0.5245706051359161	0.44957959720066615	0.7374117116275288	0.6078480598472413
3	106448800	106450050	1.249544217509608	1.294540494046644	1.1220827000139846	1.0099487959428266	0.7347721356111415	0.960685234618187
3	106461950	106462950	2.67863393439016	2.7855568381278744	1.9615904622231761	2.2791720790863037	2.0132232290953396	2.2628421538472177
3	106721500	106722750	9.29064086407077	8.200229172584327	8.383816105356525	6.906026041296756	7.681716538373161	8.470376280891895
3	106784650	106785650	1.0399501604373496	0.9131936595880522	0.8858804962884996	0.9372300588267615	1.1213378458730876	1.270034011054784
3	106787700	106790500	1.1286556247961685	1.0124606530704805	1.0077940789482596	0.8302731444740549	0.9877537775189937	1.0602409150612315
3	106966900	106968050	0.271212573240507	0.21085883949448317	0.30366609181635873	0.3715414766135808	0.22453571985444756	0.24190595356828493
3	107037850	107039100	1.360685208474436	1.286660986328125	1.3553113472230973	0.96477221661192	1.25286220851225	1.5981555617928505
3	107333050	107334450	7.601021320578139	7.596408637965329	6.338857243078575	5.992535028416357	6.757175924397315	6.748894292318416
3	107759650	107760900	0.6552129933437952	0.6536032006540606	0.8986462271905713	0.6635458632498077	0.9683006954417509	1.1648601990699767
3	107827650	107828300	0.17124264103807257	0.07343587143203387	0.986377438639219	0.7427346754303346	2.354167510500321	2.4104512266929334
3	107852700	107853950	1.4859336526686147	1.1826463479423588	2.0707466336158014	1.5999658331437543	1.8518329521403594	1.6060651627063751
3	108199950	108201100	2.322087484068155	2.154169079102709	2.091166342692489	1.8823607794653234	2.0006631280942955	2.1903285287838914
3	108210150	108211100	4.1757810477834	4.032195041054173	3.2022617485962415	3.1842481114362418	3.4676052399999215	4.005270830643805
3	108717650	108718500	0.5129664532787783	0.3063755240318352	0.465417008861242	0.4921037873460187	0.3989427252119186	0.45415316035204073
3	108727250	108727800	0.4587073551253839	0.1919186944988641	0.6154422373121435	0.36567196940833874	0.8430773808197541	0.7409070010076869
3	108795650	108796650	0.8515348295396373	0.5932446439804568	0.8544457351315407	0.6732430580705404	0.8469840287566185	0.6986929695010186
3	108911200	108912250	4.633563059764341	3.688861840360908	3.3894335818254087	3.489122991859913	3.2341167266170183	3.5630505084991455
3	115673100	115674400	1.6252112683942244	1.3635804960567959	1.4980680447713317	1.0642966528158861	0.727557926145614	0.5042450016507736
3	115674650	115676400	0.38248942734716507	0.3920395723834667	0.3369655847681439	0.3252714926127363	0.41514422480446006	0.3940453877210419
3	115691750	115693050	0.7831786804164064	0.6740564757115819	0.8372905174676639	0.6935671758746911	0.6096485405000627	0.5956778451356177
3	115758250	115759800	1.39646074197791	1.1272181864608464	1.4478584426895762	1.2527808667730767	1.3854562190814081	1.1824780311652368
3	115815200	115816300	4.732085021891552	4.750294254168736	3.7478608184545967	4.113923199446076	2.3925145847402156	2.291314876458862
3	115887350	115888200	2.2514907552389536	2.1399697993871043	1.4707612888777957	1.4023517451040886	1.1062919101469657	1.2114713955100844
3	115971500	115973000	0.5693030747854582	0.37339715933691175	0.5001341036899272	0.3131091891693924	0.40408383640463086	0.30822572581394475
3	116007150	116008500	0.7845865912576884	0.6964248371452835	0.6488497395049094	0.4664521014623502	0.4888982531811416	0.5431155445509487
3	116423700	116425400	1.0802340532842125	1.0359376041176356	1.0458017692167798	0.9695876549175776	0.9830400316855488	1.328061728533206
3	121291200	121292200	2.894723391840535	2.5214815264055805	2.3934334488145765	2.693902036603774	2.6326286369860172	3.0071595322191715
3	126661600	126662400	0.8165630916459485	0.852806034986861	0.6284264269727282	0.5905995137616992	0.6328228534851223	0.72430401080288
3	127552800	127553950	6.067750775897653	5.592267123539351	5.022990069289027	4.701948620904571	5.649984164616032	7.236887347957362
3	129725050	129725600	4.9835103086991746	4.4420385588841	3.910121794884855	3.9066641051119024	3.8696416904167696	4.538126227368008
3	130709250	130710000	4.546490621566773	3.9278006120125455	3.6979593966801962	3.323571214278539	3.6399636551539105	4.088458740790685
3	131013450	131014650	1.381126109195012	0.9543727829085455	1.158260949108067	1.0752812221857235	0.9690843050503264	1.1856916641878585
3	131056800	131057950	1.8190786664909204	0.9744659461594614	2.3353213175684004	1.77098785671792	2.738538263289215	2.3506274324137233
3	131112050	131113500	1.047314078444501	1.1479771109338066	1.2100628986294992	0.9111034767206684	1.1791562147314603	1.0095167205002946
3	131117500	131118200	1.6468798384496144	1.8906033244303295	1.7114226123264857	1.7358179656096868	1.3694941366570337	1.361502290708678
3	131207850	131209100	1.4758751628260458	1.4002757777887715	1.5827129739576768	1.2756279548413827	1.6291243316031365	1.4913754344701766
3	132870850	132872250	0.6307295873139085	0.5359770355790981	0.7143632639058725	0.7520670374662973	0.8454828671747896	0.7708554966623754
3	133582750	133583750	0.5492623688482469	0.5067666766489706	0.5162685239161214	0.4124885892122984	0.6262401914000512	0.8036939447522163
3	135402200	135403050	1.628920299480943	1.4305468612646355	1.5177773918167634	1.4898118328506296	1.3769317682876308	1.3719661538653514
3	135437250	135439600	8.465428846990235	7.584767825925849	6.834971217639494	6.5440581938438	6.8680936825726295	7.231101670380809
3	135440000	135441000	1.799184610674458	1.3598490421618186	1.635998130211763	1.4193404523531596	1.63644901779294	1.6346814092546702
3	135527350	135528250	1.662072777201732	0.4218856254426969	1.844487802816762	0.6462728486127324	2.0245837617582745	0.9398421951217784
3	135665500	135666400	2.543973879251215	1.9680606966879632	1.595512713111109	1.3951480656034416	1.5391375430342225	1.208280158539613
3	135825300	135826400	0.8908718181006021	0.7019829130871904	0.7687426792403343	0.6210362158531	0.8776068058115912	1.3055155247720804
3	136669300	136670000	3.675234725901059	3.4489567456075125	3.271043866276741	3.538254150705678	3.3948556930252485	4.46700339615345
3	136940900	136941800	0.6842083644039101	0.5385277461508909	0.8585507809287972	0.8003655469417572	1.107666785882579	1.3266441748539606
3	137864050	137864600	14.822210282412442	12.74807056947188	10.887661603580822	11.095130900469693	12.233775105042891	12.408109522732822
3	137955550	137956000	2.5813726898034415	2.747045645978716	1.6799408331182268	1.8568151876661512	1.803296948671341	1.8593888401985168
3	138143400	138144450	6.254125049081266	6.24712634483607	5.493444621998776	5.369034080987885	5.221741384906428	5.779805891911189
3	138442750	138443150	6.2666825658082965	5.688042632937432	4.954524706602097	5.023698429465294	4.606213489770889	4.738288635611534
3	142765600	142766650	0.49125160124261624	0.4767260467584965	0.31563326204244263	0.2504655436532838	0.315739281000126	0.43425528584058093
3	142882150	142882750	6.843247210582097	6.5316317709287	5.723275631392996	5.494559196109573	4.72123095035553	5.726341512501239
3	144570100	144571250	6.129031200248429	5.634079752964959	5.053953063113299	4.76112314215921	4.8023922826566965	6.2417922159511114
3	145118250	145119000	6.210017568747203	5.761081242640813	5.1988515961964925	4.998461898326874	5.514748042742411	6.744629683017731
3	145575400	145576650	0.7763462441167523	0.7300765214427826	0.6065434040008053	0.6524579039354562	0.7507896535088034	1.3166676681756972
3	145923700	145924550	7.814383395261625	7.466469755768776	6.558669519862708	6.774023694133057	6.174437451257425	6.414501036931487
3	146150250	146151200	0.7712038853450826	0.6856135383169902	0.7495852317935542	0.49477337700755974	0.6188870611786842	0.7478854286905966
3	146499500	146500350	4.773514006207971	4.9626277841539945	3.952277723340427	4.039745839203105	4.061905574518091	5.139949019691524
3	146757600	146758800	0.8161760040508803	0.632078471033163	0.9280145313086049	0.8710713397181344	0.5239145830448936	0.5941529293141017
3	149305200	149306550	0.07576745008444037	0.07014569641656805	0.12507731121065668	0.10579812004499287	0.30989258946936116	0.5588910669033175
3	152912250	152913000	5.262529362360636	4.173278295914332	5.9902419751485185	5.431885897795359	6.087343696435292	5.881206521193186
3	153944450	153944950	4.057737228214741	4.2227337859869	3.384494044959545	3.58482210201025	3.5010970059633255	3.4215566695928574
3	158035900	158036950	2.6256331263495065	2.3340232805172967	2.489110460726029	2.5488972876267315	2.4833977856522513	2.560865965240768
4	3835000	3835950	2.68044334408484	2.397962545658413	2.2499764241356597	2.1679590253767214	2.206926773661061	2.4387648243339437
4	6444950	6446450	1.329690362438079	1.1251376718500607	1.2425875273673765	1.08186342828924	0.8626733666214289	0.8554938604073932
4	8799050	8799750	1.742648789065757	1.6429054078885488	1.3053102690054286	1.3559261707667105	0.7254298258892128	0.6891939809811967
4	8802900	8804900	0.4292777197900803	0.33835442978816643	0.4633292559654482	0.3903410448864593	0.45334082771750056	0.3595238016831937
4	8805150	8806950	0.2976723412015937	0.24381863689871244	0.3401903191350457	0.35002026625251365	0.22113338616186093	0.18936337610697992
4	8810350	8811600	2.5574483789013276	2.192296224575658	2.230043221504457	2.2593937019186154	2.1451938609852514	2.1384742245849373
4	8837000	8838350	1.6785887424692316	1.3908680767845363	1.9765408258724866	1.4519545545963986	1.910401831443427	1.5761462634553511
4	8912650	8913750	0.7345039557291964	0.902211822603455	0.7807545241162924	0.6891336476085789	0.5878808090055468	0.7667346921359951
4	8926350	8927050	1.0952030323232924	1.2661755476253373	1.1179672683562552	1.1096540103427002	0.9092955655923911	1.053209125250578
4	8927750	8929750	0.35888311687164265	0.3515374588078056	0.3605829972850028	0.2778953112651447	0.32067272658061646	0.35748515513715
4	8942900	8943600	0.3269616905307079	0.18184265941381456	0.21152982577326748	0.11575875406871078	0.23513593731181961	0.1149116328092558
4	11007200	11008000	5.222904713153839	5.042148758471012	4.250328005626797	4.196576551124454	3.526034927368164	3.5099835787713527
4	11721450	11721850	5.266747497320175	4.219683481156826	4.433817670941353	4.335664626657962	4.700298125743866	5.0237871286273
4	11768750	11769950	0.25025366606853344	0.221925591108757	0.4347450783944899	0.336555943886439	0.5447087072391135	0.5794144393752019
4	16163950	16164350	10.292625474333763	8.892453044652939	8.881871643066406	7.903630917668343	10.727416263818741	10.874307899475097
4	20218000	20219400	0.014962995691213656	0.015108028232074534	0.015107334065182073	0.029257339303938323	0.0144192008988608	0.027236381943216127
4	21727450	21728550	1.2998157269383301	0.890911092059004	0.8447722071422906	0.9976270824830697	1.1541511156186217	1.0355003364858302
4	26346100	26347450	1.5003936382462333	1.4213218290746	1.370709333641982	1.335005490702277	1.768372987838612	2.4090149824045324
4	32126600	32127500	3.0262137083212535	3.087189793901311	2.8963867453154593	2.8061823767092493	2.8662164684302276	2.6573231461313034
4	32149150	32149800	3.983984149144246	4.042295068869224	3.471665788980631	3.3273606543128307	1.8917103498715622	1.4378666991453903
4	32164100	32165550	2.9749283440094505	2.7410503422242356	2.396541811181088	2.0055442936127523	1.0073715878597818	0.7286706721357585
4	32179600	32180450	3.1078735076877124	2.625324189189602	2.4870791151988154	2.1011750955792032	2.1632193350353663	1.9746048595712464
4	32248250	32251550	4.840864645751924	4.320575741351175	3.815108300858811	3.0589894809144917	2.493734603907356	2.155489532688014
4	32343100	32344400	2.5781455636793567	1.9672402000663889	2.073737099578895	1.3697094777580743	1.1649842678475704	0.6457999758708936
4	32587850	32588600	2.234470314860344	1.6152508714993794	1.7281698306401572	1.43216241645813	1.1039917152325311	0.9403294444878896
4	34777850	34778900	0.9981964904152303	0.9841607716066195	1.0386324911857687	0.967011553067503	0.752753753911125	0.7669307930304662
4	35225300	35226650	4.066341501962897	4.1397601348781246	2.9769405639428803	3.1667637079198214	2.3614154714281006	2.8482288078025535
4	40142650	40143350	6.722020128369332	6.199408808435712	5.334362700709275	5.186381292811462	4.8771911705817494	5.269759328237602
4	40239550	40240550	0.6725556123795049	0.7960761120473184	0.42765449330114547	0.5152748064398766	0.35847573877871036	0.34352234373241664
4	40720800	40722000	0.8980594280201902	0.5892972442155243	0.8461328370069917	0.5585035067014019	0.8873214855381085	0.36626629999528326
4	40722050	40722450	7.109929744005203	6.549409725517035	6.817308004871011	6.862613762766123	6.876949655264616	6.858522325158119
4	40780950	40782650	3.3477635444771408	2.990775790712186	3.5613772514241924	3.2156296960723787	3.1953403388587662	3.1026229208385185
4	40833450	40834650	1.2632498411978443	0.9110976942059814	1.1517169952648945	0.8241712373675721	1.039005863783406	1.0964883334065476
4	40837550	40838450	0.3654725128412247	0.394871769597133	0.2331000727456477	0.2581167770425479	0.15338832952082157	0.13173544715262123
4	40852950	40854800	5.066218452486872	4.403517947209433	4.635431620823162	4.433159077524846	4.672225480125136	4.594282596475445
4	40970900	40971300	4.786592510342598	4.506434380412101	3.6638534528017046	3.8135972693562508	3.0560049962997438	2.79008547604084
4	41348200	41349250	1.3861155602239794	1.2593236040373186	1.0460974443965976	1.1973214994158063	0.9979410611205932	1.0664199962712233
4	41464200	41465550	4.308100354519239	3.9741587575469777	3.816482855925905	4.061701499770905	3.414467742152323	3.27303563490234
4	43000350	43000950	7.319214915310343	6.605106393744548	6.560705114305019	6.45052844149371	5.9888944935053585	5.125615182345112
4	43009500	43010650	0.24317612508186565	0.22299988951259184	0.2269727244145412	0.17487005147431864	0.18754065673585302	0.1963465502453239
4	43456300	43457600	2.267717245968045	1.6821475435427342	1.814924494143307	1.5411691473354185	1.5440367761240825	1.5716185327905876
4	43477950	43479750	1.0593169308094488	1.0737506948469646	1.1282855118237414	0.925599529863608	1.1317934919013193	0.990992615689519
4	43482000	43482750	0.6616641311645508	0.7685698776841163	0.876315223077933	0.8644313841064771	0.8483679931163788	0.7240513286292553
4	43562250	43563250	2.399808648201727	1.8250931240820116	1.802009001701109	1.937684872686863	1.6990287794172765	1.71716090952605
4	43656450	43656900	4.676737231678433	4.575065763195355	3.8399665319257315	3.8632075553470187	2.603627052836948	3.0310879143741394
4	43936500	43937800	1.6476205747003294	1.4204181525370028	1.3745766635923173	1.0222456752892697	0.6547206027691181	0.6084236217462099
4	44021650	44022900	1.688027147871448	1.4736783378108855	1.4139742591365692	1.0453985362081817	1.0977042133106905	1.0057629294633865
4	44044750	44045500	2.2873305105566977	1.6891807020107905	1.559966293171048	1.15620953440254	0.5366441704680522	0.43132461568216485
4	44270750	44271650	0.7458030608296394	0.6649081463283962	0.5870014701121383	0.5342426574064626	0.6683939886755413	0.542295588379105
4	44755600	44756900	2.272963573376496	2.0378389389358853	1.8144187711055786	1.7764617818048662	1.4474647717598157	1.4268884454408417
4	45012200	45013350	10.222537341552563	9.452501227123372	8.643593721309516	8.672854169913432	7.29947922099277	8.197447342367276
4	46404150	46404700	2.9237771476398815	2.1034712224656884	1.9369539240815423	1.5210966232148084	1.0905631931261583	0.6111452694101767
4	46557850	46559200	0.03736476128747547	0.024972427679024595	0.0370434810731947	0.028701365196489415	0.04566060128986099	0.05516168243965612
4	47474050	47474800	4.475191961050034	4.165650643587113	3.568955650647481	3.4135329965750376	3.019918825427691	3.1054337390263878
4	48042800	48043800	9.046880910565777	9.62615823216592	7.755858399668047	8.503305549204349	7.4448352419734	8.284661508381367
4	48073350	48075550	0.9102968858693703	0.9072933366012014	0.7501719082415629	0.8369820566807896	0.8134653497379732	0.7596771790260493
4	48124300	48125650	0.7997074121709921	0.7134020276749256	0.5947920630053893	0.6407158960316031	0.5097485123325879	0.5702411139508089
4	53011750	53012500	3.447616103251775	3.396538393219312	2.8147387536764144	2.96005179977417	3.072981384674708	3.433949329694112
4	55349300	55349800	4.549577167570591	4.477534575283527	3.8535449890196323	4.023557883679866	4.216894897639752	4.335323063790798
4	55489250	55490000	0.40182170461502587	0.5292501960073909	0.5396295754335522	0.6109811711330232	0.2639674950738748	0.4325854540069898
4	57305950	57306850	1.9490446557270156	0.5466477879799074	2.1939947203795116	1.1127253861890898	2.2467035727037326	1.421869644406769
4	57956100	57957000	4.2524383849898975	4.307857721613513	3.5172997460100386	3.643519199954139	3.225014189150598	3.5664342996146945
4	59204500	59205550	1.3572446971371792	1.238009299235776	1.127421594669559	1.0163115615362213	1.2602520417883283	0.9167350575753621
4	59231350	59232050	1.3512533537192004	0.7392334955717836	1.3202888546671185	1.0013072481964316	1.8137708383372853	1.4208156490751676
4	59260800	59261750	3.566738725649683	2.9060611659602116	3.71296557439001	2.80164152951617	2.4022231711839375	1.9802972563630656
4	59263850	59266050	2.3494437442287324	1.9973030574580444	1.9530144610223181	1.5593793622846464	1.380975264212027	0.9963801700620084
4	59330650	59332350	2.214063718368704	2.1660710072019747	2.280110862232476	1.7374871308558377	1.9003404115228093	1.4319287355164658
4	62360150	62361100	4.970900572107026	4.54276607176191	4.185332002514287	4.263805184427061	3.66754694099489	3.491042835524208
4	62408000	62408850	2.913018401475514	2.668606893998735	2.31115516964127	2.4923714502068126	1.959450409254607	2.006916395776412
4	62480350	62481800	0.9648686114725997	0.7618514312918114	1.0692546664992217	0.8871297563255892	0.9505341233084083	0.8003357082608444
4	62525100	62525400	8.17334763209025	7.86177605787913	6.710214943091074	6.182067696253458	6.346898618539174	5.966209423542023
4	62661100	62662100	0.9413865421800671	0.5981691215115209	1.3352834954953965	0.9060339857637882	0.839860545039177	0.5458322898820043
4	62684800	62685750	0.7345470940125616	0.6121657272722376	0.7396314797197517	0.6696116856681673	0.5977746097351375	0.5071935893673646
4	62756750	62757150	0.8276205188035965	1.2957909721136094	0.7081571707874537	0.8981644515693188	0.7483566680550575	0.8900742467492819
4	62781150	62781550	0.21230487134307624	0.2624447784945369	0.3608261882327497	0.5017464167997241	0.6827848694473505	1.0706997156888247
4	63399200	63400100	3.4521668579843308	3.331451604233848	3.2011602382030753	3.1431354889439214	2.8473271928893196	2.55440872396032
4	63400650	63401850	2.4492393449557723	2.4078112961143576	2.5233733371509017	2.330514622240355	1.5298098360557182	1.5334399086609483
4	63403500	63404650	0.873968493660904	0.9714940931151659	0.9189730839241103	1.0206099064642262	0.7624110966753167	0.585638569554557
4	63409400	63410850	2.889124418010436	2.8674036309875555	2.4919564987369323	2.3856282022481055	2.34771938421197	2.4279854704880584
4	75277500	75279550	1.4881379556767882	1.2671519341682658	1.3939622881129252	1.2374673448803684	1.8825239665744296	3.033414404096079
4	83314700	83315600	0.8667314236031638	0.9024787387251854	0.8057869973778725	0.7437659089763959	0.8058088924487432	0.864387930366728
4	83327400	83328800	1.2222451789258264	1.580608043890395	1.3105647921232582	1.364613665378455	0.7137062054455444	0.8485119739481778
4	83525050	83526400	2.146425756650444	2.138977003126043	1.963801160912645	1.913040149783536	1.8647292021884379	2.1491572447755822
4	86712600	86714300	1.7647857667010922	1.416601852122023	2.055835125396555	1.7206098107390653	1.20234316888565	0.8002530293914752
4	86747650	86748800	1.8762482183629567	1.7272998235820058	1.72530538476193	1.5390617689797548	1.0881809032481649	1.1094533406048883
4	88010300	88011200	0.5948634916750921	0.5090211156341765	0.6473808698273368	0.62329832105173	0.33843471844991047	0.3462802574576603
4	88722000	88722800	2.5761876764707266	2.543379138093442	2.1038910551799925	1.8498636543005704	2.3089644526690245	2.180271270619705
4	89001200	89001900	0.20315600669973746	0.16764377644019468	0.19729705990159085	0.18812991405599627	0.3506543302536011	0.5239640843974692
4	97831100	97832350	0.12670437695844702	0.13867174557376968	0.1515950572296693	0.12617271521555842	0.2967073158967527	0.32520831216573715
4	97860300	97861900	0.4686491986820775	0.5417465122530561	0.5386659962275336	0.5884192078649078	0.5325779078791247	0.7213092808390773
4	98922850	98923600	11.676970040480295	10.313140498399735	10.046234220822653	9.941375422557195	9.476701578934987	10.080669385433197
4	101187000	101187750	2.5707377051909766	2.701216482480367	2.300063528140386	2.169498724838098	1.8934138301610948	1.3772990733136734
4	101292550	101293350	0.8516892099380493	0.7542212105542422	0.8821288159117102	0.6793714851886034	0.7615319213457405	0.8552869373932481
4	102505900	102507800	0.9497226632187848	0.9401349638111524	0.9028040985988234	0.7847160928814649	0.9016431558095265	0.9453381717394732
4	103114350	103115150	4.947055595722049	4.625208453722298	4.228749571461231	3.8051976701803505	4.145105509720743	4.133229409232736
4	106650900	106651400	3.9161711008548736	4.007582610845565	3.590985887169838	3.5905214386582376	2.5251766858100892	2.601100463449955
4	106787100	106788600	0.6315816683504162	0.6158126036531182	0.5774431017411744	0.4729056272322601	0.4900311731830899	0.4583544556993354
4	106793850	106795300	1.1397468084700249	1.1261136082560415	1.083542354292444	1.0205513170679634	0.6394348639843964	0.4986911926201744
4	106827500	106828300	2.6507710749283433	2.9622216242179276	2.3915566978882996	2.4699325603060425	2.436322071477771	2.5016858566179874
4	107066750	107067950	1.6806994728794413	1.7027959495311549	2.1089036958332557	1.6817640360076909	1.47220235540002	1.7760121840642145
4	107178050	107179900	2.6548432432804923	2.7455322354673406	2.4416420696794003	2.4356255920287504	1.9218263819031949	1.720162395139223
4	107196700	107197550	0.068825656898758	0.0626428672771265	0.0731587330989162	0.0687679550226997	0.10861895558588645	0.06275902367105671
4	107209350	107210700	0.127495916157811	0.08626123316498184	0.2138127352173555	0.14968255006506126	0.14982833571423632	0.1627421596174215
4	107879150	107880450	1.2825202422786883	1.29072305863254	1.1559902350847813	1.2533258224081771	1.0790724717869478	1.2013408820101847
4	108070800	108071700	1.8229883278740777	1.8735490933805705	1.808028450804866	1.9225542023281257	1.205461093104548	1.3874138106488518
4	108327350	108328700	3.116548780124532	3.26369211736973	2.8811086380932	2.637589953030504	2.6033448052042707	2.723218925683587
4	108349500	108350650	0.5379723847852829	0.5199768529092043	0.644977211349183	0.6156949443490051	0.4752268190702671	0.6363934292935807
4	108578350	108580050	1.9112314941625215	1.6885974915249298	1.6862459064118096	1.8299129649971335	1.2992515279466499	1.2956030878387952
4	108825950	108826650	0.25676971403670246	0.16844974313995667	0.14781779084412733	0.09477167971657985	0.30605784911130157	0.6460912331646043
4	108832800	108834850	1.5614663842304028	1.4238558363449867	1.3376932497047047	1.2607517003501068	1.2222352066922564	1.2908568230206505
4	108847300	108848600	0.6957354110332719	0.5326130276602907	0.5690113356529396	0.5738919483725754	0.6447209586870617	0.7623769720672415
4	109000150	109001150	6.218958814067226	5.2791136507218885	5.088971912753197	5.302685918420553	5.262214205563068	5.778484121799469
4	109201550	109202300	2.6428625521262488	2.550679511388143	1.9705285070737204	1.852202361146609	1.6213907574216524	1.9161614471673964
4	114999200	115001050	2.1253991328146826	1.9310798821604602	1.8052837317073067	1.9541803630453707	1.8557431184675734	1.972361348819636
4	115827000	115828700	0.3215863175091948	0.29294607817222823	0.2981557814094205	0.27949874912357586	0.3766309700064935	0.5424724230524942
4	116052650	116054000	1.8795028594574192	1.9289575321101802	1.5364394921242408	1.6717804272049772	1.603075204342279	2.688436304838569
4	116220700	116222100	5.249911887387527	4.769255700968378	4.480833796927456	4.0192024388870635	4.930486116289091	5.451056073179276
4	116556850	116558200	3.523937698829131	3.1945222133148814	3.112581821200098	2.570982102587836	2.7747858780921155	3.7617261235360746
4	116720550	116721300	5.705282862226168	5.83320845413208	5.014914325555166	5.317548673868179	4.485332312345505	4.679670699516932
4	117124200	117125100	3.618882394499249	3.2496665158867835	3.6089844719568887	3.554175770216518	3.913002711137136	3.9780693523089092
4	117125750	117126350	2.3482549502452215	2.218606119006872	2.5237545261780423	2.579207718918721	2.2645593133072057	2.7164092652996383
4	117134050	117134650	4.0674827009439465	4.217551352381706	3.7489465394367776	3.4472823706269264	2.584136795749267	2.4499650440985956
4	117182150	117182700	1.5927427551963114	1.5963953366604717	1.6135857291655107	1.449675490205938	1.8787692119858481	1.8931781869584863
4	118134850	118135750	1.3182072500760356	1.558432137748476	1.2270262403400998	1.2949742696517044	1.5078797092702654	1.579537216896812
4	118179400	118180550	6.324029577236523	5.9520724095903645	5.401124168384983	5.113798957521725	4.637927497805232	5.473933348863021
4	119125650	119127850	1.4258123632749853	1.3907845830777523	1.5308566289493417	1.4232848478480147	0.983747994887	1.0756330748995564
4	119294350	119295100	5.52783138914903	4.851490651587645	4.88980962852637	4.879095680077871	4.815590325752894	4.808298289497693
4	119897100	119897850	0.1633372183740139	0.07591605991305792	0.21026655266493235	0.13907761243979136	0.3060138901869456	0.3579423982699712
4	120569700	120570650	3.9039126460175764	3.7271067368984223	3.005894713778245	3.094289260475259	3.095559366941452	3.8451353877469114
4	120974750	120975850	4.295217595254222	3.6245580549044347	4.1530771471957655	2.99422927930007	4.150440570963895	3.8922262280095707
4	121196000	121197650	1.1596602257973976	0.8411521281058721	1.19276157902825	0.9072605952120809	0.7623292396099689	0.726605263788967
4	122885900	122886550	7.377462051098163	6.479193528615512	6.641388959517846	5.750765275038206	6.490348489101116	5.770079981730534
4	122955250	122955650	2.5277185627818106	2.6022742345929144	2.0240476062893866	2.22298554122448	2.1106830294430257	2.5330071057379246
4	124752100	124753250	0.879814412142418	0.7588664216981864	0.7034747553874868	0.6764594579905232	0.831373628277303	0.9358552258364532
4	125127250	125128000	8.12612999510765	7.64624853459994	6.344272062381108	6.375398275057475	5.393723115762075	5.941666790485382
4	126110750	126111400	3.0774697162554814	3.126336520910263	2.4553396261655367	2.601316201044963	2.320892452139121	2.352526805675947
4	126253450	126254700	0.7151984307689051	0.671529258432696	0.6865419824210349	0.6535900269363866	0.9399548971189664	0.7835704886525869
4	126255650	126257100	1.9216387306145486	1.7291327913770156	1.6260976195945358	1.5066871854329684	1.4529883096667862	1.4139018160644876
4	126259300	126260300	0.7639936916905065	0.833954792914852	0.8396610586143309	0.7025341082662344	1.0390906963646411	1.0946951122432946
4	126753100	126754050	5.06527361254943	4.3693814598259175	4.368137252581747	4.045997689021261	4.417162472825301	4.739515624485517
4	127021000	127021650	7.288025313707498	6.564943156700868	6.484313796300154	6.007866320243249	5.7076738805954275	5.105137247213951
4	129032450	129033800	2.6133855456918513	2.7654824916607166	1.9703713799662343	2.227396437690983	1.4212422261622477	1.5551340099617288
4	129034400	129035950	1.5968691666193235	1.507056684394781	1.3893702661035956	1.3107663743356401	1.023377263541466	0.8055185797978235
4	129364500	129365850	0.29905056662299234	0.29604079270448314	0.3855963447064618	0.29976559950446435	0.2745780679379801	0.30465279255200317
4	129461250	129461750	9.566548697948456	8.888287710905075	8.521670929431915	9.114484858989716	8.161526203274727	7.654113915324211
4	129558200	129558850	3.999430605677458	3.637252397628931	3.1088152496631327	3.045397595671507	2.636184583214613	2.1185465777149566
4	129573100	129574100	2.088924949307595	1.8920915041277486	1.8712705289163896	1.785675113171339	1.740671216249466	1.2617815800458192
4	129574650	129575900	3.714439701615611	3.3098950304339008	3.4945642816358995	3.0701167701489998	2.035439189787472	2.073796065620297
4	129640400	129641550	2.3917264066616526	2.541644417911112	2.1482013613209756	2.11153038662275	1.782787137570362	2.27324934762077
4	129731200	129732800	0.3570808040547499	0.3427548257573958	0.27025682702428944	0.22076593335294412	0.15928816183348615	0.12314923471955225
4	129760850	129762200	0.508365919106442	0.44315175452225336	0.5443157068942318	0.5267008713684115	0.3922680345547745	0.39914505324978267
4	129793200	129794250	3.898727748046089	3.8046684660083865	3.7283745308332548	4.499188959995905	3.777308204088892	3.2953841551251353
4	129811000	129812250	3.4444937261766007	3.2359251565256426	2.6672450533959173	3.2140258047739665	2.5594435344022863	2.967965167403221
4	129818850	129820300	3.9176987260812117	3.728614230426453	3.8736756386931934	3.087625222500091	3.4466629655946344	3.021478761712742
4	130899000	130900900	2.5916483320242683	1.9179728366482642	2.5080415486156027	2.046900012422625	2.0462149671209118	1.4856252682311153
4	130904750	130905950	0.7792276993938672	0.6807796705153681	0.5814493087030226	0.49773824358246344	0.36845056929424697	0.2756488673823575
4	130909450	130911350	0.7363596284652607	0.6712497525708987	0.6232306974245859	0.5454752875819351	0.651810497724604	0.4695132462864552
4	130913850	130915250	2.6065778135264526	2.1809928274813886	2.8633466303073862	1.9964016330603396	2.127150769514196	1.4246465691854786
4	130915300	130916100	0.710926691479981	0.5859823731519281	0.6264617159962654	0.47610257094725966	0.5660978004336357	0.32657192452810707
4	132040150	132040800	2.2744079721890964	2.236497244651501	2.1533374742361215	1.942579660644898	1.458557475071687	1.3695604979074918
4	132510200	132511050	3.022397085095153	2.781659690054024	2.766720381563201	2.7391356880699886	2.3347058675306687	2.1635931997351787
4	132746950	132748550	0.7958436767132051	0.7303579388030113	0.7621372580816669	0.8510455773815964	0.9392379928336425	0.8704515085941137
4	132945250	132946950	2.1307879799728826	1.9314130662559785	1.758109881240005	1.7658877184386772	1.8070011927264784	2.0539900618212656
4	132971850	132972300	0.6168311080005434	0.5823796042468813	0.6439881746305359	0.5084975011812316	0.19844024231036503	0.25945954461892445
4	132976550	132977350	0.8883821351313963	0.7610275121964514	0.9804275803640485	0.7741954282671213	0.721752886949107	0.6496785860112868
4	133050900	133051750	0.7581751947762335	0.673827937983853	0.9649365424956469	0.8294060171001097	1.0300397641956807	0.8135223713604843
4	133129850	133130450	4.380559016168117	3.8333146782716114	3.336877687772115	2.9153509880105655	2.340091944038868	2.091078477402528
4	133584000	133584850	1.2640644192169694	1.2300794964152224	0.988596080366303	0.9651704471602159	0.9071033365586225	0.7706675547361374
4	133622250	133623050	4.966296077817678	4.711853381879628	4.445267024636268	3.7869612655974922	3.6065842900797724	2.4493307254463432
4	133625600	133626450	3.3763253022642696	2.911816299452501	3.500214155772153	2.7921694150391745	2.7068570522525732	1.91190395048436
4	133671950	133673500	3.2382924220217126	2.84335248055989	3.0092063370703657	2.4173227241195425	2.0800709111685998	1.6482978922678668
4	133756950	133757950	2.0526463931604737	1.7215206958401585	1.5198104398788943	1.4233488405495882	1.3691605543270706	1.4042623459026218
4	133812700	133814150	5.423017796483533	5.063048794187348	4.346506225959345	3.7502144763013785	3.883858384776551	4.151751024688582
4	133840950	133841800	1.5297230186883142	1.2862971907174763	1.3886121505674194	1.1644642727865893	1.0417277308597284	0.8324079878628254
4	133842900	133843550	1.3107335943442124	1.3376350991084025	1.1877914728797399	1.1488775139817824	0.6891268749420459	0.6013313753788287
4	133844250	133845400	0.3204555816168872	0.2711591947964833	0.40011938573936257	0.3264430626578953	0.38346768779935997	0.3069375163996997
4	133910400	133911300	6.3700004793206855	5.544373274710443	5.171259153352843	4.453780117664072	4.332777213818497	3.594109564622243
4	134096900	134097650	3.5599021238883335	3.890100646495819	3.077521565993627	3.0395435080925624	1.8578468225399654	1.3174125460187593
4	134116700	134118900	1.51114992115155	1.3383697584437486	1.7442790166373827	1.3572729630378324	1.3225471332621448	1.0219430237139004
4	134128100	134129650	0.9993296326707727	0.868866842708528	1.0137775173246797	0.8766894673695195	1.121490668345674	1.1557093973868071
4	134186650	134187350	7.29294911550624	6.6347118423240525	6.152095950501305	6.200573042609862	5.582228289949042	5.35786905752761
4	134494950	134496200	2.868746366045552	2.4546050206338204	2.724201292354922	2.437098145624759	2.0315830827376424	1.6664952426105737
4	134733900	134735100	1.361656313553321	0.8896257615695059	1.5825852757920813	0.843773528807091	1.5576666483867403	1.2703635092933352
4	134853300	134854500	6.753030222410796	7.0170848774653605	5.97215814569945	6.114379547048314	6.070856514164046	7.318414674966285
4	135066950	135068400	1.356466925496917	1.338006996625788	1.7800789873220766	1.3504036914643256	1.9243813885733274	1.8816822235547932
4	135076000	135078100	0.6843737127301146	0.8036358114321661	0.7339099096922281	0.7820286512718917	0.5342878317098324	0.5550049549110176
4	135079650	135080450	2.9534534004703166	3.2362288529984653	2.3337272067181765	2.3495256896317005	2.619680210389197	3.6491338790766896
4	135098300	135099400	1.3578542740393942	1.363213579731603	1.0375938336380766	0.8502141783322842	1.1986803595904998	1.1070437427813355
4	135119750	135120950	5.210094917769073	4.875597620010376	4.205334217702188	4.706742127808657	3.687408046348422	4.374529806151986
4	135159150	135160550	0.551376796378518	0.5880524891752251	0.5619063021130339	0.6256405124003752	0.6917849871479649	0.9403089217494726
4	135168950	135169600	1.5344478243589401	1.1404827029888447	1.7336627412300842	1.6323428114790184	1.8643580059363292	1.5919688935463245
4	135272200	135273400	5.059410036507473	4.822077798740838	4.486569013698126	4.6313831918889825	4.397512195998547	4.278360284467539
4	135285550	135286250	0.12472918269623604	0.08618357234368366	0.19770187047709312	0.1707306883593158	0.44571792507810254	0.4027587932082159
4	135353200	135353900	9.59803950548172	8.19042149926935	7.796324379912445	7.151106783875397	6.649248771156583	6.492220458175455
4	135876400	135876750	5.872464800732477	6.398955390793937	5.118752655131476	5.818120059115546	5.052816984823772	5.6103808765751975
4	136100200	136100850	0.7013776710858712	0.8456329101782579	0.4169994627053921	0.4489639929624704	0.11686205435830813	0.1762203561801177
4	136172850	136173650	0.26457029093056916	0.22733075877651573	0.186564878243953	0.1825231114961207	0.1696238429332152	0.17189545454457403
4	136177050	136178850	0.648479533879133	0.6073864368811303	0.6830181689587118	0.5654831831864636	0.5846175348213295	0.5601186821688668
4	136266850	136267250	0.4549444604688324	0.48834896882995965	0.4280398094592846	0.42572539642453194	0.43297253514640033	0.3972480267472565
4	137367100	137368600	1.1581733021120872	1.1656153362643333	1.0860183347989154	0.9735481170296	1.1651634019402897	1.0792936221647573
4	137388450	137389600	0.699707525435203	0.6959432989016155	0.7679430615140989	0.6572050274156614	0.7275264926757955	0.7836061649212566
4	137593050	137594600	3.8369630433071666	3.6518466643661913	3.3049903473831734	3.210724900270401	2.8709109625765654	2.9907485418756123
4	137853650	137854650	0.5122887663371934	0.6349348621223775	0.7727156632915658	0.7297262790642287	0.43491182394698263	0.4125746850308532
4	139191950	139193200	4.419592971383372	4.071877952181909	3.9419832964743335	3.6828908603668213	3.5394508742164166	4.176192156962193
4	139199300	139200550	1.023144169247535	0.7214616756316153	1.0464063593710622	0.865258948655562	0.9222776016010957	0.5931322180747985
4	139574150	139574850	9.037177504897118	8.697309337854385	7.767465960979462	8.534959498814175	8.783042846918105	8.31637752694743
4	139598400	139599500	0.8492170250170941	0.8909705898698824	0.6793025128493072	0.7236266349829096	0.8573561117164592	1.0174676853892477
4	139622750	139623400	5.370929580926895	5.080033597831543	4.474316391004966	4.311479557225337	4.339802103541218	3.9998745916439935
4	140944750	140946200	2.4286259993403587	2.05263175770226	2.5007557299723215	2.2240869361056306	2.7205242973892494	2.583803923147243
4	140947550	140949000	2.936908696803686	2.343373361912134	3.1568728935784836	2.3474552152846924	2.2124718434138426	1.64586545329366
4	140960400	140961650	2.112961214524832	1.8517410232543945	1.8164698532945827	1.8560118070335887	1.4407522840668174	1.6857850902840494
4	140983250	140984150	0.5659500073062049	0.42945197084090775	0.6063120870126618	0.5267129644197004	0.331657499704096	0.22435868605971337
4	141139250	141139850	3.6176616668701174	3.8491028775274754	3.192285324980815	2.8324221218129	2.9266170286635558	2.9610410518944263
4	141425600	141426200	2.012916608850161	2.288670144279798	1.4948162049551805	1.816002226769924	1.263626583814621	1.649882634530465
4	141538750	141539250	1.7271006424725055	1.6482359294891358	1.7035714786946774	1.5823047031760216	1.481687847852707	1.3164956615418195
4	141793050	141793950	2.7560820243424837	2.6226476460032995	2.382633220023579	2.3081553016106287	2.352140092005332	2.5422066910068195
4	143161500	143162300	4.944622499532998	4.439995068344287	4.009719700952992	4.0003914322704075	4.001868754662573	4.8514090617746115
4	145210600	145211850	0.9476345843899633	0.9223373771421371	0.9361721183530746	0.7561567084919323	1.0978427273021025	1.1954799227952957
4	145220550	145222350	1.5843180231894216	1.4385535181209606	1.6416467113563236	1.263887670128434	1.5465426471186619	1.6209441795028765
4	145235900	145236850	6.05918091581056	5.258502682133725	4.867192641504501	5.029646240661019	2.891019017021907	2.3998556985980586
4	145240300	145241350	4.106183130437144	3.5287092346273443	3.9652836447157616	4.040033162151064	3.7738340564994584	4.206675248628571
4	145274600	145275400	2.6403400191431867	2.5560569555824624	2.3431479363073593	2.3677618479542435	2.4277427298063414	2.9213111785613
4	145300000	145301100	0.9632718231111678	0.8361833315930408	0.7667143918132502	0.6656678418442357	0.7879307485519246	0.7147088598256761
4	147868100	147868850	4.822664292762677	4.106117978592714	4.227338764826457	4.284376494626204	4.323221739848455	4.880219267805417
4	148033750	148034400	0.8400108318145458	0.5127128081826063	0.7870248656089489	0.6671810146707755	0.9233609901024745	0.906956714781431
4	148038450	148039300	8.824202220299664	8.245185461184558	7.6221545112834255	7.109101243685274	6.568538933361278	6.718349445427165
4	148139850	148141100	2.938975166370023	2.721772599581224	2.42184478690855	2.163099440326113	2.7010121615241554	3.6922230708122252
4	149541800	149542650	0.2093909765867626	0.2256280313125428	0.23882063051335245	0.19252282356398606	0.27669589177650566	0.36247799556044974
4	150001100	150001850	1.0569646804332733	0.8713129172921181	1.0403096093436082	0.905343071103096	1.1169691436489424	1.1180976880192757
4	150236850	150238000	2.7857455212136975	2.3100461579439187	2.365276408904398	1.8969010112973546	2.212870670230797	2.815921204349269
4	150238550	150240350	0.6715260289551344	0.5477291596453188	0.6603162738841067	0.6516377811755836	0.7196637719441084	0.9636436728544014
4	150269000	150269750	0.23381068560853602	0.252160423801591	0.23395894570524495	0.21656121043364207	0.23013038097818692	0.33507669713596505
4	150808150	150809250	1.3116481613763267	0.9719590144354127	1.213089967431211	1.0146325094837787	1.2530257393842075	1.275664122213017
4	150915300	150915950	4.9236377771428	4.021766575345627	4.475108325538727	3.78150610433175	2.7174868089189896	2.598375427837555
4	150920750	150921950	0.8562085685592696	0.656377719845823	0.9507554681903573	0.6897942151535641	0.6299354743957519	0.5755264844277788
4	150924050	150925550	3.0327614356215284	1.9310064308822796	2.815732605021487	2.2359749482472737	2.5493931616988834	2.005900367263676
4	150964750	150965350	3.4985591491063435	3.2855296238263447	3.110004798769951	2.5261524713039396	2.8850411967436473	2.8830316603183745
4	151005450	151006550	1.5895418757673316	1.4352430018193103	1.652666163886857	1.6719020467122976	1.0616198732253703	0.8656875492429191
4	151861700	151862750	14.733728942167923	13.564415731356807	11.544983997725854	14.31347013530277	14.462950461819059	14.74244937488011
4	151996050	151997250	4.148497155500413	3.909301785551092	3.1626416627053295	3.5606283387752495	2.8878112724364975	3.751669321215401
4	152008350	152009950	2.0111469961174073	2.061766693438253	1.73925164977389	1.8566598687749922	1.7632515703930574	1.9697415942369505
4	152197500	152198250	2.955855010906855	2.8031024103760718	2.6124550920327505	2.5824350847800575	1.5324536054134368	1.3350921670595806
4	152325050	152326650	1.6317190531334957	1.4463067847709201	1.4144299791927242	1.4365546727298117	1.3787748644572448	1.362430837285095
4	152446000	152446850	1.0433294267799047	0.8111617642904029	1.522203126015032	1.128613455348155	2.7230743819475176	2.312078142060953
4	155162400	155163600	0.9655124008463273	1.1980359777840235	0.7687290147555771	0.9724019396846945	0.45069933620738045	0.6566183411578337
4	155199650	155201400	2.4774225109353414	2.1271019634695096	1.8454871242877982	1.8756794357595312	0.9627150740583404	1.1398108587655242
4	155223150	155223900	8.95694912058115	8.330478944222133	7.597120045701662	8.006917056798935	6.772274526317914	6.409898792823156
4	155249450	155250250	1.748069733977318	1.9021092151105403	1.5374810257554055	1.635301076695323	1.6657233502715827	2.1319721779227256
4	155601050	155602450	4.079856621703293	3.6888282297173958	3.5692205372713675	3.070012458782175	2.9938266149889525	3.1791799017915694
4	155668950	155669550	6.066172352532546	5.554650033315022	4.937636637787024	4.514355817486843	4.45113481660684	4.398348102271557
4	155704750	155705800	5.039186538485338	3.943618663899177	3.8856165380521857	3.924823805718195	4.065033552476338	4.29300496169499
4	155841050	155841900	1.3323696543232484	1.334967093029443	1.234619669852888	1.2419081820211102	1.0204213962923079	1.0044817462212898
4	155868950	155869850	1.8842883374790351	1.9474763425853516	1.8398068936665852	1.7347282142771614	1.4113832513988018	1.5640634740557935
4	155992450	155993750	7.062899338506884	6.627207886811817	5.826266871137595	5.283135374531601	5.013675236011522	6.136340290823808
4	156021850	156022750	4.553499109447002	4.632781865331862	3.9355313076906735	3.668023004035155	1.0305239749948183	0.8563886742045482
5	3152000	3152750	0.953720949848493	0.8006367043455441	0.8298669624328613	0.7282470445434253	0.9935403280059496	0.9086098568141461
5	3300850	3301700	0.7408905147985592	0.8593070419176536	1.0747013105495888	1.188847508500604	1.7846730648463263	1.911499119102955
5	3355500	3356550	0.6566233900468653	0.779815812411213	0.41883712581042687	0.4617929079561006	0.388933881826344	0.48715419613179706
5	3494250	3495000	0.8278320507009824	0.9128440308570862	0.7571715325713158	0.7673450919588407	0.6857771815657616	0.7163431145747503
5	3803150	3804000	1.0185608684666017	0.8929417460104998	0.8410912424501251	0.7316833508014678	0.7352095756635947	0.7736002727817086
5	8675300	8676200	1.263411001033253	1.2473175930314593	1.3811505688726902	1.1273338308599261	1.7581328263878822	1.5239731781846948
5	20881900	20882950	4.720689711036038	4.343869487129599	3.9225850246469003	4.3893614457760535	3.8739579931185357	3.9387011515810375
5	20955000	20956050	0.8025024778831938	0.790119686361099	0.6830038488588758	0.7129215311862174	0.39279284318642954	0.4422634080368674
5	21055800	21056650	3.4855652121761267	3.199867464900017	3.4227481195944196	3.3627527988658232	3.1622325273997642	2.8741121779995806
5	21248700	21249850	0.35873097036786444	0.36688320674065417	0.5733459293978915	0.4517844217725108	0.656217684538468	0.5895065322307789
5	21255250	21256350	1.4496577941077895	1.3823597722878553	1.2963210305580295	1.3364943948987429	1.7119980740419682	1.850412702458826
5	21370150	21371250	0.45809516744529744	0.3517821444452663	0.47447651756471526	0.2913193434911013	0.3020309023110362	0.2910562899131311
5	21410800	21412100	1.63343377375181	1.3892135625370647	1.7268385819465886	1.3548160714814157	1.4282660253015578	1.2236412401253787
5	22549000	22550650	1.0115034075705915	0.8103781409842262	0.8692980650046936	0.8979971937389901	0.8292239258888571	1.059218798519536
5	23386400	23387600	4.556665110509998	4.437260850732044	3.8464887539139183	4.042884529900621	2.9874223168924745	2.968080058490659
5	23415550	23416550	2.253462238655583	2.10086726257878	1.8915470023204468	1.6507479262202978	2.284015738643706	2.4091057082265617
5	23418200	23419200	4.514731147273894	3.4856074295966857	4.130932971954346	3.645978435173631	3.955229621633887	3.2610883449167014
5	23432450	23434650	9.895343383218535	9.056711968564567	8.641688086210458	7.7116715363431565	7.494975080439112	8.46249575326609
5	23718400	23719850	1.8864486966365361	1.6575544977078742	1.4861601231281165	1.2533323271729242	0.523257187580449	0.3588013399010458
5	24030000	24031150	2.8870733716678485	2.468237081851397	2.421444067239427	2.2057219328145266	2.1419361635973995	2.461442623747432
5	24393100	24394450	1.306823764992444	1.147093886109948	0.9087725525289739	0.979969132291749	0.9662171009786767	1.0715540576036329
5	24684900	24686350	6.691575280169357	6.032226030988343	5.583170029233906	5.629653731837417	5.588305825471394	5.533274255429828
5	24841800	24842650	4.599212327774834	4.401436861963833	3.7218659117291955	3.8479758002302225	3.322556492090225	3.8945740433124936
5	24842750	24843550	4.197759878155775	4.129085721336305	3.6988161828834563	3.8443423621170223	3.3513103582151236	3.4270310898590832
5	25498900	25500350	2.9296117102821353	2.543441476424093	2.2776899612307946	2.2115907491287343	2.35122926630662	2.5074573742056083
5	28070900	28071650	5.887354709943136	5.428674147526423	4.9351420032978055	4.976482523282369	4.754971414407095	5.034863191127777
5	28315600	28317200	1.0314844815192683	0.7663851868721747	0.8718101486082999	0.6967980987014193	0.6450078930574304	0.6302936416448549
5	30232400	30233250	3.6516110381834648	3.3700190632834155	3.4881943137505473	3.3909464363315527	2.902058740871794	2.6860095820707435
5	30666400	30667200	3.138795956596732	3.0182301023975016	2.834287847839296	2.8428118670731783	2.144423457458615	2.3391654570400715
5	30949600	30950500	1.077895199593932	1.152003364438812	0.942162729928063	1.1732662377859042	0.913872632516755	1.04361675462789
5	31047850	31048700	5.070081814387265	4.592534068787799	4.310976402969922	4.154536800665014	4.085994009130141	4.496276335856494
5	31576700	31577200	6.1530108782053	5.170881408393383	5.430294408410788	5.538051014065743	3.8767173591852186	3.477689223408699
5	32103850	32104600	0.7226049268019875	0.5378396965687474	0.7706731848220031	0.6442001301050186	0.6080672112504641	0.6196085009723902
5	32133350	32134450	0.969059004350142	0.8397062642833004	0.7431681350529019	0.6919555419535676	0.9483422238941497	1.1019053519855846
5	32135100	32136050	7.31421551315408	6.056510403909181	5.8991914752282595	5.6251682207458895	6.1245324063301085	6.21841057601728
5	32147700	32149850	0.899781167773671	0.4934064664504444	0.7631991639784735	0.5225258294128774	0.6802705828788067	0.47323977926862226
5	33038350	33039850	0.5124469083182994	0.4153048363859935	0.41419151308203256	0.2937263534531577	0.2495940933721003	0.3720486682120933
5	33628700	33630350	3.9355512987623467	3.511206880422165	3.3748887747077534	3.207249768147368	3.1150475632145653	3.1519705565535237
5	33651800	33653000	3.266045546377859	2.9020858900008664	2.818453248738349	2.2675590414578375	2.319646840644818	2.3183556240051986
5	33657350	33658650	6.115734087847008	5.812782749526258	4.721748013508232	4.431898210343225	4.1825198845410245	5.0322515702820745
5	33936450	33937550	1.7641400724444167	1.908113376730322	1.4025592144083556	2.136635027953145	1.1752002233038419	1.174217599728807
5	34169050	34169900	4.111674289282631	3.986501472662477	3.6611630360869802	3.487411464330028	3.4613716943824993	3.3664684742689133
5	34187100	34188600	5.861588331224637	5.289326983062169	5.513895968109049	5.532089278712418	5.495210388108796	5.554705829540424
5	34513600	34514400	3.151328295096755	3.1254745082557203	2.4557315503805874	2.6202945296838878	2.3121006331592797	2.424267258569598
5	34538100	34539700	0.9379174280358898	0.884369619440648	0.8901382257092384	0.8697865905906216	1.0465635820083758	1.0159295320510864
5	34572950	34574100	5.137484057404383	4.7103732522373285	4.165946518682664	3.8018094453604325	3.9239876197853967	4.726072148327594
5	34636450	34637200	1.5248994393746058	1.2586502206722896	1.4711585026979446	1.1273665668964385	0.9210600955486298	0.8626779692371687
5	34659600	34661500	5.061219711192016	4.340240816794753	4.265450766728189	4.5210473306281145	3.8951770059835167	4.010293990315924
5	35165450	35166550	0.7565275441676955	0.640440861965613	0.9024510061378169	0.9310421132040692	0.42088826719664496	0.4261915642192418
5	35176200	35176700	0.8758168385028839	0.8386689022183418	1.0092699313163758	1.21980091547966	0.15042105601727962	0.17488792622089386
5	35582950	35584350	0.7276651201112122	0.7593560672499435	0.45116011535784173	0.7034652429378211	0.49268304912256977	0.29395084921335485
5	35819700	35820400	0.2723105682126645	0.24610499525708812	0.4651938960488353	0.4976695889873164	0.2801650755000966	0.31296005786529607
5	36581400	36582450	5.655869138867075	5.292287405515046	4.679103757240072	5.370437850824424	4.447594817706517	4.813376758581116
5	36722350	36722950	0.24958120922247568	0.3402827659000953	0.3197180723895629	0.2684076600521803	0.15632820752759774	0.3125047494346897
5	36839050	36840700	2.596234824011869	2.419128913292088	2.4568115375368187	2.339766546308924	1.740028759884962	1.772368017611583
5	37050600	37052250	2.580056491415521	2.3004993470789517	2.3819045470863256	2.0743746975214794	2.595866292453705	2.373504598992571
5	37066400	37067800	4.49137933216886	4.211930915902837	4.3279218722543416	3.8840265900748117	4.261677222211822	4.1404154063540055
5	41843200	41845150	1.0782731098257086	1.081094506818268	1.0726844246156755	1.1346791914463135	1.0145644189653353	1.357185958516548
5	43823600	43825000	2.0081264900273106	1.4153798569255314	1.9665843235309866	1.3875305362196884	1.448467027929963	1.3054822533883672
5	43948100	43948950	1.9842709727848278	1.7436042600168902	1.829626474064939	1.7941385827345007	0.6089651877389235	0.66528845869443
5	45450150	45450750	10.771675454080105	9.632378208488227	9.621946565136314	10.404240196620425	9.612898320456345	10.262585299909114
5	53401800	53403350	1.0721314876070316	0.9369847301141778	0.919628308873544	0.9613095344279237	0.669972560349697	0.5870792260137788
5	53490500	53491550	1.7413689194907014	1.5128528917586563	1.5573820436421995	1.608645341211352	0.6038898983739671	0.8591616883802982
5	53994100	53995450	1.501065245726188	1.8319551339998323	1.5465040109136745	1.3124545259507818	0.7046002266004092	0.8901599403525944
5	54100850	54101900	1.719310050882319	1.8506102773780646	1.447082275882844	1.1732648649527913	0.8565687710969221	0.8325957879707927
5	62573950	62575100	0.4783984559899909	0.32727730748783096	0.6826332589875665	0.5951561055402093	0.6073253195395555	0.7403551054239359
5	62755950	62756650	0.42970694262002196	0.39650453433394434	0.5791918842627534	0.4913084212584155	1.343436611411827	1.4213069070237023
5	62771800	62772700	0.8886665631851388	0.806159079298377	0.8876944994486354	0.6029144491917557	0.6493286654187573	0.4191323919511504
5	62790800	62791450	1.7932734353954976	1.8436459383139243	1.6044932828041223	1.3362304931191298	1.5581167836143421	1.857125544502185
5	62815500	62816400	2.5608302940759393	2.6186385976668034	2.3606890760113797	2.1405362508584203	1.7653427504789498	1.6383726736613446
5	62858100	62858800	4.6751527725798745	5.281060143283435	4.244664910478251	3.971826745463269	2.7574660614771505	2.6350488625679698
5	63967300	63969150	1.805872551037523	1.483669489317597	1.3942994154864927	1.3805717474898962	1.4660104259379527	1.3579385217031463
5	64389350	64390300	0.757950473717953	0.8376328337819953	0.7727886085055377	0.8871422603687379	0.8576236665876288	0.5903272495203112
5	64487950	64488650	6.15353848614863	5.928170291313103	5.80520641556808	5.274996418463332	4.72187557561057	4.017673274001905
5	64625350	64626550	0.30375328237010585	0.3208700404884995	0.1990298445019946	0.18009515120525552	0.10430022150419034	0.13525889423061407
5	64651050	64651700	3.755688327069466	2.993596030920744	3.3162942193276606	2.3516365446035676	2.4836072561030202	1.5666103237552138
5	64958650	64959850	0.8717794800061052	0.7091655795356279	0.6482165963419022	0.5363241882035227	0.4054556593584502	0.4743983443360776
5	65216700	65217900	0.538922090584258	0.41967587767641495	0.23315953309544152	0.22058392977246777	0.1704037930544685	0.17874263815447955
5	65492500	65492950	8.52401099734836	8.167194578382704	6.5263136598798965	6.705352152718438	6.4201644388834636	7.004834928512573
5	65986300	65987150	0.24024806089370565	0.14668798818476073	0.37331518792428925	0.206737553079923	0.3957476721331477	0.15723311127108686
5	66075050	66075400	3.313516262939998	3.2190461206436156	4.340276543072291	3.950731249196189	3.6768956136703492	3.6149757596424648
5	66165250	66166550	0.9368087317515195	1.1918721929466163	1.1523643711746194	1.360112275766048	1.4265056524125699	1.5967462861824495
5	66193050	66194150	0.6027213693229287	0.7406152199020832	0.8870731076422123	0.9019094472327412	0.3801142632897525	0.39057636951350355
5	66199700	66200550	1.1557436616620158	1.4429108802272994	1.53660611301296	1.7075216467240277	1.7033994090863886	1.6085617225945872
5	67394000	67394850	3.646233500803218	2.6647010912088787	2.816116156437818	2.2288817286491396	3.1448952333541476	2.6721040398408387
5	67395000	67396150	2.095551838349254	1.5935620176173526	1.7566558872399456	1.3674415632104686	1.8946961068741197	1.5746598910896674
5	67419300	67420600	0.8838683470188832	0.6570329982648712	0.5328802403901883	0.45299729535106176	0.5982315819943113	0.6288555000779721
5	72634100	72635400	1.165080308185039	1.0224058462609134	1.3864794198225217	1.1679784555006254	0.9213773270832877	0.8524300057347703
5	72635600	72636900	0.6678395979339372	0.5705156110474845	0.7088246626179509	0.527944140567424	0.6395767613735799	0.4999635768911013
5	72743300	72744300	0.7079061400942906	0.2517469690444431	0.5232800850195269	0.32438883237617533	0.9902591465614324	0.8150454043729494
5	73193700	73194850	1.532012319685199	1.3373904040150688	1.4529544974777844	1.2113365432678946	1.871168638946455	1.6284603274127711
5	73236650	73238350	0.9331290698917415	0.7172644518358205	0.5554758845773906	0.3784510617124907	0.5865426818227273	0.3972382504667949
5	73256100	73257250	6.460489412283663	6.004658760616522	5.720304185137006	5.517451444532875	4.746117291023665	4.578330944880196
5	74200250	74201050	1.25825686131604	1.0429236242629123	1.0484833399159834	0.8997543023692238	1.2163315599225462	1.3218690591026097
5	74535050	74535800	3.727485439181328	3.268744030892849	3.0957472116996843	2.7100488560994465	2.641386121292909	2.9581542781790096
5	76950700	76952050	4.814549608310348	4.359446743329366	3.750638048178833	3.3583966650970116	3.3567337212323625	3.844869560190925
5	77134200	77135150	1.5131122014205696	0.914989429797585	1.331580388912637	0.9600602713854689	0.8664724407972474	0.7401484982296824
5	77140100	77141200	1.4585618372466906	1.0290112699022043	1.4270901585140892	1.1518418809467768	0.939672090063758	1.1694238700175827
5	77144750	77145300	3.722360001531514	2.9898747329549358	3.0668812012672424	2.619731441627849	1.245923649790612	1.0148501247980377
5	77245650	77247250	0.7177945341289758	0.942682236042031	0.5649910170292923	0.6765152016874119	0.43591548100822874	0.3851961114926101
5	77251950	77252700	0.7676987281243006	0.5852837823033333	0.6433354191184044	0.5665436510046323	0.6124700976014137	0.6129602899154027
5	86065250	86065800	8.763878967978737	8.544371904893355	6.998296152461659	7.076272565234791	7.047527621876109	9.165066734660755
5	91961250	91963200	3.8177522711994434	3.156447790144296	2.9072572961588623	3.16492988516351	2.805201315022551	2.665983439589371
5	92042200	92043500	3.1498898010851026	2.512008108542867	2.5903885557374213	2.3836623760015017	1.9435342602406955	1.798572728060759
5	92083300	92084300	6.418515033502677	5.327691724315767	4.8870158927671365	5.17980419100821	4.776778153777123	4.936515724271536
5	92352900	92353850	0.7041138536502656	0.9135529767212115	0.4137949232502203	0.6330516067242257	0.3833684329982651	0.5140481400881943
5	92435000	92435600	3.6956542865931987	3.6233630330860613	3.3157065750410157	3.3268146486083667	3.1647739885250727	3.2867981986204784
5	93268100	93268600	3.8526272702217104	4.254249208211899	2.9227084401845933	3.1114355187416076	2.924502070426941	2.9189422358870507
5	96948300	96949750	0.11795472046973263	0.08349746655285065	0.12859851325836108	0.14779313937716348	0.2054130089694541	0.26559026192806134
5	99977550	99978450	0.8942198248042	0.8027622025211653	0.5901937152445317	0.6279399078422122	0.5822632733484109	0.5353471778829892
5	99978650	99979800	4.726767230630996	3.9880961306332536	4.156755362242981	3.7492426803572805	3.4777244560421465	3.6102210534882286
5	100039550	100040700	3.0807763570221076	3.463112188488316	2.446914099148915	2.7272412567973476	2.2836902588102825	2.881456957070724
5	100429100	100430150	3.4332018830845796	2.8988214679723883	3.0055045291884075	2.669396405645779	2.558652774861881	2.4614984785942804
5	100526150	100526850	2.2955473721027375	1.7552175411794866	1.7842127889181887	1.8944754529425076	1.691825194784573	1.3101101881904262
5	100585000	100585750	6.534707109451294	4.893494145393372	6.09784175380071	5.154831490198771	3.2785221598148344	2.631301605304082
5	103760850	103761550	0.7537877920881978	0.7506666147629065	0.5950359348599138	0.47505271371374747	0.39852600205157485	0.3223859038154577
5	105305900	105306900	0.5949557943959389	0.44364580222099054	0.346432283606457	0.27904042024165393	0.16006248935782935	0.20596306703984738
5	105515400	105516100	0.22068762561705496	0.196790288833103	0.18400888708553145	0.21822046220302582	0.16740690849721432	0.19381176044100099
5	105518600	105519600	3.4902724251285675	3.358860616868542	3.156677317219396	2.957434286892414	2.894957468688488	3.1596751915216448
5	105555750	105557100	0.7069736959861815	0.41015049507692497	0.6974064729421644	0.5915304265845592	0.837839678005908	0.6609940072728528
5	105609250	105610400	1.468522718705101	1.7194052590775764	1.5501918034830164	1.7474508718535817	1.8053364994601797	2.088856846664263
5	105614550	105615300	1.0802584195534388	1.2367127597332002	1.0511660945018133	0.9090780048370362	0.41640723108251887	0.37178206937760117
5	105642250	105642950	1.4080156435285296	1.2685558113030024	1.5067084990335362	1.1515448914681161	1.2114599711128644	1.0495553011979375
5	105649100	105650400	2.9743729805768866	2.485805488567494	2.8671055396673992	2.7187804583013753	3.467633786384876	3.3009929442749573
5	105718000	105718750	4.063733102480571	3.9259284398555754	2.451621537645658	2.588221273422241	2.18135602637132	2.390781239748001
5	105730750	105732550	1.0219709854399432	0.9291407582772676	0.7539976555016183	0.710948614107909	0.611029934799666	0.7774484595793184
5	105839750	105840800	1.515355821158572	1.6304288345860403	1.5050451008666015	2.0558811360436517	1.093895357772708	1.2667000292064179
5	107650150	107651350	0.37346970891148273	0.33864759134028544	0.3290041727212168	0.44093414119538965	0.37193654381177005	0.4776218193148573
5	107946250	107947100	0.15262022940880235	0.10850095357745886	0.13820990711314554	0.10657054546410205	0.19182623128680623	0.19127149380662026
5	107952800	107953400	0.18736407292385895	0.12350857597154875	0.23131782143066326	0.14874953851103784	0.22390613850827018	0.21615651018296678
5	109556850	109559100	5.411398397466187	5.406882838095388	4.527119728881399	4.747740123915753	5.126926194993535	5.871381365951025
5	109866150	109866950	3.1010346819646655	2.72134368554689	2.746327619231306	2.7321805686689915	3.0489400894194842	3.731495527178049
5	110285100	110286650	1.3337554002775733	1.328302811018262	1.1376589773299168	1.1166301308768936	1.1440968855146665	1.1240158116397156
5	110839050	110840400	4.492439158706255	3.9362225687090784	3.8520331999084423	3.375038877641312	3.500303598499506	4.05978824439424
5	111178150	111179000	2.649839884182986	2.463616262884701	1.830854365510099	2.1686669284806532	1.4171700390296824	1.8654592690923635
5	112242200	112243000	1.0155988048715516	0.868550949320197	1.308224534180481	1.0362410022504627	1.1536981340777128	0.9593273225985467
5	112270600	112271650	3.4618010419854373	3.143553539750763	3.2264793446975917	3.3805755796886627	2.944936050460452	2.304680931284314
5	112272200	112273600	0.8818159790742233	0.6141650040358442	0.8592037476817279	0.8401192528757698	0.7752595268377738	0.46025911182256224
5	112273850	112274500	9.79682987194795	8.805193705742175	9.114722964121745	7.725232008420504	5.953332037283824	5.4469971809937405
5	112274850	112275850	2.2973159477479994	2.074871174720026	1.5079339732508503	1.5849601745903492	0.8099843077808618	0.7213002554774285
5	112276100	112277750	7.119329377413961	6.502099409280518	6.48241034902086	6.23517040659026	5.914497175165676	5.396490058388149
5	112296100	112298050	1.8819250977345003	1.781204108339977	1.804118643572155	1.7532493556036721	2.047378945789366	1.7617993524377376
5	112325050	112326100	1.024081324564147	1.0214044953564527	0.762114509547361	0.5811040384570757	0.6598500630543346	0.6450771841974485
5	113538600	113540150	0.579459720000268	0.2985516838575873	0.8449109832106719	0.5239731770540156	0.5977095901264864	0.37094047374682415
5	113639850	113640600	0.3157839761575063	0.14952238867680231	0.6851458079020182	0.40274633034070334	0.8225673183202743	0.5235895305474599
5	113825150	113826300	2.2546392904123786	1.6050903389865185	2.231939121797409	1.4944222028327712	1.8703173768611818	1.3785751115757485
5	113828700	113831050	3.5126245964432545	2.7182997320904336	3.0201875320884897	2.309117232952979	2.542877647390353	2.0239497094623884
5	113831950	113833150	5.939053596270981	4.98196880648213	5.0547632738339	4.546578301347868	2.137492718883589	1.8383876570810875
5	113842000	113843200	6.721631215387775	5.966449827622342	5.7023615960151925	4.928033135539354	3.858889554622127	3.8040518241375683
5	113908850	113909450	4.578144145930807	4.196624073423445	3.521107680723071	3.497693242877722	3.1302882426728806	2.934893887626628
5	114130500	114131700	4.635572447930612	4.422283648572942	3.71683595882949	3.266573154468729	3.311503928408903	4.006257559756438
5	114135300	114135950	0.5576406007317396	0.8321083213962042	0.7162068658837906	0.9591584493334476	0.8985826239906824	0.8072088751196861
5	114896300	114897550	0.7941410449612526	0.7454688703721569	0.6211050840193225	0.6486885568329782	0.3100309987701427	0.36375338256657125
5	115158150	115158850	11.909844552448817	11.086193987982615	10.374601356301989	10.30709138393402	9.582609878608158	9.915624888624464
5	115340900	115341750	1.5726521608934683	1.2999427631234421	1.1613067677244544	1.1593209043320487	1.02447568879408	1.017679766536045
5	115488550	115490600	5.6310190008570125	4.994019023668663	4.490661078313502	4.0647010863533515	3.3482972279990593	3.518527438574329
5	115516200	115517500	1.1213188586223213	0.8848349274476763	0.9528480319053896	0.8240938111062929	0.8905745788505174	0.933737106185693
5	115716150	115717800	1.0962298699021922	1.1361040463265786	0.58165411354774	0.5192460497636331	0.17403590849164124	0.09000625643317356
5	115844750	115845300	3.70745556213639	3.616490256569602	2.9513770125129004	3.3761289382251825	2.716262642253529	2.8728228842128405
5	118244750	118245500	6.602114009658496	5.832282178580761	5.524864863862594	5.692728156745434	4.565944545288881	3.9687996225357054
5	118271550	118272250	0.9006110818843757	0.687631887450282	0.7300174180418253	0.5722079946831671	0.7102692254526275	0.6642035880684852
5	118358950	118360550	0.8007799690000472	0.8640038034223742	0.8541419778716179	0.829216493693265	0.8138181733033236	0.8991225678698962
5	118361350	118362500	0.26820112201953467	0.357863537332286	0.43003344981232333	0.49287674497395795	0.261250126685023	0.3758560016362563
5	118477850	118478950	5.6054210338424735	6.00151685488189	5.124438776634305	5.491919553589534	5.426873297742344	5.59091626312245
5	120588300	120589400	6.495029353703922	6.221777192939045	5.53663997036271	5.914896454310836	5.59570895801891	5.5985556914115495
5	120612350	120614050	7.045503888261385	6.762342264068646	5.894695239985465	5.527253987126172	5.535536457089817	5.614430142949283
5	120622400	120622750	1.8137757117407662	2.8570290112495424	1.3470677752154214	2.1439923158713747	0.9668689402512142	1.11817138671875
5	120647950	120649150	2.8460797077353286	2.8667637502506214	2.3402297855192615	2.1073742490826235	1.9120122421956531	2.146827366501093
5	120685200	120686450	0.7657626235715804	0.9135329202775032	0.7011321132336696	0.8295330826557045	0.5224084035229504	0.5627875920787454
5	120775300	120777000	2.0628712792007478	1.7109440997565266	1.8463646145699373	1.7629087229569755	1.5241908750649555	1.3578695343424618
5	120830650	120831750	0.2953421580777476	0.2069256414553624	0.3186984763186818	0.3597238220210176	0.34209709319692083	0.40954259422374667
5	121397200	121397850	1.2511927734544643	1.1794208626621046	0.9525640519249897	0.8730921831268531	0.9381795843289449	0.8319061423580234
5	122130650	122131950	1.939358422016683	1.9014120147600952	1.8369915051614085	1.6491295694500845	1.785214182391965	2.0359907632493055
5	122288100	122288950	2.88412100292304	3.5926207806783563	0.8937302073047442	1.3361746731751105	0.22264945103184267	0.20870139727586148
5	122372000	122373050	6.144840939663888	6.235397195772092	4.61679852854821	5.337466879359313	4.085453573536305	3.9959679406100794
5	122645150	122646250	0.8652637837709221	0.8787983284527956	0.8360609610549166	0.9812058441835849	0.6248157995226807	0.7185351882935471
5	122718600	122719650	2.97082816531215	2.3597900214393017	2.1152168562225486	2.4727037324791863	0.8262339949040186	0.5778640411492615
5	122779400	122780000	2.2233538339783747	1.9518861108273269	1.9556269107883175	1.6806113579372566	1.5287954796602328	1.4780681793640058
5	122820850	122822450	3.309854730685399	2.768501303885861	2.9023696680536712	2.752887370869246	2.205571997703632	2.965339473717782
5	122988550	122990850	4.0118072127760875	3.815985462408079	3.6257622414116772	3.5668201738289693	2.787167558596872	2.463316282883693
5	123127900	123129600	2.2240735941231815	2.4756044165142574	2.2426085480665625	2.487082382262026	2.1299812016148882	2.470773193751412
5	123132250	123133050	5.7269444899261	5.337739182263613	4.907082258611918	4.568038497343659	4.603347571194172	4.287583750784397
5	123144950	123145750	0.597936992929317	0.5157871883269399	0.4967762106191367	0.3465268566273153	0.32910024126991627	0.30637103606946764
5	123149900	123151300	3.17093511203467	2.662921703971476	2.9490166779267626	2.262946569929907	2.2061555426461354	2.0362392820947592
5	123394450	123395700	1.641565877717541	1.5672219304730814	1.2380370669457221	1.3552860339078037	1.2515020395615521	1.3283067590236664
5	123683200	123684200	0.5338197363268944	0.5469889366703649	0.48923623632615615	0.36331375439465047	0.3830893212556839	0.3409219950512052
5	123975500	123976400	0.5610518230083916	0.40178193954130015	0.4903489161696699	0.3762457911339071	0.26266973487204975	0.16511704065940447
5	123980400	123981500	1.0604279137217054	0.8362431908213148	0.8503309613868288	0.6657098189107358	0.4716429369681773	0.2708363260938363
5	124034150	124034950	3.664600868411362	3.138234287314117	3.1158662966359407	2.639724954850972	2.182093547116965	1.476061122585088
5	124074800	124076600	4.566089788457399	3.52279189161075	4.427080478463122	3.9560039208152076	4.087797157561857	3.380566984220993
5	124084200	124084950	2.19930261238416	2.0129974892139435	2.6545747207800545	2.149787466963132	1.914138832648595	1.6952701909542083
5	124111950	124112900	4.978118974707629	4.546011858017821	4.090226635301583	3.5811712814004797	3.2364121381154187	3.035493759050181
5	124327600	124328200	14.8707328693072	12.966500747203828	11.608600980440775	11.50542591492335	11.257574762503307	12.04717807928721
5	124425700	124426500	5.234827700294554	4.660830956632271	4.383476328677498	3.6234029908291996	3.872708550952375	3.355871793758124
5	124439400	124440600	2.968269485142282	2.6828746035487945	2.5110729237012968	2.294676506155738	1.9540317185085132	2.1046456152682236
5	124475250	124475600	3.600338408436094	3.333944592050144	3.061637260871274	2.8457037663885525	2.0061639501367297	1.4838742782388414
5	124483250	124483600	3.428093065874917	3.507024203027998	2.702674569402422	2.7238939946038383	1.9015210771560669	1.6669112052236283
5	124552600	124553350	3.0876611086130143	3.1161598296761515	2.7319598100384077	2.6820695235331855	2.2795791833003363	2.0780547024309635
5	124629000	124629900	1.9909157822363905	1.895532972547743	1.9419134407490493	1.9291028002566761	1.7384266867405838	1.664996738905708
5	124637150	124638050	0.6848636622561349	0.6596164408988423	0.5049785179065334	0.4678919549948639	0.6228453252216181	0.702255332701736
5	124862200	124862600	10.103060493469238	9.451390246152878	8.526132590770722	8.25410315155983	4.780901443958283	4.929714823365211
5	124954550	124955300	1.6135768102208774	1.4727785537838936	1.539370527729392	1.503234329342842	1.3297193275690078	1.2419394996464252
5	125137250	125138200	0.14496642682309213	0.09104316996116388	0.20908761131920311	0.11376934114255403	0.17388036556934056	0.10731567007734587
5	129787000	129788100	5.412463255424417	5.280635635516176	4.305358762461326	4.3739054384465215	3.6737141276425858	5.441128281558102
5	129941250	129942050	11.008030956611037	10.52663931362331	9.419906588122249	10.285904008969665	10.017143642269074	11.084052195698023
5	130144100	130145100	3.891125285240912	3.857361899591261	2.8480727045612952	3.782184796631336	3.182375175476074	4.281276107788086
5	130171800	130172700	1.7441603289047878	1.5222227900558047	1.3244357353780005	1.4275318015946283	1.4555221694045597	1.7713261243700982
5	134183550	134185200	4.392109167820547	3.6849698920263925	3.5901273403179403	3.232117033004761	3.191932749127747	2.954956372330271
5	134236250	134237400	2.388788064004328	2.1726369486349997	2.1690524183918014	1.5875867346561316	0.5472115450076129	0.3507776535075644
5	134269100	134270550	4.322469065223838	3.659921917655444	3.5471799126562473	2.763102822363202	2.931931118945805	2.347400245207639
5	134312850	134314100	2.8251627636571084	2.41112574135565	2.0842515554612686	1.5911047950975823	1.5423962917271783	1.4445435590982436
5	134688250	134689200	8.69544013443746	8.239750892143501	7.516195449672248	8.21605929017067	8.434337385485048	8.738069773128158
5	135008850	135010150	5.626591643293205	5.259670543244696	4.469650862814475	5.145949650455466	5.19729695522947	6.361227781772613
5	135024800	135025600	1.641511506130919	1.2983489284059033	1.2835368781676515	1.1936980410797955	0.9754590635653585	0.9502208354044706
5	135148800	135149900	7.033646299300655	6.75753475133275	6.458984061993462	6.4459503694014115	6.758329895753911	7.292479512610218
5	135186300	135187350	4.73594525483713	3.9428123265513992	4.07193647250738	3.7531715957350227	3.957671932262324	4.155835108409326
5	135537150	135538750	2.7074058321118355	2.131245581598062	2.7696639990635323	2.346397555136319	2.583358014839537	2.174420099521792
5	135545100	135545700	9.390784321427345	9.246042536298434	8.431818457841873	8.621484713554382	8.155161621173223	8.473912424643835
5	135632050	135633500	1.8139081860486084	1.6779962568038913	1.4805765285468964	1.9601058569948802	1.2774015868784463	1.2582493753191968
5	135702350	135703650	1.5860368199738912	1.563501650384244	1.0832033027399341	1.3137291208613382	1.245712410195381	1.288542082249545
5	135955600	135956750	1.2564729257452538	0.6751626758784313	1.142224177374579	0.8474718813136732	1.1116043437511185	0.6925216047345862
5	135962250	135963150	9.510588963694042	8.209136830766996	8.639031459026867	9.06809328791168	8.361421874894036	8.065525021619267
5	136170350	136172200	2.3365190937546094	2.6237884038577626	1.945005397048325	1.799326145381443	1.6052882892869424	1.5272332208011228
5	136961800	136962750	1.4117502817158636	1.1688102169374102	1.1322163988728273	1.0427442198978916	1.2550623164051458	1.5986300279043222
5	137502550	137503300	5.073832518895467	4.463418111542861	4.168505342235168	3.7882572156588235	3.9955026146769526	4.036222136303783
5	137532950	137534400	2.5244994889854455	2.2577599531282844	2.0586931131016026	1.8167655767841397	2.1435988178468652	2.039049456854483
5	137534950	137536100	0.6223899212057427	0.28183803019901454	0.5422977601239959	0.2578957457412693	0.3090125929365863	0.2047208903711208
5	137600150	137601350	4.033227287082262	3.1080025162235385	3.2024617583520953	2.871176906547161	2.718002882108969	3.1626918493583798
5	137628450	137629400	13.944570990361665	12.731043220256504	12.686155067682266	12.525831530282371	11.748899377647199	11.122091054602674
5	137631050	137631800	1.474005831162135	1.2685344342390696	1.3354552725950877	1.3168546973466873	1.3928947343031566	1.4366694971323013
5	137684250	137685250	5.64299462189213	5.046589216842245	5.522074018263048	5.543070635333657	5.398302221238613	4.8329314065426585
5	137741200	137742000	2.7857469368912278	2.81364705203101	2.821114807277918	2.6298478222452104	3.2010980795137582	3.1768843521457164
5	137745650	137746600	2.4737253242417387	2.3146258645622355	2.4421122828596515	2.0405712379907306	2.1906406612145273	2.133398472541257
5	137786100	137787950	7.191229872765911	6.562434141031014	5.840935446981149	5.25826797347885	5.533407999229735	5.699228060354908
5	138085450	138085900	0.7876577543301715	0.5871326349510086	0.8029095936980513	0.6255796713050313	0.5787226591010889	0.6210702800585164
5	138171900	138172650	4.863179310162862	4.411215797344844	4.030569074869156	3.873275236407916	4.0988396966457366	5.13898957836628
5	139149600	139150500	4.911026259329584	5.006121196283234	4.455368817680412	4.341443902684583	4.865919898847739	4.93252569437027
5	139166750	139167800	2.406008704752417	2.1923487177788754	1.5657639855034922	1.5840303252424512	1.7130970668083145	1.8029135713406972
5	139252150	139253450	5.906235189982147	4.9738731252230135	4.664065478587565	4.605667319264445	4.15706511311941	5.485680863628021
5	139298150	139299750	1.1704118496612197	0.9969476682715553	1.0944642375313467	1.0181991806282416	0.9254183519609711	0.7483930136991102
5	139303150	139304850	1.380309601074378	1.5687665331302652	1.2444226728218557	1.3393604290124141	0.6692269902328306	0.6441087757024492
5	139320500	139321250	0.4030845513616999	0.615513746937116	0.46999633784592154	0.4779633936882019	0.5581191343069076	0.563791163528959
5	139381750	139383000	2.0757231683054282	1.545813703918457	2.2680426950762347	1.8160040174079661	1.2296882971595315	1.1382808663487434
5	139483300	139483750	2.7206490376260546	3.179704687860277	1.8694101174672444	2.4396877357694837	1.8164669242170122	2.927408536010318
5	139483850	139484700	6.036692548218896	5.65738759075894	5.431920388831812	5.393770959500004	4.925191044667188	5.246794023583917
5	140321550	140322000	3.104698047902849	3.1157049994336234	2.8422916236188676	2.9304820881287257	2.650120376613405	2.683469922145208
5	140418350	140419750	1.540695775818715	1.5494588856213651	1.2683363207034801	1.0037700101513882	1.2112731104938925	1.3323821278822383
5	140517250	140518450	2.289548216583908	1.270021859856062	2.007909091900397	1.1104915802660928	0.6425857096793605	0.37452217609311145
5	140596350	140598000	3.8317011130473717	2.8396743903062216	4.0146245032764485	2.577578438390166	3.3577469058385296	2.6107095472404365
5	140616350	140617500	2.158702331478766	1.6241016559146062	2.0107430832315796	1.5304301568233607	1.9989722941171788	1.652193186879158
5	140648700	140649500	2.8530323184654116	2.74451783683151	2.642102678902447	2.7352165465615688	2.338289303146303	2.071342426352203
5	140704350	140705200	9.925221382730147	9.161157446819193	9.157441159627016	8.765724159409018	8.166475852307151	7.9955543444787756
5	140830300	140831000	3.4456798558256456	3.102272092444556	3.040711266260062	3.294566101091249	2.688398032816393	2.3256192362095627
5	140872300	140873050	0.8922310915986696	0.9517682493925095	0.46961855912208555	0.5560081807971	0.47206540461381274	0.4731305203636487
5	140998850	140999550	1.3939886623128717	0.818781773022243	1.2712955708908182	1.0269598023380553	1.6806813160010747	1.6552759506446975
5	142440150	142441250	1.1950367023098853	1.3306491388673307	1.2779610628816038	1.382004418281156	1.2639344492825597	1.5508766906369815
5	142794350	142795100	2.5653515336513517	2.2001318691571554	2.712325791200002	2.236252286930879	2.8495414861043296	3.15867282919089
5	142894800	142895550	1.2887700667977333	1.249605932533741	1.1130055606563887	1.0043293574849765	0.9086977788011233	0.9478079102039337
5	142905800	142907600	6.281939304242425	4.7310169111955975	5.073244672368504	4.6269713995111506	4.9399055140626205	5.239874838107008
5	142920500	142921750	2.0596491167174995	1.8162763792714767	2.0823814555819866	2.2516256744239573	2.303113709573185	2.566681761645254
5	143909100	143910600	2.397270907740439	2.4005697673366915	2.067768956563806	1.9279400783028713	1.8853087007435185	2.298248334868833
5	145203800	145204500	6.091950664051941	5.97804562119501	4.974608668844614	5.112361316382885	5.252358439660498	5.595859849708421
5	146220750	146221100	6.115983157839094	5.408235325472695	5.013735773222787	4.6922268962860105	4.5532538335663935	5.1252519246510095
5	146832350	146833850	2.3642869819164716	2.337467687457248	1.9580127767250157	1.895594374005629	2.059599350312177	2.329084681098558
5	147062850	147064550	1.5503182761176035	1.7674871857020042	0.8510813952532846	1.0337823257216794	0.7339307920383628	0.9184121521877732
5	148398800	148400450	4.572909230654541	4.230752999356365	3.8503708163174717	3.821647669474284	4.72603917609774	5.628714407180884
5	148489300	148490250	1.9020536919957713	1.8069967148962773	1.5705029561880388	1.6251043042697404	1.7804675993793888	2.119531611517856
5	148501450	148502050	1.061254514362663	1.594415478060643	0.2988472550610701	0.5672022251039743	0.1427973888376937	0.2304476120478163
5	149636000	149636800	8.138889738172292	7.286983581185341	7.105551071837544	6.8468658746778965	7.040283401608467	8.167254980355501
5	150664900	150666000	4.061149257033452	4.0213024906818475	3.718464998018213	3.1639826205019776	3.1352318659695713	4.614787194024433
5	151368250	151369850	2.92780272031984	2.7438469942731247	2.8199254560374443	3.0944048268842574	3.5073935140231076	4.2812166114740595
6	8258600	8259450	4.244278010761037	3.826847126773175	3.8660671296715736	3.723412750959396	3.5154010599325685	3.663919161645805
6	8485450	8486400	2.8506595942064337	3.007144660392874	2.9555146626187	3.0492974133181523	1.8782298661925292	1.8201153474771663
6	8648500	8649250	1.3428879248301189	0.9399947739640871	1.6597855302294096	1.4541837066411971	1.4925986498792967	1.4261534742911657
6	8735700	8736600	0.6511832497848404	0.7057568558222718	0.6643150148871872	0.6298110280930996	0.5213981028315093	0.7032342758774758
6	11907000	11908050	2.0510592960322507	2.0383020032569195	1.9847633235758535	1.7640687429337274	1.9007249177353722	2.031079073321252
6	12124750	12125850	1.0515460501528207	0.889835829866935	1.0688335881554833	1.129913318431556	1.4347312628139148	1.9858401844040914
6	13677300	13678750	3.7251428603465384	3.416927253506602	3.4518653437136635	3.3514422204273804	3.2902958411570737	3.3414435431244094
6	17065050	17066500	4.233915368611608	3.589700573082097	3.101594493047016	2.9685776173184033	3.2914271763613936	3.844807400875504
6	28479750	28480750	3.9698795328294083	3.8417635968731294	3.681694000970283	3.721011998921633	3.53682808560133	3.0770027566850184
6	28482650	28483300	1.0218763314072903	0.8017292120823494	0.8046845448704866	0.7524748990398187	1.28648106861573	1.1154450907615514
6	29245300	29246050	0.6460961973387874	0.4785694726631045	0.8064712714900573	0.8525358490745226	1.0107859457929929	1.0134824490000804
6	29347550	29348400	3.484611107899862	3.2828203060872414	2.883336140127743	2.977004665557076	2.7322517751946167	2.7432238422772466
6	29467350	29468200	2.9540222945195787	2.7476696889190113	2.3826645555741646	2.026997226424077	1.24030575633049	1.1131471080530215
6	31080250	31082150	0.5484702135872962	0.4023780915652147	0.5330278953914933	0.427451343208311	0.6811751562301588	0.5081050459341823
6	31126250	31127350	5.0243328266759075	4.801477392985324	3.981324733499208	4.257989067308831	2.89251377064914	3.3892741712927816
6	31130000	31130850	0.1377424219937798	0.06756673623739884	0.19148979996933657	0.13734590569081992	0.15702528969887455	0.06140819822937467
6	31191450	31192850	1.010844011790192	0.9270474628369381	1.1241244817109701	0.7846600642761627	1.0117892177165055	0.981956876361885
6	31201000	31202300	1.3389730675936338	1.2413033758972774	1.0090403846653164	0.6959686770305767	0.28071681714974916	0.14953938503534747
6	34869400	34869950	0.6842546419392933	0.5279968126795509	0.8085497441345995	0.6233290616490624	0.8982638025283813	0.8261262745748866
6	34910550	34911250	4.595391639683927	3.8386192859922135	3.8983645858722076	3.677110907179969	3.7894480797435555	4.324769727928298
6	35133650	35134700	5.025811516063004	4.460651261143603	3.5876165997524234	4.667215110020978	3.698853905853771	3.8783648739755154
6	37442000	37442950	5.524708637265783	5.245947813987732	5.159165978847366	5.384284640378073	5.148427813351154	5.472969229738963
6	37821400	37822550	1.1540948701237006	1.1975820421582313	1.2470195644378035	1.17877432292315	1.1923118382158793	1.6464184993635054
6	38354300	38355300	5.835663908558508	5.661367039342081	4.4480388820094445	5.332251420080662	3.7291656574234366	3.894837146729231
6	38551600	38553100	5.517891708813475	4.82814243758622	4.128456370968973	5.381202611173148	4.142284456804687	4.724778534638166
6	38809500	38810550	1.7864254731732627	1.4901449244522558	1.3202577384152565	1.2751196158783777	0.9029302139509292	0.9305715641663188
6	39204900	39205900	1.1016189864989252	1.1259000213069301	0.7749785585711079	0.8678955289873633	0.7604828775748611	0.7986657065637409
6	39379150	39380400	2.7330109366755333	2.604204456157069	2.8351383540368853	2.390874184995709	1.8973740847868077	1.886917824560404
6	40890800	40891650	1.858310220364262	1.4246965163946153	2.2111361292530507	1.8342755339250845	2.0976880626643406	1.8785051618253483
6	41113050	41114000	2.201531036480477	2.197452134619418	1.5494826678598397	1.5353499868982716	1.1495747159107734	1.048454648969989
6	41130150	41130600	4.47575179580386	5.089230654339223	3.927314662821591	5.0099903274907005	2.7330818985689014	2.779920080936678
6	41140700	41141700	0.5832366493748079	0.28738293363202	0.5870277823171308	0.3981477816950614	0.8382601972222328	0.7504842767119407
6	41532200	41533300	3.9834967141814643	4.201404808329697	3.7682313178431963	3.695017208593279	2.9366177462790435	2.894430737034841
6	41541200	41542100	1.9398547278510199	2.0660715438922246	1.5026107064551777	1.3832019868327512	0.7904604991773764	0.6074354334010018
6	41554050	41555200	6.610439998739063	6.162319859829725	6.214480779682604	5.164652026959245	4.907107495603049	4.287146437323612
6	42264400	42265300	2.760128250208994	2.5053643395317096	2.3363540593700276	2.2399693994886345	1.8498391394648288	1.8632328449603583
6	42343400	42344450	0.9909901892168363	0.6636870406374666	1.033770594355148	0.883892601402033	1.5166115594335965	1.4120764502599126
6	42349400	42350000	3.7222905815641085	3.2778757973512014	3.7632901728649935	3.416598491370678	3.76718416005373	3.065913424591223
6	47636200	47637800	2.0012231941468106	1.7566931231576033	1.3155495274836015	1.3487847044079666	0.7796129636394498	0.7670945461821121
6	47812950	47813850	9.008414785232809	8.402052568859524	8.000209558266732	8.015061593469646	6.7823913764042985	6.719683132254415
6	48554600	48555750	2.395118810324649	1.8622698501651116	1.889197653794523	2.1348000870573625	1.6955155054824134	2.0390184222501904
6	48601250	48603050	1.7403292168939755	1.464483218494548	1.4753774362513097	1.3899785004284755	1.1889802713176005	1.133391262439253
6	48675200	48676650	1.1071419341413014	1.0379326097532957	0.9575095641794006	0.8542356114686667	0.5066541530539491	0.38934094445076384
6	48718050	48718650	2.7444837566961846	2.530373464350899	2.4646210554490486	2.1086977648486696	1.5174286744371057	1.0491921891768774
6	48732450	48733650	5.054491471731534	4.61283976616398	4.888028850222147	3.935008782810635	2.811830501053848	2.111833614371717
6	48736500	48738100	0.95992743538272	0.7290459839807403	0.8841378385387508	0.5765572106580386	0.4654106978107901	0.27646794799755714
6	48740850	48741550	0.8125086275594575	0.6910432865364211	0.8140341855798449	0.5568394672019141	0.4455944979190826	0.2172054389332022
6	48745900	48746450	3.573531914407557	3.1060753870010376	3.6250980468229814	2.808205519697883	2.651114205121994	1.7648230714147741
6	49217100	49218250	0.5227662137848799	1.044406353741206	0.6138377192451903	0.7670941268043586	0.85740793250101	1.226666128952866
6	50372300	50374250	0.9038094665946992	0.8128452022860723	0.7828487080912437	0.756266515311382	0.7885383567047695	0.751617705789292
6	50381450	50382250	2.4639169196225703	3.1040550231561066	2.7005926550738515	2.5023974308185277	2.0997419930435717	1.9945685781352223
6	50416250	50418200	1.4072507727099535	1.2930843044479607	1.5361255114256593	1.4713656478915715	1.503888702532594	1.3718726593905946
6	50565500	50566700	2.0549464615634694	2.308140412428046	1.9802234915828194	1.7010390222433842	1.2669063569517696	1.92064226441551
6	50596400	50597100	3.069491556371961	2.873692522559847	2.752955926018102	2.55498923980764	2.148090047112533	1.6120487574594362
6	51468200	51470750	3.9447669241206023	3.65819849619603	3.1526995320112023	3.0992903689643856	3.068187557262589	3.504765723168652
6	52712100	52714350	1.046488807274022	1.0053136871116146	1.041696765315148	1.0998096388368448	0.8575080902191896	0.8639624817035639
6	54698600	54699650	0.5738291185499153	0.46059998450053913	0.4163353339170457	0.4380140416820844	0.3122923642556582	0.4160800224811094
6	54702800	54704200	0.15069981476690722	0.17104840078902456	0.19558322584388915	0.20880448339490004	0.20507548713457738	0.16403518567252562
6	54775450	54776500	1.087608161800285	0.5766769617420554	1.387231974884727	0.8291795022714705	1.149745858112971	0.8113506841091883
6	54955550	54956500	0.958771032691002	0.9089259744317908	0.9588626867179808	0.8951735966456564	1.0827149056604033	1.1468127625474804
6	56714450	56715200	9.061019582033158	8.25163247625033	7.7546211893955865	7.565696462611357	6.643022274692854	6.274165510018666
6	56923950	56924550	3.5709004933883746	3.53348684117198	3.2032144355773924	3.2197864262014626	2.9493992560108504	3.727313593874375
6	57535000	57536350	2.881964727057636	2.8206777712549647	2.446000675215089	2.6036843765892432	2.3364643390713695	2.732563870990718
6	58832600	58833250	2.116879601753675	1.645666590149586	2.234462145108443	1.830382212469211	1.704726420732645	1.4989319852223764
6	65599650	65600850	1.4411236270140577	1.357905774552335	1.4408089440868748	0.8725451345515974	1.0305700880873438	0.8776991895710429
6	66535200	66535700	5.468798355817794	4.7749798424243926	4.91385858297348	4.979171263694763	4.324260339736939	5.4969182658195495
6	70824550	70825700	6.070501658264417	5.0190963777218425	5.282887796666812	4.488706238235253	2.3286007536286735	1.982003582197687
6	70843750	70844900	8.14737129684919	7.629642384597328	7.195398956956903	7.095105327862525	7.250997144499093	7.598297631014948
6	71271100	71272000	4.111834951208698	3.9063230385051835	3.6512419886721506	3.4794050846993922	2.4575283623900677	2.326085761818621
6	71632700	71633550	12.201690432043636	11.365170139985926	10.115084635790657	9.487272578407737	10.0304883889591	11.435796549179974
6	71908350	71909350	1.0204547447235353	1.0628249666767735	0.9412402740601572	1.0061971046030522	0.8588361076805741	1.0040692393109203
6	71980050	71981250	0.9647940861794256	0.575790835195972	1.019206780682328	0.8835804181869584	0.8486238037838655	0.8945516782688597
6	72362200	72362900	5.476077788557325	5.068431137544768	4.89241326221398	4.848618821757181	4.164696902164391	4.355223384244101
6	72659850	72660600	0.2720221413752955	0.25300013718754055	0.2646011090419518	0.2960494662743496	0.3252744080190729	0.2495167035286625
6	72956650	72957400	1.9521048874060314	2.204225747744242	1.5454170001745224	1.505328667998314	1.482216861963272	1.4195628428459168
6	72962050	72963200	2.609374463280655	2.5061038103143765	2.0001376595303184	2.077453274536204	1.2683090197959332	1.0664981632064219
6	72993100	72993500	3.276314980536699	2.5055752060562373	2.1550695649906992	1.4373953388258816	0.40946921427734195	0.2277433662582189
6	73248100	73249300	1.5297155756962197	1.4790764754697752	1.3797619003525157	1.1186401504188235	1.0170120607053532	1.009685679396304
6	82652550	82653800	3.2568639297755753	3.5746925849545397	2.930470369902226	3.4058272396334113	2.8347384733205314	3.2821023171961308
6	82934750	82936100	0.30499213090272537	0.09718377601227922	0.2389868090791856	0.09602806325106206	0.5849184257675878	0.32762650764052526
6	83325700	83326250	6.077765036712993	5.652044563293457	4.927988141666759	4.61666378584775	4.698325926390561	4.49033941377293
6	83506500	83507500	5.2036213940651175	5.231600040435791	4.500760313464749	4.953733032912016	4.775740049958229	4.7884685635901985
6	83775650	83776950	2.0491972721968956	2.056283915847422	1.509661932482613	1.2830455402716812	1.5960526875612706	1.5592365912391015
6	83831350	83832400	7.309048118884296	6.845740592765372	6.247309721557179	6.348952636647792	5.204892208576203	5.034399074507611
6	83866800	83868300	0.5750470258203897	0.42993211424222555	0.4426232577380026	0.47606560995528713	0.4215550482154249	0.47272575965640956
6	85374500	85375400	2.2138611775464914	2.3012365574027513	1.1701236480350297	1.691956068854779	1.0703993751980763	1.2715337371743387
6	85450950	85453550	3.625495265364351	3.303766690673071	2.992011040829206	3.106314091391522	2.9799281040009333	3.237176442257194
6	85914850	85916650	1.38551496204788	1.0337204000728952	1.0464100833719927	0.9514634038173782	0.8986197228155823	0.8411884751615599
6	85960750	85962000	2.2338350411107464	2.17053722432294	1.931463577160974	1.7378824123609034	1.6886431786305494	2.1302047543048857
6	86437900	86439300	2.7791105846985147	2.433487875977969	2.3083739998813044	1.834812965083432	1.6721630682664759	1.8775700475527997
6	86593050	86593900	3.4182140280218687	2.984936524138731	4.036943364318679	4.069691244959831	3.648532744014964	3.5858715244601753
6	86608550	86609650	0.3106316032927058	0.2517031712406192	0.45034776047178027	0.4858933479197958	0.2906507079996527	0.3174239801825237
6	86669050	86669600	12.015228872949427	11.704456620649857	10.180564175735821	11.234412705898285	9.318683384548534	9.550445709662004
6	86823150	86823550	0.8655480134487152	0.6668544956296683	1.1858663660287858	0.9879893725365401	3.132463454008102	3.4776147827506065
6	86847700	86849450	1.8725030416321644	1.6564987176991828	1.5498634393226167	1.6258525612571024	0.8755005820627114	0.7842170014745767
6	87037650	87039200	1.7817348705295717	1.2091825370609945	1.7137602007624757	1.2655333365192676	1.3849608113236398	1.0994315393679337
6	87395000	87395850	0.19180020766944464	0.2328733275652665	0.13959716657510676	0.2930374865272388	0.20885427185175023	0.17701740537998298
6	87447150	87448300	0.3371029779822393	0.22427979104147722	0.2533124433694013	0.3108684916017235	0.4080911351275767	0.5222143024481509
6	87501800	87503550	3.5637307936497	3.205554601370464	3.423645911836404	3.104109999074564	3.0283435727928865	3.3096545013478424
6	87540900	87542850	1.5599391397786988	1.3792135417826221	1.8433610258899118	1.8847555340777535	1.7209509458045613	1.6122868256805112
6	87547350	87548100	1.6536783885558446	1.6030046060482661	1.579102382838726	1.679833910425504	1.8353333153724671	1.9122927643855412
6	87887650	87888250	7.10211759219567	6.32714784950018	6.549196728914976	6.329306592419743	5.817041593988736	5.150687929242849
6	88084200	88085550	1.430384887945146	1.228507581594597	1.175458700514455	0.8799715496260175	1.0426153677587748	0.8720443940548985
6	88464750	88466450	1.0260235609528925	1.0254784042772578	0.9269643367400114	1.097033087799748	0.7573230423275057	0.8488817101254448
6	88783000	88783400	1.7774275474622845	1.3211127500981092	0.6296342417225241	0.6400656746700406	0.06809467210434378	0.06353173052992643
6	88841550	88842450	5.083425193495221	4.950314744446013	4.7435219382867215	4.842043417476946	4.316867680301269	4.248035512268543
6	89042100	89043350	0.2324440162619283	0.2684384008983553	0.4015587563053254	0.34912946643540355	0.4941093810261183	0.5902266368329525
6	90740450	90741650	0.7121521696804719	0.7194866958676499	0.7045228004104533	0.7636860659964676	0.5113180549761864	0.670780790534368
6	90988550	90989450	0.5700551089775784	0.7828479271050957	0.4769291923927492	0.619681964814663	0.5297382450108823	0.7734357563737366
6	91107950	91108600	0.671595851458036	0.6857833205507352	0.7091906253878887	0.7412898612939395	0.962892197072506	1.0366589169548108
6	91108800	91109500	0.8137726403772831	0.8669154015183449	0.733422143970217	0.7637024321513517	0.6419014072418213	0.5720410706315722
6	95613450	95615450	0.6726575111343014	0.45823268687340524	0.9155731294078212	0.6540715145482853	0.5991155458127752	0.733234891913658
6	95711500	95712650	0.6530210050904979	0.4753035014341122	0.6681770212887714	0.6039456926967073	0.1840560950276927	0.25384717082523783
6	97210100	97211400	2.586962387236413	2.432302645311758	2.270157837264295	2.1504246892906846	1.7838113951575165	1.6155745484336064
6	97221150	97223700	0.9729895781140012	0.6876160046301787	0.9917760548118094	0.6475463548555179	1.1496791409511191	0.9213454961966175
6	97293850	97294800	1.7499487204771293	1.7949118782658326	1.51176875316783	1.4565038313520582	0.37903892865945255	0.3243903362476512
6	97351550	97353050	0.21418572943853945	0.2521994670685843	0.2224981935229353	0.24813173316889667	0.29838120474924357	0.3556492176419791
6	99434500	99435700	1.8572595627589892	1.4985232353773776	1.6447949385322551	1.381155320561241	1.4540314060464417	1.094285769549509
6	100823750	100825200	2.6543893596407306	2.057189538904504	2.065363010858022	1.9271424971793751	2.675862042715293	2.4564271158892916
6	108168350	108168950	0.4057875370730956	0.37074439813693366	0.36878161765635015	0.295475124741594	0.39188985752562683	0.4476427761713664
6	108535200	108536000	1.46648911960423	1.4064792520552873	1.3485327991563827	1.291688460651785	0.746139489132911	0.858242039103061
6	108536500	108537600	1.5354741265417193	1.5462750472910594	1.787080146182667	1.7258738389316235	1.1239321101513682	1.2134597721509635
6	108549000	108550600	2.513815314060738	2.492305306725337	2.3057301414532994	2.1345631056636227	1.7008634899468984	1.4998125155936715
6	108552550	108553900	2.450746844985579	2.368405239237395	2.1158018934826415	1.8384237419154104	0.8901989810970614	0.8579564452943979
6	108570600	108572100	0.7330955497569351	0.7165552475413449	0.7499712590986276	0.7534551608925657	0.8390388317295148	0.9589601674373629
6	108630500	108631750	0.5495624718471858	0.3355623988653535	0.7566199434636993	0.5727447846335633	1.0763798327618674	0.843467676082318
6	108659350	108660600	7.035913202494959	6.868755576644405	7.558077917086694	6.837317993718927	7.990172180893842	8.51877225074768
6	108671300	108672950	1.2383089368480857	1.077074312726747	1.472300552067985	1.2867657320505428	1.658866769472758	1.4588751253903625
6	108836000	108837000	1.8269086767781166	1.7266564647305398	1.2047808194468097	1.390204020768404	1.3565008281320334	1.2585095896438399
6	108843800	108845150	0.2975389835095906	0.25571918805140986	0.2725310321183091	0.3259019926358238	0.3929033238757696	0.45660307777410436
6	110844950	110846450	0.022375655523621647	0.01723886161968183	0.018265425264816903	0.021189215605707565	0.026013073166117447	0.03337183704919828
6	112696300	112697150	3.4065921209489596	3.1704925394408843	2.5928122368739808	2.482180308541831	2.456404108808321	2.9441963675968785
6	113076100	113078400	6.807604052689433	6.464202977510856	5.647542531145906	5.342291104916057	5.19928987831106	5.190202483282292
6	113306250	113307200	10.538736557427205	9.709879007841412	9.025833888030366	9.490754855024187	9.27961939284676	9.67757928321236
6	113377400	113378150	7.0370834369659425	6.334608201980591	5.653320172309876	5.312627181053162	5.479276971817017	5.161998128096263
6	113654650	113655300	7.943948478056834	6.70654463657966	6.583275380730629	5.912335506540078	3.8071568242861673	2.953428261371759
6	113661200	113662050	2.295286694274229	2.441511729675181	1.7873243673408732	1.839342707044938	1.0839336531653123	0.9652179168252384
6	113696200	113697550	7.85545966072037	6.838868912909905	6.992105794562518	6.248539591060343	6.657514758058104	6.379992225810334
6	114643800	114644900	0.47060625431852954	0.37655908889091255	0.38823515789667307	0.30382580534237535	0.44446342118283644	0.5280947616560893
6	114659600	114660650	1.145334635762392	0.748870581847537	0.9535220442975538	0.801067353955337	1.2096198246308736	1.0923416726787885
6	114680650	114681550	0.718036386432747	0.4105436438156499	0.5600470326344172	0.4209712742269039	0.36956396755244997	0.29210085512449346
6	114875100	114875700	1.5101665013531844	1.605677184611559	1.2109777126461267	1.2687429662793874	1.2909273151059946	1.253063369890054
6	114892200	114893200	1.1819471777639081	1.3773691837556898	0.6543853397215567	0.6993442736268044	0.43009582444280386	0.4061880816761404
6	114893650	114894600	4.644465897930296	3.683559908710028	3.919151130522552	3.197286354366102	3.2513779244297427	2.603402576509275
6	114918000	114918850	1.4091566694834654	1.2722506990853477	1.1343278686263982	0.981571907471208	1.1256305131491493	0.9637515443212846
6	115593900	115595500	0.6647980961792372	0.561779628429682	0.713107627225019	0.707908682470563	0.832822952938923	0.9567754621721353
6	115676250	115678200	2.5651209505142707	2.6251436773383783	2.1465341254992363	2.1604932922861235	1.750247537719358	1.783086892069935
6	115692800	115693900	0.610689024505727	0.6555992724678733	0.6229058807965947	0.6508991061034604	0.33893249282862414	0.39610539917241444
6	115853000	115853700	6.739185908649649	6.586934975726264	6.290480437576771	6.465448963344097	5.227248228788376	4.802345143726894
6	117878950	117879650	7.694728620414223	6.7652252601725715	6.336969760656356	5.449615001784903	5.702751706881182	6.1503389562453545
6	117936900	117937700	0.3426658843166084	0.1715744948300445	0.17788485088955375	0.09464159777387976	0.046789623994986915	0.04738609217107296
6	120082400	120083650	3.4640629594372165	3.534871548166583	2.679365760064894	2.655664456176758	2.361688513542624	2.8332471200942995
6	120363450	120364450	4.142320453643799	3.9879988304876512	3.34705203886955	3.329070947751403	3.031276105672121	3.1309432273805142
6	120453100	120453550	1.9367257106304168	1.382065633336703	2.23912873254882	1.9397896260023118	3.25454142914878	3.091021649572584
6	120466800	120467500	1.5242569032737188	1.3691347097392592	1.3213195745540516	1.2265827497627053	1.220379269165652	1.048296744578651
6	120916300	120916850	1.4934797012264078	1.4625893540003083	1.3790177129073578	1.0295399734919721	1.2722713723236865	1.3234902628172527
6	122291400	122292650	1.0818004969443045	1.2036463331657286	0.895333339272776	0.7659806453358043	0.6389319886852713	0.553934008127451
6	122293900	122294550	1.5421143070551064	1.5951017796076261	1.9116488539255583	1.8527768235023205	1.4448482111784129	1.1289349474356725
6	122302150	122303100	0.42204925234772656	0.3118559464224075	0.6675124211138801	0.444476078638905	0.7391887701734117	0.5834500849129338
6	122308100	122309300	6.238408985299467	5.708999057772284	5.9160146891173495	5.769472015653596	5.368206515464128	5.037917392924428
6	122527450	122528200	1.9559183814326921	2.237587090353171	1.2803495674530665	1.4037080282767613	0.6266967402100563	0.854368384718895
6	122601650	122602600	0.7627848852030642	0.613643529266119	0.7018386820030856	0.9659817104124361	0.7504299723768191	0.9062467473364271
6	122810450	122812150	5.334922582040023	4.977666070854867	4.452424295667906	4.216793397803146	4.03353088312908	4.7147297865456625
6	124662650	124663400	4.2367419205506645	4.375982830603918	3.494301717678706	3.5649164430300395	2.8974712316592535	2.6370892490545907
6	124723150	124724100	1.3613124783415544	1.3008315449953078	1.2400690431030172	1.1309956986339469	1.519328512031781	1.4148310804994482
6	124730000	124730450	1.20922043800354	1.0471411061286926	1.0950432398584153	0.6673580540882217	0.8227271217770047	0.49217549443244935
6	124740600	124741700	5.936034518155185	5.576107397666774	4.961378253925581	4.3258889169404	4.077817174942099	4.122347686561671
6	124828950	124830100	9.993654360563859	8.79150647563319	8.6741752553889	7.730521477861366	8.712659290050302	10.475344299233479
6	124965000	124966450	1.4272929900214986	1.4858011782713012	1.2775012128083167	1.3887341601749783	1.0424978499296267	1.0104279329075083
6	125131300	125132850	1.0659441303094908	1.0128613099356352	0.9079009884910507	0.8799305335610726	0.7639211097544245	0.8275256112057142
6	125191350	125192200	5.8383345228082995	5.129922979719499	4.775378376806484	4.099103003389695	3.892590157705195	3.8637795594159297
6	125231150	125232750	1.226630377500288	1.2988145636743116	1.0813802828327301	0.8487010461633857	0.653346057648168	0.5931434058865835
6	125241000	125242000	1.002884211447931	0.7202100535977272	0.8559224374597869	0.8148192315397855	0.3337613004744053	0.3318316502794623
6	125481900	125482750	0.7952936736976399	0.873013975444962	0.6596047247683301	0.5935188740316559	0.42857251940404667	0.6231427529980155
6	125483050	125484150	1.4545918372369584	1.4428406733571608	1.1870677820608413	1.09564591046767	0.5549225348712289	0.5696884408322248
6	126939050	126940400	2.3107009070403697	2.0698704810923005	2.117408613799721	1.8569225423798954	2.136603145921412	2.6861121095496197
6	127453500	127454300	2.450445260829292	2.1226837192568926	2.129947091811337	1.7136695884913207	1.5847779413871468	1.5445884528406895
6	127581600	127583400	2.334363502369652	1.9874754090069557	2.0452659174468715	1.8403169375853643	2.2973273438098385	2.1828660598281746
6	128424550	128425650	1.6569792161866002	1.5767572002526522	1.3923395850934757	1.209661324462914	1.525784315815639	1.9993270842067965
6	128796100	128797250	1.6387029039508663	1.9303829344124817	1.8339267536500392	1.5709963119768187	1.9007491793717872	1.5929169697994772
6	128835950	128837400	2.060675432461918	1.9883193317536385	1.6348198844646586	1.3005899474264562	1.455241037024446	1.1507610000757187
6	128888550	128890100	1.5713782810643857	1.5712855005942281	1.4325688694419028	1.3941017785259844	1.3598775067861528	1.406401150954548
6	129180500	129181900	1.9316917895831272	2.1974841015020274	1.6805246919201267	1.9773353466489763	1.6439245279452173	1.1276143373841068
6	129237550	129239150	2.1106619888736358	2.223238380147565	1.8413110987931354	1.3293778775677536	1.3867638139032266	1.2826606981127693
6	129284250	129285450	3.353304499297645	3.1195178505937315	2.324492389046585	2.550737330005893	1.6788241503005035	1.8180794582205515
6	129746950	129748250	2.973558383023473	2.0829275845889716	2.541778938066279	1.7756525450317153	3.671307469201843	3.2672199923831684
6	134035200	134036350	2.2594660315172534	2.4988777705295555	1.6205733098087602	1.5729769287310411	1.6161507731874274	2.245829602194869
6	134047800	134048450	2.675314797598582	3.1801107727793547	2.1817006183587586	2.456161665389171	2.2220653745532037	1.9923161512613297
6	134066750	134067500	1.2623691652814548	1.7793806568781534	0.943239087065061	1.2641555816133816	1.599262240211169	2.062639575481415
6	134366550	134367100	0.6112612967057661	1.1611968728087165	0.23632474239576948	0.35887129079211844	0.15795578062534332	0.22791434320536527
6	135364050	135364950	2.370067010157638	2.2250061290793948	2.2432943460676404	1.8754357863797082	2.6091860483917926	2.7594981512096193
6	136518400	136520100	3.661911027275251	3.095878124275515	3.03589544999292	2.9399744127831764	2.4981642812922598	2.494969474522425
6	137543550	137544700	0.08702409925456968	0.062107120428863474	0.11906627052584069	0.09814015386355046	0.13400875379362376	0.25964016359137454
6	137581850	137582750	0.9680516887125041	0.6494772297326955	1.3776435884957512	1.3411930579278204	2.2624685185485416	2.6422086018655033
6	140613150	140614250	0.7378106693555794	1.365956661827054	0.7278956776560228	0.9291560965792863	0.36641647384516024	0.45061257676306093
6	140614350	140615350	1.304572407137963	1.6751800099342102	0.9892515663639192	1.2155582526326179	0.45646854770183565	0.5688266702219844
6	142344950	142346100	2.372285789618848	2.1596153080914835	1.7989655703715823	2.207452269551818	2.1152360663776144	2.836701100922149
6	142386600	142387750	4.503013863770858	3.688480284237427	3.8037359725877247	3.93417446867831	4.374067577742554	5.344133176285288
6	142861800	142862800	0.5309792790454032	0.2751383633921223	0.5455567064592914	0.3922486550360918	0.764708149895072	0.6103459841012955
6	142952000	142952750	1.2263559868335725	0.7589828697641691	0.7806876603762308	0.5777052853703499	0.35744236544768015	0.48972090224424997
6	143166700	143167250	16.135283018892462	13.832785025076433	13.64351887291128	13.821110613129356	11.755161431919445	11.986585796529596
6	144670250	144671450	0.8470444254977729	0.69784233376544	0.7875960016763338	0.6167307847377026	1.2738668727874756	1.581345791965723
6	144901450	144903650	1.9337380760273974	1.7256732515855269	1.4732558606944237	1.3857666048202306	2.480332724346834	2.918072464582028
6	145104400	145106250	0.22389019291923504	0.2513944475860729	0.2923791925285625	0.275351027423408	0.2474845163924516	0.2883926770433849
6	145210700	145211850	3.454575478980451	3.691672996799206	2.9717427149661626	3.196243339985884	2.8412596982580314	3.352487035030904
6	145340000	145341800	3.8949304363975386	3.6560167344069394	2.8671834840398533	3.0311387075559053	2.7436602618647554	3.8404508207257093
6	146080400	146082350	2.9753191614041734	3.1023601127142633	2.0507546728237047	2.200980945069851	1.0302993520845336	1.0449140938540193
6	146577400	146577900	11.788644848823548	11.28235028553009	10.016353870391846	9.14583310699463	9.495185276985168	11.458500631332397
6	146641950	146643300	3.8159582019166978	3.59874634976313	3.4204737444872935	3.7203696291053334	3.6685898836921242	4.203565999534395
6	147043300	147044400	0.10804040335085557	0.06299618369050558	0.09635814671489268	0.1127813030082023	0.1364392369889958	0.14449290548027915
6	149309350	149309800	4.786722565756904	4.42391676902771	4.446164265738593	3.95384627395206	4.520867809719509	4.998356552653843
7	3644250	3645550	13.191874134925104	11.996550024662065	11.400441544617967	11.41511485035325	11.139375263359414	11.011911160785418
7	3665400	3666400	2.5185448043673144	2.04136676719745	1.6265190550537274	2.4201433739584424	2.053350695566667	1.835406477999965
7	3692850	3694700	3.525627799994445	3.283121721222802	2.7014303523681424	2.3706466147432947	2.2814374360143663	2.409393829786875
7	3703400	3704350	2.5555588698328324	2.4813542744399686	2.131654447209286	1.9840530375901022	1.644339277852457	1.7860924801583353
7	4136750	4137700	10.69222374420417	9.478362455744492	8.727160833305435	8.166512661450788	8.22754963984615	8.817606739809639
7	4658250	4659550	3.628667530268061	3.619903178541886	2.997580036099436	2.7749915796639506	2.811326148369733	2.702504571332381
7	4739350	4740600	7.368188189500378	6.859103167232389	5.810126105523879	6.347523842828925	5.741726901985617	6.394051157188415
7	4812400	4813050	12.887343062254098	11.626972264876732	11.007049536338219	10.840826119092794	9.259788750868577	9.63945782478039
7	4865950	4866950	3.1318766954098978	3.039204699700879	2.78468992639357	3.3044268828332424	3.1357002395689486	2.90830390214175
7	5014800	5016250	4.313142766955204	4.283940060014056	3.7256545526764517	3.1050508690079677	3.3290453489810146	3.3271462773473717
7	5019900	5020750	4.993885047470822	4.9677061172793895	4.452525307027733	4.203665029967532	4.103840300581035	3.9278704522287144
7	5060950	5062800	8.068091773620978	7.328681857733489	6.3535738398744	5.727224694454309	5.3120804540152005	6.071305374033931
7	6285200	6286850	1.5789396163059328	1.60991139754988	1.248134730484098	1.2952632925333492	1.1450388701523053	1.2694971922268912
7	6362100	6363500	4.335235114280981	4.344108238862302	3.0699384983563753	3.7282038140404303	2.8640906377199316	3.2108773072771846
7	12921600	12922250	4.9064904404603515	4.382320101306989	3.9988070223537777	4.058662191858659	3.8625930163722773	4.174673345066034
7	12949450	12950450	2.802301897982229	2.4452953621764073	2.137061864599105	2.580583948045969	2.28659668793343	2.3619346231892706
7	12961150	12962500	1.5366743804281413	1.5262826186924139	1.3556877959330023	1.3003741337153245	1.225070309109158	1.3933833746336124
7	12977750	12978300	9.865506083748558	9.020769453048706	8.178912611007691	8.527802248868076	7.732571020993319	8.527781266299161
7	13023250	13024750	2.2303939489549207	2.2657753613789877	1.8730925216264622	1.611097723713244	2.1904146477568385	2.375086386303569
7	13037900	13038750	9.178321455646964	8.248072446374332	7.350774883242215	6.5525186735216305	6.021814003762077	6.8318420147194585
7	13302350	13303500	0.7927703603019555	0.7088954618298893	0.8966829522160962	0.8500353928477796	0.7961264423458168	0.9637371268350146
7	15948500	15949900	0.6700895502380512	0.7016976926403662	0.550825382544672	0.6105247412569355	0.5032007580444593	0.545315550720794
7	16052100	16053500	2.1565488541071316	2.4011327814726235	2.0443017452653107	2.160628788108918	1.7497593467270678	1.963684834031359
7	16055050	16057700	0.8508444005138469	0.7349695309423806	0.9587706038695026	0.8127934512865754	0.7293758810873648	0.5263236472091817
7	16098150	16098800	15.437744718331556	14.37208240215595	13.59389644916241	13.54148712525001	12.35663110439594	12.243554602769706
7	16206900	16207700	1.692763437461108	1.1834449746087194	1.9136541225481778	1.3610302491858601	2.2899312867876143	2.167619177447632
7	16285250	16287050	7.220623845472985	6.578413816062353	6.406226927550462	6.155844817466607	6.292129451901305	6.249652514470024
7	16294500	16296050	2.425206635402715	2.44906979710701	2.194291777913454	2.1553560452354033	2.1348705749222177	2.6942305937213216
7	16398750	16400350	5.696087241836133	4.526566540589256	4.398707034126405	3.6738482373230386	4.115101692886913	3.0177676699327867
7	16405000	16406500	1.4694610584935837	1.1808928315665133	1.6827729139943277	1.1784955823301064	1.296369193006964	1.0090508325118426
7	16614950	16616000	4.67052451747773	4.454658299810876	3.2379980049838823	3.7438474825584316	3.2040698267182424	3.326616646108173
7	16780800	16782900	0.7987100883416499	0.7871745042683708	0.7158715996764222	0.6789431970639358	0.5832905747980249	0.5218793654215637
7	16874950	16875550	9.667789048552514	9.133534821867944	7.8588595046599705	8.2176050238808	8.054422115683556	8.164344251553217
7	16923450	16925100	5.649359170786912	5.336492674583381	4.935194242380465	4.650253199567699	4.65373361601124	4.787328303029959
7	18909900	18911400	4.435682230331505	3.566968462613321	3.7494663062392792	3.706344789395406	3.402977471054313	3.3993727162723815
7	19002400	19004300	1.1800928606768417	1.0814696781339792	1.0375506801961436	0.9878641012334748	1.2839359849156242	1.393915685585984
7	19077700	19078500	0.7789489884814248	0.7420026122871787	0.8211108174338005	0.7908528764173388	0.6809828896075487	0.7425702160317451
7	19148750	19149850	5.322492234965574	4.887461395431473	4.695996348192607	4.185709725640992	3.8828611044960226	5.039143854670904
7	19227500	19228950	9.958699777685894	9.668137790438065	8.324162889805201	7.2552952648230615	7.55469834279337	7.64325899921041
7	19265750	19266750	1.788690893726964	2.1610342032678664	1.409739974114203	1.7956655723154544	0.8823827812075615	0.9947214796170593
7	19271800	19273150	2.419709247090056	2.1118311908680907	1.9603310461739343	1.6102254741039344	0.848213515925771	0.6653085747140425
7	19319300	19320650	4.369289249023656	4.3484848560255775	2.635301064037792	2.837819050404627	1.8989860313598366	2.231250728059698
7	19344450	19345450	4.0145851464733	4.001916059124854	3.6485853139661977	3.459998852670193	2.1440775095820426	2.172906082689762
7	19359450	19360400	1.353847904268064	1.2722976837189575	1.0782967645557304	0.91421168978277	0.9459148343456419	1.0089142927409787
7	19508100	19509150	3.406285758772937	3.284264008365285	2.7202049302102598	2.4838838098588445	2.156164694584551	2.278974607842309
7	19628050	19629500	9.219067393420667	8.825843286312727	7.3674631669550505	7.294426633741166	7.3119603345457005	7.024389013246049
7	19664800	19665950	2.7453018880793287	2.426747326202179	2.10330002513206	1.89882400753941	1.8824193789586994	2.222907730224624
7	19715150	19716250	8.391814652943541	7.659873959941249	7.779146155304223	7.241827030234429	7.433637795371806	7.192197396755218
7	19817050	19818050	2.7198180214512733	2.585534133572732	2.4032864952933406	2.5904122370630502	2.7515727222263813	2.2972485763281583
7	19855300	19856150	2.5698439974819913	1.621119595731006	2.288799072346267	1.5463263066551265	1.8909167559707867	1.5503605750729057
7	19926550	19928100	0.36850803124618314	0.27185913600745437	0.3188764600864442	0.31246816926786386	0.25571664432039	0.26037001078172894
7	24081700	24083200	3.5873940541667326	3.3857323030451294	3.121807262328762	2.705313295643547	2.493620896193604	2.537681253122729
7	24369600	24370450	7.85668802205254	7.807482731903301	6.313282393006718	6.703464796893737	6.754512204808347	6.942809406168321
7	24883750	24884550	6.280743496045471	5.844768992364407	5.303611386455596	4.852874834612012	5.227915524691343	6.044092538654804
7	24906950	24908250	2.0149746096400407	1.913187291568917	2.058543107130983	1.5175902358505589	1.4369882143892314	1.0827310298383237
7	25132400	25133250	1.633690069282756	1.9611439923679128	1.34452123939991	1.1770748557413326	0.7311382686215289	0.8222945961882087
7	25155500	25156500	0.5616931456288984	0.44682947154198926	0.6268756149661155	0.4975770448297262	0.5602146458663047	0.5443195135852522
7	25204700	25206100	1.5040565535989223	1.0615774560743763	1.2627020989475162	1.0098437902937718	0.7583974473616656	0.7102796394484384
7	25221150	25222150	2.809213108801073	2.648179924457304	1.9241657859173862	2.3930334139466285	2.1388000381067394	2.456319558100775
7	25237000	25238900	2.8834411069452255	2.6882443076281066	2.4704123005620486	2.4998347038990203	2.3499613367883785	2.636154301760409
7	25266800	25268850	10.432447340070121	9.635611970752924	8.847670791019707	8.581762324316978	7.826246541021886	8.050895763706635
7	25278300	25279250	2.4284242999867387	2.3354940570028204	2.0745205120350185	2.045957346276233	1.6249372780479883	1.6349596394049495
7	25281350	25282450	4.598661322467838	4.075512924082468	3.6197350954520036	3.826598148871387	3.715347367148986	4.0742672436481175
7	25395400	25396150	2.4238540879885355	2.4472895488739015	1.8293282608985901	1.7848871488968532	1.5436234458287557	1.5013979442318282
7	25618850	25619850	1.721116458352406	1.3631628178011987	1.377162974015359	1.4373063670694828	1.1125565592497588	0.9858888867404312
7	25658450	25659600	4.5729035484506575	3.985941499018568	4.208783041497935	3.3449512834259956	3.3963581988512703	3.0166583636921387
7	25689450	25690000	2.364117414030162	2.436185092384165	2.028003000346097	2.048746565228159	1.3462811872634022	1.6032154555212368
7	25718450	25719150	2.689638391626733	2.39964548353638	2.6473137834881033	2.682488773316145	1.9834845120140485	1.5479159151017665
7	25754750	25756400	7.600200655574556	7.186003565410715	6.52951926566056	6.340398606965037	5.655642228832006	5.883537484640131
7	27166450	27167650	5.2718891759841675	4.894816930319673	4.073268619404044	3.7901045569506566	3.685562054503198	4.404329723368089
7	27178150	27179050	6.440522773861885	5.987089485824108	5.439802570210563	5.360742596752114	5.39837227228615	5.705627602835496
7	27361100	27361950	1.6277752680725912	1.5863419577347881	1.556366469006547	1.7488776378947146	1.4519963528391193	1.3909533300952
7	27472950	27474200	4.6290178329467775	4.212955788864628	3.6726437443887034	3.4086951245047827	3.241218114336799	3.4195367919683455
7	27486400	27487400	6.4364255439081495	6.177048205221853	5.687475050157117	5.9467020489871505	5.378058789595961	5.7461198560595514
7	27507800	27508850	2.884817698148999	2.583636483794533	2.707413272315639	2.6109670166174572	1.991909378341266	2.010940314133962
7	27590650	27591900	3.52754400747976	3.103177166606534	2.7864433182561386	2.664192961476448	2.3877472126287573	2.686304866909981
7	27595250	27596500	0.2157743691640764	0.11446572074806548	0.22785406945352182	0.1907217509824771	0.34178194944944373	0.276909817919367
7	27933650	27934250	2.17642065996925	1.963825585792462	1.2389127031713725	1.115352145731449	1.2266655015945434	1.3507014976690213
7	28179450	28180150	4.371249391692025	4.214899021216802	3.420232025725501	3.3061548349687033	3.7158901037488663	4.0687583489077435
7	28382800	28383750	4.379550154303249	4.056737440840194	3.478260681629181	3.3620006437521233	4.17079134831303	4.062277332575698
7	28392350	28393450	5.150645857892078	4.463721154763901	4.282625201160957	4.236361559534204	3.61004236647152	3.6955695938522166
7	28693450	28694400	2.689149467858829	3.0783411655692676	3.748455420959937	4.1485695446792406	2.126133657674256	1.8074698842434507
7	28741550	28742300	5.800995875755945	5.248204667488734	4.7839615904092785	4.2536763514081635	4.221711054722468	4.085621054768563
7	28766250	28767050	7.151378885731101	6.852184356488287	6.318613995313644	6.1609768340177835	5.32320759864524	5.0975265827775
7	28780200	28781950	3.7200777095671627	3.545368417625603	3.478629556682253	3.8822096900626692	3.5925658450727704	3.9206796976387297
7	28788650	28789900	0.3756249309170631	0.3978950351038287	0.37046732050987985	0.3488796858903133	0.2969793030682732	0.18278789464235307
7	28810250	28811100	7.82643936641076	6.974973265739048	6.665632199294427	6.280361506728565	5.70874744523974	6.589002772043733
7	28819800	28821600	2.3234668254510478	1.7052428992760225	2.456162272730181	1.7312909170353052	2.2945174511429536	1.8117403972610946
7	29768250	29768850	2.104694537023703	1.8803569518526395	1.8356623394290605	1.7151541398962338	1.5520822010437647	1.612310383717219
7	29953550	29954650	0.692632786913002	0.7318226990741719	0.7277668498827914	0.5725081437204791	0.5657940338639509	0.7171309548684142
7	30071600	30072900	0.619708668783344	0.6384302851546051	0.5431988473666461	0.7297526773596589	0.38067409010612413	0.6334385620537731
7	30089750	30091450	2.6986309198184077	2.5123844080858038	2.1372657438564118	1.9815678761732132	2.1706853381490214	2.1664668293593516
7	30094650	30095700	2.160677997827896	2.2426835821183713	1.7444682704907957	1.762352607790243	1.3470005764918669	1.4636946798506236
7	30169800	30170350	3.386799554716457	3.3581100611253216	2.325511030067097	2.3267761129682714	1.6958816812526096	1.741770630533045
7	30419500	30420650	1.0982890345505212	0.9975545492613634	0.9857345001092298	0.8538155292616532	0.8774177443462869	0.7303338304291601
7	30551100	30552750	2.138956208494751	1.826172357962874	2.0837312957986884	2.0831906419014157	1.4846669849652445	1.6482780148893683
7	30592900	30595400	0.3463632965341609	0.28804344694683515	0.30726315263294834	0.2865684089753402	0.2428431738141721	0.21788079093189994
7	31002350	31003150	1.8762634691223503	1.345910886269994	1.812408592235297	1.368620267380029	0.9539563459996134	0.7091264493763447
7	31033550	31034000	2.8065863246387908	1.9322562679979536	2.525336557759179	1.5676635879940457	1.6817273134655422	1.4609588339593675
7	31086300	31087750	1.717478587433812	0.7756804645949928	1.9240853304433343	1.3297774491265275	2.237844628649358	1.4116341744601104
7	31153150	31154250	1.1294946118104863	1.0231210577452987	0.9658357780490103	0.7231771011624845	0.35288124822677774	0.23588527963920072
7	34387750	34388950	1.6220294710641265	1.6234594133848785	1.3893457783998981	1.2387470354335477	1.2812694120874593	1.316961413125197
7	35056200	35057050	3.9342156726121904	3.6003234148376126	3.5569304165945335	3.1822607267604153	2.936207041705356	3.1728782358590295
7	35333800	35334300	5.02611335682869	4.760993521690368	4.341999247193336	4.876320195913315	3.5405477082729337	4.094805092811584
7	35585250	35586600	2.2379633718237657	1.992367278957025	1.7878122625954833	1.6687490565581489	1.8113792493608263	2.34303158071306
7	38084750	38085750	7.543723457336426	5.999973473333543	6.037350858749883	6.970240844219923	7.076250774085522	6.737122086405754
7	38214500	38216000	1.1710002468221932	1.067822423859546	1.4608243638059142	1.3860147652529706	2.448923095366534	2.8223206653890296
7	39552200	39552800	4.960564134220283	4.440010994722446	3.6937424641350907	3.8854892370353142	3.731328446070353	4.56099438259999
7	41633000	41634150	3.5691678768120507	3.5721540847500113	2.596114980315092	2.9153459253872813	2.9850698383994723	4.493546776305075
7	43399550	43400250	0.4955889281630516	0.44126454604523524	0.5320393404364586	0.6200109566748142	0.8993872866673129	0.9735409616998264
7	43435650	43437700	3.2988240378302534	2.441596043873359	3.2234403732533914	2.751985521330626	3.89852118730203	3.6117606947060956
7	43438150	43439200	1.7716386460745204	1.2992816130173737	1.8582608386155464	1.4462912624648638	2.273180093963941	1.8706796475251515
7	43465550	43466250	6.702053295629365	6.482850422603743	6.580057672943387	6.466233315382685	5.5141290044784546	5.381017631122044
7	44304450	44306100	4.222930243222711	3.7113575330286315	3.699113808757964	3.6372151676044187	2.466589820684732	2.2487655376329485
7	44495750	44496950	4.9352576450891394	4.698592789455127	4.296525931359567	3.9117136581379994	3.399586734800947	3.6305535147649546
7	44548500	44549100	5.766071070233981	5.098686424692472	5.338520381872852	5.287598941475153	4.7429073990881445	4.519124198059241
7	44815650	44816550	8.799891361395519	7.976116054985258	7.129778495033582	6.675685346259011	6.614744270907508	6.475934938887755
7	44848050	44849500	6.595540861781103	6.510612162928427	5.2300238173848665	5.351075381355725	4.805880344383132	4.942950764941328
7	44895750	44896100	6.575808345249721	6.404840256827218	4.617448943001883	4.26291080406734	3.754182608468192	4.419756148202079
7	44929250	44930300	9.106488115395635	8.488548997682727	8.338856748589722	9.02353014022112	8.481166909691833	8.366357706969692
7	44986150	44987200	9.865867135301347	9.027980852376116	8.259359409314696	8.890895216777212	7.828500643599601	7.740785203320639
7	44997150	44998000	3.67908539982403	3.633943204704453	3.1307390054183846	2.7104095025623547	2.2664265732204214	2.600478267091162
7	45017150	45018000	3.934180916267283	3.530352056622505	3.4087430969757193	3.3948511205876577	3.2161943733341554	2.960933323064271
7	45061750	45063050	1.4639238941225756	1.4503173279348143	1.2612686523314445	1.0818430713766853	1.0146743266644929	1.050059087386888
7	45069350	45070000	1.7489299502281042	1.9241864153055044	1.2026169117368184	1.3167254162293214	0.8348938257419146	0.5895614242496399
7	45082300	45083800	1.26829030804993	1.0767378576135123	1.2934426378229613	1.0504877678801556	0.8108801114699419	0.6109380157234132
7	45128350	45129350	6.383535351968581	5.827278084831852	5.522766234044106	5.6460664498806	4.973310105115175	4.320195922553539
7	45153650	45155150	2.872171664863504	2.8062437456397595	2.5405004428586655	2.412826981059962	2.23681222300436	2.6799288233946847
7	45238800	45239450	1.826140149648373	1.4023092903540684	2.047219913005829	1.4953593415480393	2.3171875585042514	1.6703249563620641
7	45366800	45368300	4.178054756708043	3.954026916616706	3.4063746757917506	3.231585006764441	3.005152312634038	3.4746407986951464
7	45395150	45396450	4.299423047389937	3.9741860533115587	3.616693615301246	3.174049016023294	3.1278561015150665	3.7925753269287257
7	45414900	45415850	0.27556189344705717	0.27308803513842195	0.22793247329648406	0.23611196964979173	0.1487909573787137	0.12477944137430505
7	45433700	45434900	5.348709055460909	4.6501719260472125	5.2807481347592455	4.2010019145709885	4.16467309588771	4.608558776726325
7	45459500	45459950	4.610130265288883	5.189168033334944	3.371218712462319	4.014619274669223	3.00188472032547	3.8009662908977933
7	45704800	45705500	9.04038000191961	8.590337824480875	8.04412200727633	8.090306782892773	7.146217430787427	6.632061005745615
7	45714900	45715850	2.3132860397469055	2.301215146301608	2.148348162374214	2.1375863700948265	2.061611545446672	1.7766369162695972
7	45742100	45743100	4.389485462311775	3.498125527166551	4.004028102439819	3.202045231744647	3.344201700463891	2.5468583934307096
7	45770650	45771800	1.0942562258159965	0.3607795559641021	1.4288362760129183	0.8269844007649126	1.155447227279142	0.40227977266778114
7	45778750	45780300	4.564976482093645	4.0522791029685	4.555262122754624	4.371391390220697	3.782077425381264	3.0853651218956633
7	45813950	45815200	8.53284335602791	7.870390212938863	7.739360776568997	7.5723896669579425	7.231832621080735	7.091300788933038
7	45922650	45923700	5.763676708634549	4.68786750980969	4.649693351311984	5.021585767439434	6.016775528447969	6.4387394233260835
7	46795250	46796050	6.2571167462132875	5.780739676523954	5.188032707197126	4.713096424546093	4.6221825867891315	4.837359618470073
7	46919550	46920650	1.1655464890252214	0.8587723669768079	1.0862162542063467	1.1008852266341718	0.8259781013708064	0.9975798877210102
7	47007650	47008900	6.146966937748078	5.743338581626645	5.467421510905604	4.95941007306648	5.158568922917983	5.291651442718506
7	47013100	47013700	0.2797314610052854	0.1920418293355033	0.43583862072477736	0.44762494226296745	0.9190798673778773	0.7470027313629786
7	47022350	47023650	1.7539693839496773	1.7841641938420147	1.3686380151365294	1.542772172714967	2.0118119896318833	1.8533731004825005
7	48919150	48919950	1.444134508096613	0.5146064747683704	1.1338020770903676	0.48678914332762363	0.8060873852949589	0.32286488232202826
7	48937450	48938700	0.9343148960869148	0.894213257850083	0.6998921374843967	0.6519671497330969	0.7094609931607898	0.8480072280585765
7	51723550	51724400	1.73219347325318	1.8832846575975417	1.9944256217142238	2.1180146892807064	2.9522202765591006	3.1837500310470075
7	55968350	55968950	1.217765042414756	0.6337843105935299	1.1424177429421494	1.07990352194626	1.4858024407674868	1.4184317599609495
7	58448700	58449200	3.8595269236564635	3.486274223089218	2.9693455939292908	2.6305358939170835	3.764968732833862	3.799355936288834
7	58749800	58750500	2.606569954476186	2.3638260559950557	1.6201732529274055	1.7865214153485638	1.3547042619330543	1.3976376837917737
7	63930000	63930500	0.9572888701856136	0.7064919255375862	0.9633542433232068	0.7668484248518944	0.7455590009391307	0.7850403991043567
7	63937050	63940150	6.281925671981351	5.523224496305547	5.211078037285284	4.796453199414108	4.927594275863618	5.013413042151693
7	63974100	63974950	0.9469249647680451	0.7410361896542942	0.7649286440102493	0.7154151560979731	0.5479973270787912	0.581350581496954
7	64141100	64142550	2.102478804055852	1.6698255258566546	2.1472677666618507	1.7495339630334619	1.8537267567323137	1.6474831400694703
7	64392200	64392700	7.100480227470398	6.666419633865356	6.115655030727386	5.614379262924194	5.510903049468994	5.789744226455689
7	66079000	66079950	3.61473974960415	3.1625063913746883	3.1628527838697558	3.2600428897769826	2.8836421467128552	2.5346793667501526
7	66104500	66105500	0.6911382943544279	0.6841864873256704	0.6080834553472457	0.6917340358346701	0.830892008319497	0.8932442610599101
7	66179800	66181650	1.258760503787213	1.136401971319809	1.2900746658748719	1.1543011492729969	1.154476627689477	1.1430884967273403
7	66197050	66198300	1.6276711611347816	1.5755395459080903	1.8379568374756843	1.49986382828677	2.0686607135660506	2.012678331810236
7	66233200	66234050	2.0528189537455055	1.6979754634815103	2.178064241304117	2.157903982558671	2.2011505684081247	2.220175106069621
7	66303250	66304900	0.19335893469705145	0.07116030273452478	0.3240896857215978	0.17847809221915736	0.3257082668770231	0.21286461260890907
7	68283100	68284550	1.402074500944246	1.4879809215575357	1.394342163216418	1.4640865064817625	1.1330654783616443	1.0652602798806523
7	68285600	68287150	2.045231293153316	2.2940061412815247	1.4762403569037905	1.2891192122428647	0.8107536202273288	0.7187825286933917
7	68349900	68350700	1.6008197106793522	1.1272566082701088	1.2647114783897997	1.0114472662657499	0.5108542244695127	0.5384662879444658
7	72306400	72307250	2.1044204734528766	2.0933532501318877	2.0220106810769614	1.964972659875365	1.5211745878528147	1.311742248710464
7	72313850	72315000	0.8215091228083842	0.6801918138260594	0.8503790649291008	0.6113427730674419	1.0930715121881431	1.2780381695083949
7	72349800	72350900	0.09030774913285412	0.08489430111765166	0.07613900094564097	0.08860212358770171	0.10186774486613097	0.07152362966402011
7	73558250	73559100	12.338907356192085	10.942287651370554	10.767385836348813	10.621105007196174	9.622220060614978	9.219641867525437
7	73618450	73619250	7.0695885910838845	6.255706134587526	5.992121865060181	6.058056812062859	5.81475802205503	5.613831887058914
7	74690150	74691200	0.6491658160653532	0.39797196799892065	0.6321384950277442	0.41665607658170517	0.8172937954181717	0.5663410775718235
7	75362300	75363400	0.9622262956042718	1.0071054697468	1.0094729027348142	1.0138295005470837	0.4745384233379528	0.5392693721215156
7	75454700	75456100	4.5862009790615375	3.9829541958505286	3.7427334520217777	3.89854842122706	3.3021459716308015	3.0058168237288267
7	75571900	75572700	1.46119987744838	1.8408367118425668	0.9264791245269589	1.032057940979563	0.4991025911876932	0.4077246044250205
7	75600550	75601050	1.5642453245520591	1.4935178515315055	1.1976737720370292	0.7182726999819279	0.447918048530817	0.2846603588759899
7	75644100	75645450	0.4286456154979401	0.3486629934892005	0.4792748696373924	0.3164864516894774	0.4334395140812028	0.26030317046852025
7	75649550	75650350	0.7882191215828062	0.8399807155132294	0.9291525240615011	0.922897661421448	0.9860210555419325	0.8281553823547437
7	75655500	75657450	1.6844587586988982	1.7073774437502323	1.6651884264819161	1.5628114228155012	1.5456263517146736	1.2861767049196866
7	75701950	75703150	0.8851183224749822	0.9360161381895824	0.8224046002152146	0.6357582483628783	0.7010480008639541	0.5451372706641754
7	75714800	75715600	1.2264481835067271	1.0139108473993839	1.158860057555139	1.1007254402711988	1.4099094462767243	1.1962037278339266
7	75796250	75797050	2.488206538464874	2.7834859902597966	2.6334550149482676	2.698157302327454	2.0463187295943497	1.8522488619782962
7	75880650	75882300	0.8941591553184642	0.950155886858299	0.813641090537896	0.7778750666518885	0.601475412388452	0.5651181466315648
7	75910100	75910900	1.6783516060560941	1.9461624857410789	1.1138330260757356	1.1987469791062175	0.8238226695358754	0.7478087342716754
7	78737150	78738300	1.120924478311706	1.1224305185257326	0.7901451074805321	0.8336144366554818	0.9893269590465613	1.212800465801164
7	78782200	78783900	0.7406141813139149	0.6755450598608461	0.6969210605673126	0.5821969413819927	0.6118392886720799	0.6654638651585287
7	79272450	79273250	7.977929881997406	7.399346231482923	6.9566705583781	6.824279089197517	6.52942776542157	6.694899689871818
7	79392250	79393350	1.7203263225202934	1.6377515765299198	1.34083207667793	1.4199439925806419	1.006438556915936	1.2255137475783175
7	79659700	79660300	6.952692477802436	5.967796304523945	5.966510999277234	5.846194269110759	5.435484687909484	5.246749211003383
7	80209350	80210400	1.3922814338584468	1.242853390606789	1.4798426703371537	1.4201067460150947	1.5776526807887215	1.480497491388094
7	80403550	80404850	1.553288832740216	1.7826587147866524	1.202509939309681	1.521218804418346	0.5140981244609367	0.5550616047302118
7	80449600	80450600	1.8708338404317055	1.078670681799612	1.4023160185044812	0.892529782384634	1.0322270790562034	0.6240135146602989
7	80534400	80535600	3.8663647707047	3.540791815891061	3.566791711142355	3.330304514470727	2.8409588374343575	2.771263742124041
7	80947600	80948450	5.320632689282956	4.6635705576464535	3.9952024262109807	3.575019082514679	2.3044256674103876	2.2093542550109766
7	81178750	81180550	1.7082561108523373	1.380941453554647	1.5747991503942314	1.5204938902873084	1.7901207308467366	1.636472380972133
7	81762800	81763950	1.7332442877770806	1.562409534383683	1.1325434889933836	1.0304777483452636	1.0840918338512215	1.1244848330318928
7	81788950	81789650	2.3591335275769234	1.8680735558271409	2.1553041313162873	1.7192558473561492	1.6892709111954485	1.3493455895568642
7	82865800	82868100	3.640806716555131	3.312357104195786	3.0492528806261063	2.970237266254048	3.302752788792486	3.7512233453332113
7	83659650	83660850	2.177199759329519	2.1420609191156204	2.1095136004622264	1.9265981800387606	1.888556616166059	2.019425361578663
7	83891450	83892300	4.068692574831931	3.9773015957742053	3.2478850047597114	3.3711727146015447	1.789626161657712	1.5992322065725046
7	88206200	88207400	2.430111182223084	1.62997621556764	2.7582204869998397	1.8809256906099996	4.202654966653562	4.390898745556672
7	89979700	89981300	3.7092709775893917	3.6283974381031534	2.946526165585364	2.8586035618765027	2.5326691804563297	2.345245145947434
7	90059050	90060450	0.8655321770878982	0.8165084973348451	1.049619390657273	0.8537874737027898	0.6726323649093907	0.5553915512680612
7	90138000	90138650	0.5684828841227751	0.5753686760251339	0.47733246608422353	0.3873849930671545	0.5594206344164335	0.5213880797303639
7	90355250	90356100	1.4171010156589396	1.1417703863978386	1.6550063745940433	1.2421474782508963	1.5896065800943795	0.9955316450446844
7	92741050	92741650	5.271084544758002	5.195036225368579	4.527284681051969	4.6320710309843225	4.330854866504669	5.140622970163822
7	92874200	92875400	7.870630071496451	6.89562127472252	6.420369347808181	6.1383588968142115	7.642558816461002	10.479457939267158
7	97332050	97332950	3.666355916923947	3.8425864158405196	2.7993333586057028	3.2116451791591114	3.0188514900538657	3.4996713672412767
7	97748000	97750600	0.687686449950969	0.700015576731719	0.6271069605275216	0.663578887052178	0.6646476926086529	0.979881529133092
7	98656350	98657400	3.195804896728234	3.0912621706812122	2.9860642606908097	2.628315351818289	2.2146655057015874	2.326642562573155
7	98702550	98703450	5.804378572967317	5.608021058837573	5.128487056824896	5.065186912284957	4.718747401105033	4.560814364618725
7	99086250	99087600	1.0038472564132126	0.9308701035312712	0.8363665334298191	0.7201174193493579	0.794254919230808	0.6930382571203841
7	99140650	99142100	7.187543194784603	6.911047971850641	6.169941093521203	6.20043876727173	6.079855640497769	6.46648294250011
7	99152100	99153100	0.8494621566034132	0.48604172043838145	1.0758492702494669	0.6315186777685442	0.33370353833585975	0.18262450272962452
7	99381000	99381750	6.328771249055863	5.439224346001943	5.877230556865533	5.732019122958183	5.643212837219238	5.721003963549932
7	99833850	99834750	0.1544944613468316	0.12643884764777288	0.10923524173390534	0.12205305970533722	0.0311454721312556	0.06652221596715126
7	100590450	100591450	1.8095078036155743	1.8094159730326747	1.2051878036202615	1.4381188906899474	1.1619262463704039	1.1149810296483338
7	100606850	100608050	3.295148415514218	3.405037867185412	3.134874397080431	2.718953014864252	2.2516571690054503	2.5228897274192423
7	100706000	100706900	2.0814894471358922	1.9646788825384445	1.897652248137941	1.8657118480991233	1.582955603533321	1.5744749189126823
7	100932400	100933100	0.6392526343251977	0.6940799655020237	0.554235283945288	0.5453893792203495	0.2282146605742829	0.23197242077972208
7	101301450	101302600	5.463493033431857	5.473906783308588	4.3273688724298465	5.301843771953357	4.113583571051088	4.7217545760196185
7	101310300	101310850	4.628328546962955	4.159445022344589	4.107445231730288	3.5452608654715796	3.8043357078053734	3.870325247916308
7	101465800	101467100	8.20260711908932	7.357294790762531	8.28979677943379	7.4868370498977335	7.115805307923399	7.89666127657661
7	101580700	101581350	2.7070469761353273	2.9337457474836937	2.994472155525134	2.8913999721866386	1.2815784646456059	0.9542683824667564
7	101599700	101601100	0.47446785057446283	0.4011715098123035	0.5251640841158853	0.52205719516084	0.3404232382558491	0.32023242567438887
7	101634100	101635050	0.6692106553108285	0.4956824076410971	0.7817446980076956	0.7873606617113509	0.29834316312201203	0.1398213368494051
7	101635800	101636350	0.476506608589129	0.3929500633749095	0.7129797030172564	0.4939119473370639	0.49452607833865014	0.3649050561677326
7	101896150	101896850	6.124703047105244	6.0156827196053095	5.587333877938135	5.194893507276262	4.938308108193533	5.552418637275696
7	102065150	102066050	2.5640951217558325	2.0200330005596494	1.8231372373576193	1.6639603171095574	1.3958748909768959	1.4074283333441426
7	102209650	102210500	9.185866084589678	8.32475918671664	7.769723366498948	7.823545019346125	7.30020283797208	7.166963964630575
7	102248500	102250850	2.969167797845279	2.883354197798646	2.1571873397899144	2.0434342024881254	2.688102806124729	2.7301594269387737
7	102266300	102268400	4.762555891760666	4.2892797353154135	3.8941393162834297	3.5342211061122613	3.8980874098983467	4.058742678738379
7	104314450	104316250	1.2056289132750275	0.8916734378568588	0.8458805900918968	0.8040314486956828	0.8379441559470557	1.1435756550278775
7	104352800	104353750	2.5379908442183545	2.5491668283311943	2.447889502832764	2.3212197539053467	2.3332085738213437	2.5731353180345735
7	105398900	105400500	2.7337171279230428	2.399305685700909	2.869527726327219	2.860825364517443	2.804587869503919	3.03548291755277
7	105554100	105555300	0.8087458416378258	0.5667713309359806	0.7795412773773241	0.7978201493815038	1.0042863140386693	1.3797489022215208
7	106440900	106441850	0.4019049502105305	0.2703948611491605	0.4863747089356184	0.3416831075204046	0.7036568719619198	0.676152358408037
7	106550600	106551900	0.6498892159201667	0.5516891566932053	0.47400794794257256	0.3908695511105497	0.3657609871781864	0.3116422756933249
7	110956600	110957550	0.46388949385893186	0.270090980656249	0.7052128895136871	0.3984059307292888	0.539414676765078	0.544292643815279
7	111028700	111029400	1.9110394992998667	1.524351330271789	1.7781020952122553	1.5230100031409946	1.6420380054627146	1.4928698814341
7	111082200	111083550	8.08064602504352	7.051437809806286	6.64426915176738	6.49727126150856	6.543802408905339	6.4814277522652235
7	111122350	111123450	4.547917313555656	4.068724362993329	3.5128661774959733	3.6807416391745433	3.3358940213884773	3.688536405776712
7	113206350	113207850	5.761414699276825	5.625249086585096	5.195269303063092	5.446921126831596	5.046697307006986	5.099156029220699
7	113367850	113370200	1.637929522310745	1.3981200606669368	1.4279513002386983	1.3764021735516252	1.5408419801840072	1.7762893100528485
7	113512800	113514100	5.946563543314969	5.5165268815894875	5.216725755885576	4.936247842962092	6.399689307234407	6.454776999331438
7	114068850	114069750	5.571267880400022	4.987782092657354	5.423584391789304	5.20166686265005	4.1301222821738985	3.2792288520683845
7	114479800	114480850	1.509454727304696	1.906172181450277	1.6245208744922175	1.5180291073662895	1.8306753629729862	1.6658461689381372
7	116333900	116334950	2.612240948786933	2.3780113233985256	2.0822075727238634	2.3110158781494414	2.3797858919770944	2.4769717405452614
7	117393700	117395000	0.8381912673491906	0.9603831395020923	0.7490337793392142	0.8560085886878774	0.3609420028474795	0.35589591323326414
7	117433350	117434150	0.3718654114753008	0.3673275934904814	0.4077210834994912	0.3641557287238538	0.5675756692700088	0.871135793030262
7	118113050	118114600	0.4122972510334853	0.40962033104077833	0.36557414218529627	0.3344897155095173	0.6097664131231793	0.4876295950943313
7	118128750	118130100	3.5492688137428168	3.4932385350583988	3.1628477073086065	3.510758687446415	2.775880947228567	3.2406736216225007
7	118243450	118244300	11.493223660833696	11.202367751458112	9.857285437022938	10.747020519621232	8.629839171697112	8.79165633222636
7	118294650	118295100	3.186277961002456	2.7344788032770158	3.6192346080144246	3.544406767487526	3.014285839928521	2.895699237320158
7	118532750	118534000	6.325748828661418	5.083984161696896	4.768899097338123	3.9387469653505263	4.170274315127204	5.318643736125529
7	119835850	119837150	2.3180229513165966	1.6519318727198569	2.4856667918070374	2.029880194665196	2.312913678382856	2.4807244325028015
7	120698800	120699750	0.8840918966814091	0.7121448855494198	0.9921422041011484	0.7532641417886081	1.2687529216157762	1.3952637615486194
7	122066300	122067500	1.9149522980310583	1.9203268575411971	1.5996247795063963	1.9009735379110013	1.5754376126662548	2.0415784630924465
7	122288600	122290300	1.4836170082526594	1.5137940455297365	1.4879286878430187	1.2581580353151862	1.5297671983976264	1.4393284789579839
7	122969350	122970350	4.290170869765743	4.39650880733613	3.9616768802021016	3.9250300969779492	3.8848635961413382	4.2418202204108235
7	123107750	123109000	0.46273839092806246	0.48401184541025466	0.37786883877661753	0.412637365465337	0.31914192637275246	0.3698910519361496
7	125581050	125581700	5.88114228945512	6.181336774642651	4.4346748830721925	4.747041475772858	3.1913685377744527	3.17296033180677
7	125593750	125594450	0.3910159591212869	0.29299400922909247	0.33038050727120466	0.2873367671242782	0.41428422339792764	0.3740232187429709
7	125602900	125603950	0.8744253210135136	0.8446336449589604	0.7855610026961647	0.6171734311892872	0.8733640384319282	0.6967156538544667
7	126329900	126330450	0.9979939803210172	0.7047909534248439	1.1929604331742634	0.8811923564835028	0.800475181016055	0.6262272852388295
7	126369250	126369900	2.3421591611091905	2.3904926204681396	2.3986735124312912	2.3540283232468826	2.135239364871612	1.8944857382774354
7	126486900	126487450	2.135943303054029	2.2562182757529343	2.2029336087744342	1.8408717002110049	1.5171096894415943	1.1359772802482953
7	126501900	126503050	3.468597531245099	3.4971981546153192	2.17954741275996	2.371506288551059	1.7543343797286237	1.8587612173868262
7	126503150	126504350	4.727117436823025	4.595879762249608	4.460404746569279	4.372775162536231	3.857257770954394	3.7297953153699384
7	126584300	126585100	0.6153895589662716	0.5085379236796871	0.8240899786911905	0.5948295767605305	0.6779366837255657	0.4632504430413246
7	126649300	126649700	3.9442649483680725	3.8135022947192194	3.689329638183117	3.3133890023827552	3.153839500397444	2.7172870878875255
7	126703750	126705650	1.4775369923912205	1.2332722593770569	1.4112967490502244	1.01279019611816	0.9169335038152642	0.7855194709875883
7	126861300	126862850	0.8798923555546819	0.8931425324240536	0.8342916835929798	0.7804244768067462	0.5791218408868662	0.5308307311184821
7	126884650	126885550	1.423049409126656	1.780835821255206	1.3771996564625038	1.5795971191709948	1.0313091723413932	0.9340084638976964
7	126927800	126929150	0.7538296566670372	0.8410358576020512	0.6036400399326254	0.7027752069901663	0.5408307827613673	0.6620606622337448
7	127026850	127028050	8.24980097897591	7.708676958084107	6.904781364394773	6.348171919993351	6.418014372598891	6.3893894186367595
7	127090750	127091850	4.132457766267211	3.7256272277943903	4.1571743246397315	3.2701796598408177	3.161102687177811	2.9121698622540992
7	127112500	127113700	2.6512014081401207	3.176480295017201	2.7746928672380347	2.684104388073237	2.681112936758528	3.1160756300886474
7	127208400	127209700	9.961850113880546	9.662552847282468	9.018374500889934	8.588334609745266	8.372004292086778	8.941138861912947
7	127421700	127422750	2.0042749068118093	1.7614570205368167	1.6226471757255356	1.8140340910342794	1.4265257952007508	1.4975053630485422
7	127470950	127471650	4.107805677737509	3.8612990857873646	3.579081917319979	3.4838491183519364	3.351001502616065	2.8772743953551565
7	127477750	127478750	11.97379348730272	10.02143587715395	10.255151999442809	10.266846454620362	10.204654363155365	10.448131609678269
7	127512000	127513350	6.626145035027032	5.917291137440088	5.249222579429654	5.001590797539913	4.972536534660523	5.181247898428528
7	127572850	127573850	3.0676450358590768	2.61434930290353	2.8475486513568513	2.7672762959748507	2.4040699346512557	1.731430573541671
7	127587850	127589000	3.256893077980084	2.8393137673408755	2.204896765785164	2.1647117727830003	2.001564043488954	2.2631343086517375
7	128050550	128051300	0.9471750689943631	0.48736890135208766	1.7439901052018008	1.251439631621043	2.0312616033355395	1.3629721306562423
7	128119700	128120350	2.179550708073836	1.8379940663851224	2.0336825489997863	1.4543315287736747	0.610353558246906	0.5457875113303845
7	128158350	128159700	0.3669841361000597	0.27605062375286527	0.41593645938741447	0.45073969118112445	0.44028849100991185	0.31367561957459383
7	128237200	128238950	6.043264131502073	5.6206155927104335	5.171183629761093	4.863022394882137	4.370258078567121	4.392844889491895
7	130519200	130519950	3.85134955517451	3.3567393084367114	3.210613813559214	2.8675852952003478	2.974911569992701	3.3781035043398537
7	132365600	132366300	0.3572746239975095	0.44087098536746844	0.35800562207187925	0.38832788593002726	0.6093966078332492	1.17742278609957
7	135588250	135589450	1.371538037634675	0.497331582782755	1.8331426981444001	1.2285714081441514	2.146274007656555	1.784214484107991
7	135651900	135653050	2.4195775130219745	2.4625260711284707	2.3936489976773254	1.8599611208467144	2.255750539247947	2.6874651222643644
7	137410200	137411850	3.1578131785126873	3.1775618770841683	2.696371751273307	2.582572311678744	2.8097026065497173	3.1465018756159435
7	138845700	138846400	5.057343744380134	4.728252069950104	3.8555739119223187	3.7593195895637783	3.738424656220845	4.291091567448207
7	139151150	139151900	1.3428290458768606	1.3245510846277078	1.7069211818079153	1.6452266130447388	2.967798494199912	3.3280166549682617
7	139188000	139188900	0.1950715952614943	0.2837111488564147	0.3547460953063435	0.3399398775729868	0.5437320587701268	0.6623787077267965
7	139388500	139389500	6.207228563954754	5.687339465725807	4.292659656986114	5.70272300671041	4.142073541790247	5.331013085663319
7	139915250	139916600	0.16593988829331302	0.1267962320389286	0.1463623847922564	0.11588101797608184	0.12904348874942437	0.14229760769340727
7	139969550	139972250	0.8502584881252714	0.667315317675774	1.0855375483500345	0.7438599128909943	1.1909283028396906	1.0857975087260296
7	140036350	140036800	2.373294165664249	2.220822002357907	1.8802312718497383	1.7582962465286256	1.519911702076594	1.716787841849857
7	140125300	140126100	1.014880341719836	0.8244655938586221	1.0183365636039525	0.9112598320282995	1.3374170125834643	1.7165106574073434
7	140207750	140208950	1.2993950961247507	0.9967612983656484	1.5052253724169988	1.0866078888286244	1.602407792409261	1.2302119959456226
7	140213400	140214450	0.7222323968040596	0.6729541468002842	0.8121772955346583	0.7534673755832942	1.2727624777668998	0.9235710474848747
7	140856350	140857900	1.79317119999309	1.354904757091828	1.5479034584990152	1.2611229477227024	1.707392593687807	1.6343945394345718
7	140882050	140882700	1.5233334299062307	1.4193056555894705	1.4210566027462483	1.2247053690369312	1.482515870126394	1.4459672089952689
7	140998950	140999850	0.9950813849477305	0.6707980447883407	1.4117839027527306	1.0623504941662152	0.7658998591370053	0.7189705667023858
7	141058750	141059700	1.7145023013063168	1.9981569659082512	1.7645103000820075	1.7543495891282432	1.2651709225460104	1.2537890572296946
7	141096050	141097350	2.115748758576348	1.681182401860618	2.0826059708110156	1.4940598609675337	1.4453644958772272	1.4633077314610665
7	141122350	141123850	0.9633527297191722	0.992872009557477	0.9551067942723073	0.9834244117306474	0.989996804196111	0.8734061167591302
7	141172150	141172850	2.547238676292556	2.6431074262729712	1.8473038540141924	1.8705113943772658	1.865576540529728	1.773809778967074
7	141327200	141329150	5.386704575504716	4.66076125323033	4.622397600965781	4.033920136431714	3.548018661850718	3.5738439684584256
7	141446950	141448300	1.9306684465960933	1.8102502434569874	1.7386286918834972	1.320062623976591	1.6038145744410994	1.4527763349756047
7	141578400	141581100	0.7582437771060878	0.5644233991520738	0.6974723203891494	0.6546347393429027	0.4217719867957648	0.3002624785432018
7	142353850	142355000	1.4781964391745825	1.0920630863505358	1.7053546087337244	1.5157316694767662	1.8626532632676536	1.7096931529433832
7	143004500	143005950	0.7145634281142378	0.8440022686473185	0.9991654925404719	0.914607803993919	1.2929639610170593	1.3055194153284777
7	143008100	143009150	1.982766301657564	2.438158223610686	1.9113053718836441	2.1607857048511505	2.477603162158103	3.304388916123481
7	143009400	143010700	2.124535764319343	2.0074496589641715	1.8435107636747523	1.7739735697143841	1.9409909052600687	1.9235802851846584
7	143548150	143549550	5.224227724207162	5.008047747282388	4.21156340284151	4.0420603916448945	4.264260587852542	4.962881063337737
7	143598950	143600500	1.7765736173342104	1.610341929531223	1.5503474712049305	1.83897432143399	1.365333423986648	1.2709533252637708
7	143829550	143830250	6.84304299558912	5.951129573072706	5.986216789313725	5.553636900527136	6.210206068413598	7.802635721819741
7	144581750	144582700	3.3092568206159694	2.9830856120586393	2.7617648499890377	2.504665331401323	2.774299530732004	3.3428962041202346
7	144914650	144915050	3.0831761994212865	3.0468983697891234	2.8855466970056294	2.6035769444704058	2.8169342346489428	3.529673471450806
8	3354200	3356200	2.65448949473904	2.2631840520674182	2.729551687117546	2.2039228376648237	2.621829285397249	2.141357056196346
8	3516300	3517150	1.1384853606539613	1.0518550021858777	0.9182991702591672	0.8851445173515993	0.7783487061367316	0.6262269930979785
8	4165700	4166600	7.3470286770992805	8.073410537772709	5.286577791257037	6.620255138708486	5.487738563170035	7.1201177690426505
8	4213900	4214550	0.9691176599722642	0.9842269409161347	1.106171396099604	1.1525144151311655	1.5234219633386685	1.8893284285068512
8	4253050	4254050	1.4648813157119192	1.3529881068814185	0.8806191036162838	1.247569676220417	1.1915017415732145	1.4746215273439884
8	4677100	4679350	6.964190986564937	6.964461368410391	5.714401573755407	5.863688495189741	5.348546738830267	6.47764586315395
8	11463650	11464600	0.5656033705214136	0.42459642092256167	0.5811678808888322	0.6208824779171692	0.41737063302153204	0.2760262620840262
8	11555000	11556450	8.252468096740518	7.620192752282266	6.472016521936036	6.218484741896546	6.138416256856241	6.230905959458951
8	11557800	11558950	9.881467327596763	9.538176017169597	8.192488493712052	8.324086672719444	7.010921210169487	8.101020354019559
8	11634700	11636850	3.3622623999925456	2.957769853916726	2.634111064644747	2.4752689367755356	2.5802888478202144	2.3623818091605253
8	13213150	13214150	2.8126757907972357	2.3772829122223476	1.7421324647703416	1.8317734302580357	1.3446767902486025	1.3286170545183122
8	13599850	13601050	3.383663890284877	1.8730599220850135	3.4161407446092174	2.218480357834787	1.6967689557168997	0.786258210092783
8	13642950	13644800	0.1509075447950074	0.09913082930684723	0.16600651769115438	0.10035470388479406	0.2664255114810732	0.14910957108900008
8	13648500	13650150	0.8316666339546122	0.9010191786093091	0.7436185860354181	0.6936136613404456	0.7914053612299357	0.7955319972973784
8	13674750	13675900	2.0140951373299574	1.6884410560682812	1.6017517291011516	1.0793512838411394	1.3050074049761837	1.0483903490460438
8	13676950	13678050	3.9114849719274076	3.8897875808201223	3.2668084325259032	2.9208831824941086	3.3834036173285016	3.047168133963238
8	13686150	13687350	3.5041025346325294	3.261147760165635	3.068186469693338	2.9031948221498016	2.3536220528097713	1.8179362119858464
8	14993500	14994850	1.207736456926863	1.2655441615743874	0.9017795073943325	0.8457145925108699	0.5024594555856875	0.4615160560387152
8	22165950	22166500	4.978041894435883	4.930173121582378	4.281977512944828	4.53111242164265	4.31482756820592	4.356045179367065
8	22405300	22406200	0.6139480121847656	0.4920223639388051	0.45925747491522795	0.38660411586474736	0.3263064183253381	0.22058591403481034
8	22805350	22806050	5.061703505516053	4.194955607056618	4.562991217502526	4.064351134215083	3.498839423954487	2.7798624911904337
8	22807950	22808950	3.7875058387633294	3.1864857315555697	3.0726486780105096	2.6883085975646974	2.7115884249210356	2.7284729860424997
8	25016300	25017350	5.904320701915548	5.451247688668289	4.722306300002745	5.529410584923767	4.797583556941578	4.212548901059089
8	25102250	25104150	2.2800607913297384	2.2363099999338742	1.8629454307670972	1.694715986100172	0.7158840516464055	0.6269324929247282
8	25274000	25275650	5.0050829776640855	4.374072436186342	4.975069134247034	3.6967181836803427	4.099637952216381	3.621768325042187
8	25601250	25602750	6.627744634648805	6.092430718678299	5.137036891937256	5.280935315796823	5.037350893207625	4.779461080920789
8	25948650	25949500	3.034416965035831	3.4998199851372664	2.4704217975279863	2.7635954879311955	2.0876796401248257	2.4985126460299774
8	26014950	26015900	2.400489446426693	2.3657961086223	2.075361291860279	1.763332082817429	1.6593616447636956	1.625526633325376
8	33608000	33608700	0.8512627615673202	0.6758797950829778	0.936148453610284	0.6369199063522475	0.709033228116376	0.7790238817249026
8	34145950	34146800	2.8210368406772615	2.8143227390681997	1.9324046153531356	1.618085038398995	1.0556380093535955	0.8653509912596029
8	34149150	34150000	0.9265100463698892	0.8644778890469494	0.8592187549086178	0.7099290567285874	0.6727829113076715	0.5407969492673874
8	34154400	34155400	6.0767395543744485	5.897208700456926	3.8006454567755426	4.872060309901833	3.9608391440436246	4.02401598534733
8	34215450	34217050	2.0252232962846755	1.5496541830801194	1.8705638509988785	1.643889050764991	1.6981269029834691	1.6841980903093208
8	34740150	34741050	0.986251566062371	1.1991643827160199	0.8639045183443361	0.8686235107647048	0.43100586144460573	0.4646934821062127
8	35634000	35635050	0.7923303795469637	0.786396225883856	0.8433409648154004	0.7062749977338881	1.150240004928339	1.2124826301315001
8	36172700	36173550	0.34657395557445636	0.3308861801298881	0.32167075998423733	0.2743098315245965	0.2893339596864055	0.35651140165241324
8	36181900	36182850	1.47050695544795	1.2490673585471355	1.2621469728334953	1.135392916124118	1.2122143301210906	1.2812747425154636
8	46210300	46211100	2.631014882235322	2.32167362638982	1.9422070172941313	1.6725883043839753	1.7828441095957532	1.745791061418131
8	46859050	46860000	0.4346819735357636	0.42360211595892905	0.4751595610066464	0.33334858257519573	0.41064363158062883	0.3288015217922236
8	46869250	46870300	0.7161700922345968	0.5939881657562416	0.842507174389965	0.8234262815465423	1.0768670877335327	0.8325753581949643
8	47533200	47534300	3.182912448732035	2.59436868533361	2.7179957052549657	2.7424249339317393	2.246372623469103	2.4318034864623437
8	47674600	47676100	5.237910262569304	4.86816442936723	4.280722698580834	4.044558956685693	3.834399004767923	4.222720851572909
8	47713700	47714900	4.79280831152393	4.582169180331058	4.643786950034474	3.8102710940397695	3.7925651064164496	3.954788196509083
8	56551050	56551950	4.299797232879532	4.086585703657733	3.297555169951585	3.399777322229412	3.2662211984064844	4.4820408022403715
8	57511600	57512250	12.158088864546556	10.189015122927152	11.030914754867554	10.93655847109281	9.635884585839051	9.80079976100188
8	60983100	60984100	5.289144556634383	4.490725440563694	4.9128658589114345	5.097192991450429	4.563720308693126	4.861622583039105
8	64805150	64806050	0.3436031216900382	0.2572512527182698	0.268372539807072	0.18874609413548735	0.17216521361635792	0.09922825710617993
8	64871400	64872350	0.35914925148612575	0.2294032855214257	0.43626586824263397	0.27543273394045076	0.5018791007211334	0.5440438261157587
8	64947050	64947850	5.4584855337440965	5.079673193059862	4.569993150103837	4.797254804819822	4.336574525013566	5.333221163153649
8	69625250	69625750	12.777457533359527	11.835913480758666	10.29494121980667	9.795971687316895	8.212745011806488	9.231289072275162
8	69716050	69717400	7.319514052343767	7.08898116564242	6.032698685389836	6.660104393286744	5.6075678002185025	7.196450007044607
8	69749550	69750300	3.4244199615865947	3.3369186506668727	2.822623230814934	2.889045085291068	2.503576981236537	2.336998784124851
8	69774250	69775250	3.55504532285275	3.2832487292135917	3.245339976470776	3.125198278218508	2.771990148894489	2.7009765150343776
8	69832200	69832700	5.127547926187515	5.5946236966252325	3.786166317462921	4.81540609139204	3.6596504934430123	3.8554026517868043
8	69901000	69902700	2.1796200136622623	2.0867602313944693	1.7116277368109412	1.608662103323163	1.2157965916580806	1.0523778049662076
8	69918750	69919550	2.9463211747631433	2.0574738548137246	2.9286412050854413	2.0406851268932225	2.410800071004778	2.5192813926469535
8	69937300	69937900	1.476968999033173	1.0968384693811337	1.569345566344758	1.3800626093149184	1.7414309736092886	1.3768839505439003
8	69996200	69997050	9.073712310054724	8.335085079038844	8.201307961379781	8.408472506947378	7.754136118012316	7.326549642086029
8	70042500	70043000	6.8228328146934505	5.934211754322052	5.527743354797363	5.039987587928772	4.361923457622528	4.11032120513916
8	70212000	70212950	10.11768177515582	9.266125988834782	8.626889643449532	8.192778210326244	8.429494449590381	8.659799110826693
8	70234150	70234600	4.830789599948459	5.095108212365044	4.184979085392422	3.9670875649982027	3.3576551649305557	3.6079351398679944
8	70506400	70507050	5.1582841205138426	4.765724870562553	4.173483003928111	3.9885380673867004	3.737634313748433	4.086628610354204
8	70538650	70540000	6.254030344152962	5.876481471135767	5.171674155505327	4.905626425245394	5.589977267811761	5.858750758215233
8	70673200	70674050	6.727483422931503	5.9031734007246355	5.7909222834425815	5.371634399627938	5.304059788181501	5.191702747941017
8	70698500	70699400	14.797606941329109	13.620145412815942	10.962988695038689	11.028823912143707	9.662642562521828	10.393496563964419
8	70754100	70755200	3.356539224193942	3.079090933198453	2.762547603394628	2.7792887905520147	2.5496167781136254	2.457005450183695
8	70760250	70761700	3.6474150051184835	3.264633115019496	3.3722829852702905	3.1661875100125996	3.1974766027129444	2.8634040888806966
8	70765700	70766550	0.5546637833644362	0.7178665208816528	0.5361662117276151	0.5985668704439612	0.4647900557079736	0.5338438470223371
8	70792400	70792900	9.838536108016967	9.360917887210846	7.303924005031586	7.08936439371109	5.467356819152832	5.085034874916077
8	70797050	70797850	2.8271573657914995	3.0927058675512673	2.2667346308380365	2.7415519679710267	1.971861395686865	1.8614897049218415
8	70839250	70840000	10.222817740122478	9.851577807108562	8.93948173459371	9.399548900286357	9.11278178691864	9.611064306894939
8	71272300	71273350	6.193398782287692	5.309894584503408	6.232260909307571	6.373871470292409	5.579640774670102	5.285446813787733
8	71366900	71367500	3.29382272084554	3.0659343564510344	2.36434643988808	2.2836514981091023	1.988384027282397	2.143263525913159
8	71371150	71371650	8.11385454273224	7.426548801541329	6.458451474547386	5.858650025904178	6.03604982483387	6.597092315793037
8	71570050	71571050	1.2115263317784957	1.5527162548803513	1.1228470063670988	1.4900594060868024	0.9073426645547151	0.9367408308237791
8	71586800	71587850	0.8813378529125445	0.6924870593548846	1.2327952852695323	1.1384532268130623	0.851199861181279	0.8281420864776232
8	71610550	71611500	3.6965114630680334	3.569645480078302	3.680106637556302	3.825703170660295	3.3545434227272084	3.3078096132058845
8	71665150	71665950	2.382238210067153	1.6552458658441902	2.247409779727459	1.7792873856797815	2.0742743349820376	1.5452337017655373
8	71722950	71723900	1.1506680775316138	1.2063355852428235	1.183857734830756	1.1999561331303497	1.2572631359257196	1.2034115667405882
8	71950650	71951600	3.883457858264446	3.822693048950873	3.781531225874236	3.640808707820742	3.1865371485446627	3.090101018877406
8	72160100	72161300	9.008018084085116	7.853605864381278	8.032687175402078	7.75283007217176	8.932319722643088	8.779180798530579
8	72215450	72216150	0.5800474512204528	0.43785299723036586	0.6408741349096571	0.4963511557877064	0.43103111576821124	0.34844975453136223
8	72239400	72239950	3.511931615851142	3.2882609231363644	2.828330705030398	2.545042919110168	2.6227738254720516	2.95214155416597
8	72330600	72332250	0.6513204450943605	0.5096392883663349	0.5402494815927097	0.42877388400828736	0.6152686976366502	0.5140815118839406
8	72349750	72352400	1.2500185307916607	0.952400568116386	1.316288419809601	0.8680552094373928	1.3300091988185667	0.8496487181288153
8	72353600	72354850	2.307707764262538	1.951271429246472	2.6613056474254977	2.0548076254179986	2.2361070557538203	1.777059276819229
8	72492800	72493350	5.791019340211695	5.381903220848604	4.964271295124834	5.524823679869825	4.4725470103188	4.498818966231563
8	72570700	72571300	6.471369331081708	6.682365594704946	5.31107769370079	5.3270811905463535	5.006105933785438	5.538982034126917
8	75033600	75034300	12.031708389350346	11.700125573022024	9.16715130840029	9.535200716427394	9.301207129614694	10.974974930627006
8	77451050	77452250	2.5111006101741586	2.0324241625789283	2.4284099367100707	2.0537936377525328	1.930160244773416	2.345881572390596
8	79638750	79639500	4.67747148736318	4.30189477523168	4.183157766838868	4.118658833404382	3.0933412940502167	3.1165519576271374
8	80742300	80743150	0.23008371836779748	0.16534308840314382	0.26903256904973577	0.24834779015293829	0.3674898360394086	0.38055509869447524
8	83331800	83332850	1.7105321562883211	1.5253915792602912	1.3057165520652076	1.4362676662064735	1.100171221757219	1.2644582381800051
8	83566700	83567000	3.113315089146296	3.317194023927053	3.0665027542908985	2.404820942878723	2.192968359986941	2.145950063467026
8	83573100	83573650	1.7017902451211755	1.5857084651426836	2.065129901820963	1.6059420455585827	1.5983554681322791	1.5054544511708345
8	83594100	83595700	3.0122343387041983	2.806182822677497	2.729746750306492	2.7307630184435343	2.1045835627001876	2.215166934353517
8	83606900	83608300	4.255333593342162	3.4600706920814694	3.164321626397322	3.644593690277694	3.0116870177921946	3.06597087955158
8	83714850	83715950	4.0761474247622	4.352522561557132	3.9083290943721876	3.706416802419447	3.6281407389156324	3.6179495712911542
8	83739200	83740700	2.0720767541700793	2.0014442758457633	1.3658133636238754	1.4309133776895926	1.2282890939712525	1.1321139191324396
8	83758250	83759150	0.9591564374686116	0.8177778748753998	0.9998795567328731	0.9880835685961776	0.6031070294645098	0.4458518455632859
8	83954850	83955900	7.545701385591803	6.351875942247804	5.874746873799923	6.248392632348197	5.818984155683291	5.489911458378747
8	83972000	83973250	3.8231628787871332	3.4582743748818676	3.3345090074908352	3.495812384489811	3.33672721044316	3.15943528752327
8	84066400	84067550	11.747218969058856	10.996183575259685	11.010488906154125	9.614225793569613	10.037685157405141	11.707599679283474
8	84104000	84105400	3.3518447515601935	3.252291500502468	3.02917696224929	3.0288291096962645	2.604309448674947	2.671292309174902
8	84105700	84106950	0.7011992426795389	0.4998418260020595	0.5357191602953019	0.4252560381802646	0.37809215633167936	0.31705163543423015
8	84126850	84127950	4.354848000311082	4.270438403020505	4.15624375620196	3.6359633844549006	3.3864353416565267	3.54791218879548
8	84197650	84199100	8.40469674692801	7.856502596183667	5.738102079228113	6.202155521735628	5.914844156694703	5.71494082086069
8	84237050	84237550	10.814549678564072	9.413270399093628	9.216588468909263	8.97377722299099	8.204495100140571	8.095267023801803
8	84661100	84662400	2.0360217227415176	1.7769083542740967	1.3977020081929474	1.451324353896099	1.4549606738586771	1.2818303329211016
8	84663850	84664900	1.841501843207809	1.9352430207681728	1.5938289519279234	1.495329600984142	1.314509036200387	1.2449026686236973
8	84686000	84686550	0.2104821409691464	0.21651371468197217	0.23965094516223126	0.21900279635732825	0.24318631716749886	0.26347116318616
8	84703000	84704100	1.562477567734257	1.1028895172835096	1.6884868257136638	1.2944425379816888	1.9608928009277997	1.7204938179864124
8	84846650	84848300	4.288354082079577	4.058478700305943	3.534360049268239	3.698194266180033	3.2680820781789364	2.974855126087861
8	84908300	84909300	1.3972846451574756	1.4973571085468413	1.077746212513216	1.3620301989018917	0.969532681286335	1.0875596913006156
8	84979450	84980150	4.97596020264285	4.876646346747875	3.722711098172835	3.8916769577775683	3.4341593036055564	3.4345489676083836
8	84982500	84983200	3.562658788902419	3.4598648066180093	2.7762376108339857	2.627043018894536	3.699225421292441	3.5754951400416237
8	84984750	84987100	3.3363421199971386	3.7734121209657103	2.353205237539157	2.655746138493989	1.9869853523496694	2.0698330214565073
8	85025250	85025900	5.815863258838654	5.330819398210599	4.52897998845348	4.480249203305978	3.9200033559936744	3.6812219903790036
8	85298950	85300550	3.746686408370673	3.10179198806805	3.104516216577189	2.660639067682683	2.769429884616463	2.5567421981345775
8	86623200	86624400	1.7938849427110404	1.4202205429538604	1.736189302715563	1.6974840543327128	1.587599168893169	1.5127020514197647
8	86707400	86708450	2.7466516300793256	2.9666100853599158	2.2282554517326996	2.3984848475944895	0.7263010295039521	0.4886894354259684
8	86838650	86839600	2.1977287104255274	1.499836700072414	2.589184087405079	2.191514138422514	2.2162310248142796	1.9912464441908033
8	86853200	86854450	1.7550677594584805	1.3055686779083744	1.813226686096849	1.4716342446760697	1.930698746625115	2.016485890705711
8	88117750	88119500	1.9113117635411037	1.8577049381620192	1.6907942248867984	1.737467566390674	1.6627439847312795	1.6585358339697236
8	88290100	88291150	0.7068359803347728	0.5785335711876185	0.7004898918169434	0.5187575833570389	0.5482042638035047	0.4759180704043025
8	88362300	88363100	0.46194756984943525	0.394487191834487	0.4304276804905385	0.27394659269601107	0.2913864809962272	0.46327710059005767
8	88618750	88619850	0.2551968154298211	0.13210591921410578	0.29929416070554943	0.16377851186615885	0.7756606271544433	0.5383905034105886
8	88635050	88636100	1.1066952672165842	0.9510647621755409	0.8420287040411601	0.5123458935455842	0.5665233186703352	0.6748569846011343
8	88696500	88697800	8.882094753303244	7.642215159300243	7.581637173787536	7.2353657218070575	6.5540402931109805	6.822938436636558
8	92355850	92356300	2.964766846232944	3.1693828037050036	2.129564385811488	2.398164374563429	2.323541958199607	2.695361330244276
8	94364700	94366050	1.1923467048789833	1.3745068090562547	1.1206726659646271	1.1760338619770203	1.2045672204689295	1.2461187497222865
8	94385850	94386850	4.156775292796473	4.453595990309895	3.1394742403030396	3.3606446839869024	2.7415369164198635	3.0146811270043252
8	94413550	94414100	3.24333363272927	3.1774991923028773	3.0851514050635425	2.9318526621298355	3.7244270102544266	3.6782013644955374
8	94447250	94448450	0.2925331587220064	0.3332859756356926	0.34362764179291	0.37230223663055884	0.537743444057072	0.5921651683251064
8	94453650	94454700	1.3553154553063274	1.5281533758248418	0.9454406598819199	0.9787311743762376	0.6372739405841344	0.7073586283162946
8	94458350	94459000	2.3888842823413703	2.605710741029336	2.3249221962461104	2.297256849224751	2.4355584152157492	2.2834266121112385
8	94601200	94602400	5.932694356826044	5.350093948110458	5.243930722693609	5.095689223751877	4.473647580988267	4.338765632311503
8	94666400	94667550	1.689880524002653	1.2895837067420821	1.6601681912482116	1.5415971443946108	1.3524509105048215	1.439177032728558
8	94969800	94970700	0.4284104586537513	0.24052976226744552	1.0000796260229414	0.35992793349756136	0.5736758836524354	0.32404976824919385
8	94972800	94973950	1.0990542677903328	0.9264090396479641	1.525626287372305	1.1355042704857385	1.601191214051698	1.118542041985885
8	95080750	95081250	15.641183487892151	14.304526549339295	13.659567369937896	12.729390383720398	12.760907776355744	12.304786239147186
8	95331300	95332650	4.081658458390685	4.2446864358954395	3.4485806818133757	3.11530579158446	2.884825322934485	3.6254612286664822
8	95807050	95808200	4.891234607669782	4.560555889509503	4.36193551840531	3.9480998632472804	4.176392081326536	4.835392043227735
8	104246850	104247400	0.963976944224401	0.8060579830137166	1.2091002571040934	1.1573086287216707	1.4524856236847965	1.4153122080456126
8	104591300	104591700	2.9414930167794227	3.5886480364203455	2.190305042564869	2.7363907034695147	1.9928416268527507	2.8967315039038657
8	105266350	105267500	0.31947957496822293	0.3423727963448908	0.31417672231521715	0.33429567501047186	0.18043518613976287	0.21170391566275037
8	105289200	105289700	6.060686961174011	5.657209121704102	5.133414316177368	4.659122286558151	4.4533986463546755	4.96589205789566
8	105295650	105297200	0.12183157499016321	0.09769730031969306	0.12134968715982472	0.10450939753446038	0.14473953902440276	0.11974104703693472
8	105566050	105567900	2.08960567353597	1.7868484035220058	1.810975374952235	1.8194539529407734	1.8678164743751715	1.5562402092908971
8	105827200	105828000	7.080222112964838	6.810312770800665	5.662795591242611	5.689732202235609	5.179916766085662	5.696468741321777
8	105851700	105852150	2.1737995574209426	2.241289966636234	1.918509124384986	1.7611750868956249	1.232104595369763	1.3204594609472486
8	105854800	105855300	3.0723774125576018	3.017081195116043	2.7329908401966096	2.1786526036262512	2.263872738599777	2.2841615353822706
8	105860200	105861100	2.877092492447959	2.7851098171207638	2.4032893578956522	2.452443131324318	2.2096141889194647	2.376373712354236
8	106007050	106008050	0.8425393563547442	0.5631130732144467	1.103463667454258	0.7728069473356008	0.8716982699111104	0.6311699782013893
8	106054000	106055050	3.244324688127696	3.0457735159503336	2.8108214483246456	2.6835683268450556	2.8832906452814737	2.065074641945816
8	106058800	106059450	8.082716704882108	7.8255095533224255	6.771805551602291	6.75563371695005	6.5267957225212685	6.617987382962154
8	106337850	106338350	2.375072918355465	2.7308166672438383	1.9751230902522803	2.678626030266285	1.6227656448185444	1.898109300136566
8	106794700	106795500	0.04507209494331214	0.057880230444570996	0.10347001000776641	0.056102066258689264	0.06513880373910069	0.08007819510297849
8	106935300	106935700	3.7526747357845305	3.4046643310785294	3.3953353452682493	2.6866000479459764	1.5117804217338562	1.737759372293949
8	107030800	107031250	2.8348607879545953	3.078967544635137	2.384107951107952	2.502440179321501	2.5223984182543226	2.5400576860374873
8	109608150	109609300	4.011703593782306	3.609988399795009	3.4188867706871298	4.114769553563187	3.0716607222593653	3.7215029528607495
8	109704900	109706100	2.5842571495425313	2.4178091361958494	1.8656566326592559	2.107696743204136	1.0948571587777607	1.2445927953223388
8	109750450	109751250	0.9451625577034428	0.9375161115545779	0.8921453944977839	0.951314458027482	0.778600716739893	0.7404751493828371
8	111299800	111300900	3.0682819318546484	2.753241711544868	2.610166901381484	2.3476575363174943	2.181783910333154	2.3809302999621087
8	111521850	111522550	4.256946118303707	4.200466391103609	3.7934028225711414	3.7348470418793815	3.6893373730140073	3.91504145107099
8	111573250	111574250	0.7834669880238858	0.8963734521558208	0.5549051113597483	0.6580394261760089	0.4791067742034793	0.7406633291840553
8	111594700	111596650	1.2079474942035928	1.5042574943045386	1.3168111340638722	1.4870089094535055	0.5703257055519932	0.8174239142707365
8	111644250	111644850	1.5133363045255344	1.6552293935914835	1.2780780964593093	1.3137028740346433	0.7969970667858919	0.8519112379848957
8	113634900	113635850	12.500695791244507	11.336612481819955	10.938772683896516	10.873287963365254	11.35551523635262	13.444332498500222
8	115400150	115401200	1.2408505371492211	1.258229749213715	1.169264977293286	1.3921692343378171	0.7314516811143784	0.8257596033616434
8	115726450	115727450	0.30905088754647986	0.1900060297311656	0.3966582385032408	0.3182842306047678	0.14954149574786424	0.1820227972269058
8	116627800	116628750	0.2738858305427589	0.25580919722445133	0.24963573931471297	0.17975503561512524	0.2084665784821632	0.276161625687229
8	116635350	116636900	1.2594991764441739	1.3171913547892973	1.07421988601367	1.2059840708163996	0.9907639699959438	1.0189943201132314
8	116637850	116638600	2.019845697581768	1.9202437242368857	1.7685712597370147	1.7917526080608368	1.7645641604761282	2.005044710000356
8	116905250	116906600	1.2063898157600006	0.8213867592441281	1.1833041887955569	0.8786529758187926	1.137777792155613	1.326158922204265
8	116920650	116921950	1.9074252732870893	1.9350637788237446	2.2415360055722724	1.8348183931732014	2.085479463991536	2.87636097851281
8	116978100	116979050	5.158823760904764	4.821682174495961	4.533882694993364	4.3900034442100395	4.121843109232815	4.526944172554894
8	116992850	116993700	2.6327029785119436	2.3913142828029743	2.5258043991423706	2.553329341937514	2.422849595055861	2.685528748806785
8	117073850	117075050	0.7116821339018679	0.39310492659818874	1.0022785502392204	0.7910138323963803	1.4470352865984977	1.3917477209058902
8	117288050	117288550	1.1564723200798035	0.8730972726345062	1.3693555397987365	1.0953496414721011	1.772609358906746	1.3376852784156799
8	117321850	117322450	3.3945695335666337	2.3531575682510932	3.0044270131612816	2.67298572058479	3.2181729681293167	2.371776916782061
8	117772300	117772850	1.1158341912247918	1.4209370734474875	0.952911882779815	1.1652278150753541	0.6503581804037094	0.7132832207463005
8	119423350	119424450	2.830607440310839	2.7987939350206483	3.244237890970672	3.249040456737697	1.5072366815964806	1.3874723383310166
8	119558400	119559300	6.2629472602076	5.870330566002263	4.930901568697559	4.552982682701614	4.7329416958491	5.231168983048863
8	119604450	119605600	0.725589707596476	0.6457165496944753	0.6669715660579574	0.7182243815863345	0.48981022620477355	0.5613263062484887
8	119783750	119784600	1.579122213440783	1.7348676994968864	1.129887068429414	1.3821594454435742	0.8473738199647736	1.1926865895706065
8	120050900	120051700	0.6309991681948304	0.9266585178673268	0.7079157149419188	0.8836931141465902	1.7134153343364595	2.246328088492155
8	120486700	120488450	1.442880420640866	1.1998623829503212	1.1770174695379723	0.9379533602231508	1.1702778277357087	1.1812374219926094
8	120535750	120537450	0.4789355089813754	0.3446813053288541	0.43831002264366653	0.374605711182171	0.4167314350546368	0.3994515342490617
8	120563100	120564900	0.17811167850739343	0.16248681863815503	0.18764910857540493	0.131388888726178	0.2951477365807568	0.17765705763091524
8	120589000	120589550	13.370386473482306	12.681847547617826	11.747345823591406	12.222352293838155	11.486178566542538	11.225673266974363
8	120716050	120717500	0.7587618047478867	0.6108670430082633	0.9284708449368807	0.8331742266825406	0.6476138178862132	0.6898510960683693
8	120725350	120726550	0.36763606134694043	0.3748835531357796	0.3850727289722812	0.3573853234347753	0.23399887204170228	0.27840681105231246
8	121578950	121579350	7.863871862888336	6.83097865819931	6.253892847299576	5.868876501321792	4.626869045197964	3.714544222354889
8	121907750	121908250	5.149338784098625	4.5404361929893495	4.210384127497673	4.251280245363712	3.947774594128132	4.624669674634934
8	121950150	121950550	14.886744287014007	14.134229021072388	12.140128738880158	11.158202176094056	12.303146743774414	12.516811788082123
8	122281150	122282150	9.71189355493361	8.540763736478745	6.561586348995085	8.48147872453928	7.7637160211205485	8.45119207394123
8	122284500	122286550	1.548022462138034	1.6505958079541412	1.2937705939628308	1.2346077065140075	0.8294575794663286	0.6430254948148811
8	122443400	122444650	2.3744598926667244	2.532475632206086	1.858852095277848	1.8111912890347566	1.6889765646541819	2.2820806472301483
8	122459550	122460450	1.0703217560715146	0.9214161290725073	0.9229668094383345	0.7047612094051308	0.8566607171131505	0.9430899201167955
8	122473900	122475000	1.707353547395499	1.5779347314862562	2.4341858548922275	1.8533408756623913	2.057242299860174	2.227645569795912
8	122610900	122612000	3.5162592885694224	3.5002706297541644	3.1039896760028824	3.1862135755785896	2.671882455591212	2.8566667696156287
8	123032800	123033400	3.6152039920538663	3.016841314608852	3.326120134269198	2.5910545980681974	2.6725982673466206	2.0853120543186865
8	123042200	123042950	12.958150978724161	11.724917783896128	11.788901175340017	11.012908952554067	9.79426978858312	8.940824615160624
8	123064100	123066100	2.249515052518537	1.7401980600664693	2.1796336144016633	1.6591020068934947	1.8931209231650128	1.603479326360286
8	123478450	123479300	0.8073139091800241	0.7434132402784684	0.8294809263769318	0.7252638428877382	0.6064037998634226	0.5404938203972929
8	124270900	124271800	1.8978195393416617	1.4195468356874255	1.457104315476285	1.3268181465897295	1.1354959874682957	0.9423734616239866
8	124273850	124274650	2.3335116581618784	1.758586925715208	2.215604474470019	1.7468835117295385	1.4518152064830065	1.2439659467339517
8	124316850	124320150	2.2430549653837293	1.78160324750175	2.2930396555083004	1.783463730552349	1.6540359011478392	1.2778187718367895
8	124721900	124723250	3.2168203569939773	3.298936189938417	2.450353460426703	2.8364204223838945	2.054239614255975	2.7463330660953567
8	126847100	126848850	3.7954674270207986	4.086542976555187	2.0876722976194313	2.328271909416496	1.3891162550629685	1.5929519754961086
8	126867150	126868000	7.107099699833814	7.7299160080096305	4.450827977902749	5.498521241475554	2.994799826636034	3.026086854794446
8	128480950	128481550	0.1983724739899238	0.18939585359146197	0.18176050814489522	0.2256340715289116	0.19787957844634851	0.27493260537584624
8	128549500	128550500	2.427888448407573	3.1142320165634154	2.507756130218506	2.828190417096019	3.0781244989782572	3.3854529813826084
8	128645400	128647050	1.1590963668860532	0.9905050187255551	0.8942205397381229	0.7876635055962344	0.9278429221086961	0.8603178029399763
9	4309000	4310650	5.915483601515128	5.3044491390655235	5.032075871516999	5.039747099075107	5.17217796751522	5.420463647284585
9	7763300	7764800	7.958404563412311	6.6773559497710195	6.740311607606949	6.637947053797496	6.565435434079638	5.998746072636095
9	7836550	7837950	5.2512109959070585	4.836506596512509	4.330777854644758	4.013588887004109	3.744733768150586	3.582193224327113
9	7872350	7873700	6.4883236450049475	5.953244556349523	5.7148197183187435	5.3575865464472745	4.915220252974101	4.692001451452573
9	13246850	13247850	2.0200567391332243	1.7428467883990142	1.7282553349899086	1.6108835698217154	1.6373434060774743	1.7903924402947884
9	13466500	13467700	0.6334737638545658	0.7279963713762052	0.9197298548721204	0.7096667700113118	0.7048424359380207	0.5866465404771025
9	13826450	13828200	9.459884727776874	8.430891215451851	7.769475120100446	7.178727467128208	7.1483660939961915	7.883452879338565
9	14274500	14276600	4.216920593960494	3.802346978026418	3.5239190241378573	3.4892899110513333	2.7137084761120023	2.8942086292870943
9	14498550	14500550	3.585221334580452	3.704628068642116	2.966929608929542	3.0067921900893704	1.8131755792112914	1.7269452303022974
9	14784550	14785550	2.405160947092118	2.9023584187378555	2.567781958519537	2.4635188899956666	2.319847600625828	2.661186704710126
9	15018000	15019400	3.234446354088146	2.6027165691753686	3.007354973933664	2.6407063259603656	2.6633953322082005	2.4803411989433823
9	15045550	15046050	1.7789095738828182	1.519234405696392	1.6324560813903808	1.531559441715479	1.6890079354047776	2.0764352970421314
9	20642450	20643550	1.1782736850414108	1.2890314091545396	0.922745599998407	0.8894699957219694	0.9865524057398505	1.1609062464535236
9	20651700	20652150	18.625830441580877	16.146179044511584	16.323675956726074	15.952836780548095	15.456069198184544	13.980205974578858
9	20952550	20953200	8.351229108847104	7.347817915494625	6.8428231783096605	6.7358310596759505	6.392896541723839	6.392537229703023
9	21091750	21092900	4.743023626591449	4.109329076067429	3.7787508314401173	3.677129524005019	2.646565776026767	3.028338557998447
9	21237300	21238000	1.2426792243123055	0.9800900727936199	1.3300064839316266	1.052427115738392	1.680887536342655	1.3221141510988985
9	21287050	21289150	4.0185158661287135	3.7031302319364063	3.313198177613055	3.247977855380995	3.128437509029186	3.1319318207395432
9	21290650	21291900	6.989001655627835	6.420185305983021	5.840082063785675	6.0529457090762095	5.242127110245648	5.435172362732887
9	21435250	21436600	0.8383828970067105	0.7800392736124931	0.756218456112269	0.9007054389927924	0.7555388012242008	0.7567930479223529
9	21509400	21510950	1.8074389876287265	1.7913519984998514	1.317994303663613	1.2187273852869447	1.0027327422987125	0.9490600275269551
9	21546000	21546750	8.738629720052083	8.603036948680877	6.853707940737406	6.885660817305247	7.59678430835406	8.245140533765158
9	21591950	21593200	1.3284406296901352	1.2977983198596585	1.1941484123022887	1.0543454186239136	0.8429727281009451	0.9119748159291168
9	21615750	21616850	3.886979271533552	3.7546927237580596	3.2745762016708824	3.172915306870726	2.6649015582564046	3.0628756413473326
9	21955400	21956350	8.43290051055582	7.682773614463053	7.002603029608727	6.314790411560159	6.315837722734401	6.192419294871782
9	22085350	22086350	1.2801245599562123	1.5214917297602777	1.0958165825643846	1.5149311787590454	1.2421221432175251	1.106214521500156
9	22225350	22226400	3.4504853322136055	3.316026993120138	2.8311274135607176	2.618492238010679	2.2397138219646044	2.4493617836634316
9	31029600	31030700	1.9486192058188474	1.9851401817903491	1.4615644503059275	1.4641362019215733	1.3349794819202014	1.49762080417438
9	31279850	31280800	4.9105454207094095	4.415123401472443	4.572071539257702	3.7924325298321873	3.9634582075319793	4.064652936772296
9	32503350	32504400	0.9556267260479671	0.7995242662620251	1.065154594063942	0.875935509900252	0.6880979679312025	0.5121243116117659
9	32506600	32508100	2.0075033296974754	2.1992295191775084	1.8209853842950636	1.9303673739577787	0.7400092424878887	0.7712140712590181
9	32509500	32510300	1.4846048984117806	1.3499457165971398	1.4044459884054958	1.1320565535873175	1.0790608575427905	0.847201475976035
9	32539150	32540050	3.09957084801462	2.21241048640675	3.2815943240457113	2.7729888775282436	2.51470863421758	1.8197031397620838
9	32628900	32629350	0.5928815490007401	0.31177463628351687	0.7384366179174847	0.39026076753934225	0.39982836451795367	0.12005908178786437
9	32661250	32662400	1.4291643574796253	1.816016988714146	1.1741842959204696	1.1298156349775192	0.6226921212645721	0.3835547680040236
9	32745000	32745650	1.7270417266625624	2.1724283067079693	1.5101091753977995	1.7743083118246152	1.1132509621748556	1.0097461134653825
9	32910450	32911250	3.6236697126179935	3.606803872473538	3.4238068718276917	3.035455177761614	3.0638456600159407	2.62890863455832
9	32925850	32926900	2.821634104738953	2.9318628994990057	2.6028690027568016	2.657075254463014	3.473791396561123	3.127636912890843
9	32928150	32928900	3.9500518763860066	4.118154160181681	3.750591650386651	3.1478132847150166	2.8299505530993145	2.0471087193489073
9	32940900	32942150	1.1367313239729915	1.2118731402151046	1.060382513630721	1.153106113459026	1.1637259843826293	1.107524199075997
9	33060300	33061200	2.8077987231314183	3.0122563957505757	3.014883544428481	3.407855129639308	2.9995139537503324	2.845578546528187
9	35117050	35117900	1.7909239718493293	1.5250304734706879	1.765907863606425	1.4740534652681911	1.785894090568318	1.8855338935291066
9	35123650	35124550	1.2307461814085643	0.8161740629871687	1.4694859776563114	0.860941243370374	1.6918846917152406	1.2706489629215665
9	36726600	36727650	0.746362725954775	0.6570773209954186	0.5832971496699226	0.6307440038664001	0.5777017706987404	0.8797925117753801
9	40422700	40424900	0.9147659677284553	0.80901850280524	0.7541283478772343	0.6682471543737616	0.5198731554546782	0.47521871313736247
9	40448450	40449350	0.7293723989650607	0.7436610898665256	0.7744950711644358	0.6291451060275237	0.47344183556735514	0.3993373666455348
9	40449700	40451450	1.6675570378785252	1.6514297977834256	1.392370905222875	1.4632291258959693	0.8679798649227717	0.7955320017919967
9	40800550	40801750	14.51814380225315	13.051700882450227	12.051498208635598	11.937070579143485	11.66084255844939	11.84176438043515
9	41073200	41074000	1.4273086525313556	1.378729123212397	1.3359717516473029	1.3692882102914155	1.22909282669425	1.0890481205284595
9	41968400	41969250	0.9732503066075454	0.46076463259756567	0.8540956416704198	0.4757891216176621	0.5237940517307698	0.24305694143670473
9	42096500	42098300	1.3841533898141705	1.17062339001659	1.5736793431909712	1.5159294096652525	1.1243923768221293	1.0232634701758678
9	42107850	42109000	2.2860619528797153	2.2439624788851424	1.8466587143108641	1.9863465070067543	0.7477455900357934	0.6428403284805624
9	42158750	42159350	1.755472069780032	2.1423096573228637	1.156352819247792	1.3281439595362718	0.4941219582905372	0.5279807709529996
9	43095600	43096500	0.4277223138531877	0.3092962941755023	0.49387026025603215	0.3343539734919961	0.4899802801302738	0.35423173809631003
9	44030800	44031700	1.5638653131491609	1.520735660592715	1.6550044956803323	1.7137326155106227	1.4090604223310947	1.2259259505735502
9	44033800	44034550	0.9733395674029987	1.317465753475825	1.010833110789458	1.1027546701232591	0.723132453819116	0.8533940002520879
9	44417350	44418900	0.6645012098935554	0.6791600025059902	0.6136575297613039	0.5533369006188317	0.46926473879395253	0.4571987273560372
9	44767200	44767900	1.3381318684135164	1.1982858219317027	1.0704650990452085	1.0238599732518197	1.0168834009766579	0.8847566129480089
9	44985350	44987450	3.398380891328217	3.0278900488400793	3.240945502016035	2.8312424378993706	2.9783697403979903	2.8719858537507084
9	45009350	45010150	2.6979681502282618	2.6334189426898957	2.730900167748332	2.355982245132327	2.2795313519611953	2.228276032116264
9	45058150	45059150	0.5550555058756182	0.38051748592622825	0.5812267739869825	0.4160670785605907	0.19448615147918463	0.1380965985953808
9	45291700	45292350	2.005691971045274	1.7036189879591648	1.9973717540961045	2.062225305736065	0.7889521758430279	0.6316503980641182
9	45293950	45294750	1.380369286625646	1.0809572548791766	1.7517448587249964	1.4782599275186659	1.6855143385380507	1.9013806181959807
9	45944450	45945650	2.642478826789446	2.35463772086687	2.3326099137080614	2.296866022179825	1.6718939420288685	1.5844440657645464
9	46046500	46047350	0.3265229344543289	0.5613764796712819	0.2648483093532131	0.4340381892113125	0.1800519318915672	0.34081082718337286
9	46175050	46175750	3.793813961957182	3.6306762920958655	3.251462046163423	3.0732922024812015	3.055840418636799	2.638517706607069
9	46272300	46274050	1.2652477001594509	1.0985790638286397	1.1771414065874533	1.0200679658738063	1.0317272635868617	0.961521923077859
9	50324050	50325200	0.6041825120254549	0.3250220416310448	0.54037076011112	0.31910532001450126	0.27020265620687733	0.1697901547169094
9	50536900	50537750	0.1310601625197074	0.13248836389755003	0.20195326559742	0.17689170737476909	0.12524340933079228	0.08373628342414603
9	50603400	50604100	2.075575678263392	2.1409820398262567	2.0678271612524988	1.9875096294922487	1.697901730963162	1.735863377409322
9	50658950	50660050	0.6510713535599694	0.6446584582958054	0.6102724488195913	0.5355946255117127	0.5268179157073486	0.6095430695265531
9	53609950	53610500	2.8304648129235614	2.536236043843356	2.5164638302542945	2.4997643888809464	2.2291822893240236	2.3944883612069217
9	54612300	54613350	1.5321479840725434	1.2063517881527697	1.9435883518884076	1.6353973581535475	1.0906683434616953	0.7735276859360082
9	54641400	54643000	0.41595442640215935	0.4849052047130695	0.5622434302659766	0.4630423162687862	0.4448335439167468	0.5470161719522506
9	56041750	56042350	3.770329823990663	3.560624786540866	3.4134039181967575	3.331159757077694	3.1775589369237425	2.9285548364122707
9	56102500	56106000	0.9028475213259596	0.6741161919035671	0.7463060411341178	0.654934646519707	0.34395026721566574	0.41160835820799374
9	56417850	56419050	7.5947295387842315	6.7945099073840725	6.863934375188682	5.90097589396467	6.067155217937395	6.3582811353604
9	56421900	56422550	0.6481425706812969	0.6217143857020598	0.7248484696089649	0.5931216838497382	0.4797378010933216	0.3308185797356642
9	56465050	56465750	2.234488427937031	2.057947430525507	2.120427782578128	1.7495115279512745	1.6471668262566839	1.2274951663187572
9	56508500	56510100	0.8740794313050085	0.43493298728619856	0.9970811763267203	0.5932173395611888	1.1522115409856333	0.8135207535808049
9	57072600	57073850	4.415915516318044	4.791181014817761	3.7714371365947112	3.925342369611335	3.6801801060396078	4.939192432332039
9	57075100	57077600	7.298889876476412	7.015729606923751	6.1566394540578155	6.231888359829874	6.407861683722939	6.5942905214886345
9	57339300	57340950	1.906864318546842	1.5634056444570008	2.0729406949103972	1.6069002725856147	1.165574211359729	0.8112054248491494
9	57560700	57561500	3.7242010035179556	3.3016021402738986	2.910315069900826	2.59525798805058	2.5441057071089745	2.447799369636923
9	57765850	57766400	1.7240925824642181	1.567744896737012	1.509302042722702	1.181890846545046	1.197711086002263	1.198493778597225
9	57956350	57957600	1.4900883655425041	1.4180682409471084	1.339840208287393	1.3773602752045961	0.5681279586744158	0.46739156622041045
9	57968050	57968950	0.9142544701033168	0.9554858286761575	1.062749565045039	0.9241437145074208	0.32348674764235813	0.3569060599141651
9	57972000	57972800	0.6699585568159818	0.6108624537661672	0.8166177598759532	0.5835762213543058	0.5994061010330916	0.5626698886603116
9	58275700	58276800	0.4461987568890939	0.429836128586809	0.38290058126984244	0.36327133304689385	0.3437360142236775	0.4737855410287811
9	58580700	58581700	1.0425885562467798	0.8650846195220947	0.9725368264798195	0.8131410393714905	0.8489302431493998	0.770943189188838
9	59616450	59617600	3.7742992606500283	3.441383645935781	3.3752020247472263	3.7308755836651954	3.137232329827136	3.232839839785985
9	59655950	59656750	6.3385001743584874	6.0376088845729825	5.315866287350655	5.764236211702228	4.4647792459651825	4.860730263069272
9	59659200	59660150	1.577947514072845	1.4878204602512874	1.4602221598593812	1.36749982189191	1.2373947977549151	1.0563501387363985
9	59750350	59751700	3.564080877227377	3.401064823022854	3.277379407461114	3.0144449392882695	2.9994057539397594	3.298028835720486
9	60991350	60992050	1.8704108506441117	1.4380928448268346	1.9118302018834012	1.723026299902371	1.950361746868917	1.821241688579321
9	60997600	60999800	2.1668740510119022	2.005482344217793	1.949558759049477	1.9519579098949416	2.018392206792207	1.9051240886341443
9	61012850	61013500	1.5294348522791497	1.7935863726414167	1.3211819586043174	1.3532443083249606	1.4644360374716612	1.9140255926205563
9	61332100	61333650	0.36178134619507407	0.2846707276305826	0.36394096948511845	0.3753721273037009	0.21627564656391726	0.1829844147519095
9	61663650	61664550	1.765924188608981	1.4327550205546948	1.4890832648084809	1.4174266787080825	1.1368097781783177	0.8822036843001843
9	61666000	61666650	2.1569816982746124	2.056603431426562	2.7402961799043877	2.866314995770271	2.478261292416316	2.3354666897425287
9	61667150	61668300	0.36615462529207843	0.39920919632343227	0.38310467855124447	0.3592231085680533	0.2389221926052552	0.19096994411676202
9	61668550	61669350	0.7382758236117661	0.7958629798842594	0.5508049811818637	0.5270868428237736	0.19532602099701762	0.1232244543218238
9	61669450	61671050	1.538075583029178	1.6302611826408293	1.6098201151461722	1.4153633945006312	0.7299877118626061	0.5015535981294721
9	61679800	61681150	1.6369948603403326	1.1950149959076546	1.268637021883984	0.9631350440850563	1.433277513923728	1.3834977084067133
9	61681900	61683400	0.400545631670415	0.49188491594663225	0.5247370021368868	0.41172866521459645	0.4588047935448441	0.4470453587444678
9	61700800	61703100	0.5920442993429847	0.6296849031434988	0.5666684892538422	0.6062542034443181	0.5022806118676527	0.44749112235577704
9	61707650	61708500	3.345901882753653	4.245486775040627	3.075022863149643	3.3706011159630385	2.7405640448892816	2.8493354163275044
9	61964950	61965750	0.4163720145751722	0.3894851240841672	0.49165524906245994	0.4852711016498506	0.5719739060336724	0.6319766510371119
9	63602150	63602700	8.114606561010534	6.974956787391142	7.160809288241646	6.549272333817049	5.721617330962961	5.678948828686368
9	63722200	63723250	1.1737602738411195	1.1573101686222762	1.2552632728260233	0.8933147975092842	1.1880047706337202	0.9902312542072365
9	63737550	63739350	2.1203914346148034	1.7544349025825443	1.5306509150570011	1.5602531179755628	1.094361365562695	1.0784929913248902
9	63740100	63741250	1.2949829867310811	1.1992887047530891	1.1662541753279378	1.1857145539636826	1.195030840266391	1.1123379471509354
9	63758900	63760300	0.9645248276573621	1.115791529268713	1.0593489756177648	1.2918330761016845	0.9174127933858824	0.6865176078168235
9	64179300	64179850	4.207176569402218	3.861869650076736	3.5763296498764645	3.2321682664210147	2.595036587715149	2.8393378608877007
9	64789000	64789800	4.060406635850668	3.5855160434544087	3.740637284442782	3.280498950816691	3.336999043747783	2.766849187463522
9	64792250	64793750	1.3470566304934921	0.9102244488500779	1.2890372764013145	0.9416875677734914	1.1356208787899391	0.8164220204020655
9	64796850	64798250	1.78710568933443	1.5960896415095178	1.8813567274946221	1.4300542582681168	1.4680381795238047	1.0504862386221054
9	64810650	64812000	8.52959470632683	7.873374337170144	7.493299209612956	7.112988722487598	6.70437211911403	6.452248949827971
9	65018550	65019400	0.8206871086183716	0.9967488671050352	0.4418936740694677	0.43089495602776023	0.1701295771625112	0.14325158648631153
9	65031500	65032400	1.2042573756476243	1.2008412246902784	1.0627351593308978	1.0301827249427638	0.7675020946769251	0.7005359137348003
9	65541500	65542250	2.3898850565751393	2.734735447804133	2.1939917575915655	2.5556862161159515	1.8735153625806173	1.5625168782671293
9	65580250	65581550	2.5687085321109286	2.4813344520019838	2.3926869452002166	2.5243080899841295	1.9928778203938755	1.532076438350173
9	66126100	66127250	2.1357062127112005	1.8876282544022354	1.9953158068289094	1.8068821150901386	1.6037785847168748	1.5048817526646283
9	66279900	66280950	0.792921329474852	0.6559471414495722	0.8231235372508157	0.7739375578320544	0.6677050545314948	0.49454304299184254
9	66512000	66512750	2.528041103601456	2.4444027070999144	1.651557535370191	1.7211988792816797	1.4709505818684896	1.1437710927327474
9	66592800	66593850	6.054895934589814	4.885581181726881	5.167909227128036	4.991468797567345	4.997612096213159	4.765647643691017
9	66794900	66796400	1.9026077402428263	2.0862289455654803	1.622964947221082	1.8297224284006344	1.483693500197554	1.6586052542877958
9	66834500	66835150	5.0061780529755815	4.729129483608099	3.9892730303452564	4.324507195170109	3.31166910639176	3.318201196377094
9	66873250	66874100	0.45657706998836467	0.4724187948861543	0.5673002967852003	0.4238658897491062	0.4573431216618594	0.5370053156064107
9	66916200	66917200	2.2932609321840345	2.410004772032461	2.1083667750204764	1.9194849506765603	1.7594453013241291	1.3514170723035932
9	67043150	67044350	2.1945247045896386	2.158477623206313	2.110569512663232	1.9082509465651079	1.3836375775232035	1.5998628637194634
9	67901500	67902150	0.18631117645507822	0.14384212335858207	0.18409104159531686	0.1818982799255305	0.06434876948468767	0.046099003942019365
9	69033700	69035100	3.845420020538541	3.181953021287918	3.5963484204145075	3.1573349329300253	3.2595637568706226	3.053663841760118
9	69297550	69298700	2.189200640487136	2.2321233547686865	2.074118220689086	2.069162368874933	1.7818492561593995	2.0844288776491
9	69304350	69305300	2.8807983453650223	2.8810353138729146	2.6995186567384946	2.8561828124993727	2.6243398413375805	2.8763976172867576
9	69314500	69314900	3.260724395811558	3.327547849416733	2.492641729414463	2.5279199866950512	2.3177784955501557	2.021754267811775
9	69319550	69321750	0.34585970920551556	0.2703084318379153	0.39081297722117364	0.25293389999700777	0.3169530430804034	0.2528997946266787
9	69335950	69336650	0.8330232389909881	0.9461076306871006	0.9273287002078335	1.0326909480645763	1.093407951870135	0.8581690656925951
9	69457750	69458500	1.5734747589429219	1.3171860090494156	1.101651113341252	1.0677153370380401	1.0231866767803828	0.7597244245211283
9	69940200	69941300	0.8526637420260675	0.9402179315792563	0.7144804459729747	0.6709317224848621	0.19451764399465832	0.13892540879048934
9	72661800	72662400	0.7952097163101037	0.567990731348594	0.6575155648837487	0.566095678905646	0.8568129462003707	0.991741261780262
9	75433900	75435450	1.1287550868154441	1.175275615182057	0.9998792595148561	0.9832666939451673	1.1413991031701016	1.3549820630816884
9	77917000	77917550	5.374263883070512	5.179655971310355	4.570490833358331	4.6738949286395854	4.148377873138948	4.463886928341606
9	79792650	79793850	2.8154962679546327	2.6054686195619645	2.1800547497535265	1.7475128355949077	1.8270768171490408	2.1337179450814925
9	79806000	79806750	0.5991915067210793	0.4876489726702372	0.6413771580259006	0.42574650385959006	0.4570118701060613	0.5569427535037199
9	79810350	79811300	0.8902066189031068	0.7144374619355719	0.934018556590339	0.993907516678306	0.4648597149060745	0.5567117959025659
9	79918900	79919750	1.6658826923589496	1.1315978637951263	2.0875180101745268	1.6753283547829179	2.9845536394680248	3.4706080765583938
9	80080800	80081250	0.4695608530110783	0.6221498299803999	0.7843292119271226	0.7842636078927252	0.8930610280235608	1.3230864774684112
9	80163700	80165250	1.5847788760616044	1.757143501320374	1.3017657696336766	1.2358542187579111	1.2096894045224407	1.3966040455756552
9	82004950	82006000	0.023404316906444234	0.016121879164566623	0.019978371630241347	0.01619189977645874	0.02456927149249888	0.03470696685526424
9	83440850	83441800	2.5951464498565175	2.1864306702513834	2.234920708371639	2.417652902139637	2.613290182995169	2.889766854612451
9	83924950	83925750	2.1896160187851637	1.9877709382888862	1.5975652313278987	1.7454057365097106	2.3903968586120756	3.021079524550587
9	85748350	85750000	2.5974231074492606	2.3449840541925364	2.1883128914408903	2.0636869904138937	2.6176592571170145	3.7257288846640284
9	86624900	86625400	0.5517274558916688	0.34732850912213326	0.7596193531155586	0.5372147705256939	0.6761451091468335	0.7672038995027542
9	87025250	87026750	0.7132019708252704	0.5302223656813484	0.5439018583090551	0.5150979869421467	0.5201140932947703	0.7025594160307813
9	88522050	88523550	3.0204913880712865	2.982989400263756	2.982763141365462	2.671578491355434	2.8808003020941046	3.167470519812532
9	90113800	90115200	3.2771194470533027	3.2521079400497652	2.7672606957782797	2.603559407155751	2.551713908219538	2.6572735291541214
9	92383600	92384950	0.1362028132432957	0.12207067830065424	0.12785648212174536	0.08847427810210133	0.14195563921997437	0.22362639736798073
9	93465700	93467050	0.018554879357684285	0.017381544543908105	0.013693481208154923	0.01642390902446318	0.02013697850636728	0.03321228218688206
9	94538100	94539050	7.724858960462244	7.43276446621669	6.783073550274498	6.517120639587704	7.206442770330529	8.800051167921016
9	95407300	95408350	0.36903864391412916	0.5861384817410924	0.21693961371070308	0.41586958036536265	0.41214193466873394	0.8591412143001245
9	95832500	95833650	0.651535351091464	0.29665354777416214	0.6192333194015739	0.45945732419029295	0.6314934759798563	0.658107916654452
9	95835650	95836400	0.6209916927243272	0.3967334057134966	0.880661231731375	0.7089738011147295	1.1837971838116645	1.1610491300225259
9	95959400	95961000	0.4570676759361983	0.27636861054418577	0.45968307614090553	0.33945038288496787	0.8418894085813972	0.7675244581075602
9	96350200	96351200	1.1230443860484707	1.2158159607918033	0.962722535410235	0.7441958665400743	1.0187307647913695	0.8260227200090885
9	96363750	96365050	5.497032022085734	4.8981289634988565	4.70684543581222	4.532922989921969	4.050924283109639	4.1366515201788685
9	96415500	96416850	0.3388347762003495	0.2664745993271142	0.31001998927428703	0.20459260381121155	0.1670955745736517	0.16563104086496683
9	96582900	96583850	0.489108433461699	0.6050530366050569	0.5812200287520654	0.5247806924388563	0.44392910463245294	0.3843498618547714
9	96713850	96714800	2.4507721272738356	2.355838298836821	2.215883202003805	2.463964054396278	2.3321461972986395	2.514976323905744
9	96740600	96741500	1.0822147924370236	1.1505014052490394	1.3125262178480626	1.2923293770353	1.503313400182459	1.6224228153460556
9	96889350	96890300	3.2785284332225197	2.417242837014951	3.2651182772454463	2.680219765948622	5.453356453462651	5.6294410240650175
9	96896250	96897050	0.47647195001174153	0.27383219005762216	0.5841586297104409	0.38095486426725983	1.4067731799305159	1.0130795404221862
9	99242850	99243700	5.19755133783116	4.950047578811645	4.347852182773983	4.2546596497998515	3.223030509983792	3.4539461057326375
9	100445650	100446600	0.6180262648516468	0.5140099732930723	0.5599142553805674	0.5094595579138721	0.6553039639570216	0.8333867787367711
9	100459950	100460850	6.323558606439167	5.810253452956676	5.4148812997837865	4.930127688662873	3.1848168124589655	2.426732032828861
9	100545900	100546600	6.745989394017628	6.550590375491551	6.021349448263646	5.61622947450195	5.5344184212173735	5.805266676289695
9	100689850	100690500	0.34406560162941996	0.27732479697624207	0.2233352100634231	0.1466238744671528	0.0667497960650004	0.11611361123621464
9	101034250	101035000	6.744555624763171	6.018017077763876	5.2129714232285815	4.967761556347211	4.599955446263154	5.357962150732676
9	102625300	102627200	3.8978526102140525	3.4536797036015523	3.13632097128809	2.7649193403101044	2.926983189604969	3.4601332710947807
9	106169800	106171500	2.38053968072445	2.0668645671196635	2.0108825543569906	1.9303210465533058	1.777400948685758	1.933099384892593
9	106215000	106215950	0.45946630120277404	0.3974161778076699	0.4790651930084354	0.3567842082757699	0.39159515245964654	0.3564222452907186
9	106280500	106281650	2.5029663794352657	2.207800546768113	2.0918720469534984	1.7764680404693889	1.9307223811234966	2.325605290583942
9	106367750	106368650	3.1726315377652643	2.984353225595421	3.0992398191491763	3.0493663594954543	2.648070402344068	2.94214145468341
9	106438000	106438800	1.5193809454888105	1.6629049659892916	1.3453926156507805	1.6309290734119712	1.6015225555188954	1.763225156199187
9	106476900	106477350	10.236507132848104	8.939328151543934	9.281746185620626	9.595609070460002	8.788469068739149	8.497265668974983
9	106821950	106823300	2.610742770870669	2.58985214358732	2.5343661486034326	2.2284262856192645	2.5560285774555083	2.3843723203766127
9	106891550	106892850	5.174595285638074	4.480139748606433	4.6384810179269085	4.321713313106836	4.426335343082944	4.5037878668279605
9	107279900	107281500	3.2121871373345776	3.253699089173348	3.64256194514613	3.6759850163212393	2.9531904583643462	2.871467877875927
9	107312950	107313550	2.5389361147085827	2.4470137197772663	2.3478770194451015	2.231081829468409	1.2545420163869858	1.096076901157697
9	107333550	107334700	1.4371149076296794	1.0192656617612692	1.1124231919265897	1.0986506667914855	0.6711554510697074	0.6988459624674009
9	107550800	107551900	4.054633077582306	3.330169621940233	4.108774478386574	3.604487827159157	5.2668255406140005	5.128640420328487
9	107568450	107569500	0.9118572187057472	0.8641910250029439	0.7786059338266399	0.6492332326656296	0.7494415640050457	0.6599571012102422
9	107985350	107986450	1.7729556137375817	1.5922333208346997	1.558760534381587	1.4694830156226462	1.8002090687930266	1.9718518403443424
9	108035350	108035900	1.706749403395436	2.0952170163393022	0.7164229991219261	0.9985986019264568	0.2858147184415297	0.3237610917470672
9	108082900	108083900	0.6413966145476987	0.4438639779706155	0.6742737357847152	0.5578756010234356	0.41625338240712884	0.2592374632805586
9	108507350	108508150	3.151254107255954	2.942639046991244	2.8800877071451394	2.7827398409321904	1.7747872399166227	1.6422214836623494
9	108516750	108518350	4.085708817820395	3.845391079302757	3.227706741459908	3.016748820002374	3.109422311626594	3.2054648158136074
9	108567850	108569050	0.19614542139846433	0.23097002336414912	0.20843888346270276	0.13525231078669187	0.15527640783319288	0.144611710999161
9	108990900	108992250	1.3953933670032108	1.3008725776588599	0.9935364530479568	1.3580497418398487	1.2511702371379128	1.3435211386578314
9	109930950	109932250	4.785091533852469	4.450130237586445	3.712879008939189	3.957016287850333	3.8857416264935316	3.9636704229620787
9	110476100	110477950	1.6735626808871573	1.7291712330748854	1.389606037601348	1.1522646828183096	1.190041876276615	1.3732206315334643
9	111271150	111272250	8.37566591637575	8.047996473452214	7.095088214370862	7.038037259230601	7.075453089443757	7.40120159723542
9	113705650	113707050	0.8114914256691383	0.6947005222854526	0.8520388301946051	0.7282871113231827	0.9948784390217117	1.120459289978509
9	113930600	113931150	11.437662865465338	11.027768439596349	9.684206850420345	10.875098148909482	9.663170083761216	10.0162386005575
9	114026100	114027100	1.8302077715935248	1.6055472237723214	2.146041075844918	1.8968000523149968	3.639550218567252	3.8232961661219598
9	114777800	114779700	0.2881440210909107	0.22980039446382247	0.3607283458563994	0.3075606525145926	0.3341686153485679	0.3108363361195222
9	115310000	115311000	6.384942492577338	6.252662921536354	5.015799062421245	5.447570066869259	5.556265674948692	6.0032083939909935
9	116188600	116189450	0.9220173391349176	0.9122216271302279	1.0111946334733684	0.818776851524325	0.9055766698718071	0.8877258070076213
9	116214300	116214900	0.7365063920617103	0.7941900391876697	0.837794638350606	0.9830642362435659	0.8914669174949328	0.7972901167720556
9	116337900	116339000	1.4886452619073927	1.423888252068125	1.4713238723956243	1.5295757899401703	1.379763638858489	1.5139141799306328
9	116368850	116369700	1.6649635823903715	0.8797595071704949	1.8088467018218601	1.2447189990387244	1.903571625132771	1.346911303436055
9	117902500	117903050	1.297017260356383	1.4570065427910197	1.9581293279474432	1.5563065235723148	2.399983823516152	2.8656332581693476
9	117926400	117927700	1.3337507493324372	1.2278929409259012	1.4941908127261745	1.342049073527889	1.8371683208759015	2.3739670208440375
9	118039950	118041250	7.877530995409187	7.6023356618005655	6.644424854590935	6.956674502852878	5.914670221082765	6.936374666805451
9	118374500	118375350	2.5045567860498146	2.1304302325669457	1.8709135055016068	1.583377055806272	1.8034177447241895	1.73345831381924
9	118750550	118751350	0.17986951486673206	0.14875481094932183	0.08477148889447562	0.10721062622964382	0.05782261428890653	0.05488337139027882
9	119322150	119323200	9.757864841631116	9.263469862608316	7.947350065404186	7.980554851520629	7.61777246531986	7.995886374655224
9	120053650	120055600	1.0395555571316828	1.247435270576576	1.1651254079832924	1.5639879434389916	1.4385315722110223	1.445665289987463
9	121857150	121858250	5.157819683041391	4.862043897623191	4.677540917718166	4.544451293209696	3.949206611689399	4.396974693428386
9	122232700	122234800	0.33548683092859277	0.3981834251529994	0.29567964031385957	0.2813717511482728	0.19486631300602972	0.3297849397724781
9	123509700	123510750	2.5216513279799124	2.4857553946587347	2.431657004168353	2.4571129547130495	2.3862402102422147	2.0617792531280292
9	123806250	123806750	2.0400149837136268	1.5932869046628475	2.8158296332359316	2.509873704791069	1.3653828026354313	0.7893817421197892
9	123814200	123815250	1.453472033015777	0.9960896840659522	1.7994101064069663	1.3905447331212817	1.136012982016518	0.649396464466339
9	123835550	123836400	1.3228818767561632	1.2138100099212983	1.9873776373880752	1.6246953194807559	1.1832223476031247	0.7216191229487167
9	123850100	123851950	0.9180870194162862	0.8550377254058851	1.1144686433101223	0.8374168426780048	0.821444646454917	0.7331337429958951
9	123933150	123933800	0.5197614848384491	0.16978051018256407	0.7756479191321594	0.4152598550457221	0.6723562135146215	0.36543428625051794
9	123936150	123937050	1.4268498135937584	1.3583757744419078	1.5895006027776335	1.350026581817203	0.839197456729081	0.6390023093505038
9	123937850	123938800	0.943096519863527	0.6869670632246293	1.0038740043980965	0.736765576804939	0.5618175587920766	0.2577478482221302
9	124028200	124029150	0.057197307479982994	0.04859322783649453	0.10544979475010831	0.10116768352812229	0.12516460427747697	0.09120405423946044
9	124043550	124044400	0.10478073017690907	0.10515116684572687	0.24723019274181607	0.19067465280219625	0.18294612935506827	0.12810349674019125
9	124102950	124103550	0.6575553354124228	0.2608156342059374	1.2583666027337312	0.6707762828717629	0.9475576458623012	0.5378662092487018
9	124146150	124147050	0.46417131722801264	0.5311803256306383	0.2806104499888089	0.3256751996026075	0.24527061857697036	0.326867350731045
9	124422500	124425300	7.329429696957637	7.559943992685063	5.464233884943246	5.565723464685084	5.6564066971850995	6.654637016030246
X	7648600	7649250	4.823314458223489	4.169746846144016	4.6680195929453925	4.421833754273561	3.946712462076774	3.395864022740951
X	7673450	7674300	0.22446391515543357	0.18476893158191268	0.25286210742355747	0.25760025155666233	0.1585936921363859	0.15832022680517505
X	7789050	7790000	0.8717410874586662	0.8046929477664985	0.8776474487872022	0.7271174031309784	0.6169586314986811	0.4890093976766797
X	7841150	7842150	5.719287279682774	4.990664329774918	4.828133640781525	4.778715280562639	4.867287500858307	5.2314264742136
X	7865600	7866250	2.1832931871597583	2.109812946136181	1.4614703006927783	1.0692383171503361	0.4505889262488255	0.22700368606413787
X	7898900	7899700	3.5964678817242386	2.9886920019984244	2.3901236647740007	2.479546666443348	2.392956134863198	2.5029209320247174
X	8131600	8132600	2.2905203822902047	1.8206543637398749	1.5914493960718956	1.592534713949894	1.3678487759307028	1.2050474924780428
X	8251300	8252750	0.6605209860410939	0.5676305365646385	0.5567237884920441	0.6390402344685181	0.47503111458104225	0.4459294625190327
X	10717350	10718200	0.9242376435328933	0.8519436667245978	0.973682016853024	0.7308452814291505	1.0944851296614198	1.1104672362173305
X	20616900	20617800	2.8967832257515855	2.674269690124525	2.343854886574878	2.2752137302358943	1.9876864431798458	2.0403132985035577
X	20686950	20688600	1.8576727652250815	1.8653562881999626	1.7202934136726435	1.646007105605948	1.5451569504399643	1.7905930904251997
X	20771850	20772800	0.3491547751034561	0.28743476909611665	0.2537855087073618	0.2365721751043671	0.06617412905583332	0.0905382078785899
X	20797700	20798950	1.13489013832456	0.9978922422657465	0.9980872670293506	0.8497433063020974	0.8066033859031833	0.6435570870727301
X	20950300	20951000	2.5210369988850183	2.477769006022385	2.0569871099506107	2.4855030222024235	1.899338116475514	1.7938256584107877
X	20961300	20962100	1.7726901694991855	1.7764962296001614	1.3561981855798513	1.5645504700174155	1.0694003637810239	1.3779042152594776
X	36980300	36981900	1.1991525596139894	1.1194751985995999	1.1282293989677583	0.9414405187402468	1.0712909673592623	1.0735122800876604
X	48284400	48285200	0.9262907414883376	0.9683986912481487	0.7960207611927763	0.867865516487509	0.7455447195470333	0.8008093610219658
X	48623400	48624050	0.7589900468175228	0.7866102001300225	0.6237847590331848	0.636217043858308	0.3788700024668987	0.475695980489254
X	50874400	50874900	2.5597494750618934	2.3562234684228898	2.8444817209243776	2.169585072994232	3.064656815290451	3.0601329717636108
X	73715900	73716750	5.301968988706084	5.061140429167186	4.752764189628993	5.091114175705349	5.0405790913105015	4.744477197142208
X	73914850	73915450	4.816545857290427	4.233229975899061	5.142136262208223	4.7058250678579014	4.862130506932735	4.271197021653255
X	73966450	73968050	3.287399547330795	2.9289809425415534	2.689108554163287	2.3127905721375437	2.3006286271179426	2.4705554660175415
X	74243500	74245150	1.4424116595446306	1.253470519598162	1.2997377407189572	1.4300007995551194	1.7178565658732532	1.794832095011092
X	74254300	74255100	3.48699834857136	3.1138793952576815	3.01431472231634	3.064033564776182	3.20290066793561	2.977991480398923
X	74269850	74270800	3.8913264523838698	3.6754531944425484	3.5837673577352573	3.2621053201587578	3.267648876889756	3.246369547491011
X	77795150	77797100	2.1124498763136343	1.7480140666594164	1.8093579857757607	1.6444079259058813	1.8095847328036438	1.9998020364901246
X	101128450	101128850	0.832375603094697	0.5520164886116982	0.7041311924159527	0.45365650035440924	0.4039177675545216	0.17718761706724762
X	101268300	101269000	1.2827809730810777	1.2504495924711228	0.88586722944464	0.8402671596833637	0.8463246700593403	0.7377002709944334
X	101733750	101734200	1.9814474466111924	1.8761584924327002	1.9405820613437228	1.5488812400566208	0.9170291717847189	1.1211250609821743
X	103493350	103494500	1.4605385749838298	1.025916836713173	1.0321323424736548	1.0420119136438382	1.2179618996068955	1.7887780874190122
X	106135300	106136050	0.1911924538637201	0.21313102611651022	0.16377128128707408	0.15504544922429273	0.3017457955380281	0.3440452980697155
X	136741250	136742300	6.6959771407401325	6.389473974928146	5.64744146109726	6.538165844934327	6.7625638465654285	7.1696549917402725
X	140505300	140506300	1.2024274248713545	1.0610853470679253	1.0944013340780812	1.147260824367404	1.5235900856405498	1.8523989962935448
X	140519850	140520950	1.1777560405323275	0.9510625612840805	1.3115690116413763	1.2186559415623328	1.1075599160673875	1.0588463734293525
X	140542850	140543550	3.12418965280056	2.668692440177713	2.6412768859522684	2.6496195219244276	2.5520334785750936	2.7226367192183223
X	140956400	140957200	2.059357990119606	1.8629939313605428	1.6550563178770243	1.6789986233413219	1.525586965661496	1.6365674717351795
X	152342350	152343350	3.830987922251761	3.5030310089213526	3.4393365296343705	3.5543973483145237	3.803366761445999	3.3313402383476496
X	159677650	159679250	0.6276690387629693	0.7791966741123507	0.6024206193846328	0.6350459626317024	0.34449976826415346	0.301955361023367
X	159757400	159758600	2.0175207608745946	1.837262501870432	1.98648736071843	1.8290514277930212	1.6727839687783583	1.4642596112315853
X	159829250	159829950	0.7612573692178052	0.6183794443404813	0.7769110290272557	0.4178203331572669	0.9287217818166904	0.4823306132800134
X	163908550	163909250	6.623282454354422	5.970379712070738	6.184580173322133	6.215861988748823	6.125378750903266	6.446720747096198
X	163995100	163995700	4.126849390467008	4.166534261703491	3.929118339618047	4.003501394689083	3.575048461953799	3.715565159718196
X	164075900	164076950	3.99825271196014	3.5872767511124617	3.268865309472081	3.2325509169130098	3.410415333644265	3.6284629931762105
X	164419200	164420050	4.358409325199968	3.6791241115331648	3.7061330403825816	3.7035826382216284	4.051455667544814	4.105127842110746
X	166510200	166510600	4.642918022871018	3.9416903492808344	3.776581571251154	3.9634529235959053	3.8775033384561537	3.8672336131334304
X	167179600	167180400	0.5884459646651521	0.44341072330251335	0.528130573714152	0.4042509157024324	0.49838155272416773	0.5540198847465218
X	167201250	167202000	0.8828544994990031	0.8606941244999567	0.9667554630438486	0.7098312481840452	0.8655170204440753	0.9825653902689616
