chrom	start	end	num	list	early	late	terminal	memory	shCd19	shRunx3
1	3353123	3353386	1	shCd19	0	0	0	0	1	0
1	3502768	3503002	1	shCd19	0	0	0	0	1	0
1	4066275	4066587	1	early	1	0	0	0	0	0
1	4094587	4094952	1	terminal	0	0	1	0	0	0
1	4545002	4545353	1	memory	0	0	0	1	0	0
1	4548790	4549070	1	terminal	0	0	1	0	0	0
1	4720569	4721091	1	terminal	0	0	1	0	0	0
1	4807416	4807731	1	shCd19	0	0	0	0	1	0
1	4808563	4808878	1	memory	0	0	0	1	0	0
1	5034301	5034602	1	memory	0	0	0	1	0	0
1	5217048	5217286	1	shRunx3	0	0	0	0	0	1
1	5412005	5412340	1	memory	0	0	0	1	0	0
1	5436787	5437182	1	shCd19	0	0	0	0	1	0
1	5453213	5453446	1	memory	0	0	0	1	0	0
1	5495544	5495981	1	terminal	0	0	1	0	0	0
1	5926832	5927186	1	terminal	0	0	1	0	0	0
1	6076689	6076990	1	memory	0	0	0	1	0	0
1	6164389	6164799	1	early	1	0	0	0	0	0
1	6342577	6342921	1	terminal	0	0	1	0	0	0
1	6634103	6634350	1	memory	0	0	0	1	0	0
1	6974448	6974720	1	shRunx3	0	0	0	0	0	1
1	6997511	6997793	1	memory	0	0	0	1	0	0
1	7391178	7391381	1	shCd19	0	0	0	0	1	0
1	7879074	7879368	1	late	0	1	0	0	0	0
1	8403444	8403834	1	late	0	1	0	0	0	0
1	8921754	8921970	1	shRunx3	0	0	0	0	0	1
1	9065466	9065822	1	late	0	1	0	0	0	0
1	9067082	9067656	1	shRunx3	0	0	0	0	0	1
1	9189766	9190035	1	shRunx3	0	0	0	0	0	1
1	9331126	9331437	1	terminal	0	0	1	0	0	0
1	9397349	9397716	1	shCd19	0	0	0	0	1	0
1	9406429	9406938	1	shCd19	0	0	0	0	1	0
1	9596917	9597448	1	terminal	0	0	1	0	0	0
1	9673443	9673774	1	memory	0	0	0	1	0	0
1	9712204	9712440	1	terminal	0	0	1	0	0	0
1	9770597	9770853	1	terminal	0	0	1	0	0	0
1	9807571	9807820	1	terminal	0	0	1	0	0	0
1	9847930	9848251	1	shCd19	0	0	0	0	1	0
1	10121499	10121717	1	shCd19	0	0	0	0	1	0
1	10122628	10122899	1	shCd19	0	0	0	0	1	0
1	10412867	10413075	1	shRunx3	0	0	0	0	0	1
1	10417237	10417429	1	shRunx3	0	0	0	0	0	1
1	10477264	10477796	1	shCd19	0	0	0	0	1	0
1	10616487	10616911	1	late	0	1	0	0	0	0
1	10792605	10792891	1	terminal	0	0	1	0	0	0
1	11116082	11116343	1	shRunx3	0	0	0	0	0	1
1	11182601	11183068	1	terminal	0	0	1	0	0	0
1	11837772	11838557	1	early	1	0	0	0	0	0
1	12044629	12045000	1	terminal	0	0	1	0	0	0
1	12087540	12087819	1	shCd19	0	0	0	0	1	0
1	12117668	12117900	1	shCd19	0	0	0	0	1	0
1	12210677	12211069	1	late	0	1	0	0	0	0
1	12556924	12557224	1	shRunx3	0	0	0	0	0	1
1	12736052	12736340	1	shCd19	0	0	0	0	1	0
1	12775779	12776123	1	early	1	0	0	0	0	0
1	12950675	12950964	1	shRunx3	0	0	0	0	0	1
1	12965836	12966230	1	late	0	1	0	0	0	0
1	13029680	13029917	1	shCd19	0	0	0	0	1	0
1	13168488	13168880	1	terminal	0	0	1	0	0	0
1	13444894	13445451	1	terminal	0	0	1	0	0	0
1	13660216	13660490	1	shRunx3	0	0	0	0	0	1
1	13833365	13833936	1	shCd19	0	0	0	0	1	0
1	14243419	14243767	1	late	0	1	0	0	0	0
1	14259928	14260334	1	shCd19	0	0	0	0	1	0
1	14403734	14403937	1	shRunx3	0	0	0	0	0	1
1	14429695	14429899	1	shRunx3	0	0	0	0	0	1
1	14445358	14445566	1	shRunx3	0	0	0	0	0	1
1	14833245	14833521	1	memory	0	0	0	1	0	0
1	14872228	14872522	1	terminal	0	0	1	0	0	0
1	15040869	15041519	1	memory	0	0	0	1	0	0
1	15071144	15071422	1	late	0	1	0	0	0	0
1	15323295	15323576	1	late	0	1	0	0	0	0
1	16083111	16083338	1	shRunx3	0	0	0	0	0	1
1	16281492	16281870	1	terminal	0	0	1	0	0	0
1	16299452	16299892	1	terminal	0	0	1	0	0	0
1	16534339	16534638	1	shRunx3	0	0	0	0	0	1
1	16688877	16689215	1	shCd19	0	0	0	0	1	0
1	16930178	16930591	1	late	0	1	0	0	0	0
1	17154107	17154389	1	memory	0	0	0	1	0	0
1	17512271	17512509	1	shCd19	0	0	0	0	1	0
1	17633300	17633633	1	late	0	1	0	0	0	0
1	17689263	17689654	1	late	0	1	0	0	0	0
1	18003724	18004137	1	shCd19	0	0	0	0	1	0
1	18070636	18071326	1	shRunx3	0	0	0	0	0	1
1	18744287	18744486	1	shCd19	0	0	0	0	1	0
1	18764502	18764977	1	terminal	0	0	1	0	0	0
1	19286505	19286856	1	memory	0	0	0	1	0	0
1	19370639	19371169	1	terminal	0	0	1	0	0	0
1	19787387	19787688	1	shRunx3	0	0	0	0	0	1
1	20298644	20299009	1	late	0	1	0	0	0	0
1	20463215	20463585	1	terminal	0	0	1	0	0	0
1	20480637	20480851	1	shCd19	0	0	0	0	1	0
1	20905682	20906038	1	terminal	0	0	1	0	0	0
1	21252059	21252461	1	shRunx3	0	0	0	0	0	1
1	21433451	21433691	1	shRunx3	0	0	0	0	0	1
1	22655277	22655677	1	shRunx3	0	0	0	0	0	1
1	22819653	22820019	1	terminal	0	0	1	0	0	0
1	22963721	22964022	1	terminal	0	0	1	0	0	0
1	23079337	23079845	1	shRunx3	0	0	0	0	0	1
1	23128902	23129203	1	shCd19	0	0	0	0	1	0
1	23396408	23396697	1	terminal	0	0	1	0	0	0
1	23753352	23753832	1	terminal	0	0	1	0	0	0
1	23993425	23993834	1	late	0	1	0	0	0	0
1	24002565	24002837	1	shCd19	0	0	0	0	1	0
1	24929257	24929532	1	late	0	1	0	0	0	0
1	25135717	25136092	1	early	1	0	0	0	0	0
1	25179760	25180109	1	late	0	1	0	0	0	0
1	25262626	25263009	1	terminal	0	0	1	0	0	0
1	25299230	25299567	1	shRunx3	0	0	0	0	0	1
1	25438335	25438656	1	shCd19	0	0	0	0	1	0
1	25696660	25696892	1	terminal	0	0	1	0	0	0
1	25782858	25783108	1	terminal	0	0	1	0	0	0
1	26046776	26047058	1	terminal	0	0	1	0	0	0
1	26091047	26091254	1	shRunx3	0	0	0	0	0	1
1	26104788	26105063	1	memory	0	0	0	1	0	0
1	26496842	26497125	1	terminal	0	0	1	0	0	0
1	26577400	26577680	1	terminal	0	0	1	0	0	0
1	26585724	26586216	1	terminal	0	0	1	0	0	0
1	26669577	26669910	1	memory	0	0	0	1	0	0
1	26764385	26764928	1	terminal	0	0	1	0	0	0
1	26845102	26845292	1	shRunx3	0	0	0	0	0	1
1	26985740	26986325	1	late	0	1	0	0	0	0
1	27055993	27056334	1	early	1	0	0	0	0	0
1	27067635	27067994	1	late	0	1	0	0	0	0
1	27277018	27277290	1	shCd19	0	0	0	0	1	0
1	27362347	27362656	1	terminal	0	0	1	0	0	0
1	27410943	27411782	1	terminal	0	0	1	0	0	0
1	27413823	27414074	1	terminal	0	0	1	0	0	0
1	27575201	27575405	1	shCd19	0	0	0	0	1	0
1	27589840	27590064	1	shCd19	0	0	0	0	1	0
1	27640071	27640415	1	terminal	0	0	1	0	0	0
1	27796611	27796869	1	early	1	0	0	0	0	0
1	28149547	28150254	1	terminal	0	0	1	0	0	0
1	28432361	28432691	1	shRunx3	0	0	0	0	0	1
1	28444765	28445101	1	shCd19	0	0	0	0	1	0
1	28479404	28479633	1	memory	0	0	0	1	0	0
1	28516903	28517207	1	terminal	0	0	1	0	0	0
1	28633270	28633508	1	memory	0	0	0	1	0	0
1	28673539	28673888	1	memory	0	0	0	1	0	0
1	28700952	28701332	1	terminal	0	0	1	0	0	0
1	28707579	28707817	1	shRunx3	0	0	0	0	0	1
1	29307275	29307555	1	shCd19	0	0	0	0	1	0
1	29348246	29348453	1	shCd19	0	0	0	0	1	0
1	29927077	29927941	1	shRunx3	0	0	0	0	0	1
1	30086622	30086918	1	late	0	1	0	0	0	0
1	30092280	30092633	1	terminal	0	0	1	0	0	0
1	30397908	30398159	1	shRunx3	0	0	0	0	0	1
1	30603631	30603917	1	terminal	0	0	1	0	0	0
1	30676820	30677151	1	late	0	1	0	0	0	0
1	30930045	30930261	1	shCd19	0	0	0	0	1	0
1	31101703	31102058	1	shRunx3	0	0	0	0	0	1
1	31210929	31211227	1	early	1	0	0	0	0	0
1	31320106	31320499	1	shCd19	0	0	0	0	1	0
1	31519268	31519623	1	late	0	1	0	0	0	0
1	31562778	31563245	1	shCd19	0	0	0	0	1	0
1	31652368	31652649	1	shCd19	0	0	0	0	1	0
1	31895006	31895280	1	shRunx3	0	0	0	0	0	1
1	32157963	32158289	1	shRunx3	0	0	0	0	0	1
1	32248419	32248664	1	shCd19	0	0	0	0	1	0
1	32324880	32325137	1	memory	0	0	0	1	0	0
1	32827734	32827950	1	shRunx3	0	0	0	0	0	1
1	33068152	33068350	1	shCd19	0	0	0	0	1	0
1	33805100	33805345	1	shCd19	0	0	0	0	1	0
1	33981972	33982202	1	memory	0	0	0	1	0	0
1	34147574	34147968	1	early	1	0	0	0	0	0
1	34244626	34245217	1	terminal	0	0	1	0	0	0
1	34659427	34659676	1	shRunx3	0	0	0	0	0	1
1	34700454	34701069	1	shRunx3	0	0	0	0	0	1
1	34710273	34710533	1	memory	0	0	0	1	0	0
1	35264708	35265021	1	shCd19	0	0	0	0	1	0
1	35694386	35694633	1	shCd19	0	0	0	0	1	0
1	35745649	35746022	1	shRunx3	0	0	0	0	0	1
1	35887685	35888314	1	early	1	0	0	0	0	0
1	35923180	35923380	1	shRunx3	0	0	0	0	0	1
1	35979880	35980146	1	early	1	0	0	0	0	0
1	36061129	36061583	1	memory	0	0	0	1	0	0
1	36095336	36095641	1	terminal	0	0	1	0	0	0
1	36218610	36218857	1	terminal	0	0	1	0	0	0
1	36233270	36233609	1	early	1	0	0	0	0	0
1	36307654	36308113	1	shRunx3	0	0	0	0	0	1
1	36481840	36482038	1	shRunx3	0	0	0	0	0	1
1	36939650	36939922	1	shRunx3	0	0	0	0	0	1
1	37004084	37004309	1	memory	0	0	0	1	0	0
1	37007322	37007712	1	shCd19	0	0	0	0	1	0
1	37081629	37081882	1	early	1	0	0	0	0	0
1	37245622	37245895	1	shRunx3	0	0	0	0	0	1
1	37298582	37298820	1	early	1	0	0	0	0	0
1	37300287	37300526	1	terminal	0	0	1	0	0	0
1	37386196	37386575	1	shCd19	0	0	0	0	1	0
1	37415022	37415275	1	terminal	0	0	1	0	0	0
1	37506354	37506730	1	shRunx3	0	0	0	0	0	1
1	37652961	37653318	1	early	1	0	0	0	0	0
1	37784849	37785243	1	shRunx3	0	0	0	0	0	1
1	38533791	38534146	1	shCd19	0	0	0	0	1	0
1	38553756	38554045	1	shRunx3	0	0	0	0	0	1
1	38624652	38624985	1	shCd19	0	0	0	0	1	0
1	38698041	38698359	1	memory	0	0	0	1	0	0
1	38766745	38767111	1	shRunx3	0	0	0	0	0	1
1	39214128	39214355	1	terminal	0	0	1	0	0	0
1	39412471	39412711	1	terminal	0	0	1	0	0	0
1	39541556	39541825	1	shRunx3	0	0	0	0	0	1
1	39842344	39842967	1	shCd19	0	0	0	0	1	0
1	39861952	39862290	1	terminal	0	0	1	0	0	0
1	40041802	40042039	1	shCd19	0	0	0	0	1	0
1	40051317	40051572	1	shCd19	0	0	0	0	1	0
1	40380962	40381165	1	shRunx3	0	0	0	0	0	1
1	40393437	40393447	1	shRunx3	0	0	0	0	0	1
1	40393447	40393770	2	shCd19,shRunx3	0	0	0	0	1	1
1	40393770	40393853	1	shRunx3	0	0	0	0	0	1
1	40434544	40434788	1	shCd19	0	0	0	0	1	0
1	40484675	40485422	1	terminal	0	0	1	0	0	0
1	40693383	40693889	1	shRunx3	0	0	0	0	0	1
1	40925656	40926106	1	terminal	0	0	1	0	0	0
1	41148963	41149218	1	early	1	0	0	0	0	0
1	41175316	41175916	1	terminal	0	0	1	0	0	0
1	41205636	41206056	1	terminal	0	0	1	0	0	0
1	41636171	41636384	1	shRunx3	0	0	0	0	0	1
1	41744565	41744768	1	shRunx3	0	0	0	0	0	1
1	41871955	41872330	1	memory	0	0	0	1	0	0
1	41952036	41952304	1	shCd19	0	0	0	0	1	0
1	41982900	41983141	1	shRunx3	0	0	0	0	0	1
1	41988195	41988606	1	early	1	0	0	0	0	0
1	42042337	42042998	1	terminal	0	0	1	0	0	0
1	42051798	42052247	1	shCd19	0	0	0	0	1	0
1	42069276	42069478	1	shRunx3	0	0	0	0	0	1
1	42076074	42076316	1	early	1	0	0	0	0	0
1	42146337	42146571	1	terminal	0	0	1	0	0	0
1	42226200	42226499	1	terminal	0	0	1	0	0	0
1	42252093	42252373	1	shRunx3	0	0	0	0	0	1
1	42415777	42416056	1	shRunx3	0	0	0	0	0	1
1	42438693	42438918	1	shCd19	0	0	0	0	1	0
1	42457132	42457574	1	memory	0	0	0	1	0	0
1	42721986	42722205	1	shRunx3	0	0	0	0	0	1
1	42915300	42915493	1	shRunx3	0	0	0	0	0	1
1	43061497	43062043	1	terminal	0	0	1	0	0	0
1	43158865	43159208	1	shRunx3	0	0	0	0	0	1
1	43623580	43624038	1	shRunx3	0	0	0	0	0	1
1	43802545	43802834	1	terminal	0	0	1	0	0	0
1	44092692	44093097	1	memory	0	0	0	1	0	0
1	44329968	44330296	1	terminal	0	0	1	0	0	0
1	44786908	44787198	1	terminal	0	0	1	0	0	0
1	44857859	44858327	1	shRunx3	0	0	0	0	0	1
1	44885263	44885552	1	memory	0	0	0	1	0	0
1	45714672	45714940	1	memory	0	0	0	1	0	0
1	45774692	45775010	1	shRunx3	0	0	0	0	0	1
1	45832165	45832451	1	late	0	1	0	0	0	0
1	45986693	45986991	1	shRunx3	0	0	0	0	0	1
1	46499480	46499705	1	shRunx3	0	0	0	0	0	1
1	46831445	46831781	1	late	0	1	0	0	0	0
1	46893709	46894028	1	shRunx3	0	0	0	0	0	1
1	46938110	46938457	1	memory	0	0	0	1	0	0
1	46980617	46980928	1	terminal	0	0	1	0	0	0
1	47053569	47053760	1	shRunx3	0	0	0	0	0	1
1	47663479	47664159	1	memory	0	0	0	1	0	0
1	47918767	47919066	1	shRunx3	0	0	0	0	0	1
1	47942196	47942486	1	shCd19	0	0	0	0	1	0
1	48206218	48206534	1	early	1	0	0	0	0	0
1	48459490	48459696	1	shRunx3	0	0	0	0	0	1
1	48556055	48556340	1	shCd19	0	0	0	0	1	0
1	48720526	48720818	1	shRunx3	0	0	0	0	0	1
1	48730774	48731196	1	shCd19	0	0	0	0	1	0
1	48767099	48767460	1	shRunx3	0	0	0	0	0	1
1	48893165	48893563	1	memory	0	0	0	1	0	0
1	48896962	48897188	1	memory	0	0	0	1	0	0
1	49004771	49005234	1	memory	0	0	0	1	0	0
1	49099732	49099996	1	memory	0	0	0	1	0	0
1	49124231	49124424	1	shRunx3	0	0	0	0	0	1
1	49208560	49209068	1	memory	0	0	0	1	0	0
1	49223813	49224045	1	shCd19	0	0	0	0	1	0
1	49364716	49365308	1	terminal	0	0	1	0	0	0
1	49474798	49475519	1	shRunx3	0	0	0	0	0	1
1	49648541	49648994	1	shCd19	0	0	0	0	1	0
1	49823717	49823937	1	shRunx3	0	0	0	0	0	1
1	50125351	50125693	1	shRunx3	0	0	0	0	0	1
1	50156523	50156936	1	early	1	0	0	0	0	0
1	50302387	50302649	1	shRunx3	0	0	0	0	0	1
1	50354276	50354562	1	terminal	0	0	1	0	0	0
1	50429714	50430020	1	memory	0	0	0	1	0	0
1	50431120	50431496	1	late	0	1	0	0	0	0
1	51358226	51358791	1	early	1	0	0	0	0	0
1	51380877	51381517	1	terminal	0	0	1	0	0	0
1	51569408	51569734	1	shCd19	0	0	0	0	1	0
1	51584703	51585473	1	shRunx3	0	0	0	0	0	1
1	51722895	51723296	1	terminal	0	0	1	0	0	0
1	51766465	51766775	1	shRunx3	0	0	0	0	0	1
1	51879808	51880127	1	terminal	0	0	1	0	0	0
1	52019864	52020153	1	shRunx3	0	0	0	0	0	1
1	52113487	52113745	1	shRunx3	0	0	0	0	0	1
1	52653648	52654122	1	memory	0	0	0	1	0	0
1	52768041	52768426	1	shCd19	0	0	0	0	1	0
1	52845338	52845752	1	terminal	0	0	1	0	0	0
1	53123613	53123869	1	terminal	0	0	1	0	0	0
1	53297075	53297375	1	shRunx3	0	0	0	0	0	1
1	53585197	53585443	1	shCd19	0	0	0	0	1	0
1	53833436	53833639	1	shCd19	0	0	0	0	1	0
1	53845225	53845653	1	shRunx3	0	0	0	0	0	1
1	53954991	53955283	1	memory	0	0	0	1	0	0
1	54048437	54048752	1	shCd19	0	0	0	0	1	0
1	54110774	54111212	1	shCd19	0	0	0	0	1	0
1	54314298	54314551	1	shRunx3	0	0	0	0	0	1
1	54426975	54427233	1	early	1	0	0	0	0	0
1	54519689	54520065	1	late	0	1	0	0	0	0
1	54660700	54661052	1	shCd19	0	0	0	0	1	0
1	54765350	54766143	1	late	0	1	0	0	0	0
1	54871300	54871512	1	shRunx3	0	0	0	0	0	1
1	54913499	54913523	1	terminal	0	0	1	0	0	0
1	54913523	54913810	2	terminal,shRunx3	0	0	1	0	0	1
1	54913810	54914295	1	terminal	0	0	1	0	0	0
1	55020108	55020357	1	memory	0	0	0	1	0	0
1	55179451	55180026	1	terminal	0	0	1	0	0	0
1	55613237	55613498	1	shRunx3	0	0	0	0	0	1
1	55915316	55915551	1	terminal	0	0	1	0	0	0
1	55941714	55942393	1	late	0	1	0	0	0	0
1	55961979	55962350	1	terminal	0	0	1	0	0	0
1	56043304	56044070	1	late	0	1	0	0	0	0
1	56116088	56116404	1	terminal	0	0	1	0	0	0
1	56513669	56514303	1	late	0	1	0	0	0	0
1	56620549	56620822	1	shRunx3	0	0	0	0	0	1
1	57327349	57327577	1	memory	0	0	0	1	0	0
1	57448353	57448819	1	early	1	0	0	0	0	0
1	57718832	57719361	1	shRunx3	0	0	0	0	0	1
1	57998999	57999511	1	memory	0	0	0	1	0	0
1	58013129	58013378	1	terminal	0	0	1	0	0	0
1	58234834	58235143	1	memory	0	0	0	1	0	0
1	58241394	58241709	1	early	1	0	0	0	0	0
1	58383244	58383693	1	late	0	1	0	0	0	0
1	58516540	58516777	1	shCd19	0	0	0	0	1	0
1	58797167	58797394	1	shRunx3	0	0	0	0	0	1
1	58803688	58803966	1	early	1	0	0	0	0	0
1	59237851	59238067	1	shRunx3	0	0	0	0	0	1
1	59297228	59297631	1	shCd19	0	0	0	0	1	0
1	59628051	59628468	1	shRunx3	0	0	0	0	0	1
1	59841294	59841734	1	shCd19	0	0	0	0	1	0
1	59870146	59870435	1	terminal	0	0	1	0	0	0
1	60305648	60305879	1	memory	0	0	0	1	0	0
1	60395182	60395415	1	terminal	0	0	1	0	0	0
1	60717219	60717420	1	shRunx3	0	0	0	0	0	1
1	60745902	60746386	1	shRunx3	0	0	0	0	0	1
1	60776091	60776383	1	late	0	1	0	0	0	0
1	60776767	60777140	1	shCd19	0	0	0	0	1	0
1	60801926	60802297	1	early	1	0	0	0	0	0
1	61033152	61033511	1	terminal	0	0	1	0	0	0
1	61147368	61147769	1	terminal	0	0	1	0	0	0
1	61287553	61287881	1	shCd19	0	0	0	0	1	0
1	61404135	61404408	1	terminal	0	0	1	0	0	0
1	61527312	61527540	1	shCd19	0	0	0	0	1	0
1	61663921	61664400	1	shCd19	0	0	0	0	1	0
1	61821537	61821728	1	shRunx3	0	0	0	0	0	1
1	62051290	62051562	1	late	0	1	0	0	0	0
1	62139052	62139639	1	early	1	0	0	0	0	0
1	62187920	62188276	1	terminal	0	0	1	0	0	0
1	62213361	62213810	1	terminal	0	0	1	0	0	0
1	62690732	62690975	1	shCd19	0	0	0	0	1	0
1	62875537	62875787	1	terminal	0	0	1	0	0	0
1	62971383	62971589	1	shRunx3	0	0	0	0	0	1
1	63034181	63034474	1	late	0	1	0	0	0	0
1	63202290	63202540	1	shRunx3	0	0	0	0	0	1
1	63264517	63264792	1	memory	0	0	0	1	0	0
1	63335260	63335512	1	terminal	0	0	1	0	0	0
1	63350046	63350392	1	memory	0	0	0	1	0	0
1	63395748	63396166	1	shRunx3	0	0	0	0	0	1
1	63578476	63578704	1	terminal	0	0	1	0	0	0
1	63916289	63916517	1	memory	0	0	0	1	0	0
1	64038407	64038721	1	terminal	0	0	1	0	0	0
1	64303831	64304185	1	shCd19	0	0	0	0	1	0
1	64531840	64532529	1	shRunx3	0	0	0	0	0	1
1	64587833	64588042	1	shRunx3	0	0	0	0	0	1
1	64924933	64925307	1	shCd19	0	0	0	0	1	0
1	65246017	65246230	1	shCd19	0	0	0	0	1	0
1	65274820	65275150	1	shRunx3	0	0	0	0	0	1
1	65572229	65572491	1	shCd19	0	0	0	0	1	0
1	65693432	65693995	1	terminal	0	0	1	0	0	0
1	65704234	65704499	1	terminal	0	0	1	0	0	0
1	65982192	65982523	1	terminal	0	0	1	0	0	0
1	65986431	65986754	1	terminal	0	0	1	0	0	0
1	66067023	66067700	1	terminal	0	0	1	0	0	0
1	66095958	66096432	1	shRunx3	0	0	0	0	0	1
1	66205956	66206262	1	shCd19	0	0	0	0	1	0
1	66349741	66350002	1	shCd19	0	0	0	0	1	0
1	66817134	66817545	1	shRunx3	0	0	0	0	0	1
1	67108994	67109445	1	terminal	0	0	1	0	0	0
1	67599728	67599955	1	shRunx3	0	0	0	0	0	1
1	67601065	67601510	1	early	1	0	0	0	0	0
1	67669964	67670292	1	terminal	0	0	1	0	0	0
1	67972218	67972671	1	terminal	0	0	1	0	0	0
1	68188793	68188994	1	shCd19	0	0	0	0	1	0
1	68634069	68634283	1	shRunx3	0	0	0	0	0	1
1	68916418	68916821	1	shCd19	0	0	0	0	1	0
1	69201899	69202121	1	shRunx3	0	0	0	0	0	1
1	69610270	69610775	1	late	0	1	0	0	0	0
1	69768765	69769258	1	shCd19	0	0	0	0	1	0
1	69824290	69824570	1	shCd19	0	0	0	0	1	0
1	69868152	69868649	1	shRunx3	0	0	0	0	0	1
1	69948802	69949243	1	memory	0	0	0	1	0	0
1	70141983	70142253	1	shCd19	0	0	0	0	1	0
1	70348992	70349230	1	memory	0	0	0	1	0	0
1	70456438	70456876	1	terminal	0	0	1	0	0	0
1	70522957	70523294	1	shRunx3	0	0	0	0	0	1
1	70571543	70571929	1	shRunx3	0	0	0	0	0	1
1	70641201	70641543	1	early	1	0	0	0	0	0
1	70676188	70676464	1	shRunx3	0	0	0	0	0	1
1	70768035	70768261	1	shRunx3	0	0	0	0	0	1
1	70778205	70778501	1	shCd19	0	0	0	0	1	0
1	71677957	71678204	1	terminal	0	0	1	0	0	0
1	71834270	71834533	1	early	1	0	0	0	0	0
1	71843894	71844301	1	shCd19	0	0	0	0	1	0
1	72180307	72180595	1	terminal	0	0	1	0	0	0
1	72427782	72428292	1	shRunx3	0	0	0	0	0	1
1	72431871	72432179	1	shRunx3	0	0	0	0	0	1
1	72644236	72644615	1	late	0	1	0	0	0	0
1	72700995	72701299	1	shCd19	0	0	0	0	1	0
1	72819795	72820049	1	memory	0	0	0	1	0	0
1	72955024	72955330	1	memory	0	0	0	1	0	0
1	73275927	73276450	1	terminal	0	0	1	0	0	0
1	73619700	73619938	1	shCd19	0	0	0	0	1	0
1	74139270	74139634	1	shCd19	0	0	0	0	1	0
1	74200997	74201387	1	shCd19	0	0	0	0	1	0
1	74201387	74201596	2	shCd19,shRunx3	0	0	0	0	1	1
1	74201596	74201786	1	shRunx3	0	0	0	0	0	1
1	74265679	74265950	1	memory	0	0	0	1	0	0
1	74435514	74435763	1	shCd19	0	0	0	0	1	0
1	74533596	74533863	1	memory	0	0	0	1	0	0
1	74788971	74789224	1	memory	0	0	0	1	0	0
1	74911884	74912154	1	terminal	0	0	1	0	0	0
1	74919471	74919741	1	shRunx3	0	0	0	0	0	1
1	75124716	75124730	1	shRunx3	0	0	0	0	0	1
1	75124730	75125241	2	shCd19,shRunx3	0	0	0	0	1	1
1	75464077	75464431	1	shRunx3	0	0	0	0	0	1
1	75569524	75569824	1	terminal	0	0	1	0	0	0
1	75745994	75746450	1	terminal	0	0	1	0	0	0
1	75806948	75807247	1	early	1	0	0	0	0	0
1	75940736	75941183	1	terminal	0	0	1	0	0	0
1	76024832	76025169	1	terminal	0	0	1	0	0	0
1	76389046	76389306	1	memory	0	0	0	1	0	0
1	76862179	76862375	1	shRunx3	0	0	0	0	0	1
1	77022343	77022656	1	shRunx3	0	0	0	0	0	1
1	77556345	77556726	1	shCd19	0	0	0	0	1	0
1	78318146	78318447	1	memory	0	0	0	1	0	0
1	78330379	78331064	1	early	1	0	0	0	0	0
1	78488624	78489138	1	shRunx3	0	0	0	0	0	1
1	78625985	78626232	1	shRunx3	0	0	0	0	0	1
1	78649370	78649694	1	terminal	0	0	1	0	0	0
1	78703831	78704092	1	late	0	1	0	0	0	0
1	79141677	79142127	1	late	0	1	0	0	0	0
1	79319799	79320039	1	terminal	0	0	1	0	0	0
1	79377154	79377421	1	shRunx3	0	0	0	0	0	1
1	79504699	79504983	1	terminal	0	0	1	0	0	0
1	79559392	79559641	1	memory	0	0	0	1	0	0
1	79586289	79586510	1	shRunx3	0	0	0	0	0	1
1	79601805	79602028	1	shCd19	0	0	0	0	1	0
1	79767051	79767289	1	terminal	0	0	1	0	0	0
1	79767289	79767499	2	terminal,shRunx3	0	0	1	0	0	1
1	79767499	79767619	1	terminal	0	0	1	0	0	0
1	79788826	79789172	1	memory	0	0	0	1	0	0
1	79850744	79851123	1	memory	0	0	0	1	0	0
1	79881078	79881488	1	shRunx3	0	0	0	0	0	1
1	79980246	79980526	1	memory	0	0	0	1	0	0
1	79980606	79981080	1	shRunx3	0	0	0	0	0	1
1	80000271	80000563	1	terminal	0	0	1	0	0	0
1	80377601	80378024	1	late	0	1	0	0	0	0
1	80379615	80379814	1	shCd19	0	0	0	0	1	0
1	80662241	80662619	1	shCd19	0	0	0	0	1	0
1	80755500	80755748	1	shRunx3	0	0	0	0	0	1
1	80792887	80793164	1	shRunx3	0	0	0	0	0	1
1	80893494	80893954	1	terminal	0	0	1	0	0	0
1	81220823	81221206	1	memory	0	0	0	1	0	0
1	81809934	81810167	1	terminal	0	0	1	0	0	0
1	82366506	82366722	1	shCd19	0	0	0	0	1	0
1	82432271	82432518	1	terminal	0	0	1	0	0	0
1	82539007	82539238	1	memory	0	0	0	1	0	0
1	82629900	82630176	1	shRunx3	0	0	0	0	0	1
1	82838972	82839218	1	early	1	0	0	0	0	0
1	83141774	83141977	1	shRunx3	0	0	0	0	0	1
1	83859087	83859390	1	shCd19	0	0	0	0	1	0
1	83868488	83868769	1	memory	0	0	0	1	0	0
1	83919140	83919346	1	shCd19	0	0	0	0	1	0
1	84362048	84362389	1	early	1	0	0	0	0	0
1	84366720	84367129	1	shRunx3	0	0	0	0	0	1
1	84525797	84526077	1	memory	0	0	0	1	0	0
1	84594435	84594865	1	terminal	0	0	1	0	0	0
1	84616076	84616281	1	shCd19	0	0	0	0	1	0
1	84641427	84641933	1	late	0	1	0	0	0	0
1	84844149	84844374	1	shRunx3	0	0	0	0	0	1
1	85809943	85810416	1	terminal	0	0	1	0	0	0
1	85811853	85812128	1	early	1	0	0	0	0	0
1	85888287	85888840	1	terminal	0	0	1	0	0	0
1	86036426	86036652	1	shCd19	0	0	0	0	1	0
1	86064365	86064410	1	shCd19	0	0	0	0	1	0
1	86064410	86064732	2	shCd19,shRunx3	0	0	0	0	1	1
1	86064732	86064744	1	shCd19	0	0	0	0	1	0
1	86504799	86505179	1	shCd19	0	0	0	0	1	0
1	86633880	86634232	1	memory	0	0	0	1	0	0
1	86671607	86672242	1	terminal	0	0	1	0	0	0
1	86860964	86861191	1	memory	0	0	0	1	0	0
1	86884013	86884289	1	terminal	0	0	1	0	0	0
1	87042671	87042979	1	terminal	0	0	1	0	0	0
1	87203076	87203392	1	memory	0	0	0	1	0	0
1	87381890	87382172	1	late	0	1	0	0	0	0
1	87447761	87448026	1	terminal	0	0	1	0	0	0
1	87637214	87637730	1	shCd19	0	0	0	0	1	0
1	87829741	87830058	1	terminal	0	0	1	0	0	0
1	87865045	87865311	1	late	0	1	0	0	0	0
1	87884630	87884927	1	shCd19	0	0	0	0	1	0
1	88091535	88091790	1	shCd19	0	0	0	0	1	0
1	88343461	88343778	1	shCd19	0	0	0	0	1	0
1	88620006	88620248	1	early	1	0	0	0	0	0
1	89357137	89357383	1	terminal	0	0	1	0	0	0
1	89398448	89398867	1	shRunx3	0	0	0	0	0	1
1	89407754	89408016	1	late	0	1	0	0	0	0
1	89619104	89619360	1	late	0	1	0	0	0	0
1	89624399	89624625	1	memory	0	0	0	1	0	0
1	89763391	89763721	1	terminal	0	0	1	0	0	0
1	89995753	89996031	1	terminal	0	0	1	0	0	0
1	90126584	90126869	1	shRunx3	0	0	0	0	0	1
1	90175608	90175798	1	shRunx3	0	0	0	0	0	1
1	90792473	90792932	1	late	0	1	0	0	0	0
1	91056103	91056731	1	shCd19	0	0	0	0	1	0
1	91075013	91075280	1	early	1	0	0	0	0	0
1	91095337	91095601	1	terminal	0	0	1	0	0	0
1	91225723	91225926	1	shCd19	0	0	0	0	1	0
1	91459269	91459661	1	shCd19	0	0	0	0	1	0
1	91495645	91496325	1	shRunx3	0	0	0	0	0	1
1	91771365	91771780	1	late	0	1	0	0	0	0
1	91911634	91911857	1	shCd19	0	0	0	0	1	0
1	91916911	91917254	1	late	0	1	0	0	0	0
1	91963661	91964008	1	memory	0	0	0	1	0	0
1	91974308	91974625	1	shCd19	0	0	0	0	1	0
1	92009111	92009647	1	memory	0	0	0	1	0	0
1	92104229	92104465	1	memory	0	0	0	1	0	0
1	92296300	92296566	1	terminal	0	0	1	0	0	0
1	92561698	92562212	1	shRunx3	0	0	0	0	0	1
1	92562576	92562814	1	early	1	0	0	0	0	0
1	92768440	92768713	1	memory	0	0	0	1	0	0
1	92803409	92804012	1	late	0	1	0	0	0	0
1	92934353	92934638	1	shRunx3	0	0	0	0	0	1
1	93635829	93635986	1	shRunx3	0	0	0	0	0	1
1	93635986	93636059	2	shCd19,shRunx3	0	0	0	0	1	1
1	93636059	93636230	1	shCd19	0	0	0	0	1	0
1	93777297	93777570	1	shRunx3	0	0	0	0	0	1
1	94127918	94128240	1	memory	0	0	0	1	0	0
1	94601873	94602495	1	terminal	0	0	1	0	0	0
1	94818278	94818479	1	shRunx3	0	0	0	0	0	1
1	94970641	94971187	1	terminal	0	0	1	0	0	0
1	95023788	95024204	1	late	0	1	0	0	0	0
1	95043833	95044192	1	late	0	1	0	0	0	0
1	95092904	95093462	1	shRunx3	0	0	0	0	0	1
1	95473405	95473737	1	terminal	0	0	1	0	0	0
1	95488183	95488426	1	shCd19	0	0	0	0	1	0
1	95665571	95665836	1	shCd19	0	0	0	0	1	0
1	95702519	95702896	1	shCd19	0	0	0	0	1	0
1	96003491	96003681	1	shRunx3	0	0	0	0	0	1
1	96090603	96090929	1	early	1	0	0	0	0	0
1	96398532	96398778	1	memory	0	0	0	1	0	0
1	96527030	96527296	1	shCd19	0	0	0	0	1	0
1	96717277	96717530	1	memory	0	0	0	1	0	0
1	96981424	96981732	1	shRunx3	0	0	0	0	0	1
1	97089993	97090195	1	shCd19	0	0	0	0	1	0
1	97369357	97369582	1	memory	0	0	0	1	0	0
1	97729098	97729413	1	shCd19	0	0	0	0	1	0
1	98129908	98130218	1	shRunx3	0	0	0	0	0	1
1	98403210	98403519	1	early	1	0	0	0	0	0
1	98459982	98460295	1	shRunx3	0	0	0	0	0	1
1	98690257	98690495	1	early	1	0	0	0	0	0
1	99121711	99122339	1	shRunx3	0	0	0	0	0	1
1	99220127	99220420	1	shCd19	0	0	0	0	1	0
1	99475070	99475425	1	shRunx3	0	0	0	0	0	1
1	99920157	99920476	1	memory	0	0	0	1	0	0
1	100065833	100066231	1	terminal	0	0	1	0	0	0
1	100279934	100280335	1	shCd19	0	0	0	0	1	0
1	101152390	101152677	1	early	1	0	0	0	0	0
1	101339594	101339923	1	memory	0	0	0	1	0	0
1	101636335	101636908	1	terminal	0	0	1	0	0	0
1	102115362	102115574	1	shRunx3	0	0	0	0	0	1
1	102217080	102217538	1	shRunx3	0	0	0	0	0	1
1	102490862	102491127	1	memory	0	0	0	1	0	0
1	102614739	102615200	1	terminal	0	0	1	0	0	0
1	102844855	102845096	1	shRunx3	0	0	0	0	0	1
1	103342463	103343039	1	terminal	0	0	1	0	0	0
1	103388374	103388757	1	terminal	0	0	1	0	0	0
1	103610248	103610477	1	shRunx3	0	0	0	0	0	1
1	104108520	104108917	1	late	0	1	0	0	0	0
1	104146632	104147070	1	shRunx3	0	0	0	0	0	1
1	104302878	104303098	1	shRunx3	0	0	0	0	0	1
1	104733930	104734246	1	shRunx3	0	0	0	0	0	1
1	104790911	104791264	1	terminal	0	0	1	0	0	0
1	104970033	104970317	1	shCd19	0	0	0	0	1	0
1	105441228	105441617	1	shCd19	0	0	0	0	1	0
1	105493926	105494212	1	shRunx3	0	0	0	0	0	1
1	105499618	105499917	1	shCd19	0	0	0	0	1	0
1	105591218	105591723	1	terminal	0	0	1	0	0	0
1	105980683	105980876	1	shRunx3	0	0	0	0	0	1
1	106018257	106018549	1	memory	0	0	0	1	0	0
1	106267031	106267284	1	shCd19	0	0	0	0	1	0
1	106713321	106713983	1	shCd19	0	0	0	0	1	0
1	106928145	106928640	1	shRunx3	0	0	0	0	0	1
1	106981535	106981936	1	terminal	0	0	1	0	0	0
1	107004745	107005020	1	terminal	0	0	1	0	0	0
1	107132448	107132832	1	late	0	1	0	0	0	0
1	107389698	107389980	1	terminal	0	0	1	0	0	0
1	107445037	107445467	1	late	0	1	0	0	0	0
1	107563238	107563555	1	late	0	1	0	0	0	0
1	107716428	107716780	1	memory	0	0	0	1	0	0
1	107916973	107917256	1	terminal	0	0	1	0	0	0
1	107942088	107942421	1	terminal	0	0	1	0	0	0
1	107943108	107943357	1	memory	0	0	0	1	0	0
1	108127363	108127573	1	shRunx3	0	0	0	0	0	1
1	108223034	108223373	1	shRunx3	0	0	0	0	0	1
1	108497176	108497430	1	shRunx3	0	0	0	0	0	1
1	109199081	109199459	1	terminal	0	0	1	0	0	0
1	109494984	109495323	1	early	1	0	0	0	0	0
1	109560750	109561216	1	shRunx3	0	0	0	0	0	1
1	109704012	109704475	1	terminal	0	0	1	0	0	0
1	110124188	110124639	1	late	0	1	0	0	0	0
1	110443724	110443969	1	shRunx3	0	0	0	0	0	1
1	110471141	110471636	1	shRunx3	0	0	0	0	0	1
1	110650847	110651168	1	shCd19	0	0	0	0	1	0
1	110854214	110854477	1	shRunx3	0	0	0	0	0	1
1	111252937	111253177	1	early	1	0	0	0	0	0
1	111456161	111456721	1	memory	0	0	0	1	0	0
1	111481852	111482146	1	memory	0	0	0	1	0	0
1	111757443	111757683	1	early	1	0	0	0	0	0
1	111987585	111987861	1	late	0	1	0	0	0	0
1	111996711	111997002	1	shRunx3	0	0	0	0	0	1
1	112394712	112394994	1	shRunx3	0	0	0	0	0	1
1	112624731	112624991	1	shCd19	0	0	0	0	1	0
1	113302457	113303012	1	terminal	0	0	1	0	0	0
1	113406210	113406453	1	memory	0	0	0	1	0	0
1	113543433	113543767	1	terminal	0	0	1	0	0	0
1	113550133	113550388	1	shCd19	0	0	0	0	1	0
1	113573338	113573841	1	terminal	0	0	1	0	0	0
1	114071909	114072190	1	shCd19	0	0	0	0	1	0
1	114579629	114580171	1	shRunx3	0	0	0	0	0	1
1	114697805	114698056	1	shRunx3	0	0	0	0	0	1
1	114820984	114821239	1	shRunx3	0	0	0	0	0	1
1	115434755	115435125	1	late	0	1	0	0	0	0
1	115818922	115819269	1	shCd19	0	0	0	0	1	0
1	115947565	115947839	1	memory	0	0	0	1	0	0
1	116302420	116302705	1	shRunx3	0	0	0	0	0	1
1	116755345	116755604	1	shRunx3	0	0	0	0	0	1
1	116806265	116806559	1	shCd19	0	0	0	0	1	0
1	117044140	117044531	1	terminal	0	0	1	0	0	0
1	117062328	117062846	1	terminal	0	0	1	0	0	0
1	117339920	117340190	1	memory	0	0	0	1	0	0
1	117604591	117604849	1	shCd19	0	0	0	0	1	0
1	118105252	118105967	1	terminal	0	0	1	0	0	0
1	118754934	118755278	1	terminal	0	0	1	0	0	0
1	119127986	119128245	1	memory	0	0	0	1	0	0
1	119224102	119224591	1	memory	0	0	0	1	0	0
1	119427819	119428132	1	shRunx3	0	0	0	0	0	1
1	119493271	119493485	1	shRunx3	0	0	0	0	0	1
1	119579115	119579473	1	terminal	0	0	1	0	0	0
1	119836908	119837719	1	shRunx3	0	0	0	0	0	1
1	119878685	119878911	1	shRunx3	0	0	0	0	0	1
1	120227296	120227616	1	early	1	0	0	0	0	0
1	120327553	120327998	1	memory	0	0	0	1	0	0
1	120564950	120565322	1	terminal	0	0	1	0	0	0
1	120706053	120706349	1	terminal	0	0	1	0	0	0
1	120707594	120707897	1	shRunx3	0	0	0	0	0	1
1	120902619	120902910	1	early	1	0	0	0	0	0
1	121163608	121163944	1	terminal	0	0	1	0	0	0
1	121225929	121226200	1	memory	0	0	0	1	0	0
1	121396786	121397162	1	memory	0	0	0	1	0	0
1	121401834	121402058	1	shRunx3	0	0	0	0	0	1
1	121430193	121430776	1	terminal	0	0	1	0	0	0
1	121721912	121722267	1	memory	0	0	0	1	0	0
1	122125322	122125690	1	terminal	0	0	1	0	0	0
1	122145762	122145995	1	terminal	0	0	1	0	0	0
1	122219864	122220319	1	terminal	0	0	1	0	0	0
1	122394122	122394469	1	shRunx3	0	0	0	0	0	1
1	122865470	122865879	1	late	0	1	0	0	0	0
1	123047071	123047836	1	terminal	0	0	1	0	0	0
1	123306718	123307047	1	shRunx3	0	0	0	0	0	1
1	123844315	123844750	1	terminal	0	0	1	0	0	0
1	124418254	124418630	1	shCd19	0	0	0	0	1	0
1	124447244	124447570	1	shCd19	0	0	0	0	1	0
1	124544021	124544477	1	early	1	0	0	0	0	0
1	124590993	124591397	1	late	0	1	0	0	0	0
1	124624419	124624795	1	memory	0	0	0	1	0	0
1	124687831	124688129	1	shCd19	0	0	0	0	1	0
1	124769982	124770358	1	memory	0	0	0	1	0	0
1	125188188	125188568	1	late	0	1	0	0	0	0
1	125426530	125426808	1	late	0	1	0	0	0	0
1	125527059	125527359	1	shCd19	0	0	0	0	1	0
1	125703182	125703533	1	terminal	0	0	1	0	0	0
1	125784485	125785010	1	terminal	0	0	1	0	0	0
1	126098402	126098688	1	late	0	1	0	0	0	0
1	126245677	126245967	1	early	1	0	0	0	0	0
1	126900731	126900967	1	memory	0	0	0	1	0	0
1	127024761	127025048	1	terminal	0	0	1	0	0	0
1	127209369	127209833	1	terminal	0	0	1	0	0	0
1	127457339	127457785	1	shCd19	0	0	0	0	1	0
1	127519577	127519818	1	memory	0	0	0	1	0	0
1	127693805	127694252	1	shCd19	0	0	0	0	1	0
1	127785427	127785665	1	terminal	0	0	1	0	0	0
1	127994149	127994750	1	shRunx3	0	0	0	0	0	1
1	128050143	128050424	1	shCd19	0	0	0	0	1	0
1	128084017	128084251	1	shRunx3	0	0	0	0	0	1
1	128084683	128085097	1	memory	0	0	0	1	0	0
1	128102807	128102833	1	shRunx3	0	0	0	0	0	1
1	128102833	128103068	2	terminal,shRunx3	0	0	1	0	0	1
1	128103068	128103256	1	shRunx3	0	0	0	0	0	1
1	128125592	128125861	1	terminal	0	0	1	0	0	0
1	128614438	128614905	1	shRunx3	0	0	0	0	0	1
1	128787037	128787294	1	shCd19	0	0	0	0	1	0
1	129233592	129233786	1	shCd19	0	0	0	0	1	0
1	129252538	129252945	1	late	0	1	0	0	0	0
1	129488907	129489470	1	early	1	0	0	0	0	0
1	129554557	129554948	1	late	0	1	0	0	0	0
1	129881040	129881334	1	terminal	0	0	1	0	0	0
1	129966287	129966818	1	terminal	0	0	1	0	0	0
1	130275016	130275368	1	terminal	0	0	1	0	0	0
1	130611670	130611931	1	memory	0	0	0	1	0	0
1	130783191	130783512	1	terminal	0	0	1	0	0	0
1	130794386	130794625	1	early	1	0	0	0	0	0
1	130949838	130950189	1	shCd19	0	0	0	0	1	0
1	131138236	131138596	1	shCd19	0	0	0	0	1	0
1	131138596	131138855	2	shCd19,shRunx3	0	0	0	0	1	1
1	131138855	131138863	1	shCd19	0	0	0	0	1	0
1	131197848	131198106	1	shRunx3	0	0	0	0	0	1
1	131527115	131527525	1	shRunx3	0	0	0	0	0	1
1	131527525	131527705	2	shCd19,shRunx3	0	0	0	0	1	1
1	131527705	131527882	1	shCd19	0	0	0	0	1	0
1	131577572	131577822	1	shRunx3	0	0	0	0	0	1
1	131779766	131779967	1	shCd19	0	0	0	0	1	0
1	131822779	131823064	1	late	0	1	0	0	0	0
1	131867315	131867551	1	early	1	0	0	0	0	0
1	131886204	131886538	1	terminal	0	0	1	0	0	0
1	132010653	132010836	1	shCd19	0	0	0	0	1	0
1	132010836	132011374	2	shCd19,shRunx3	0	0	0	0	1	1
1	132011374	132011560	1	shRunx3	0	0	0	0	0	1
1	132034794	132035090	1	shCd19	0	0	0	0	1	0
1	132069267	132069691	1	shRunx3	0	0	0	0	0	1
1	132181572	132181853	1	shCd19	0	0	0	0	1	0
1	132406680	132406990	1	early	1	0	0	0	0	0
1	132409561	132409796	1	shRunx3	0	0	0	0	0	1
1	132426999	132427365	1	terminal	0	0	1	0	0	0
1	132521329	132521707	1	late	0	1	0	0	0	0
1	132744786	132745156	1	memory	0	0	0	1	0	0
1	133130835	133131137	1	shRunx3	0	0	0	0	0	1
1	133831828	133832167	1	terminal	0	0	1	0	0	0
1	133919155	133919395	1	terminal	0	0	1	0	0	0
1	133950707	133951026	1	terminal	0	0	1	0	0	0
1	133988801	133989519	1	terminal	0	0	1	0	0	0
1	134063437	134064087	1	shCd19	0	0	0	0	1	0
1	134293409	134293614	1	shCd19	0	0	0	0	1	0
1	134676918	134677231	1	shRunx3	0	0	0	0	0	1
1	134729620	134729955	1	early	1	0	0	0	0	0
1	134819426	134819657	1	shCd19	0	0	0	0	1	0
1	135034628	135034840	1	shCd19	0	0	0	0	1	0
1	135251600	135251882	1	terminal	0	0	1	0	0	0
1	135434445	135434682	1	early	1	0	0	0	0	0
1	135442795	135443029	1	terminal	0	0	1	0	0	0
1	135608981	135609802	1	terminal	0	0	1	0	0	0
1	135709905	135710269	1	shRunx3	0	0	0	0	0	1
1	135715285	135715538	1	terminal	0	0	1	0	0	0
1	135750835	135751091	1	memory	0	0	0	1	0	0
1	136056603	136056874	1	shCd19	0	0	0	0	1	0
1	136140065	136140420	1	shRunx3	0	0	0	0	0	1
1	136160799	136161025	1	memory	0	0	0	1	0	0
1	136174015	136174392	1	shRunx3	0	0	0	0	0	1
1	136266823	136267345	1	memory	0	0	0	1	0	0
1	136381720	136381998	1	shCd19	0	0	0	0	1	0
1	136570412	136570695	1	shCd19	0	0	0	0	1	0
1	136692108	136692486	1	shRunx3	0	0	0	0	0	1
1	136919972	136920327	1	late	0	1	0	0	0	0
1	136949905	136950458	1	late	0	1	0	0	0	0
1	137399344	137399595	1	terminal	0	0	1	0	0	0
1	137429175	137429575	1	late	0	1	0	0	0	0
1	137506398	137506722	1	terminal	0	0	1	0	0	0
1	137516743	137517148	1	terminal	0	0	1	0	0	0
1	137584376	137584568	1	shRunx3	0	0	0	0	0	1
1	137774846	137775182	1	terminal	0	0	1	0	0	0
1	138061812	138062007	1	shCd19	0	0	0	0	1	0
1	138114377	138114578	1	shRunx3	0	0	0	0	0	1
1	138191461	138191792	1	shCd19	0	0	0	0	1	0
1	138191792	138192154	2	shCd19,shRunx3	0	0	0	0	1	1
1	138192154	138192496	1	shRunx3	0	0	0	0	0	1
1	138192750	138193507	1	terminal	0	0	1	0	0	0
1	138236185	138236416	1	shRunx3	0	0	0	0	0	1
1	138507564	138507910	1	shRunx3	0	0	0	0	0	1
1	139033444	139034046	1	shRunx3	0	0	0	0	0	1
1	139057538	139057774	1	shRunx3	0	0	0	0	0	1
1	139103789	139104040	1	early	1	0	0	0	0	0
1	139180328	139180910	1	shRunx3	0	0	0	0	0	1
1	139257333	139257580	1	early	1	0	0	0	0	0
1	139262676	139263003	1	shRunx3	0	0	0	0	0	1
1	139337022	139337397	1	shRunx3	0	0	0	0	0	1
1	139355078	139355316	1	early	1	0	0	0	0	0
1	139454641	139455052	1	shCd19	0	0	0	0	1	0
1	139456854	139457049	1	shRunx3	0	0	0	0	0	1
1	139941270	139941508	1	early	1	0	0	0	0	0
1	140011302	140011508	1	shRunx3	0	0	0	0	0	1
1	140785336	140785590	1	shRunx3	0	0	0	0	0	1
1	140932065	140932509	1	memory	0	0	0	1	0	0
1	140979238	140979827	1	memory	0	0	0	1	0	0
1	141086440	141086704	1	terminal	0	0	1	0	0	0
1	141209099	141209608	1	terminal	0	0	1	0	0	0
1	141966552	141966856	1	terminal	0	0	1	0	0	0
1	142061755	142062279	1	early	1	0	0	0	0	0
1	142238529	142238879	1	shCd19	0	0	0	0	1	0
1	142624257	142624498	1	memory	0	0	0	1	0	0
1	142793209	142793404	1	shCd19	0	0	0	0	1	0
1	143088446	143088680	1	shCd19	0	0	0	0	1	0
1	143157055	143157352	1	shCd19	0	0	0	0	1	0
1	143480528	143480816	1	memory	0	0	0	1	0	0
1	143494460	143494704	1	memory	0	0	0	1	0	0
1	143525105	143525342	1	shRunx3	0	0	0	0	0	1
1	143701128	143701362	1	memory	0	0	0	1	0	0
1	143727992	143728239	1	shRunx3	0	0	0	0	0	1
1	144060864	144061267	1	shCd19	0	0	0	0	1	0
1	144077932	144078394	1	terminal	0	0	1	0	0	0
1	144355794	144356066	1	shCd19	0	0	0	0	1	0
1	144413988	144414310	1	shCd19	0	0	0	0	1	0
1	144492585	144493036	1	terminal	0	0	1	0	0	0
1	144769107	144769311	1	shRunx3	0	0	0	0	0	1
1	145411332	145411593	1	early	1	0	0	0	0	0
1	145489177	145489599	1	late	0	1	0	0	0	0
1	145566968	145567376	1	terminal	0	0	1	0	0	0
1	145612734	145613176	1	terminal	0	0	1	0	0	0
1	145725486	145725754	1	shCd19	0	0	0	0	1	0
1	145728319	145728543	1	shCd19	0	0	0	0	1	0
1	145802903	145803181	1	memory	0	0	0	1	0	0
1	145973812	145974099	1	shRunx3	0	0	0	0	0	1
1	146028579	146028902	1	early	1	0	0	0	0	0
1	146434415	146434721	1	terminal	0	0	1	0	0	0
1	146566790	146567028	1	early	1	0	0	0	0	0
1	146846458	146846832	1	shCd19	0	0	0	0	1	0
1	146902137	146902365	1	terminal	0	0	1	0	0	0
1	147252649	147253003	1	shRunx3	0	0	0	0	0	1
1	147277645	147277960	1	early	1	0	0	0	0	0
1	147344918	147345181	1	shRunx3	0	0	0	0	0	1
1	147546040	147546275	1	shCd19	0	0	0	0	1	0
1	147554141	147554417	1	terminal	0	0	1	0	0	0
1	147664275	147664564	1	terminal	0	0	1	0	0	0
1	147708363	147708613	1	memory	0	0	0	1	0	0
1	147834036	147834509	1	early	1	0	0	0	0	0
1	148104904	148105583	1	terminal	0	0	1	0	0	0
1	148294675	148294937	1	terminal	0	0	1	0	0	0
1	148680848	148681044	1	shRunx3	0	0	0	0	0	1
1	148917964	148918423	1	memory	0	0	0	1	0	0
1	148960338	148960592	1	shCd19	0	0	0	0	1	0
1	149337165	149337534	1	shCd19	0	0	0	0	1	0
1	149790108	149790373	1	memory	0	0	0	1	0	0
1	149820903	149821132	1	memory	0	0	0	1	0	0
1	149999849	150000262	1	early	1	0	0	0	0	0
1	150571944	150572293	1	memory	0	0	0	1	0	0
1	150788016	150788230	1	shCd19	0	0	0	0	1	0
1	150931053	150931593	1	shRunx3	0	0	0	0	0	1
1	151146612	151146842	1	shCd19	0	0	0	0	1	0
1	151690953	151691209	1	terminal	0	0	1	0	0	0
1	151759127	151759370	1	memory	0	0	0	1	0	0
1	151860503	151860775	1	memory	0	0	0	1	0	0
1	151972917	151973232	1	shRunx3	0	0	0	0	0	1
1	152179255	152179528	1	shRunx3	0	0	0	0	0	1
1	152502521	152502766	1	early	1	0	0	0	0	0
1	152919750	152920168	1	shCd19	0	0	0	0	1	0
1	153023022	153023292	1	memory	0	0	0	1	0	0
1	153141524	153141826	1	memory	0	0	0	1	0	0
1	153161607	153161943	1	terminal	0	0	1	0	0	0
1	153661780	153662083	1	terminal	0	0	1	0	0	0
1	153673348	153673706	1	shCd19	0	0	0	0	1	0
1	153976581	153976868	1	shRunx3	0	0	0	0	0	1
1	154128223	154128575	1	memory	0	0	0	1	0	0
1	154356125	154356439	1	shCd19	0	0	0	0	1	0
1	154423541	154424018	1	shRunx3	0	0	0	0	0	1
1	154677640	154677926	1	terminal	0	0	1	0	0	0
1	154694802	154695126	1	terminal	0	0	1	0	0	0
1	154803003	154803246	1	shCd19	0	0	0	0	1	0
1	155009639	155009849	1	shRunx3	0	0	0	0	0	1
1	155173169	155173807	1	shRunx3	0	0	0	0	0	1
1	155197520	155197717	1	shRunx3	0	0	0	0	0	1
1	155282865	155283224	1	shCd19	0	0	0	0	1	0
1	155342236	155342618	1	late	0	1	0	0	0	0
1	155365069	155365264	1	shCd19	0	0	0	0	1	0
1	155575520	155575793	1	memory	0	0	0	1	0	0
1	155638528	155638786	1	terminal	0	0	1	0	0	0
1	155808179	155808607	1	terminal	0	0	1	0	0	0
1	155922496	155922785	1	late	0	1	0	0	0	0
1	155967804	155968112	1	shRunx3	0	0	0	0	0	1
1	155973398	155973400	1	shCd19	0	0	0	0	1	0
1	155973400	155973664	2	shCd19,shRunx3	0	0	0	0	1	1
1	155973664	155973815	1	shRunx3	0	0	0	0	0	1
1	156231320	156231800	1	late	0	1	0	0	0	0
1	156379927	156380247	1	memory	0	0	0	1	0	0
1	156915718	156915978	1	memory	0	0	0	1	0	0
1	156986713	156986962	1	shCd19	0	0	0	0	1	0
1	157418834	157419106	1	shRunx3	0	0	0	0	0	1
1	157596296	157596496	1	shRunx3	0	0	0	0	0	1
1	158124320	158125033	1	terminal	0	0	1	0	0	0
1	158874455	158874791	1	shRunx3	0	0	0	0	0	1
1	159288933	159289474	1	early	1	0	0	0	0	0
1	159321985	159322183	1	shCd19	0	0	0	0	1	0
1	159564097	159564383	1	memory	0	0	0	1	0	0
1	159610533	159610840	1	shRunx3	0	0	0	0	0	1
1	159765743	159766005	1	terminal	0	0	1	0	0	0
1	160044523	160044774	1	shRunx3	0	0	0	0	0	1
1	160122480	160122840	1	shCd19	0	0	0	0	1	0
1	160210998	160211374	1	shRunx3	0	0	0	0	0	1
1	160245956	160246225	1	terminal	0	0	1	0	0	0
1	160621393	160621709	1	shRunx3	0	0	0	0	0	1
1	160674139	160674548	1	shCd19	0	0	0	0	1	0
1	160793939	160794266	1	shRunx3	0	0	0	0	0	1
1	160890203	160890582	1	late	0	1	0	0	0	0
1	161183226	161183543	1	memory	0	0	0	1	0	0
1	161234241	161234599	1	shCd19	0	0	0	0	1	0
1	161250889	161251253	1	terminal	0	0	1	0	0	0
1	161251253	161251303	2	terminal,shRunx3	0	0	1	0	0	1
1	161251303	161251515	3	terminal,shCd19,shRunx3	0	0	1	0	1	1
1	161251515	161251519	2	shCd19,shRunx3	0	0	0	0	1	1
1	161251519	161251522	1	shCd19	0	0	0	0	1	0
1	161263036	161263419	1	terminal	0	0	1	0	0	0
1	161338475	161338858	1	shCd19	0	0	0	0	1	0
1	161648393	161648717	1	shCd19	0	0	0	0	1	0
1	161766772	161767137	1	shRunx3	0	0	0	0	0	1
1	161877075	161877274	2	shCd19,shRunx3	0	0	0	0	1	1
1	161877274	161877288	1	shCd19	0	0	0	0	1	0
1	162059149	162059402	1	shCd19	0	0	0	0	1	0
1	162076484	162076716	1	terminal	0	0	1	0	0	0
1	162383268	162383818	1	terminal	0	0	1	0	0	0
1	162689751	162690110	1	shCd19	0	0	0	0	1	0
1	162798438	162798697	1	late	0	1	0	0	0	0
1	162932419	162932781	1	terminal	0	0	1	0	0	0
1	163252085	163252385	1	shCd19	0	0	0	0	1	0
1	163494771	163495057	1	terminal	0	0	1	0	0	0
1	163703807	163704129	1	terminal	0	0	1	0	0	0
1	163723100	163723343	1	memory	0	0	0	1	0	0
1	164041197	164041701	1	terminal	0	0	1	0	0	0
1	164075596	164075886	1	early	1	0	0	0	0	0
1	164139120	164139407	1	shRunx3	0	0	0	0	0	1
1	164248655	164249268	1	shRunx3	0	0	0	0	0	1
1	164606477	164606850	1	early	1	0	0	0	0	0
1	164934165	164934360	1	shRunx3	0	0	0	0	0	1
1	165046080	165046299	1	shCd19	0	0	0	0	1	0
1	165184724	165184998	1	memory	0	0	0	1	0	0
1	165433189	165433546	1	late	0	1	0	0	0	0
1	165476684	165476967	1	shCd19	0	0	0	0	1	0
1	165634321	165634600	1	shCd19	0	0	0	0	1	0
1	165852717	165853037	1	terminal	0	0	1	0	0	0
1	166282282	166282679	1	shCd19	0	0	0	0	1	0
1	166665824	166666073	1	memory	0	0	0	1	0	0
1	166741731	166741990	1	memory	0	0	0	1	0	0
1	167132476	167132827	1	early	1	0	0	0	0	0
1	167144425	167144662	1	terminal	0	0	1	0	0	0
1	167180078	167180593	1	terminal	0	0	1	0	0	0
1	167484614	167484998	1	shCd19	0	0	0	0	1	0
1	167799394	167799875	1	shCd19	0	0	0	0	1	0
1	168253903	168254184	1	memory	0	0	0	1	0	0
1	168881275	168881514	1	shRunx3	0	0	0	0	0	1
1	168966561	168966918	1	memory	0	0	0	1	0	0
1	169046211	169046428	1	shCd19	0	0	0	0	1	0
1	169080600	169081121	1	early	1	0	0	0	0	0
1	169239015	169239290	1	terminal	0	0	1	0	0	0
1	169552955	169553552	1	early	1	0	0	0	0	0
1	169792103	169792389	1	late	0	1	0	0	0	0
1	169818472	169818749	1	shCd19	0	0	0	0	1	0
1	169968920	169969361	1	shCd19	0	0	0	0	1	0
1	170064301	170064564	1	terminal	0	0	1	0	0	0
1	170159663	170160044	1	terminal	0	0	1	0	0	0
1	170176485	170176707	1	shRunx3	0	0	0	0	0	1
1	170350011	170350206	1	shCd19	0	0	0	0	1	0
1	170493182	170493522	1	terminal	0	0	1	0	0	0
1	170670388	170670589	1	shCd19	0	0	0	0	1	0
1	170775013	170775267	1	memory	0	0	0	1	0	0
1	171287622	171288000	1	shCd19	0	0	0	0	1	0
1	171388609	171388849	1	shCd19	0	0	0	0	1	0
1	171389820	171390088	1	terminal	0	0	1	0	0	0
1	171411260	171411729	1	early	1	0	0	0	0	0
1	171441285	171441552	1	late	0	1	0	0	0	0
1	171628997	171629095	1	shCd19	0	0	0	0	1	0
1	171629095	171629127	2	shCd19,shRunx3	0	0	0	0	1	1
1	171629127	171629651	3	terminal,shCd19,shRunx3	0	0	1	0	1	1
1	171629651	171629681	2	shCd19,shRunx3	0	0	0	0	1	1
1	171629681	171629758	1	shRunx3	0	0	0	0	0	1
1	171643547	171643800	1	shCd19	0	0	0	0	1	0
1	172007190	172007471	1	shCd19	0	0	0	0	1	0
1	172233547	172234145	1	terminal	0	0	1	0	0	0
1	172525214	172525454	1	shRunx3	0	0	0	0	0	1
1	172641684	172641920	1	terminal	0	0	1	0	0	0
1	173105974	173106367	1	shRunx3	0	0	0	0	0	1
1	173138982	173139191	1	shRunx3	0	0	0	0	0	1
1	173174471	173174711	1	early	1	0	0	0	0	0
1	173212424	173212717	1	terminal	0	0	1	0	0	0
1	173218331	173218742	1	shCd19	0	0	0	0	1	0
1	173221872	173222315	1	memory	0	0	0	1	0	0
1	173403651	173403929	1	late	0	1	0	0	0	0
1	173441209	173441466	1	shRunx3	0	0	0	0	0	1
1	173693109	173693694	1	terminal	0	0	1	0	0	0
1	174440641	174441007	1	shRunx3	0	0	0	0	0	1
1	174740197	174740543	1	shRunx3	0	0	0	0	0	1
1	174984395	174984699	1	memory	0	0	0	1	0	0
1	175122833	175123099	1	shRunx3	0	0	0	0	0	1
1	175261973	175262255	1	shRunx3	0	0	0	0	0	1
1	175546951	175547252	1	memory	0	0	0	1	0	0
1	175556258	175556485	1	shRunx3	0	0	0	0	0	1
1	175723951	175724237	1	memory	0	0	0	1	0	0
1	176351076	176351367	1	memory	0	0	0	1	0	0
1	176424204	176424406	1	shCd19	0	0	0	0	1	0
1	176518288	176518515	1	memory	0	0	0	1	0	0
1	177034271	177034527	1	terminal	0	0	1	0	0	0
1	177099382	177100060	1	shCd19	0	0	0	0	1	0
1	177349236	177349549	1	memory	0	0	0	1	0	0
1	177430721	177430939	1	shCd19	0	0	0	0	1	0
1	177676130	177677165	1	terminal	0	0	1	0	0	0
1	178048745	178048951	1	shRunx3	0	0	0	0	0	1
1	178226760	178227005	1	terminal	0	0	1	0	0	0
1	178313595	178313793	1	shCd19	0	0	0	0	1	0
1	178594955	178595195	1	shCd19	0	0	0	0	1	0
1	178650155	178650503	1	late	0	1	0	0	0	0
1	178921412	178921723	1	shRunx3	0	0	0	0	0	1
1	178930479	178930857	1	shRunx3	0	0	0	0	0	1
1	179088061	179088339	1	late	0	1	0	0	0	0
1	179427525	179427856	1	shRunx3	0	0	0	0	0	1
1	179484645	179484845	1	shRunx3	0	0	0	0	0	1
1	179931193	179931393	1	shRunx3	0	0	0	0	0	1
1	180051125	180051491	1	terminal	0	0	1	0	0	0
1	180274969	180275361	1	memory	0	0	0	1	0	0
1	180365097	180365633	1	shRunx3	0	0	0	0	0	1
1	180608254	180608611	1	terminal	0	0	1	0	0	0
1	180716394	180716609	1	shCd19	0	0	0	0	1	0
1	180725222	180725701	1	late	0	1	0	0	0	0
1	180850617	180850939	1	shCd19	0	0	0	0	1	0
1	180871358	180871587	1	terminal	0	0	1	0	0	0
1	180938333	180938689	1	shCd19	0	0	0	0	1	0
1	181181836	181182084	1	shCd19	0	0	0	0	1	0
1	181308263	181308553	1	memory	0	0	0	1	0	0
1	181557108	181557414	1	shCd19	0	0	0	0	1	0
1	181898272	181898526	1	terminal	0	0	1	0	0	0
1	182256735	182257054	1	shRunx3	0	0	0	0	0	1
1	182346577	182346873	1	terminal	0	0	1	0	0	0
1	182500253	182500512	1	shRunx3	0	0	0	0	0	1
1	182537124	182537539	1	shCd19	0	0	0	0	1	0
1	182661819	182662181	1	shCd19	0	0	0	0	1	0
1	182686494	182686720	1	shRunx3	0	0	0	0	0	1
1	182909716	182910226	1	terminal	0	0	1	0	0	0
1	183065392	183065856	1	memory	0	0	0	1	0	0
1	183178738	183179140	1	shCd19	0	0	0	0	1	0
1	183197817	183198038	1	shRunx3	0	0	0	0	0	1
1	183571147	183571443	1	shCd19	0	0	0	0	1	0
1	184005533	184005802	1	shRunx3	0	0	0	0	0	1
1	184080991	184081586	1	terminal	0	0	1	0	0	0
1	184389835	184390088	1	terminal	0	0	1	0	0	0
1	184407637	184407972	1	memory	0	0	0	1	0	0
1	184534361	184534654	1	shRunx3	0	0	0	0	0	1
1	184578581	184578896	1	shRunx3	0	0	0	0	0	1
1	184734031	184734563	1	terminal	0	0	1	0	0	0
1	185007479	185007763	1	shRunx3	0	0	0	0	0	1
1	185218728	185219017	1	terminal	0	0	1	0	0	0
1	185271781	185271998	1	shCd19	0	0	0	0	1	0
1	185365320	185365622	1	shCd19	0	0	0	0	1	0
1	185608761	185609148	1	terminal	0	0	1	0	0	0
1	185669029	185669227	1	shCd19	0	0	0	0	1	0
1	185867890	185868604	1	early	1	0	0	0	0	0
1	186078451	186078822	1	terminal	0	0	1	0	0	0
1	186180640	186181113	1	terminal	0	0	1	0	0	0
1	186189367	186189600	1	shRunx3	0	0	0	0	0	1
1	186196249	186196647	1	early	1	0	0	0	0	0
1	186214173	186214606	1	shCd19	0	0	0	0	1	0
1	186242759	186243020	1	memory	0	0	0	1	0	0
1	186527142	186527401	1	terminal	0	0	1	0	0	0
1	187765736	187765981	1	memory	0	0	0	1	0	0
1	188327323	188327581	1	terminal	0	0	1	0	0	0
1	188782301	188782741	1	shRunx3	0	0	0	0	0	1
1	188796074	188796341	1	shCd19	0	0	0	0	1	0
1	188891450	188891762	1	memory	0	0	0	1	0	0
1	188921356	188921630	1	early	1	0	0	0	0	0
1	189309943	189310200	1	shRunx3	0	0	0	0	0	1
1	189407178	189407404	1	shCd19	0	0	0	0	1	0
1	190152757	190152995	1	early	1	0	0	0	0	0
1	190288191	190288551	1	late	0	1	0	0	0	0
1	190541712	190542306	1	early	1	0	0	0	0	0
1	190892783	190893043	1	shCd19	0	0	0	0	1	0
1	191022592	191022786	1	shCd19	0	0	0	0	1	0
1	191026194	191026571	1	shRunx3	0	0	0	0	0	1
1	191252977	191253276	1	shCd19	0	0	0	0	1	0
1	191326373	191326708	1	late	0	1	0	0	0	0
1	191856866	191857217	1	early	1	0	0	0	0	0
1	191878562	191878873	1	terminal	0	0	1	0	0	0
1	191895491	191895763	1	terminal	0	0	1	0	0	0
1	192234639	192234999	1	shRunx3	0	0	0	0	0	1
1	192364851	192365117	1	terminal	0	0	1	0	0	0
1	192422301	192422623	1	late	0	1	0	0	0	0
1	192603770	192604137	1	late	0	1	0	0	0	0
1	192616504	192616781	1	shCd19	0	0	0	0	1	0
1	193024384	193024697	1	late	0	1	0	0	0	0
1	193173185	193173504	1	shRunx3	0	0	0	0	0	1
1	193200762	193201539	1	shCd19	0	0	0	0	1	0
1	193503097	193503306	1	shCd19	0	0	0	0	1	0
1	193648474	193648889	1	shCd19	0	0	0	0	1	0
1	193755270	193755539	1	terminal	0	0	1	0	0	0
1	194092046	194092323	1	shCd19	0	0	0	0	1	0
1	194701385	194701828	1	terminal	0	0	1	0	0	0
1	194995063	194995291	1	shRunx3	0	0	0	0	0	1
1	195036238	195036475	1	terminal	0	0	1	0	0	0
1	195042170	195042556	1	shRunx3	0	0	0	0	0	1
10	3142285	3142475	1	shRunx3	0	0	0	0	0	1
10	3180869	3181112	1	memory	0	0	0	1	0	0
10	3203701	3204021	1	shRunx3	0	0	0	0	0	1
10	3752878	3753291	1	shRunx3	0	0	0	0	0	1
10	3794290	3794640	1	memory	0	0	0	1	0	0
10	4311739	4311972	1	memory	0	0	0	1	0	0
10	4379453	4379809	1	terminal	0	0	1	0	0	0
10	4683274	4683646	1	terminal	0	0	1	0	0	0
10	4695853	4696114	1	shCd19	0	0	0	0	1	0
10	5126219	5126452	1	terminal	0	0	1	0	0	0
10	5263835	5264104	1	memory	0	0	0	1	0	0
10	5280370	5280714	1	shCd19	0	0	0	0	1	0
10	5386417	5386653	1	shCd19	0	0	0	0	1	0
10	5483993	5484376	1	late	0	1	0	0	0	0
10	5556396	5556717	1	late	0	1	0	0	0	0
10	5813684	5814243	1	terminal	0	0	1	0	0	0
10	5823762	5824578	1	shCd19	0	0	0	0	1	0
10	5824733	5824993	1	late	0	1	0	0	0	0
10	5998262	5998660	1	early	1	0	0	0	0	0
10	6127894	6128127	1	memory	0	0	0	1	0	0
10	6450447	6450861	1	terminal	0	0	1	0	0	0
10	6483426	6483670	1	early	1	0	0	0	0	0
10	6485081	6485364	1	memory	0	0	0	1	0	0
10	6604115	6604443	1	early	1	0	0	0	0	0
10	6663214	6663517	1	late	0	1	0	0	0	0
10	6739544	6739865	1	early	1	0	0	0	0	0
10	6815941	6816219	1	shCd19	0	0	0	0	1	0
10	7225000	7225233	1	terminal	0	0	1	0	0	0
10	7470455	7470649	1	shCd19	0	0	0	0	1	0
10	7589225	7589554	1	shCd19	0	0	0	0	1	0
10	7817369	7817681	1	memory	0	0	0	1	0	0
10	7976282	7976537	1	shRunx3	0	0	0	0	0	1
10	8180492	8180696	1	shRunx3	0	0	0	0	0	1
10	8448160	8448528	1	terminal	0	0	1	0	0	0
10	8756925	8757231	1	memory	0	0	0	1	0	0
10	9077022	9077454	1	terminal	0	0	1	0	0	0
10	9388616	9389209	1	terminal	0	0	1	0	0	0
10	9492516	9493139	1	terminal	0	0	1	0	0	0
10	9546895	9547220	1	shRunx3	0	0	0	0	0	1
10	9750542	9750836	1	late	0	1	0	0	0	0
10	9751145	9751587	1	shRunx3	0	0	0	0	0	1
10	10122820	10123374	1	shRunx3	0	0	0	0	0	1
10	10184599	10184971	1	shCd19	0	0	0	0	1	0
10	10239514	10239914	1	early	1	0	0	0	0	0
10	10535877	10536104	1	terminal	0	0	1	0	0	0
10	10607639	10608103	1	early	1	0	0	0	0	0
10	10615505	10615752	1	shRunx3	0	0	0	0	0	1
10	10723039	10723235	1	shCd19	0	0	0	0	1	0
10	10854120	10854742	1	shCd19	0	0	0	0	1	0
10	10869412	10869665	1	terminal	0	0	1	0	0	0
10	10870636	10870908	1	memory	0	0	0	1	0	0
10	11068364	11068685	1	early	1	0	0	0	0	0
10	11074794	11075238	1	shCd19	0	0	0	0	1	0
10	11603616	11603834	1	shRunx3	0	0	0	0	0	1
10	11608093	11608354	1	shRunx3	0	0	0	0	0	1
10	11894471	11894827	1	shCd19	0	0	0	0	1	0
10	11966084	11966298	1	shCd19	0	0	0	0	1	0
10	12219039	12219320	1	terminal	0	0	1	0	0	0
10	12371041	12371307	1	shCd19	0	0	0	0	1	0
10	12404201	12404409	1	shRunx3	0	0	0	0	0	1
10	12468830	12469115	1	terminal	0	0	1	0	0	0
10	12813740	12813770	1	shCd19	0	0	0	0	1	0
10	12813770	12814007	2	shCd19,shRunx3	0	0	0	0	1	1
10	12814007	12814065	1	shRunx3	0	0	0	0	0	1
10	13138638	13138865	1	terminal	0	0	1	0	0	0
10	13419119	13419480	1	memory	0	0	0	1	0	0
10	13711895	13712253	1	late	0	1	0	0	0	0
10	13968405	13968919	1	terminal	0	0	1	0	0	0
10	14060407	14060674	1	shRunx3	0	0	0	0	0	1
10	14495089	14495327	1	shCd19	0	0	0	0	1	0
10	14539407	14539727	1	late	0	1	0	0	0	0
10	14837516	14837768	1	shCd19	0	0	0	0	1	0
10	14950059	14950528	1	memory	0	0	0	1	0	0
10	15419291	15419488	1	shCd19	0	0	0	0	1	0
10	15700196	15700812	1	terminal	0	0	1	0	0	0
10	15829986	15830348	1	memory	0	0	0	1	0	0
10	16030239	16030668	1	late	0	1	0	0	0	0
10	16296361	16296828	1	late	0	1	0	0	0	0
10	16661559	16662044	1	early	1	0	0	0	0	0
10	16809805	16810090	1	shRunx3	0	0	0	0	0	1
10	16853102	16853346	1	terminal	0	0	1	0	0	0
10	17004151	17004409	1	shCd19	0	0	0	0	1	0
10	17305191	17305549	1	early	1	0	0	0	0	0
10	17416873	17417163	1	shCd19	0	0	0	0	1	0
10	17436676	17436935	1	shCd19	0	0	0	0	1	0
10	17775105	17775584	1	shCd19	0	0	0	0	1	0
10	17919437	17919713	1	memory	0	0	0	1	0	0
10	17987728	17987793	1	shRunx3	0	0	0	0	0	1
10	17987793	17988243	2	shCd19,shRunx3	0	0	0	0	1	1
10	17988243	17988500	1	shRunx3	0	0	0	0	0	1
10	18075778	18076006	1	terminal	0	0	1	0	0	0
10	18150128	18150413	1	late	0	1	0	0	0	0
10	18567128	18567357	1	terminal	0	0	1	0	0	0
10	18657037	18657268	1	terminal	0	0	1	0	0	0
10	18906359	18906596	1	memory	0	0	0	1	0	0
10	19070795	19071272	1	terminal	0	0	1	0	0	0
10	19104782	19105213	1	shCd19	0	0	0	0	1	0
10	19197021	19197290	1	shRunx3	0	0	0	0	0	1
10	19329392	19329765	1	shCd19	0	0	0	0	1	0
10	19387482	19387856	1	early	1	0	0	0	0	0
10	19389203	19390013	1	shRunx3	0	0	0	0	0	1
10	19523347	19524117	1	terminal	0	0	1	0	0	0
10	19559685	19560034	1	terminal	0	0	1	0	0	0
10	19577434	19577631	1	shRunx3	0	0	0	0	0	1
10	19577631	19578202	2	shCd19,shRunx3	0	0	0	0	1	1
10	19578202	19578718	1	shCd19	0	0	0	0	1	0
10	19872753	19873107	1	terminal	0	0	1	0	0	0
10	20049024	20049294	1	shCd19	0	0	0	0	1	0
10	20206173	20206488	1	shCd19	0	0	0	0	1	0
10	20267220	20267563	1	early	1	0	0	0	0	0
10	20312082	20312372	1	shRunx3	0	0	0	0	0	1
10	20326337	20326612	1	shRunx3	0	0	0	0	0	1
10	20585267	20585602	1	late	0	1	0	0	0	0
10	20626880	20627299	1	shRunx3	0	0	0	0	0	1
10	20705009	20705284	1	shRunx3	0	0	0	0	0	1
10	21028728	21028977	1	shCd19	0	0	0	0	1	0
10	21204957	21205218	1	shRunx3	0	0	0	0	0	1
10	21455968	21456247	1	memory	0	0	0	1	0	0
10	21632821	21633115	1	terminal	0	0	1	0	0	0
10	21717210	21717437	1	shRunx3	0	0	0	0	0	1
10	21804575	21804828	1	shRunx3	0	0	0	0	0	1
10	21833787	21834222	1	late	0	1	0	0	0	0
10	22126463	22126771	1	memory	0	0	0	1	0	0
10	22481185	22481565	1	shRunx3	0	0	0	0	0	1
10	22982468	22982803	1	memory	0	0	0	1	0	0
10	23062319	23062572	1	shRunx3	0	0	0	0	0	1
10	23272879	23273160	1	terminal	0	0	1	0	0	0
10	23325959	23326173	1	shCd19	0	0	0	0	1	0
10	24003347	24003608	1	memory	0	0	0	1	0	0
10	24448535	24448976	1	shCd19	0	0	0	0	1	0
10	24963031	24963457	1	shRunx3	0	0	0	0	0	1
10	25010394	25010600	1	shRunx3	0	0	0	0	0	1
10	25446601	25447082	1	shCd19	0	0	0	0	1	0
10	25453532	25453760	1	shRunx3	0	0	0	0	0	1
10	25561794	25562081	1	shRunx3	0	0	0	0	0	1
10	25672981	25673215	1	shRunx3	0	0	0	0	0	1
10	26137800	26138108	1	shRunx3	0	0	0	0	0	1
10	26799116	26799655	1	shCd19	0	0	0	0	1	0
10	26883522	26883829	1	late	0	1	0	0	0	0
10	26973234	26973576	1	shCd19	0	0	0	0	1	0
10	27448583	27449079	1	shRunx3	0	0	0	0	0	1
10	27610607	27610997	1	shRunx3	0	0	0	0	0	1
10	27922912	27923459	1	terminal	0	0	1	0	0	0
10	27948373	27948738	1	shCd19	0	0	0	0	1	0
10	28454483	28454716	1	terminal	0	0	1	0	0	0
10	28575044	28575283	1	shCd19	0	0	0	0	1	0
10	28679401	28679961	1	early	1	0	0	0	0	0
10	28851761	28852274	1	terminal	0	0	1	0	0	0
10	28948328	28948960	1	shRunx3	0	0	0	0	0	1
10	29230791	29231056	1	shRunx3	0	0	0	0	0	1
10	30635964	30636434	1	late	0	1	0	0	0	0
10	30889584	30890131	1	terminal	0	0	1	0	0	0
10	31150820	31151448	1	terminal	0	0	1	0	0	0
10	31234888	31235265	1	memory	0	0	0	1	0	0
10	31315821	31316036	1	shCd19	0	0	0	0	1	0
10	31664624	31665002	1	terminal	0	0	1	0	0	0
10	31721604	31721890	1	shCd19	0	0	0	0	1	0
10	31749016	31749492	1	late	0	1	0	0	0	0
10	31872298	31872644	1	memory	0	0	0	1	0	0
10	31969999	31970350	1	shCd19	0	0	0	0	1	0
10	32013587	32013788	1	shRunx3	0	0	0	0	0	1
10	32552374	32552708	1	late	0	1	0	0	0	0
10	32957295	32957629	1	terminal	0	0	1	0	0	0
10	33150099	33150352	1	early	1	0	0	0	0	0
10	33256750	33257013	1	shRunx3	0	0	0	0	0	1
10	33336193	33336449	1	early	1	0	0	0	0	0
10	33482835	33483072	1	memory	0	0	0	1	0	0
10	33667300	33667598	1	terminal	0	0	1	0	0	0
10	33674067	33674264	1	shCd19	0	0	0	0	1	0
10	34203667	34204046	1	terminal	0	0	1	0	0	0
10	34281417	34282055	1	shRunx3	0	0	0	0	0	1
10	34302912	34303259	1	terminal	0	0	1	0	0	0
10	34626404	34626614	1	shCd19	0	0	0	0	1	0
10	35218831	35219062	1	shRunx3	0	0	0	0	0	1
10	35268555	35269209	1	terminal	0	0	1	0	0	0
10	35588539	35588801	1	terminal	0	0	1	0	0	0
10	35940519	35940721	1	shCd19	0	0	0	0	1	0
10	35976815	35977424	1	late	0	1	0	0	0	0
10	36718153	36718623	1	shCd19	0	0	0	0	1	0
10	36900010	36900300	1	shRunx3	0	0	0	0	0	1
10	36909559	36909857	1	late	0	1	0	0	0	0
10	37255393	37255793	1	terminal	0	0	1	0	0	0
10	37726261	37726561	1	memory	0	0	0	1	0	0
10	37728183	37728415	1	shCd19	0	0	0	0	1	0
10	37773362	37773642	1	memory	0	0	0	1	0	0
10	37866890	37867362	1	shCd19	0	0	0	0	1	0
10	38378652	38379011	1	shRunx3	0	0	0	0	0	1
10	38563398	38563645	1	shCd19	0	0	0	0	1	0
10	38689999	38690273	1	shRunx3	0	0	0	0	0	1
10	38720633	38721055	1	late	0	1	0	0	0	0
10	38833942	38834414	1	late	0	1	0	0	0	0
10	39087861	39088112	1	early	1	0	0	0	0	0
10	39171943	39172209	1	shRunx3	0	0	0	0	0	1
10	39369574	39369977	1	shRunx3	0	0	0	0	0	1
10	39385397	39385973	1	terminal	0	0	1	0	0	0
10	39405774	39406219	1	shCd19	0	0	0	0	1	0
10	39469218	39469977	1	terminal	0	0	1	0	0	0
10	40192338	40192809	1	shRunx3	0	0	0	0	0	1
10	40297569	40297958	1	terminal	0	0	1	0	0	0
10	40302274	40302547	1	shCd19	0	0	0	0	1	0
10	40309751	40310507	1	shCd19	0	0	0	0	1	0
10	40631689	40631962	1	shRunx3	0	0	0	0	0	1
10	40638584	40638861	1	late	0	1	0	0	0	0
10	40843230	40843791	1	shRunx3	0	0	0	0	0	1
10	41042849	41043180	1	shCd19	0	0	0	0	1	0
10	41413632	41414027	1	late	0	1	0	0	0	0
10	41477086	41477557	1	terminal	0	0	1	0	0	0
10	41946813	41947083	1	shRunx3	0	0	0	0	0	1
10	41978731	41979015	1	shRunx3	0	0	0	0	0	1
10	42501940	42502215	1	terminal	0	0	1	0	0	0
10	42663567	42663794	1	shCd19	0	0	0	0	1	0
10	42684414	42684609	1	shRunx3	0	0	0	0	0	1
10	42838647	42838872	1	shRunx3	0	0	0	0	0	1
10	42956452	42956649	1	shRunx3	0	0	0	0	0	1
10	42962141	42962851	1	shRunx3	0	0	0	0	0	1
10	43173308	43173595	1	terminal	0	0	1	0	0	0
10	43677396	43677614	1	shCd19	0	0	0	0	1	0
10	44072575	44072924	1	terminal	0	0	1	0	0	0
10	44443702	44444063	1	late	0	1	0	0	0	0
10	44465352	44465710	1	shRunx3	0	0	0	0	0	1
10	44565380	44565653	1	shRunx3	0	0	0	0	0	1
10	44657857	44658289	1	terminal	0	0	1	0	0	0
10	44700050	44700292	1	terminal	0	0	1	0	0	0
10	45100187	45100421	1	terminal	0	0	1	0	0	0
10	45118687	45118888	1	shRunx3	0	0	0	0	0	1
10	45217227	45217517	1	terminal	0	0	1	0	0	0
10	45464647	45464885	1	terminal	0	0	1	0	0	0
10	45765979	45766224	1	terminal	0	0	1	0	0	0
10	45898226	45898560	1	shCd19	0	0	0	0	1	0
10	46015569	46015773	1	shCd19	0	0	0	0	1	0
10	46210652	46210959	1	shRunx3	0	0	0	0	0	1
10	46435795	46436006	1	shRunx3	0	0	0	0	0	1
10	46484264	46484480	1	shCd19	0	0	0	0	1	0
10	46571895	46572207	1	late	0	1	0	0	0	0
10	46579249	46579517	1	shRunx3	0	0	0	0	0	1
10	46622212	46622507	1	shCd19	0	0	0	0	1	0
10	47365783	47366009	1	shRunx3	0	0	0	0	0	1
10	47370057	47370286	1	shRunx3	0	0	0	0	0	1
10	47693516	47693729	1	shRunx3	0	0	0	0	0	1
10	47915632	47916092	1	shRunx3	0	0	0	0	0	1
10	47932746	47933248	1	terminal	0	0	1	0	0	0
10	48180919	48181397	1	shCd19	0	0	0	0	1	0
10	48356734	48357206	1	terminal	0	0	1	0	0	0
10	48723749	48724006	1	terminal	0	0	1	0	0	0
10	48936865	48937060	1	shRunx3	0	0	0	0	0	1
10	49773763	49774177	1	terminal	0	0	1	0	0	0
10	49883620	49883864	1	terminal	0	0	1	0	0	0
10	50783369	50783637	1	memory	0	0	0	1	0	0
10	50950568	50950828	1	memory	0	0	0	1	0	0
10	51177918	51178261	1	shCd19	0	0	0	0	1	0
10	51206704	51207100	1	late	0	1	0	0	0	0
10	51649930	51650120	1	shRunx3	0	0	0	0	0	1
10	51739452	51739686	1	terminal	0	0	1	0	0	0
10	51775296	51775715	1	early	1	0	0	0	0	0
10	51907493	51907768	1	shCd19	0	0	0	0	1	0
10	52023842	52024268	1	shCd19	0	0	0	0	1	0
10	52382091	52382664	1	terminal	0	0	1	0	0	0
10	52485340	52485677	1	late	0	1	0	0	0	0
10	52864011	52864330	1	memory	0	0	0	1	0	0
10	53172015	53172367	1	early	1	0	0	0	0	0
10	53195309	53195536	1	terminal	0	0	1	0	0	0
10	53769809	53770032	1	shRunx3	0	0	0	0	0	1
10	54437033	54437272	1	early	1	0	0	0	0	0
10	54688669	54688894	1	shCd19	0	0	0	0	1	0
10	54712119	54712384	1	terminal	0	0	1	0	0	0
10	54736059	54736328	1	shRunx3	0	0	0	0	0	1
10	54822569	54822956	1	shCd19	0	0	0	0	1	0
10	54942582	54943021	1	memory	0	0	0	1	0	0
10	54964815	54965092	1	shRunx3	0	0	0	0	0	1
10	55143659	55143998	1	terminal	0	0	1	0	0	0
10	55313361	55313627	1	terminal	0	0	1	0	0	0
10	55353481	55353816	1	memory	0	0	0	1	0	0
10	55793281	55793577	1	memory	0	0	0	1	0	0
10	56076915	56077464	1	terminal	0	0	1	0	0	0
10	56101745	56102053	1	late	0	1	0	0	0	0
10	56882632	56882958	1	terminal	0	0	1	0	0	0
10	56993962	56994204	1	shRunx3	0	0	0	0	0	1
10	57031016	57031362	1	memory	0	0	0	1	0	0
10	57184359	57184764	1	shCd19	0	0	0	0	1	0
10	57203225	57203570	1	early	1	0	0	0	0	0
10	57460393	57460588	1	shCd19	0	0	0	0	1	0
10	57560412	57560682	1	memory	0	0	0	1	0	0
10	57661197	57661474	1	memory	0	0	0	1	0	0
10	58325795	58326294	1	shCd19	0	0	0	0	1	0
10	58415452	58415773	1	terminal	0	0	1	0	0	0
10	58445783	58446009	1	shRunx3	0	0	0	0	0	1
10	58722517	58722746	1	terminal	0	0	1	0	0	0
10	58821581	58821845	1	shRunx3	0	0	0	0	0	1
10	58873534	58873863	1	memory	0	0	0	1	0	0
10	59046566	59046878	1	terminal	0	0	1	0	0	0
10	59093595	59093874	1	terminal	0	0	1	0	0	0
10	59214097	59214429	1	shRunx3	0	0	0	0	0	1
10	59354348	59354676	1	terminal	0	0	1	0	0	0
10	59360712	59361042	1	shCd19	0	0	0	0	1	0
10	59543427	59543827	1	terminal	0	0	1	0	0	0
10	59990797	59991138	1	shCd19	0	0	0	0	1	0
10	60002768	60003297	1	terminal	0	0	1	0	0	0
10	60205282	60205636	1	shRunx3	0	0	0	0	0	1
10	60556093	60556423	1	terminal	0	0	1	0	0	0
10	60960628	60961007	1	shRunx3	0	0	0	0	0	1
10	60977365	60977902	1	memory	0	0	0	1	0	0
10	61010844	61011076	1	terminal	0	0	1	0	0	0
10	61045068	61045384	1	terminal	0	0	1	0	0	0
10	61231909	61232230	1	terminal	0	0	1	0	0	0
10	61357934	61358213	1	shRunx3	0	0	0	0	0	1
10	61424182	61424493	1	late	0	1	0	0	0	0
10	61463012	61463545	1	shCd19	0	0	0	0	1	0
10	61700005	61700255	1	terminal	0	0	1	0	0	0
10	61735413	61735691	1	terminal	0	0	1	0	0	0
10	61836375	61836813	1	shCd19	0	0	0	0	1	0
10	62218778	62219227	1	terminal	0	0	1	0	0	0
10	62341467	62341776	1	terminal	0	0	1	0	0	0
10	62394420	62394632	1	shRunx3	0	0	0	0	0	1
10	62543043	62544036	1	shRunx3	0	0	0	0	0	1
10	62822055	62822354	1	shCd19	0	0	0	0	1	0
10	62920713	62920966	1	shRunx3	0	0	0	0	0	1
10	63380777	63381218	1	shCd19	0	0	0	0	1	0
10	63381437	63381769	1	terminal	0	0	1	0	0	0
10	63636440	63636639	1	shRunx3	0	0	0	0	0	1
10	63958505	63958885	1	memory	0	0	0	1	0	0
10	64021242	64021532	1	memory	0	0	0	1	0	0
10	64058965	64059481	1	terminal	0	0	1	0	0	0
10	64126189	64126498	1	shCd19	0	0	0	0	1	0
10	64259243	64259583	1	shRunx3	0	0	0	0	0	1
10	64561416	64561700	1	terminal	0	0	1	0	0	0
10	65350863	65351388	1	shCd19	0	0	0	0	1	0
10	65742002	65742212	1	shCd19	0	0	0	0	1	0
10	65818272	65818607	1	terminal	0	0	1	0	0	0
10	66097207	66097612	1	shRunx3	0	0	0	0	0	1
10	66479051	66479272	1	shCd19	0	0	0	0	1	0
10	66764632	66764877	1	terminal	0	0	1	0	0	0
10	66786189	66786437	1	shRunx3	0	0	0	0	0	1
10	66864371	66865043	1	shRunx3	0	0	0	0	0	1
10	66943382	66943597	1	shCd19	0	0	0	0	1	0
10	67049051	67049300	1	shCd19	0	0	0	0	1	0
10	67049429	67049680	1	shRunx3	0	0	0	0	0	1
10	67121577	67122070	1	shRunx3	0	0	0	0	0	1
10	67185730	67185941	1	shRunx3	0	0	0	0	0	1
10	67447304	67447589	1	memory	0	0	0	1	0	0
10	67478869	67479092	1	shRunx3	0	0	0	0	0	1
10	67657665	67658054	1	shCd19	0	0	0	0	1	0
10	67883597	67883924	1	shCd19	0	0	0	0	1	0
10	68024420	68024870	1	terminal	0	0	1	0	0	0
10	68039473	68039789	1	shCd19	0	0	0	0	1	0
10	68039789	68040073	2	shCd19,shRunx3	0	0	0	0	1	1
10	68040073	68040369	1	shCd19	0	0	0	0	1	0
10	68261861	68262068	1	shCd19	0	0	0	0	1	0
10	68380625	68380963	1	memory	0	0	0	1	0	0
10	68428955	68429290	1	terminal	0	0	1	0	0	0
10	68611578	68612005	1	shRunx3	0	0	0	0	0	1
10	68858835	68859476	1	memory	0	0	0	1	0	0
10	69143584	69143860	1	memory	0	0	0	1	0	0
10	69158003	69158337	1	shRunx3	0	0	0	0	0	1
10	69190983	69191598	1	terminal	0	0	1	0	0	0
10	69274796	69275064	1	terminal	0	0	1	0	0	0
10	69342794	69343041	1	terminal	0	0	1	0	0	0
10	69417401	69417764	1	terminal	0	0	1	0	0	0
10	69542923	69543179	1	shRunx3	0	0	0	0	0	1
10	69992764	69993244	1	terminal	0	0	1	0	0	0
10	70038579	70038906	1	early	1	0	0	0	0	0
10	70180524	70180867	1	terminal	0	0	1	0	0	0
10	70327624	70328174	1	terminal	0	0	1	0	0	0
10	70721770	70722131	1	shCd19	0	0	0	0	1	0
10	70755121	70755470	1	shCd19	0	0	0	0	1	0
10	71157456	71157686	1	terminal	0	0	1	0	0	0
10	71425249	71425514	1	memory	0	0	0	1	0	0
10	72065808	72066107	1	shRunx3	0	0	0	0	0	1
10	72229104	72229651	1	shRunx3	0	0	0	0	0	1
10	72245133	72245497	1	terminal	0	0	1	0	0	0
10	72539293	72539625	1	memory	0	0	0	1	0	0
10	72569852	72570232	1	shRunx3	0	0	0	0	0	1
10	72687110	72687438	1	late	0	1	0	0	0	0
10	72837438	72837746	1	early	1	0	0	0	0	0
10	72979503	72979797	1	shCd19	0	0	0	0	1	0
10	73165618	73165984	1	shRunx3	0	0	0	0	0	1
10	73231039	73231245	1	shCd19	0	0	0	0	1	0
10	73272951	73273145	1	shCd19	0	0	0	0	1	0
10	73307678	73308152	1	shRunx3	0	0	0	0	0	1
10	73508927	73509173	1	terminal	0	0	1	0	0	0
10	73652695	73652890	1	shCd19	0	0	0	0	1	0
10	73676097	73676389	1	shCd19	0	0	0	0	1	0
10	74286032	74286349	1	late	0	1	0	0	0	0
10	74444090	74444844	1	terminal	0	0	1	0	0	0
10	74655085	74655426	1	memory	0	0	0	1	0	0
10	74703779	74704039	1	memory	0	0	0	1	0	0
10	74711169	74711500	1	terminal	0	0	1	0	0	0
10	74915368	74915798	1	shRunx3	0	0	0	0	0	1
10	75212073	75212311	1	shCd19	0	0	0	0	1	0
10	75301989	75302297	1	shRunx3	0	0	0	0	0	1
10	75326215	75326743	1	shRunx3	0	0	0	0	0	1
10	75391117	75391405	1	terminal	0	0	1	0	0	0
10	75590052	75590372	1	shRunx3	0	0	0	0	0	1
10	75667459	75668317	1	memory	0	0	0	1	0	0
10	75764030	75764462	1	shCd19	0	0	0	0	1	0
10	76047085	76047342	1	early	1	0	0	0	0	0
10	76073233	76073460	1	memory	0	0	0	1	0	0
10	76516359	76516674	1	late	0	1	0	0	0	0
10	76542849	76543172	1	shCd19	0	0	0	0	1	0
10	76732745	76733104	1	memory	0	0	0	1	0	0
10	76822694	76822923	1	terminal	0	0	1	0	0	0
10	77083210	77083476	1	terminal	0	0	1	0	0	0
10	77535007	77535298	1	shCd19	0	0	0	0	1	0
10	77845293	77845620	1	terminal	0	0	1	0	0	0
10	78222917	78223191	1	early	1	0	0	0	0	0
10	78747775	78748027	1	memory	0	0	0	1	0	0
10	78852082	78852472	1	late	0	1	0	0	0	0
10	78905962	78906300	1	late	0	1	0	0	0	0
10	78973708	78974071	1	terminal	0	0	1	0	0	0
10	79176006	79176242	1	terminal	0	0	1	0	0	0
10	79427735	79427957	1	shCd19	0	0	0	0	1	0
10	79780255	79780555	1	terminal	0	0	1	0	0	0
10	79854031	79854583	1	shRunx3	0	0	0	0	0	1
10	79875168	79875440	1	memory	0	0	0	1	0	0
10	79908380	79908984	1	shRunx3	0	0	0	0	0	1
10	79997032	79997337	1	shCd19	0	0	0	0	1	0
10	80032966	80033500	1	shCd19	0	0	0	0	1	0
10	80034222	80034681	1	early	1	0	0	0	0	0
10	80059142	80059470	1	terminal	0	0	1	0	0	0
10	80295724	80295919	1	shCd19	0	0	0	0	1	0
10	80433777	80434192	1	shRunx3	0	0	0	0	0	1
10	80538954	80539418	1	shCd19	0	0	0	0	1	0
10	80561291	80562116	1	shCd19	0	0	0	0	1	0
10	80594281	80594713	1	shCd19	0	0	0	0	1	0
10	80696605	80697023	1	shCd19	0	0	0	0	1	0
10	80742047	80742351	1	shRunx3	0	0	0	0	0	1
10	80798338	80798663	1	late	0	1	0	0	0	0
10	80869515	80869715	1	shRunx3	0	0	0	0	0	1
10	81060000	81060311	1	terminal	0	0	1	0	0	0
10	81135342	81135726	1	late	0	1	0	0	0	0
10	81298029	81298380	1	shRunx3	0	0	0	0	0	1
10	81320281	81321150	1	shRunx3	0	0	0	0	0	1
10	81350663	81350682	1	shCd19	0	0	0	0	1	0
10	81350682	81350927	2	memory,shCd19	0	0	0	1	1	0
10	81350927	81351028	1	memory	0	0	0	1	0	0
10	81461647	81461844	1	shRunx3	0	0	0	0	0	1
10	81508169	81508553	1	shRunx3	0	0	0	0	0	1
10	82159651	82160167	1	terminal	0	0	1	0	0	0
10	82198413	82198825	1	terminal	0	0	1	0	0	0
10	82590739	82591116	1	shCd19	0	0	0	0	1	0
10	82620050	82620263	1	shRunx3	0	0	0	0	0	1
10	82784244	82784517	1	early	1	0	0	0	0	0
10	82982079	82982469	1	shRunx3	0	0	0	0	0	1
10	83616038	83616381	1	memory	0	0	0	1	0	0
10	83670070	83670664	1	late	0	1	0	0	0	0
10	83718814	83719260	1	shRunx3	0	0	0	0	0	1
10	83748361	83748653	1	terminal	0	0	1	0	0	0
10	84271121	84271524	1	shCd19	0	0	0	0	1	0
10	84557555	84557796	1	shCd19	0	0	0	0	1	0
10	84699563	84699852	1	shCd19	0	0	0	0	1	0
10	84904048	84904396	1	terminal	0	0	1	0	0	0
10	85223681	85224144	1	shRunx3	0	0	0	0	0	1
10	85535287	85535574	1	memory	0	0	0	1	0	0
10	85633265	85633519	1	early	1	0	0	0	0	0
10	85823906	85824112	1	shRunx3	0	0	0	0	0	1
10	85941312	85941710	1	terminal	0	0	1	0	0	0
10	86181611	86181865	1	shRunx3	0	0	0	0	0	1
10	86455643	86456142	1	shCd19	0	0	0	0	1	0
10	86457708	86458014	1	shCd19	0	0	0	0	1	0
10	86705240	86706006	1	shCd19	0	0	0	0	1	0
10	86738160	86738603	1	terminal	0	0	1	0	0	0
10	86778610	86778923	1	shRunx3	0	0	0	0	0	1
10	87348560	87348904	1	terminal	0	0	1	0	0	0
10	87419917	87420163	1	terminal	0	0	1	0	0	0
10	88202502	88202867	1	late	0	1	0	0	0	0
10	88248003	88248311	1	early	1	0	0	0	0	0
10	88263615	88263877	1	memory	0	0	0	1	0	0
10	88420929	88421269	1	shCd19	0	0	0	0	1	0
10	88427896	88428165	1	shRunx3	0	0	0	0	0	1
10	88489857	88490220	1	shRunx3	0	0	0	0	0	1
10	88502988	88503389	1	shCd19	0	0	0	0	1	0
10	88515169	88515512	1	memory	0	0	0	1	0	0
10	88858476	88858829	1	terminal	0	0	1	0	0	0
10	88878859	88879247	1	late	0	1	0	0	0	0
10	88914898	88915304	1	late	0	1	0	0	0	0
10	88994913	88995108	1	shCd19	0	0	0	0	1	0
10	89225460	89225802	1	terminal	0	0	1	0	0	0
10	89304448	89304783	1	shCd19	0	0	0	0	1	0
10	89829988	89830208	1	shRunx3	0	0	0	0	0	1
10	89977941	89978180	1	terminal	0	0	1	0	0	0
10	90227919	90228329	1	terminal	0	0	1	0	0	0
10	90356062	90356391	1	terminal	0	0	1	0	0	0
10	90674436	90674834	1	shRunx3	0	0	0	0	0	1
10	90756190	90756539	1	shCd19	0	0	0	0	1	0
10	90946079	90946626	1	late	0	1	0	0	0	0
10	90962039	90962343	1	shRunx3	0	0	0	0	0	1
10	91400675	91400924	1	memory	0	0	0	1	0	0
10	91477733	91477958	1	memory	0	0	0	1	0	0
10	91507464	91507840	1	late	0	1	0	0	0	0
10	91596271	91596511	1	memory	0	0	0	1	0	0
10	91775758	91775993	1	shCd19	0	0	0	0	1	0
10	92060942	92061287	1	memory	0	0	0	1	0	0
10	92069297	92069603	1	early	1	0	0	0	0	0
10	92315049	92315330	1	memory	0	0	0	1	0	0
10	92558027	92558593	1	terminal	0	0	1	0	0	0
10	92608516	92608837	1	shRunx3	0	0	0	0	0	1
10	92641765	92642157	1	late	0	1	0	0	0	0
10	92666234	92666615	1	memory	0	0	0	1	0	0
10	92701049	92701303	1	shRunx3	0	0	0	0	0	1
10	92729625	92730014	1	late	0	1	0	0	0	0
10	92993793	92994146	1	terminal	0	0	1	0	0	0
10	93070397	93070723	1	early	1	0	0	0	0	0
10	93102366	93102610	1	terminal	0	0	1	0	0	0
10	93171373	93171443	1	shRunx3	0	0	0	0	0	1
10	93171443	93171653	2	shCd19,shRunx3	0	0	0	0	1	1
10	93171653	93171696	1	shRunx3	0	0	0	0	0	1
10	93302615	93302966	1	shRunx3	0	0	0	0	0	1
10	93353850	93354336	1	early	1	0	0	0	0	0
10	93367318	93367641	1	shRunx3	0	0	0	0	0	1
10	93373651	93374111	1	terminal	0	0	1	0	0	0
10	93458123	93458451	1	shCd19	0	0	0	0	1	0
10	93565281	93565710	1	memory	0	0	0	1	0	0
10	93974402	93974846	1	terminal	0	0	1	0	0	0
10	94014926	94015129	1	shRunx3	0	0	0	0	0	1
10	94746289	94746860	1	late	0	1	0	0	0	0
10	94944218	94944607	1	early	1	0	0	0	0	0
10	94958559	94958851	1	late	0	1	0	0	0	0
10	95167161	95167480	1	shRunx3	0	0	0	0	0	1
10	95325206	95325667	1	terminal	0	0	1	0	0	0
10	95476960	95477281	1	shRunx3	0	0	0	0	0	1
10	95551650	95552013	1	shCd19	0	0	0	0	1	0
10	95552523	95553328	1	shCd19	0	0	0	0	1	0
10	95708724	95709134	1	terminal	0	0	1	0	0	0
10	95901860	95902297	1	memory	0	0	0	1	0	0
10	96178223	96178414	1	shRunx3	0	0	0	0	0	1
10	96180085	96181254	1	shCd19	0	0	0	0	1	0
10	96215347	96215633	1	terminal	0	0	1	0	0	0
10	96340232	96340477	1	memory	0	0	0	1	0	0
10	96370932	96370976	1	shRunx3	0	0	0	0	0	1
10	96370976	96371288	2	terminal,shRunx3	0	0	1	0	0	1
10	96371288	96371338	1	terminal	0	0	1	0	0	0
10	96374425	96374494	1	shRunx3	0	0	0	0	0	1
10	96374494	96374701	2	shCd19,shRunx3	0	0	0	0	1	1
10	96374701	96375076	1	shRunx3	0	0	0	0	0	1
10	96378913	96379190	1	shRunx3	0	0	0	0	0	1
10	96691390	96691672	1	terminal	0	0	1	0	0	0
10	96759725	96760006	1	shRunx3	0	0	0	0	0	1
10	96964789	96965034	1	shCd19	0	0	0	0	1	0
10	97056180	97056448	1	terminal	0	0	1	0	0	0
10	97221646	97221878	1	memory	0	0	0	1	0	0
10	97623320	97623753	1	shRunx3	0	0	0	0	0	1
10	97640158	97640372	1	shCd19	0	0	0	0	1	0
10	97890730	97891060	1	shRunx3	0	0	0	0	0	1
10	98087341	98087560	1	shCd19	0	0	0	0	1	0
10	98659589	98659880	1	shRunx3	0	0	0	0	0	1
10	98717693	98718002	1	shRunx3	0	0	0	0	0	1
10	98885196	98885556	1	late	0	1	0	0	0	0
10	98967419	98967739	1	memory	0	0	0	1	0	0
10	99261507	99262347	1	shRunx3	0	0	0	0	0	1
10	99543573	99543817	1	early	1	0	0	0	0	0
10	100061945	100062213	1	memory	0	0	0	1	0	0
10	100775517	100776042	1	terminal	0	0	1	0	0	0
10	100833088	100833377	1	terminal	0	0	1	0	0	0
10	101065450	101065708	1	memory	0	0	0	1	0	0
10	101339030	101339299	1	terminal	0	0	1	0	0	0
10	101678435	101678779	1	memory	0	0	0	1	0	0
10	101695316	101695579	1	early	1	0	0	0	0	0
10	102279152	102279518	1	memory	0	0	0	1	0	0
10	102353089	102353361	1	terminal	0	0	1	0	0	0
10	102392109	102392364	1	terminal	0	0	1	0	0	0
10	102580777	102581160	1	shCd19	0	0	0	0	1	0
10	102737238	102737483	1	terminal	0	0	1	0	0	0
10	102749921	102750277	1	late	0	1	0	0	0	0
10	102786930	102787334	1	terminal	0	0	1	0	0	0
10	102886724	102887080	1	terminal	0	0	1	0	0	0
10	103529306	103529917	1	late	0	1	0	0	0	0
10	103582105	103582400	1	shCd19	0	0	0	0	1	0
10	104053881	104054073	1	shRunx3	0	0	0	0	0	1
10	104524608	104524894	1	early	1	0	0	0	0	0
10	104577746	104578018	1	shCd19	0	0	0	0	1	0
10	104642121	104642347	1	shRunx3	0	0	0	0	0	1
10	104723317	104723596	1	memory	0	0	0	1	0	0
10	104950930	104951247	1	early	1	0	0	0	0	0
10	105023473	105023712	1	memory	0	0	0	1	0	0
10	105282253	105282916	1	terminal	0	0	1	0	0	0
10	105465934	105466193	1	terminal	0	0	1	0	0	0
10	106025073	106025679	1	late	0	1	0	0	0	0
10	106032164	106032381	1	shRunx3	0	0	0	0	0	1
10	106056713	106057131	1	early	1	0	0	0	0	0
10	106114035	106114346	1	terminal	0	0	1	0	0	0
10	106335954	106336350	1	late	0	1	0	0	0	0
10	106645973	106646190	1	shCd19	0	0	0	0	1	0
10	106753935	106754180	1	shRunx3	0	0	0	0	0	1
10	106990076	106990332	1	terminal	0	0	1	0	0	0
10	107470284	107470517	1	terminal	0	0	1	0	0	0
10	107917402	107917660	1	early	1	0	0	0	0	0
10	108155074	108155288	1	shCd19	0	0	0	0	1	0
10	108542072	108542325	1	shCd19	0	0	0	0	1	0
10	108695504	108695773	1	terminal	0	0	1	0	0	0
10	108805197	108805469	1	late	0	1	0	0	0	0
10	108908073	108908344	1	shRunx3	0	0	0	0	0	1
10	108943219	108943448	1	memory	0	0	0	1	0	0
10	108998605	108998907	1	early	1	0	0	0	0	0
10	109204257	109204551	1	shCd19	0	0	0	0	1	0
10	109637106	109637308	1	shRunx3	0	0	0	0	0	1
10	109722947	109723332	1	shCd19	0	0	0	0	1	0
10	109832752	109833189	1	terminal	0	0	1	0	0	0
10	109912105	109912530	1	terminal	0	0	1	0	0	0
10	110130660	110131001	1	terminal	0	0	1	0	0	0
10	110480452	110480821	1	terminal	0	0	1	0	0	0
10	110637212	110637497	1	memory	0	0	0	1	0	0
10	110709931	110710251	1	terminal	0	0	1	0	0	0
10	110846112	110846489	1	late	0	1	0	0	0	0
10	110907235	110907560	1	shRunx3	0	0	0	0	0	1
10	110977561	110977846	1	shCd19	0	0	0	0	1	0
10	111007966	111008201	1	memory	0	0	0	1	0	0
10	111009759	111009790	1	early	1	0	0	0	0	0
10	111009790	111010019	2	early,shCd19	1	0	0	0	1	0
10	111010019	111010256	1	shCd19	0	0	0	0	1	0
10	111165980	111166305	1	early	1	0	0	0	0	0
10	111183509	111183777	1	shCd19	0	0	0	0	1	0
10	111511420	111511656	1	shRunx3	0	0	0	0	0	1
10	111733147	111733543	1	shCd19	0	0	0	0	1	0
10	111865022	111865298	1	late	0	1	0	0	0	0
10	111952860	111953209	1	shCd19	0	0	0	0	1	0
10	111985162	111985359	1	shCd19	0	0	0	0	1	0
10	111995882	111996441	1	shRunx3	0	0	0	0	0	1
10	112000459	112000954	1	shCd19	0	0	0	0	1	0
10	112241918	112242182	1	shCd19	0	0	0	0	1	0
10	112411761	112412193	1	shRunx3	0	0	0	0	0	1
10	112880230	112880511	1	late	0	1	0	0	0	0
10	113409690	113409951	1	terminal	0	0	1	0	0	0
10	113591536	113591859	1	terminal	0	0	1	0	0	0
10	113692763	113693238	1	shRunx3	0	0	0	0	0	1
10	113913520	113913793	1	early	1	0	0	0	0	0
10	114188574	114188855	1	shCd19	0	0	0	0	1	0
10	114220975	114221233	1	terminal	0	0	1	0	0	0
10	114405489	114405711	1	shCd19	0	0	0	0	1	0
10	114601661	114602038	1	memory	0	0	0	1	0	0
10	115021059	115021249	1	shRunx3	0	0	0	0	0	1
10	115246427	115246846	1	shCd19	0	0	0	0	1	0
10	115466327	115466530	1	shCd19	0	0	0	0	1	0
10	115528620	115528851	1	terminal	0	0	1	0	0	0
10	115546193	115546686	1	terminal	0	0	1	0	0	0
10	115864083	115864510	1	shRunx3	0	0	0	0	0	1
10	115957006	115957282	1	shCd19	0	0	0	0	1	0
10	116310710	116310990	1	shCd19	0	0	0	0	1	0
10	116331396	116331729	1	shCd19	0	0	0	0	1	0
10	116803844	116804262	1	shCd19	0	0	0	0	1	0
10	116887850	116888144	1	memory	0	0	0	1	0	0
10	117094772	117095327	1	shCd19	0	0	0	0	1	0
10	117287995	117288297	1	shCd19	0	0	0	0	1	0
10	117338442	117338645	1	shRunx3	0	0	0	0	0	1
10	117388995	117389244	1	shRunx3	0	0	0	0	0	1
10	117627713	117627922	1	shCd19	0	0	0	0	1	0
10	117698429	117698758	1	terminal	0	0	1	0	0	0
10	117731638	117732108	1	late	0	1	0	0	0	0
10	117804580	117804851	1	shCd19	0	0	0	0	1	0
10	117897852	117898585	1	shCd19	0	0	0	0	1	0
10	117898585	117898589	2	shCd19,shRunx3	0	0	0	0	1	1
10	117898589	117898909	1	shRunx3	0	0	0	0	0	1
10	117925511	117926027	1	shCd19	0	0	0	0	1	0
10	117953098	117953534	1	shRunx3	0	0	0	0	0	1
10	117975643	117976019	1	memory	0	0	0	1	0	0
10	118083221	118083594	1	shRunx3	0	0	0	0	0	1
10	118098027	118098473	1	terminal	0	0	1	0	0	0
10	118442746	118443128	1	shRunx3	0	0	0	0	0	1
10	118470445	118471118	1	shCd19	0	0	0	0	1	0
10	118631380	118631572	1	shRunx3	0	0	0	0	0	1
10	118775858	118776209	1	shRunx3	0	0	0	0	0	1
10	118875197	118875528	1	late	0	1	0	0	0	0
10	119130343	119130556	1	shCd19	0	0	0	0	1	0
10	119150405	119150634	1	shCd19	0	0	0	0	1	0
10	119240247	119240503	1	shRunx3	0	0	0	0	0	1
10	119437082	119437396	1	early	1	0	0	0	0	0
10	119651584	119651906	1	terminal	0	0	1	0	0	0
10	119717196	119717406	1	shCd19	0	0	0	0	1	0
10	119725089	119725322	1	shRunx3	0	0	0	0	0	1
10	119726113	119726382	1	shCd19	0	0	0	0	1	0
10	119797317	119797619	1	memory	0	0	0	1	0	0
10	119832623	119832888	1	early	1	0	0	0	0	0
10	119963716	119964036	1	early	1	0	0	0	0	0
10	119967245	119967523	1	shRunx3	0	0	0	0	0	1
10	120133250	120133658	1	terminal	0	0	1	0	0	0
10	120290610	120291080	1	terminal	0	0	1	0	0	0
10	120565657	120566001	1	terminal	0	0	1	0	0	0
10	120715297	120715694	1	terminal	0	0	1	0	0	0
10	120736461	120736663	1	shCd19	0	0	0	0	1	0
10	120766702	120767071	1	memory	0	0	0	1	0	0
10	120768756	120769094	1	shRunx3	0	0	0	0	0	1
10	120923264	120923912	1	memory	0	0	0	1	0	0
10	121220769	121221021	1	shCd19	0	0	0	0	1	0
10	121261243	121261452	1	shCd19	0	0	0	0	1	0
10	122096988	122097458	1	shRunx3	0	0	0	0	0	1
10	122171165	122171442	1	shRunx3	0	0	0	0	0	1
10	122623362	122623693	1	shRunx3	0	0	0	0	0	1
10	122794751	122794947	1	shCd19	0	0	0	0	1	0
10	122858629	122859582	1	late	0	1	0	0	0	0
10	123226901	123227098	1	shRunx3	0	0	0	0	0	1
10	123686338	123686575	1	early	1	0	0	0	0	0
10	123762651	123763122	1	early	1	0	0	0	0	0
10	124721397	124721681	1	terminal	0	0	1	0	0	0
10	124758262	124758615	1	shCd19	0	0	0	0	1	0
10	124823175	124823404	1	memory	0	0	0	1	0	0
10	124909087	124909625	1	early	1	0	0	0	0	0
10	125147110	125147460	1	terminal	0	0	1	0	0	0
10	125289563	125289787	1	shCd19	0	0	0	0	1	0
10	125602628	125602872	1	early	1	0	0	0	0	0
10	125671330	125671676	1	shCd19	0	0	0	0	1	0
10	125692724	125693310	1	shRunx3	0	0	0	0	0	1
10	125837475	125837795	1	terminal	0	0	1	0	0	0
10	125873717	125874687	1	terminal	0	0	1	0	0	0
10	125879208	125879458	1	terminal	0	0	1	0	0	0
10	125910155	125910414	1	memory	0	0	0	1	0	0
10	126103057	126103427	1	shCd19	0	0	0	0	1	0
10	126466430	126466811	1	shCd19	0	0	0	0	1	0
10	126864292	126864502	1	shRunx3	0	0	0	0	0	1
10	127223504	127223777	1	shCd19	0	0	0	0	1	0
10	127224021	127224397	1	shRunx3	0	0	0	0	0	1
10	127346686	127346876	1	shRunx3	0	0	0	0	0	1
10	127676879	127677098	1	shCd19	0	0	0	0	1	0
10	127854132	127854739	1	terminal	0	0	1	0	0	0
10	127886189	127886491	1	early	1	0	0	0	0	0
10	128062814	128063201	1	terminal	0	0	1	0	0	0
10	128082800	128083275	1	shCd19	0	0	0	0	1	0
10	128131218	128131533	1	shCd19	0	0	0	0	1	0
10	128203768	128204061	1	shCd19	0	0	0	0	1	0
10	128303355	128303959	1	shRunx3	0	0	0	0	0	1
10	128651951	128652425	1	terminal	0	0	1	0	0	0
10	128663574	128663936	1	shCd19	0	0	0	0	1	0
10	128881348	128881794	1	terminal	0	0	1	0	0	0
10	129471022	129471362	1	shRunx3	0	0	0	0	0	1
10	129837538	129838111	1	terminal	0	0	1	0	0	0
10	129876588	129877037	1	late	0	1	0	0	0	0
10	130037442	130037801	1	shCd19	0	0	0	0	1	0
10	130181997	130182206	1	shCd19	0	0	0	0	1	0
10	130355704	130356027	1	terminal	0	0	1	0	0	0
10	130416978	130417431	1	shCd19	0	0	0	0	1	0
11	3218678	3219063	1	late	0	1	0	0	0	0
11	3389919	3390161	1	early	1	0	0	0	0	0
11	3409154	3409575	1	shRunx3	0	0	0	0	0	1
11	3575370	3575707	1	shCd19	0	0	0	0	1	0
11	3657713	3657973	1	late	0	1	0	0	0	0
11	4192751	4192987	1	early	1	0	0	0	0	0
11	4319826	4320124	1	shRunx3	0	0	0	0	0	1
11	4320926	4321140	1	shCd19	0	0	0	0	1	0
11	4474660	4475162	1	terminal	0	0	1	0	0	0
11	4524584	4524813	1	memory	0	0	0	1	0	0
11	4852964	4853247	1	late	0	1	0	0	0	0
11	4873015	4873258	1	shCd19	0	0	0	0	1	0
11	4876246	4876654	1	terminal	0	0	1	0	0	0
11	5165565	5165802	1	shCd19	0	0	0	0	1	0
11	5210515	5210754	1	early	1	0	0	0	0	0
11	5278753	5278989	1	memory	0	0	0	1	0	0
11	5297754	5298001	1	early	1	0	0	0	0	0
11	5447495	5448143	1	shRunx3	0	0	0	0	0	1
11	5569953	5570185	1	shRunx3	0	0	0	0	0	1
11	5666054	5666410	1	memory	0	0	0	1	0	0
11	5682604	5682904	1	shCd19	0	0	0	0	1	0
11	5796639	5796876	1	terminal	0	0	1	0	0	0
11	5837774	5837994	1	shRunx3	0	0	0	0	0	1
11	6566340	6566689	1	late	0	1	0	0	0	0
11	6586298	6586629	1	shRunx3	0	0	0	0	0	1
11	6632524	6632750	1	shRunx3	0	0	0	0	0	1
11	6679977	6680275	1	terminal	0	0	1	0	0	0
11	6788914	6789252	1	memory	0	0	0	1	0	0
11	6876694	6876947	1	shCd19	0	0	0	0	1	0
11	6885818	6886019	1	shCd19	0	0	0	0	1	0
11	6935221	6935488	1	shCd19	0	0	0	0	1	0
11	7056001	7056326	1	shRunx3	0	0	0	0	0	1
11	7109188	7109427	1	early	1	0	0	0	0	0
11	7116530	7116866	1	terminal	0	0	1	0	0	0
11	7702461	7702690	1	terminal	0	0	1	0	0	0
11	8500723	8501081	1	early	1	0	0	0	0	0
11	8583371	8583621	1	terminal	0	0	1	0	0	0
11	9032865	9033193	1	early	1	0	0	0	0	0
11	9255753	9256048	1	terminal	0	0	1	0	0	0
11	9273746	9274097	1	late	0	1	0	0	0	0
11	9964026	9964314	1	memory	0	0	0	1	0	0
11	10073861	10074254	1	early	1	0	0	0	0	0
11	10098873	10099141	1	early	1	0	0	0	0	0
11	10135080	10135384	1	shCd19	0	0	0	0	1	0
11	11051584	11051934	1	terminal	0	0	1	0	0	0
11	11156471	11156768	1	shCd19	0	0	0	0	1	0
11	11499860	11500064	1	shRunx3	0	0	0	0	0	1
11	11557434	11557865	1	shCd19	0	0	0	0	1	0
11	11751129	11751644	1	early	1	0	0	0	0	0
11	11760312	11760561	1	terminal	0	0	1	0	0	0
11	11807529	11807723	1	shRunx3	0	0	0	0	0	1
11	11837780	11838006	1	memory	0	0	0	1	0	0
11	11860424	11860801	1	early	1	0	0	0	0	0
11	11899404	11899807	1	shRunx3	0	0	0	0	0	1
11	12583396	12583736	1	terminal	0	0	1	0	0	0
11	12661862	12662255	1	terminal	0	0	1	0	0	0
11	12707048	12707248	1	shRunx3	0	0	0	0	0	1
11	12869975	12870171	1	shCd19	0	0	0	0	1	0
11	13651426	13651726	1	late	0	1	0	0	0	0
11	14048655	14048919	1	shCd19	0	0	0	0	1	0
11	14398899	14399340	1	memory	0	0	0	1	0	0
11	14422069	14422296	1	memory	0	0	0	1	0	0
11	14478408	14478707	1	terminal	0	0	1	0	0	0
11	14870161	14870480	1	early	1	0	0	0	0	0
11	15065532	15065960	1	memory	0	0	0	1	0	0
11	15258663	15258918	1	terminal	0	0	1	0	0	0
11	15454467	15454832	1	terminal	0	0	1	0	0	0
11	15841795	15842088	1	shRunx3	0	0	0	0	0	1
11	16077184	16077488	1	terminal	0	0	1	0	0	0
11	16110338	16110564	1	shCd19	0	0	0	0	1	0
11	16315229	16315478	1	terminal	0	0	1	0	0	0
11	16476244	16476569	1	shCd19	0	0	0	0	1	0
11	16490092	16490497	1	terminal	0	0	1	0	0	0
11	16602442	16602667	1	shCd19	0	0	0	0	1	0
11	16727578	16728083	1	terminal	0	0	1	0	0	0
11	16951910	16952381	1	shRunx3	0	0	0	0	0	1
11	17082014	17082273	1	terminal	0	0	1	0	0	0
11	17091727	17092277	1	terminal	0	0	1	0	0	0
11	17226499	17226974	1	shRunx3	0	0	0	0	0	1
11	18182586	18182820	1	terminal	0	0	1	0	0	0
11	18571371	18571750	1	shRunx3	0	0	0	0	0	1
11	19129159	19129359	1	shRunx3	0	0	0	0	0	1
11	19139048	19139423	1	late	0	1	0	0	0	0
11	19153835	19154072	1	shCd19	0	0	0	0	1	0
11	19291268	19291597	1	terminal	0	0	1	0	0	0
11	20089981	20090405	1	memory	0	0	0	1	0	0
11	20181750	20182162	1	late	0	1	0	0	0	0
11	20281389	20281665	1	terminal	0	0	1	0	0	0
11	20332885	20333138	1	shRunx3	0	0	0	0	0	1
11	20533863	20534072	1	shRunx3	0	0	0	0	0	1
11	20542880	20543216	1	shCd19	0	0	0	0	1	0
11	20771973	20772668	1	terminal	0	0	1	0	0	0
11	20809283	20809493	1	shRunx3	0	0	0	0	0	1
11	20856802	20857019	1	shCd19	0	0	0	0	1	0
11	20907669	20907989	1	terminal	0	0	1	0	0	0
11	21222635	21223347	1	shCd19	0	0	0	0	1	0
11	21291381	21291580	1	shCd19	0	0	0	0	1	0
11	21409152	21409396	1	memory	0	0	0	1	0	0
11	21458565	21458757	1	shRunx3	0	0	0	0	0	1
11	21555045	21555384	1	shCd19	0	0	0	0	1	0
11	21708621	21708842	1	shRunx3	0	0	0	0	0	1
11	21826165	21826617	1	shCd19	0	0	0	0	1	0
11	22392870	22393150	1	shRunx3	0	0	0	0	0	1
11	22805911	22806211	1	terminal	0	0	1	0	0	0
11	22852896	22853227	1	shCd19	0	0	0	0	1	0
11	22926139	22926363	1	shCd19	0	0	0	0	1	0
11	22944279	22944573	1	shRunx3	0	0	0	0	0	1
11	23036408	23036757	1	terminal	0	0	1	0	0	0
11	23080592	23080791	1	shRunx3	0	0	0	0	0	1
11	23174044	23174346	1	shCd19	0	0	0	0	1	0
11	23327480	23327843	1	memory	0	0	0	1	0	0
11	23339455	23339731	1	terminal	0	0	1	0	0	0
11	23449044	23449343	1	late	0	1	0	0	0	0
11	23693665	23693976	1	early	1	0	0	0	0	0
11	23714052	23714360	1	shCd19	0	0	0	0	1	0
11	23774071	23774275	1	shRunx3	0	0	0	0	0	1
11	23894792	23894989	1	shRunx3	0	0	0	0	0	1
11	24193733	24193959	1	shCd19	0	0	0	0	1	0
11	24384661	24385237	1	terminal	0	0	1	0	0	0
11	24482749	24483108	1	terminal	0	0	1	0	0	0
11	24709469	24709735	1	shRunx3	0	0	0	0	0	1
11	24833989	24834320	1	terminal	0	0	1	0	0	0
11	25092641	25092901	1	memory	0	0	0	1	0	0
11	25340314	25340664	1	memory	0	0	0	1	0	0
11	25451585	25452102	1	shCd19	0	0	0	0	1	0
11	25744111	25744425	1	shCd19	0	0	0	0	1	0
11	26213534	26213956	1	shRunx3	0	0	0	0	0	1
11	26216657	26217016	1	shCd19	0	0	0	0	1	0
11	26384719	26385000	1	terminal	0	0	1	0	0	0
11	26387035	26387419	1	shRunx3	0	0	0	0	0	1
11	26455620	26455933	1	late	0	1	0	0	0	0
11	26979940	26980298	1	late	0	1	0	0	0	0
11	27215953	27216216	1	memory	0	0	0	1	0	0
11	27755953	27756166	1	shRunx3	0	0	0	0	0	1
11	28090412	28090704	1	early	1	0	0	0	0	0
11	28233247	28233499	1	memory	0	0	0	1	0	0
11	28731076	28731363	1	early	1	0	0	0	0	0
11	28755068	28755368	1	shRunx3	0	0	0	0	0	1
11	28993594	28993884	1	terminal	0	0	1	0	0	0
11	29216531	29216837	1	terminal	0	0	1	0	0	0
11	29388860	29389291	1	shCd19	0	0	0	0	1	0
11	29692700	29692963	1	shCd19	0	0	0	0	1	0
11	29745667	29746046	1	memory	0	0	0	1	0	0
11	29970275	29970519	1	shRunx3	0	0	0	0	0	1
11	30236671	30236968	1	shRunx3	0	0	0	0	0	1
11	30405079	30406018	1	terminal	0	0	1	0	0	0
11	30496046	30496268	1	shCd19	0	0	0	0	1	0
11	31045421	31045804	1	shRunx3	0	0	0	0	0	1
11	31473685	31473918	1	shCd19	0	0	0	0	1	0
11	31487614	31487857	1	terminal	0	0	1	0	0	0
11	31600439	31600941	1	terminal	0	0	1	0	0	0
11	31771931	31772137	1	shCd19	0	0	0	0	1	0
11	32045095	32045452	1	shCd19	0	0	0	0	1	0
11	32205173	32205481	1	shCd19	0	0	0	0	1	0
11	32441484	32441890	1	shRunx3	0	0	0	0	0	1
11	32454781	32455022	1	shRunx3	0	0	0	0	0	1
11	32542080	32542564	1	shRunx3	0	0	0	0	0	1
11	32734877	32735142	1	memory	0	0	0	1	0	0
11	32862512	32862782	1	shCd19	0	0	0	0	1	0
11	33152579	33152827	1	terminal	0	0	1	0	0	0
11	33404075	33404416	1	terminal	0	0	1	0	0	0
11	33411798	33412058	1	shCd19	0	0	0	0	1	0
11	33595749	33596102	1	shRunx3	0	0	0	0	0	1
11	33616479	33616830	1	shCd19	0	0	0	0	1	0
11	33684333	33684570	1	early	1	0	0	0	0	0
11	33851477	33851879	1	early	1	0	0	0	0	0
11	34010064	34010344	1	shRunx3	0	0	0	0	0	1
11	34034064	34034344	1	shCd19	0	0	0	0	1	0
11	34090164	34090558	1	terminal	0	0	1	0	0	0
11	34207584	34207986	1	shRunx3	0	0	0	0	0	1
11	34389310	34389583	1	terminal	0	0	1	0	0	0
11	34483508	34483768	1	shCd19	0	0	0	0	1	0
11	34491705	34491988	1	shCd19	0	0	0	0	1	0
11	34763367	34763558	1	shRunx3	0	0	0	0	0	1
11	34884292	34884578	1	early	1	0	0	0	0	0
11	35080142	35080357	1	shRunx3	0	0	0	0	0	1
11	35122316	35122593	1	late	0	1	0	0	0	0
11	35157012	35157635	1	late	0	1	0	0	0	0
11	35357282	35357509	1	terminal	0	0	1	0	0	0
11	35772310	35772523	1	shRunx3	0	0	0	0	0	1
11	36121565	36121801	1	memory	0	0	0	1	0	0
11	36184077	36184286	1	shCd19	0	0	0	0	1	0
11	36220464	36220917	1	terminal	0	0	1	0	0	0
11	36325507	36325851	1	early	1	0	0	0	0	0
11	36437597	36437980	1	late	0	1	0	0	0	0
11	36594046	36594374	1	shRunx3	0	0	0	0	0	1
11	36926372	36926645	1	terminal	0	0	1	0	0	0
11	37081191	37081442	1	shRunx3	0	0	0	0	0	1
11	37092201	37092495	1	memory	0	0	0	1	0	0
11	37171871	37172183	1	shRunx3	0	0	0	0	0	1
11	37194749	37194970	1	shCd19	0	0	0	0	1	0
11	37400759	37401016	1	early	1	0	0	0	0	0
11	37442728	37442970	1	terminal	0	0	1	0	0	0
11	37469403	37469685	1	terminal	0	0	1	0	0	0
11	37510332	37510799	1	shCd19	0	0	0	0	1	0
11	37837919	37838274	1	terminal	0	0	1	0	0	0
11	38179374	38179665	1	memory	0	0	0	1	0	0
11	38238171	38238511	1	late	0	1	0	0	0	0
11	38306199	38306567	1	shCd19	0	0	0	0	1	0
11	38317756	38318120	1	early	1	0	0	0	0	0
11	38531889	38532290	1	late	0	1	0	0	0	0
11	38590053	38590281	1	memory	0	0	0	1	0	0
11	38876625	38876964	1	memory	0	0	0	1	0	0
11	38893646	38894051	1	late	0	1	0	0	0	0
11	38974733	38975028	1	memory	0	0	0	1	0	0
11	38991564	38991806	1	shRunx3	0	0	0	0	0	1
11	39302894	39303223	1	memory	0	0	0	1	0	0
11	39633587	39633930	1	shCd19	0	0	0	0	1	0
11	39641144	39641573	1	terminal	0	0	1	0	0	0
11	39674550	39674977	1	shCd19	0	0	0	0	1	0
11	39683767	39684063	1	shCd19	0	0	0	0	1	0
11	39856990	39857376	1	shRunx3	0	0	0	0	0	1
11	39894701	39895077	1	shRunx3	0	0	0	0	0	1
11	40131263	40131481	1	shRunx3	0	0	0	0	0	1
11	40611684	40612274	1	terminal	0	0	1	0	0	0
11	40974517	40974838	1	memory	0	0	0	1	0	0
11	41230335	41230545	1	shRunx3	0	0	0	0	0	1
11	41572886	41573339	1	terminal	0	0	1	0	0	0
11	41829034	41829362	1	shCd19	0	0	0	0	1	0
11	42027611	42028159	1	terminal	0	0	1	0	0	0
11	42057844	42058492	1	terminal	0	0	1	0	0	0
11	42238116	42238466	1	terminal	0	0	1	0	0	0
11	42433057	42433423	1	late	0	1	0	0	0	0
11	42796219	42797190	1	terminal	0	0	1	0	0	0
11	42839347	42839577	1	terminal	0	0	1	0	0	0
11	43012836	43013144	1	terminal	0	0	1	0	0	0
11	43089869	43090139	1	shRunx3	0	0	0	0	0	1
11	43335969	43336299	1	shCd19	0	0	0	0	1	0
11	43358611	43358933	1	shRunx3	0	0	0	0	0	1
11	43376967	43377416	1	shRunx3	0	0	0	0	0	1
11	43507344	43507836	1	terminal	0	0	1	0	0	0
11	43767044	43767281	1	shRunx3	0	0	0	0	0	1
11	43853906	43854105	1	shRunx3	0	0	0	0	0	1
11	44227871	44228470	1	terminal	0	0	1	0	0	0
11	44486641	44487002	1	memory	0	0	0	1	0	0
11	44544530	44544857	1	shCd19	0	0	0	0	1	0
11	44562457	44562722	1	memory	0	0	0	1	0	0
11	44849171	44849451	1	shRunx3	0	0	0	0	0	1
11	45037535	45038354	1	terminal	0	0	1	0	0	0
11	45138687	45138920	1	memory	0	0	0	1	0	0
11	45246363	45246756	1	shRunx3	0	0	0	0	0	1
11	45381985	45382246	1	late	0	1	0	0	0	0
11	45813564	45813828	1	memory	0	0	0	1	0	0
11	46095373	46095637	1	shRunx3	0	0	0	0	0	1
11	46139527	46140003	1	shRunx3	0	0	0	0	0	1
11	46305254	46305517	1	terminal	0	0	1	0	0	0
11	46380071	46380363	1	shRunx3	0	0	0	0	0	1
11	46389598	46389912	1	shRunx3	0	0	0	0	0	1
11	46462245	46462534	1	shRunx3	0	0	0	0	0	1
11	46488934	46489386	1	shCd19	0	0	0	0	1	0
11	46516062	46516352	1	late	0	1	0	0	0	0
11	46614977	46615476	1	early	1	0	0	0	0	0
11	46678144	46678390	1	shCd19	0	0	0	0	1	0
11	46718404	46718878	1	terminal	0	0	1	0	0	0
11	47275320	47275742	1	late	0	1	0	0	0	0
11	47758220	47758531	1	terminal	0	0	1	0	0	0
11	47764055	47764264	1	shRunx3	0	0	0	0	0	1
11	47785651	47786218	1	memory	0	0	0	1	0	0
11	48047717	48048007	1	shCd19	0	0	0	0	1	0
11	48188184	48188563	1	terminal	0	0	1	0	0	0
11	48265563	48265764	1	shCd19	0	0	0	0	1	0
11	48300291	48300570	1	terminal	0	0	1	0	0	0
11	48429043	48429605	1	shCd19	0	0	0	0	1	0
11	48572370	48572734	1	shRunx3	0	0	0	0	0	1
11	48817110	48817415	1	shCd19	0	0	0	0	1	0
11	48835802	48836073	1	shRunx3	0	0	0	0	0	1
11	49093879	49094343	1	shRunx3	0	0	0	0	0	1
11	49104393	49104703	1	shRunx3	0	0	0	0	0	1
11	49198137	49198405	1	memory	0	0	0	1	0	0
11	49243906	49244489	1	shRunx3	0	0	0	0	0	1
11	49553354	49553707	1	terminal	0	0	1	0	0	0
11	49630571	49630869	1	terminal	0	0	1	0	0	0
11	49683784	49684084	1	shRunx3	0	0	0	0	0	1
11	49778551	49778821	1	terminal	0	0	1	0	0	0
11	49942531	49942724	1	shRunx3	0	0	0	0	0	1
11	50015369	50015795	1	late	0	1	0	0	0	0
11	50187792	50188174	1	early	1	0	0	0	0	0
11	50252788	50253150	1	early	1	0	0	0	0	0
11	50683889	50684298	1	late	0	1	0	0	0	0
11	50697445	50697644	1	shCd19	0	0	0	0	1	0
11	50713486	50713831	1	memory	0	0	0	1	0	0
11	50744046	50744356	1	shRunx3	0	0	0	0	0	1
11	51045340	51045851	1	terminal	0	0	1	0	0	0
11	51244633	51244931	1	early	1	0	0	0	0	0
11	51436516	51436754	1	shCd19	0	0	0	0	1	0
11	51540621	51540938	1	early	1	0	0	0	0	0
11	51629907	51630101	1	shCd19	0	0	0	0	1	0
11	51639537	51639788	1	shRunx3	0	0	0	0	0	1
11	51899557	51899882	1	terminal	0	0	1	0	0	0
11	52096626	52096906	1	terminal	0	0	1	0	0	0
11	52593651	52594044	1	shCd19	0	0	0	0	1	0
11	52747179	52747404	1	shCd19	0	0	0	0	1	0
11	52938719	52938950	1	memory	0	0	0	1	0	0
11	53069774	53070236	1	terminal	0	0	1	0	0	0
11	53260379	53260609	1	terminal	0	0	1	0	0	0
11	53764784	53765092	1	shCd19	0	0	0	0	1	0
11	53769165	53769502	1	shRunx3	0	0	0	0	0	1
11	53795048	53795625	1	shRunx3	0	0	0	0	0	1
11	53888495	53888829	1	shRunx3	0	0	0	0	0	1
11	54024433	54024875	1	shRunx3	0	0	0	0	0	1
11	54148499	54148740	1	terminal	0	0	1	0	0	0
11	54205139	54205398	1	terminal	0	0	1	0	0	0
11	54205398	54205446	2	terminal,shCd19	0	0	1	0	1	0
11	54205446	54205650	1	shCd19	0	0	0	0	1	0
11	54214532	54214971	1	shRunx3	0	0	0	0	0	1
11	54364441	54364724	1	early	1	0	0	0	0	0
11	54438072	54438361	1	memory	0	0	0	1	0	0
11	54464289	54464576	1	shRunx3	0	0	0	0	0	1
11	54491973	54492716	1	shCd19	0	0	0	0	1	0
11	54553726	54554055	1	late	0	1	0	0	0	0
11	54722553	54722771	1	shRunx3	0	0	0	0	0	1
11	54790674	54790985	1	shRunx3	0	0	0	0	0	1
11	54866326	54866600	1	memory	0	0	0	1	0	0
11	54972225	54972293	1	late	0	1	0	0	0	0
11	54972293	54972533	2	late,shCd19	0	1	0	0	1	0
11	54972533	54972538	1	late	0	1	0	0	0	0
11	55027752	55028203	1	terminal	0	0	1	0	0	0
11	55031335	55031648	1	shCd19	0	0	0	0	1	0
11	55044000	55044259	1	shCd19	0	0	0	0	1	0
11	55335527	55336042	1	memory	0	0	0	1	0	0
11	55381006	55381355	1	late	0	1	0	0	0	0
11	55469334	55469706	1	shRunx3	0	0	0	0	0	1
11	55474095	55474329	1	terminal	0	0	1	0	0	0
11	55967454	55967740	1	memory	0	0	0	1	0	0
11	56690495	56690789	1	terminal	0	0	1	0	0	0
11	56902692	56902961	1	shCd19	0	0	0	0	1	0
11	56961902	56962141	1	terminal	0	0	1	0	0	0
11	57372064	57372292	1	shCd19	0	0	0	0	1	0
11	57695135	57695496	1	early	1	0	0	0	0	0
11	57894497	57894726	1	shCd19	0	0	0	0	1	0
11	57944796	57945411	1	terminal	0	0	1	0	0	0
11	57946456	57946661	1	shRunx3	0	0	0	0	0	1
11	58173123	58173672	1	terminal	0	0	1	0	0	0
11	58185383	58185632	1	shRunx3	0	0	0	0	0	1
11	58217769	58218041	1	late	0	1	0	0	0	0
11	58330372	58330609	1	shRunx3	0	0	0	0	0	1
11	58536034	58536533	1	shRunx3	0	0	0	0	0	1
11	58736382	58736783	1	terminal	0	0	1	0	0	0
11	58904282	58904532	1	memory	0	0	0	1	0	0
11	58939363	58939869	1	shRunx3	0	0	0	0	0	1
11	58948406	58948728	1	terminal	0	0	1	0	0	0
11	58959713	58959886	1	shCd19	0	0	0	0	1	0
11	58959886	58960358	2	shCd19,shRunx3	0	0	0	0	1	1
11	58960358	58960372	1	shRunx3	0	0	0	0	0	1
11	58987886	58988212	1	memory	0	0	0	1	0	0
11	59012191	59012722	1	terminal	0	0	1	0	0	0
11	59163473	59163970	1	shCd19	0	0	0	0	1	0
11	59182024	59182480	1	shRunx3	0	0	0	0	0	1
11	59202193	59202564	1	shCd19	0	0	0	0	1	0
11	59615059	59615321	1	memory	0	0	0	1	0	0
11	59704207	59704593	1	terminal	0	0	1	0	0	0
11	60046325	60046553	1	shCd19	0	0	0	0	1	0
11	60123149	60123402	1	memory	0	0	0	1	0	0
11	60137747	60138348	1	terminal	0	0	1	0	0	0
11	60806950	60807171	1	shCd19	0	0	0	0	1	0
11	60912111	60912330	1	shCd19	0	0	0	0	1	0
11	60935496	60935833	1	shRunx3	0	0	0	0	0	1
11	60962129	60962358	1	terminal	0	0	1	0	0	0
11	60972891	60973152	1	memory	0	0	0	1	0	0
11	61000577	61000943	1	terminal	0	0	1	0	0	0
11	61144583	61144921	1	terminal	0	0	1	0	0	0
11	61215990	61216196	1	shRunx3	0	0	0	0	0	1
11	61385831	61386101	1	terminal	0	0	1	0	0	0
11	61602406	61602914	1	shRunx3	0	0	0	0	0	1
11	61647336	61647886	1	shRunx3	0	0	0	0	0	1
11	61684169	61684373	1	shRunx3	0	0	0	0	0	1
11	61857491	61857848	1	shCd19	0	0	0	0	1	0
11	61918481	61918791	1	memory	0	0	0	1	0	0
11	62256589	62256805	1	shCd19	0	0	0	0	1	0
11	62534790	62535039	1	early	1	0	0	0	0	0
11	62743097	62743435	1	terminal	0	0	1	0	0	0
11	62868467	62868701	1	shRunx3	0	0	0	0	0	1
11	62982415	62982692	1	shCd19	0	0	0	0	1	0
11	63123659	63123860	1	shRunx3	0	0	0	0	0	1
11	63295341	63295877	1	terminal	0	0	1	0	0	0
11	63501820	63502242	1	shRunx3	0	0	0	0	0	1
11	63511088	63511415	1	memory	0	0	0	1	0	0
11	63901747	63901946	1	shRunx3	0	0	0	0	0	1
11	64214270	64214516	1	early	1	0	0	0	0	0
11	64533632	64533877	1	memory	0	0	0	1	0	0
11	64976921	64977390	1	shCd19	0	0	0	0	1	0
11	64999745	65000154	1	late	0	1	0	0	0	0
11	65209105	65209422	1	late	0	1	0	0	0	0
11	65285327	65285660	1	early	1	0	0	0	0	0
11	65384369	65384819	1	terminal	0	0	1	0	0	0
11	65537835	65538108	1	terminal	0	0	1	0	0	0
11	65642907	65643243	1	terminal	0	0	1	0	0	0
11	65746226	65746549	1	shCd19	0	0	0	0	1	0
11	65794568	65795013	1	shCd19	0	0	0	0	1	0
11	65940677	65940946	1	memory	0	0	0	1	0	0
11	66054552	66054851	1	memory	0	0	0	1	0	0
11	66163898	66164300	1	terminal	0	0	1	0	0	0
11	66211276	66211486	1	shRunx3	0	0	0	0	0	1
11	66388108	66388328	1	shCd19	0	0	0	0	1	0
11	66415956	66416400	1	shCd19	0	0	0	0	1	0
11	66498959	66499184	1	shCd19	0	0	0	0	1	0
11	66843017	66843227	1	shCd19	0	0	0	0	1	0
11	67048220	67048751	1	early	1	0	0	0	0	0
11	67089575	67090050	1	terminal	0	0	1	0	0	0
11	67234126	67234348	1	shCd19	0	0	0	0	1	0
11	67383745	67384544	1	terminal	0	0	1	0	0	0
11	67466395	67466840	1	shRunx3	0	0	0	0	0	1
11	67586736	67586964	1	memory	0	0	0	1	0	0
11	67768958	67769232	1	memory	0	0	0	1	0	0
11	67797571	67797810	1	shCd19	0	0	0	0	1	0
11	67987517	67987711	1	shCd19	0	0	0	0	1	0
11	68135432	68135643	1	shCd19	0	0	0	0	1	0
11	68443139	68443527	1	shRunx3	0	0	0	0	0	1
11	68464420	68464617	1	shRunx3	0	0	0	0	0	1
11	68973274	68973605	1	late	0	1	0	0	0	0
11	68973853	68974147	1	shRunx3	0	0	0	0	0	1
11	69094962	69095199	1	shRunx3	0	0	0	0	0	1
11	69227865	69228318	1	shCd19	0	0	0	0	1	0
11	69272518	69272789	1	memory	0	0	0	1	0	0
11	69307357	69307617	1	memory	0	0	0	1	0	0
11	69357147	69357392	1	terminal	0	0	1	0	0	0
11	69373926	69374300	1	terminal	0	0	1	0	0	0
11	69382318	69382508	1	shRunx3	0	0	0	0	0	1
11	69672377	69672776	1	shRunx3	0	0	0	0	0	1
11	69682036	69682348	1	shCd19	0	0	0	0	1	0
11	69686893	69687428	1	terminal	0	0	1	0	0	0
11	69980333	69980638	1	shCd19	0	0	0	0	1	0
11	70021376	70021679	1	shRunx3	0	0	0	0	0	1
11	70029324	70029970	1	shCd19	0	0	0	0	1	0
11	70321758	70322227	1	terminal	0	0	1	0	0	0
11	70367332	70367567	1	terminal	0	0	1	0	0	0
11	70451911	70452392	1	shCd19	0	0	0	0	1	0
11	70668800	70669227	1	terminal	0	0	1	0	0	0
11	70680108	70680483	1	shCd19	0	0	0	0	1	0
11	70742397	70742728	1	terminal	0	0	1	0	0	0
11	70803609	70804221	1	shCd19	0	0	0	0	1	0
11	71299633	71300007	1	shCd19	0	0	0	0	1	0
11	71309207	71309432	1	shRunx3	0	0	0	0	0	1
11	71373581	71373817	1	memory	0	0	0	1	0	0
11	71753560	71753841	1	shRunx3	0	0	0	0	0	1
11	72042144	72042383	1	shRunx3	0	0	0	0	0	1
11	72089535	72089890	1	shCd19	0	0	0	0	1	0
11	72169736	72169984	1	shCd19	0	0	0	0	1	0
11	72181578	72181832	1	memory	0	0	0	1	0	0
11	72253600	72253899	1	terminal	0	0	1	0	0	0
11	72409337	72409743	1	late	0	1	0	0	0	0
11	72577865	72578262	1	memory	0	0	0	1	0	0
11	72622475	72622828	1	shRunx3	0	0	0	0	0	1
11	72769899	72770253	1	shCd19	0	0	0	0	1	0
11	72806615	72806950	1	late	0	1	0	0	0	0
11	73229423	73229739	1	shRunx3	0	0	0	0	0	1
11	73301633	73301910	1	terminal	0	0	1	0	0	0
11	73551490	73551895	1	terminal	0	0	1	0	0	0
11	73560187	73560417	1	terminal	0	0	1	0	0	0
11	73582253	73582484	1	shRunx3	0	0	0	0	0	1
11	73589177	73589378	1	shCd19	0	0	0	0	1	0
11	73895583	73895884	1	terminal	0	0	1	0	0	0
11	74087861	74088259	1	shRunx3	0	0	0	0	0	1
11	74194454	74194664	1	shRunx3	0	0	0	0	0	1
11	74284208	74284812	1	late	0	1	0	0	0	0
11	74358814	74359189	1	terminal	0	0	1	0	0	0
11	74405609	74405812	1	shCd19	0	0	0	0	1	0
11	74555587	74555876	1	terminal	0	0	1	0	0	0
11	74555876	74555877	2	terminal,shRunx3	0	0	1	0	0	1
11	74555877	74555969	3	terminal,shCd19,shRunx3	0	0	1	0	1	1
11	74555969	74556181	4	terminal,memory,shCd19,shRunx3	0	0	1	1	1	1
11	74556181	74556197	3	memory,shCd19,shRunx3	0	0	0	1	1	1
11	74556197	74556330	2	memory,shRunx3	0	0	0	1	0	1
11	74556330	74556411	1	shRunx3	0	0	0	0	0	1
11	74559904	74560617	1	shRunx3	0	0	0	0	0	1
11	74617396	74617830	1	shCd19	0	0	0	0	1	0
11	74629661	74629971	1	shRunx3	0	0	0	0	0	1
11	74642786	74643176	1	late	0	1	0	0	0	0
11	74814844	74815191	1	terminal	0	0	1	0	0	0
11	74830272	74830484	1	shRunx3	0	0	0	0	0	1
11	74830484	74830834	2	early,shRunx3	1	0	0	0	0	1
11	74830834	74830987	1	early	1	0	0	0	0	0
11	74959887	74960431	1	shRunx3	0	0	0	0	0	1
11	75058139	75058441	1	terminal	0	0	1	0	0	0
11	75269273	75269478	1	shRunx3	0	0	0	0	0	1
11	75288925	75289148	1	shRunx3	0	0	0	0	0	1
11	75461301	75461594	1	shCd19	0	0	0	0	1	0
11	75471986	75472217	1	shCd19	0	0	0	0	1	0
11	75486597	75487187	1	late	0	1	0	0	0	0
11	75530561	75530995	1	shCd19	0	0	0	0	1	0
11	75535996	75536328	1	terminal	0	0	1	0	0	0
11	75587740	75587993	1	shRunx3	0	0	0	0	0	1
11	75630526	75631293	1	shCd19	0	0	0	0	1	0
11	76046252	76046456	1	shCd19	0	0	0	0	1	0
11	76291699	76292431	1	memory	0	0	0	1	0	0
11	76587515	76587725	1	shRunx3	0	0	0	0	0	1
11	76588152	76588445	1	shCd19	0	0	0	0	1	0
11	76596728	76596963	1	shCd19	0	0	0	0	1	0
11	76807039	76807345	1	shRunx3	0	0	0	0	0	1
11	76813114	76813432	1	shRunx3	0	0	0	0	0	1
11	76893257	76893515	1	shRunx3	0	0	0	0	0	1
11	76898141	76898475	1	late	0	1	0	0	0	0
11	76961232	76961441	1	shRunx3	0	0	0	0	0	1
11	77097178	77097405	1	memory	0	0	0	1	0	0
11	77293354	77293634	1	late	0	1	0	0	0	0
11	77313302	77313751	1	shRunx3	0	0	0	0	0	1
11	77386612	77386882	1	shRunx3	0	0	0	0	0	1
11	77496975	77497390	1	shCd19	0	0	0	0	1	0
11	77685925	77686512	1	shCd19	0	0	0	0	1	0
11	77801308	77801540	1	shRunx3	0	0	0	0	0	1
11	77887448	77887830	1	shRunx3	0	0	0	0	0	1
11	77913236	77913561	1	memory	0	0	0	1	0	0
11	78176453	78176669	2	shCd19,shRunx3	0	0	0	0	1	1
11	78176669	78176688	1	shRunx3	0	0	0	0	0	1
11	78245726	78246222	1	shCd19	0	0	0	0	1	0
11	78339942	78340161	1	shCd19	0	0	0	0	1	0
11	78618196	78618580	1	terminal	0	0	1	0	0	0
11	78917757	78917997	1	terminal	0	0	1	0	0	0
11	79008883	79009498	1	shCd19	0	0	0	0	1	0
11	79131590	79132248	1	shCd19	0	0	0	0	1	0
11	79217540	79217767	1	shCd19	0	0	0	0	1	0
11	79331445	79331820	1	shRunx3	0	0	0	0	0	1
11	79482408	79482633	1	shRunx3	0	0	0	0	0	1
11	79696627	79696880	1	terminal	0	0	1	0	0	0
11	79698107	79698704	1	shCd19	0	0	0	0	1	0
11	79992703	79992982	1	early	1	0	0	0	0	0
11	80804458	80804698	1	terminal	0	0	1	0	0	0
11	80876108	80876389	1	terminal	0	0	1	0	0	0
11	80885967	80886210	1	shRunx3	0	0	0	0	0	1
11	81143332	81143611	1	terminal	0	0	1	0	0	0
11	81223880	81224080	1	shCd19	0	0	0	0	1	0
11	81835084	81835297	1	shRunx3	0	0	0	0	0	1
11	81859899	81860113	1	shCd19	0	0	0	0	1	0
11	81967618	81968175	1	terminal	0	0	1	0	0	0
11	81992930	81993208	1	late	0	1	0	0	0	0
11	82100491	82100729	1	shRunx3	0	0	0	0	0	1
11	82183062	82183575	1	late	0	1	0	0	0	0
11	82518678	82519010	1	shCd19	0	0	0	0	1	0
11	82626662	82626882	1	shRunx3	0	0	0	0	0	1
11	82692912	82693208	1	early	1	0	0	0	0	0
11	82693677	82693933	1	shCd19	0	0	0	0	1	0
11	82758115	82758420	1	memory	0	0	0	1	0	0
11	82843726	82843976	1	terminal	0	0	1	0	0	0
11	83041717	83041983	1	late	0	1	0	0	0	0
11	83271287	83272200	1	shCd19	0	0	0	0	1	0
11	83325016	83325285	1	terminal	0	0	1	0	0	0
11	83365754	83366118	1	shRunx3	0	0	0	0	0	1
11	83377609	83377929	1	early	1	0	0	0	0	0
11	83534936	83535376	1	shRunx3	0	0	0	0	0	1
11	83628814	83629159	1	late	0	1	0	0	0	0
11	83771070	83771374	1	shRunx3	0	0	0	0	0	1
11	83850054	83850287	1	memory	0	0	0	1	0	0
11	83874731	83875110	1	memory	0	0	0	1	0	0
11	84068382	84068606	1	shCd19	0	0	0	0	1	0
11	84296581	84296818	1	terminal	0	0	1	0	0	0
11	84417374	84417738	1	shCd19	0	0	0	0	1	0
11	84498828	84499077	1	memory	0	0	0	1	0	0
11	84580853	84581390	1	terminal	0	0	1	0	0	0
11	84764626	84764856	1	terminal	0	0	1	0	0	0
11	84997708	84997945	1	early	1	0	0	0	0	0
11	85246694	85246937	1	shCd19	0	0	0	0	1	0
11	85308687	85308919	1	terminal	0	0	1	0	0	0
11	85350726	85350973	1	memory	0	0	0	1	0	0
11	85352790	85353076	1	shRunx3	0	0	0	0	0	1
11	85384456	85384650	1	shCd19	0	0	0	0	1	0
11	85454947	85455344	1	shRunx3	0	0	0	0	0	1
11	85553144	85553590	1	shRunx3	0	0	0	0	0	1
11	85851658	85851888	1	terminal	0	0	1	0	0	0
11	85929659	85929882	1	shCd19	0	0	0	0	1	0
11	86006892	86007089	1	shCd19	0	0	0	0	1	0
11	86390532	86390760	1	terminal	0	0	1	0	0	0
11	86587114	86587473	1	shRunx3	0	0	0	0	0	1
11	86591294	86591636	1	early	1	0	0	0	0	0
11	86652405	86652819	1	shRunx3	0	0	0	0	0	1
11	86757666	86758045	1	shRunx3	0	0	0	0	0	1
11	86818154	86818393	1	shRunx3	0	0	0	0	0	1
11	86837636	86837973	1	terminal	0	0	1	0	0	0
11	86929196	86929570	1	shRunx3	0	0	0	0	0	1
11	87073818	87074156	1	terminal	0	0	1	0	0	0
11	87310793	87311340	1	shCd19	0	0	0	0	1	0
11	87467904	87468158	1	shRunx3	0	0	0	0	0	1
11	87478547	87478800	1	terminal	0	0	1	0	0	0
11	87591904	87592224	1	shRunx3	0	0	0	0	0	1
11	87592257	87592551	1	early	1	0	0	0	0	0
11	87941068	87941300	1	terminal	0	0	1	0	0	0
11	87955903	87956262	1	shCd19	0	0	0	0	1	0
11	88004376	88004956	1	shCd19	0	0	0	0	1	0
11	88005186	88005579	1	late	0	1	0	0	0	0
11	88720362	88720840	1	memory	0	0	0	1	0	0
11	88750603	88750847	1	terminal	0	0	1	0	0	0
11	88931062	88931415	1	shCd19	0	0	0	0	1	0
11	89197204	89197509	1	shCd19	0	0	0	0	1	0
11	89375762	89376228	1	shCd19	0	0	0	0	1	0
11	89573432	89573877	1	terminal	0	0	1	0	0	0
11	89673864	89674202	1	shRunx3	0	0	0	0	0	1
11	90349707	90349975	1	shRunx3	0	0	0	0	0	1
11	90566511	90566845	1	shCd19	0	0	0	0	1	0
11	90670293	90670521	1	shCd19	0	0	0	0	1	0
11	90944232	90944563	1	memory	0	0	0	1	0	0
11	91056866	91057241	1	memory	0	0	0	1	0	0
11	91091323	91091555	1	shRunx3	0	0	0	0	0	1
11	91253510	91253826	1	shCd19	0	0	0	0	1	0
11	91470812	91471345	1	late	0	1	0	0	0	0
11	91697102	91697484	1	memory	0	0	0	1	0	0
11	91723527	91723763	1	early	1	0	0	0	0	0
11	91732521	91732714	1	shRunx3	0	0	0	0	0	1
11	91770860	91771571	1	terminal	0	0	1	0	0	0
11	91936461	91936732	1	memory	0	0	0	1	0	0
11	91990800	91991212	1	terminal	0	0	1	0	0	0
11	92136663	92137037	1	shCd19	0	0	0	0	1	0
11	92350083	92350316	1	terminal	0	0	1	0	0	0
11	92425699	92426130	1	shRunx3	0	0	0	0	0	1
11	92478552	92478852	1	terminal	0	0	1	0	0	0
11	93101961	93102298	1	memory	0	0	0	1	0	0
11	93201843	93202040	1	shCd19	0	0	0	0	1	0
11	93321449	93321700	1	terminal	0	0	1	0	0	0
11	93580388	93580725	1	memory	0	0	0	1	0	0
11	93600134	93600445	1	memory	0	0	0	1	0	0
11	93643605	93643890	1	shRunx3	0	0	0	0	0	1
11	93684986	93685310	1	shCd19	0	0	0	0	1	0
11	93794623	93795454	1	terminal	0	0	1	0	0	0
11	93884670	93885234	1	shRunx3	0	0	0	0	0	1
11	94275436	94275831	1	shCd19	0	0	0	0	1	0
11	94526717	94527208	1	terminal	0	0	1	0	0	0
11	94705518	94705748	1	memory	0	0	0	1	0	0
11	94887162	94887445	1	memory	0	0	0	1	0	0
11	95033851	95034763	1	memory	0	0	0	1	0	0
11	95109591	95109993	1	late	0	1	0	0	0	0
11	95225130	95225416	1	terminal	0	0	1	0	0	0
11	95251533	95251741	1	shCd19	0	0	0	0	1	0
11	95384310	95384901	1	shRunx3	0	0	0	0	0	1
11	95457232	95457550	1	shCd19	0	0	0	0	1	0
11	95628325	95628650	1	shRunx3	0	0	0	0	0	1
11	95834696	95834905	1	shRunx3	0	0	0	0	0	1
11	95858632	95858937	1	shRunx3	0	0	0	0	0	1
11	95934692	95934989	1	late	0	1	0	0	0	0
11	95965970	95966348	1	terminal	0	0	1	0	0	0
11	96313985	96314343	1	terminal	0	0	1	0	0	0
11	96441516	96442064	1	shRunx3	0	0	0	0	0	1
11	96741774	96742128	1	late	0	1	0	0	0	0
11	96828084	96828382	1	terminal	0	0	1	0	0	0
11	96855371	96855858	1	memory	0	0	0	1	0	0
11	97270034	97270345	1	early	1	0	0	0	0	0
11	97281007	97281296	1	shRunx3	0	0	0	0	0	1
11	97299545	97299797	1	shRunx3	0	0	0	0	0	1
11	97435430	97435838	1	terminal	0	0	1	0	0	0
11	97728340	97728825	1	shRunx3	0	0	0	0	0	1
11	97829941	97830252	1	shRunx3	0	0	0	0	0	1
11	97884213	97884732	1	shCd19	0	0	0	0	1	0
11	98059938	98060306	1	late	0	1	0	0	0	0
11	98207211	98207405	1	shRunx3	0	0	0	0	0	1
11	98470051	98470386	1	late	0	1	0	0	0	0
11	98476705	98477161	1	shRunx3	0	0	0	0	0	1
11	98707710	98707911	1	shRunx3	0	0	0	0	0	1
11	98709615	98710285	1	terminal	0	0	1	0	0	0
11	98774994	98775319	1	memory	0	0	0	1	0	0
11	98941948	98942487	1	shRunx3	0	0	0	0	0	1
11	99104872	99105147	1	shCd19	0	0	0	0	1	0
11	99498714	99499133	1	terminal	0	0	1	0	0	0
11	99509444	99509757	1	terminal	0	0	1	0	0	0
11	100505388	100505741	1	memory	0	0	0	1	0	0
11	100593526	100593728	1	shRunx3	0	0	0	0	0	1
11	100622918	100623321	1	shRunx3	0	0	0	0	0	1
11	100868319	100868648	1	shRunx3	0	0	0	0	0	1
11	100924388	100924774	1	late	0	1	0	0	0	0
11	101059645	101059961	1	terminal	0	0	1	0	0	0
11	101143404	101143856	1	shRunx3	0	0	0	0	0	1
11	101552101	101552712	1	shCd19	0	0	0	0	1	0
11	101552712	101552882	2	shCd19,shRunx3	0	0	0	0	1	1
11	101552882	101553090	1	shRunx3	0	0	0	0	0	1
11	101678303	101678585	1	terminal	0	0	1	0	0	0
11	101992867	101993194	1	shCd19	0	0	0	0	1	0
11	102010750	102010951	1	shCd19	0	0	0	0	1	0
11	102021051	102021381	1	terminal	0	0	1	0	0	0
11	102241781	102242281	1	shRunx3	0	0	0	0	0	1
11	102454393	102454753	1	shRunx3	0	0	0	0	0	1
11	102547079	102547395	1	early	1	0	0	0	0	0
11	102915739	102915935	1	shRunx3	0	0	0	0	0	1
11	102923806	102924179	1	shCd19	0	0	0	0	1	0
11	102925185	102925542	1	shRunx3	0	0	0	0	0	1
11	103119728	103120074	1	shCd19	0	0	0	0	1	0
11	103267438	103268054	1	shCd19	0	0	0	0	1	0
11	103507549	103507826	1	early	1	0	0	0	0	0
11	103702277	103702709	1	memory	0	0	0	1	0	0
11	103961742	103962145	1	memory	0	0	0	1	0	0
11	103966191	103966649	1	shRunx3	0	0	0	0	0	1
11	104090598	104091070	1	terminal	0	0	1	0	0	0
11	104279351	104279578	1	memory	0	0	0	1	0	0
11	104381472	104381828	1	shCd19	0	0	0	0	1	0
11	104476531	104476743	1	shCd19	0	0	0	0	1	0
11	104522999	104523591	1	shRunx3	0	0	0	0	0	1
11	104704995	104705222	1	memory	0	0	0	1	0	0
11	104941136	104941517	1	terminal	0	0	1	0	0	0
11	105531309	105531600	1	late	0	1	0	0	0	0
11	105569925	105570320	1	shCd19	0	0	0	0	1	0
11	105665332	105665646	1	terminal	0	0	1	0	0	0
11	105946310	105946735	1	shRunx3	0	0	0	0	0	1
11	106103012	106103274	1	terminal	0	0	1	0	0	0
11	106159636	106159890	1	shCd19	0	0	0	0	1	0
11	106167047	106167590	1	terminal	0	0	1	0	0	0
11	106185124	106185479	1	terminal	0	0	1	0	0	0
11	106747766	106748038	1	shRunx3	0	0	0	0	0	1
11	106761621	106762240	1	terminal	0	0	1	0	0	0
11	106818564	106818769	1	shCd19	0	0	0	0	1	0
11	107143418	107143688	1	terminal	0	0	1	0	0	0
11	107209869	107210246	1	terminal	0	0	1	0	0	0
11	107275444	107275848	1	early	1	0	0	0	0	0
11	107458462	107458718	1	shCd19	0	0	0	0	1	0
11	107471375	107471721	1	shCd19	0	0	0	0	1	0
11	107479491	107479748	1	early	1	0	0	0	0	0
11	107635710	107636255	1	terminal	0	0	1	0	0	0
11	107729752	107730055	1	shRunx3	0	0	0	0	0	1
11	107751826	107752054	1	terminal	0	0	1	0	0	0
11	108267149	108267557	1	terminal	0	0	1	0	0	0
11	108477356	108477566	1	shRunx3	0	0	0	0	0	1
11	108506647	108506979	1	shCd19	0	0	0	0	1	0
11	108912659	108912961	1	shCd19	0	0	0	0	1	0
11	108940072	108940324	1	shRunx3	0	0	0	0	0	1
11	108953665	108953986	1	terminal	0	0	1	0	0	0
11	108999383	108999658	1	shCd19	0	0	0	0	1	0
11	109133851	109134124	1	shCd19	0	0	0	0	1	0
11	109326921	109327288	1	shCd19	0	0	0	0	1	0
11	109420093	109420297	1	shRunx3	0	0	0	0	0	1
11	109425570	109426198	1	shCd19	0	0	0	0	1	0
11	109648764	109649186	1	late	0	1	0	0	0	0
11	109764279	109764648	1	terminal	0	0	1	0	0	0
11	109860202	109860657	1	shRunx3	0	0	0	0	0	1
11	109971964	109972208	1	early	1	0	0	0	0	0
11	110115728	110116144	1	shCd19	0	0	0	0	1	0
11	110314309	110314539	1	terminal	0	0	1	0	0	0
11	110494346	110494645	1	shRunx3	0	0	0	0	0	1
11	110615142	110615478	1	shCd19	0	0	0	0	1	0
11	110665563	110665806	1	shCd19	0	0	0	0	1	0
11	110804458	110804778	1	late	0	1	0	0	0	0
11	110839509	110840037	1	early	1	0	0	0	0	0
11	110996007	110996391	1	shCd19	0	0	0	0	1	0
11	111126014	111126328	1	terminal	0	0	1	0	0	0
11	111811440	111811884	1	late	0	1	0	0	0	0
11	111935682	111935978	1	shRunx3	0	0	0	0	0	1
11	112068560	112068803	1	terminal	0	0	1	0	0	0
11	112108416	112108651	1	terminal	0	0	1	0	0	0
11	112364538	112364737	1	shCd19	0	0	0	0	1	0
11	112530745	112531093	1	late	0	1	0	0	0	0
11	112600962	112601232	1	shRunx3	0	0	0	0	0	1
11	112956841	112957109	1	late	0	1	0	0	0	0
11	113026736	113027084	1	late	0	1	0	0	0	0
11	113048612	113048968	1	memory	0	0	0	1	0	0
11	113267662	113268010	1	shRunx3	0	0	0	0	0	1
11	113773648	113773922	1	terminal	0	0	1	0	0	0
11	114352299	114352555	1	late	0	1	0	0	0	0
11	114611915	114612334	1	shCd19	0	0	0	0	1	0
11	114980001	114980267	1	early	1	0	0	0	0	0
11	115120076	115120438	1	terminal	0	0	1	0	0	0
11	115171389	115171689	1	terminal	0	0	1	0	0	0
11	115703873	115704095	1	shCd19	0	0	0	0	1	0
11	115745908	115746218	1	shRunx3	0	0	0	0	0	1
11	115813824	115814078	1	shRunx3	0	0	0	0	0	1
11	115954947	115955200	1	shCd19	0	0	0	0	1	0
11	116024207	116024400	1	shRunx3	0	0	0	0	0	1
11	116030104	116030212	1	shRunx3	0	0	0	0	0	1
11	116030212	116030487	2	shCd19,shRunx3	0	0	0	0	1	1
11	116030487	116030498	1	shCd19	0	0	0	0	1	0
11	116255815	116256078	1	shRunx3	0	0	0	0	0	1
11	116377104	116377872	1	shCd19	0	0	0	0	1	0
11	116556071	116556501	1	terminal	0	0	1	0	0	0
11	116570814	116571102	1	late	0	1	0	0	0	0
11	116615840	116616084	1	shRunx3	0	0	0	0	0	1
11	116639306	116640285	1	terminal	0	0	1	0	0	0
11	116843261	116843807	1	shRunx3	0	0	0	0	0	1
11	116853181	116853697	1	shRunx3	0	0	0	0	0	1
11	117114511	117114882	1	shRunx3	0	0	0	0	0	1
11	117254781	117255079	1	shRunx3	0	0	0	0	0	1
11	117311581	117311820	1	terminal	0	0	1	0	0	0
11	117319161	117319452	1	shRunx3	0	0	0	0	0	1
11	117334006	117334889	1	shRunx3	0	0	0	0	0	1
11	117654356	117654782	1	shRunx3	0	0	0	0	0	1
11	117771701	117771909	1	shRunx3	0	0	0	0	0	1
11	117781117	117781429	1	shRunx3	0	0	0	0	0	1
11	117863590	117863942	1	memory	0	0	0	1	0	0
11	117893952	117894166	1	shRunx3	0	0	0	0	0	1
11	117985401	117985745	1	terminal	0	0	1	0	0	0
11	118232208	118232963	1	shCd19	0	0	0	0	1	0
11	118336598	118336879	1	shRunx3	0	0	0	0	0	1
11	118479084	118479375	1	terminal	0	0	1	0	0	0
11	118622756	118623220	1	shRunx3	0	0	0	0	0	1
11	118790683	118791142	1	shRunx3	0	0	0	0	0	1
11	119056862	119057131	1	shRunx3	0	0	0	0	0	1
11	119209317	119209747	1	shCd19	0	0	0	0	1	0
11	119434242	119434712	1	late	0	1	0	0	0	0
11	119588429	119588659	1	terminal	0	0	1	0	0	0
11	119711947	119712294	1	memory	0	0	0	1	0	0
11	119928268	119928796	1	shCd19	0	0	0	0	1	0
11	120007156	120007419	1	shRunx3	0	0	0	0	0	1
11	120025260	120025642	1	shRunx3	0	0	0	0	0	1
11	120051580	120051790	1	shCd19	0	0	0	0	1	0
11	120141190	120141490	1	shRunx3	0	0	0	0	0	1
11	120251320	120251519	1	shRunx3	0	0	0	0	0	1
11	120672998	120673026	1	shCd19	0	0	0	0	1	0
11	120673026	120673265	2	shCd19,shRunx3	0	0	0	0	1	1
11	120673265	120673384	1	shRunx3	0	0	0	0	0	1
11	120884228	120884486	1	shCd19	0	0	0	0	1	0
11	120978254	120978802	1	terminal	0	0	1	0	0	0
11	121057506	121057742	1	terminal	0	0	1	0	0	0
11	121102698	121103122	1	shRunx3	0	0	0	0	0	1
11	121373478	121373737	1	terminal	0	0	1	0	0	0
11	121456185	121456404	1	shRunx3	0	0	0	0	0	1
11	121814050	121814326	1	early	1	0	0	0	0	0
12	3100304	3100576	1	shCd19	0	0	0	0	1	0
12	3138146	3138393	1	early	1	0	0	0	0	0
12	3147138	3147454	1	shRunx3	0	0	0	0	0	1
12	3283902	3284409	1	late	0	1	0	0	0	0
12	3358883	3359131	1	memory	0	0	0	1	0	0
12	3566253	3566572	1	shRunx3	0	0	0	0	0	1
12	4073921	4074175	1	memory	0	0	0	1	0	0
12	4177234	4177739	1	shCd19	0	0	0	0	1	0
12	4381856	4382229	1	shRunx3	0	0	0	0	0	1
12	4590006	4590549	1	late	0	1	0	0	0	0
12	4730752	4731527	1	terminal	0	0	1	0	0	0
12	4816824	4817203	1	shCd19	0	0	0	0	1	0
12	4968880	4969201	1	early	1	0	0	0	0	0
12	5039617	5040163	1	shCd19	0	0	0	0	1	0
12	5429546	5429777	1	shCd19	0	0	0	0	1	0
12	5489990	5490200	1	shRunx3	0	0	0	0	0	1
12	5654020	5654287	1	shCd19	0	0	0	0	1	0
12	5891551	5891890	1	shCd19	0	0	0	0	1	0
12	6070278	6070773	1	terminal	0	0	1	0	0	0
12	7106561	7106839	1	terminal	0	0	1	0	0	0
12	7227258	7227489	1	shRunx3	0	0	0	0	0	1
12	7550299	7550857	1	shRunx3	0	0	0	0	0	1
12	7584068	7584390	1	terminal	0	0	1	0	0	0
12	7585275	7585553	1	early	1	0	0	0	0	0
12	7585553	7585940	2	early,memory	1	0	0	1	0	0
12	7585940	7586053	1	memory	0	0	0	1	0	0
12	7600482	7600701	1	shCd19	0	0	0	0	1	0
12	7667096	7667377	1	terminal	0	0	1	0	0	0
12	7900158	7900700	1	late	0	1	0	0	0	0
12	7989100	7989551	1	late	0	1	0	0	0	0
12	8192469	8192822	1	terminal	0	0	1	0	0	0
12	8361995	8362285	1	terminal	0	0	1	0	0	0
12	8500060	8500406	1	shCd19	0	0	0	0	1	0
12	8649959	8650203	1	shCd19	0	0	0	0	1	0
12	8695189	8695486	1	memory	0	0	0	1	0	0
12	8711247	8711574	1	late	0	1	0	0	0	0
12	8732568	8732873	1	shRunx3	0	0	0	0	0	1
12	8793488	8793699	1	shRunx3	0	0	0	0	0	1
12	8902816	8903063	1	shRunx3	0	0	0	0	0	1
12	9095129	9095622	1	memory	0	0	0	1	0	0
12	9160076	9160333	1	terminal	0	0	1	0	0	0
12	9212174	9212520	1	memory	0	0	0	1	0	0
12	9595231	9595551	1	memory	0	0	0	1	0	0
12	9623655	9623896	1	shRunx3	0	0	0	0	0	1
12	9664530	9665163	1	late	0	1	0	0	0	0
12	9920406	9920808	1	terminal	0	0	1	0	0	0
12	9926272	9926833	1	memory	0	0	0	1	0	0
12	9951118	9951374	1	memory	0	0	0	1	0	0
12	10365500	10365786	1	shCd19	0	0	0	0	1	0
12	10822524	10822821	1	memory	0	0	0	1	0	0
12	11057945	11058168	1	shRunx3	0	0	0	0	0	1
12	11231226	11231688	1	memory	0	0	0	1	0	0
12	11390644	11391141	1	shCd19	0	0	0	0	1	0
12	11633504	11633842	1	shCd19	0	0	0	0	1	0
12	11691384	11691710	1	terminal	0	0	1	0	0	0
12	11723819	11724061	1	memory	0	0	0	1	0	0
12	11734163	11734410	1	terminal	0	0	1	0	0	0
12	11753905	11754598	1	terminal	0	0	1	0	0	0
12	11768009	11768391	1	shCd19	0	0	0	0	1	0
12	12006044	12006330	1	late	0	1	0	0	0	0
12	12196532	12197001	1	terminal	0	0	1	0	0	0
12	12229063	12229371	1	late	0	1	0	0	0	0
12	12580753	12581041	1	shRunx3	0	0	0	0	0	1
12	12587180	12587444	1	shRunx3	0	0	0	0	0	1
12	12628665	12628961	1	shCd19	0	0	0	0	1	0
12	12670360	12670589	1	terminal	0	0	1	0	0	0
12	12880692	12880931	1	memory	0	0	0	1	0	0
12	12905638	12905956	1	shCd19	0	0	0	0	1	0
12	13197257	13197512	1	early	1	0	0	0	0	0
12	13212025	13212643	1	early	1	0	0	0	0	0
12	13550927	13551841	1	terminal	0	0	1	0	0	0
12	13880012	13880483	1	memory	0	0	0	1	0	0
12	13946815	13947111	1	terminal	0	0	1	0	0	0
12	14082404	14082704	1	memory	0	0	0	1	0	0
12	14557558	14557782	1	shCd19	0	0	0	0	1	0
12	15083391	15083693	1	memory	0	0	0	1	0	0
12	15086564	15086902	1	shCd19	0	0	0	0	1	0
12	15145658	15145908	1	shRunx3	0	0	0	0	0	1
12	15421077	15421308	1	shCd19	0	0	0	0	1	0
12	15596953	15597391	1	early	1	0	0	0	0	0
12	15814549	15814821	1	late	0	1	0	0	0	0
12	15959076	15959688	1	early	1	0	0	0	0	0
12	16225128	16225542	1	terminal	0	0	1	0	0	0
12	16302600	16302977	1	late	0	1	0	0	0	0
12	16335272	16335706	1	late	0	1	0	0	0	0
12	16339063	16339961	1	terminal	0	0	1	0	0	0
12	16509293	16509491	1	shCd19	0	0	0	0	1	0
12	16600543	16600949	1	early	1	0	0	0	0	0
12	16649760	16650009	1	early	1	0	0	0	0	0
12	16706571	16707093	1	shCd19	0	0	0	0	1	0
12	16999646	17000402	1	shCd19	0	0	0	0	1	0
12	17022989	17023367	1	terminal	0	0	1	0	0	0
12	17129461	17129834	1	shRunx3	0	0	0	0	0	1
12	17332542	17333427	1	shCd19	0	0	0	0	1	0
12	17405180	17405392	1	shCd19	0	0	0	0	1	0
12	17989613	17989845	1	terminal	0	0	1	0	0	0
12	19729431	19730224	1	terminal	0	0	1	0	0	0
12	19764896	19765184	1	late	0	1	0	0	0	0
12	19901208	19901657	1	terminal	0	0	1	0	0	0
12	21417285	21417557	1	terminal	0	0	1	0	0	0
12	21451351	21451922	1	shRunx3	0	0	0	0	0	1
12	21486019	21486289	1	shCd19	0	0	0	0	1	0
12	22713523	22713753	1	terminal	0	0	1	0	0	0
12	24670968	24671432	1	late	0	1	0	0	0	0
12	24800099	24800424	1	late	0	1	0	0	0	0
12	24880593	24880807	1	shCd19	0	0	0	0	1	0
12	24923126	24923340	1	shCd19	0	0	0	0	1	0
12	25155511	25155996	1	shCd19	0	0	0	0	1	0
12	25241335	25241735	1	shCd19	0	0	0	0	1	0
12	25366317	25366636	1	shCd19	0	0	0	0	1	0
12	25393272	25393539	1	shRunx3	0	0	0	0	0	1
12	25418842	25419144	1	shRunx3	0	0	0	0	0	1
12	25517174	25517365	1	shRunx3	0	0	0	0	0	1
12	25822583	25823059	1	terminal	0	0	1	0	0	0
12	25995074	25995313	1	shCd19	0	0	0	0	1	0
12	26193291	26193732	1	terminal	0	0	1	0	0	0
12	26402125	26402388	1	memory	0	0	0	1	0	0
12	26648245	26648509	1	terminal	0	0	1	0	0	0
12	26731080	26731334	1	shRunx3	0	0	0	0	0	1
12	26739495	26739752	1	shRunx3	0	0	0	0	0	1
12	26942009	26942247	1	shRunx3	0	0	0	0	0	1
12	26972450	26972777	1	memory	0	0	0	1	0	0
12	27011571	27011873	1	shRunx3	0	0	0	0	0	1
12	27921660	27922065	1	memory	0	0	0	1	0	0
12	28201378	28201610	1	memory	0	0	0	1	0	0
12	28432697	28432975	1	memory	0	0	0	1	0	0
12	28513509	28513702	1	shRunx3	0	0	0	0	0	1
12	28685715	28685943	1	shRunx3	0	0	0	0	0	1
12	28707086	28707328	1	terminal	0	0	1	0	0	0
12	29088708	29088927	1	shRunx3	0	0	0	0	0	1
12	29417062	29417450	1	early	1	0	0	0	0	0
12	29604356	29604610	1	shCd19	0	0	0	0	1	0
12	29753441	29753799	1	memory	0	0	0	1	0	0
12	29773770	29774094	1	terminal	0	0	1	0	0	0
12	29883056	29883318	1	terminal	0	0	1	0	0	0
12	30341207	30341776	1	late	0	1	0	0	0	0
12	30353847	30354303	1	terminal	0	0	1	0	0	0
12	30736499	30736827	1	terminal	0	0	1	0	0	0
12	30924196	30924459	1	shRunx3	0	0	0	0	0	1
12	31112376	31112623	1	terminal	0	0	1	0	0	0
12	31392294	31392555	1	terminal	0	0	1	0	0	0
12	31451055	31451339	1	late	0	1	0	0	0	0
12	31499621	31499885	1	shRunx3	0	0	0	0	0	1
12	31600782	31601051	1	shRunx3	0	0	0	0	0	1
12	31670259	31670638	1	shCd19	0	0	0	0	1	0
12	31774910	31775440	1	terminal	0	0	1	0	0	0
12	31959458	31959669	1	shCd19	0	0	0	0	1	0
12	32284304	32284650	1	late	0	1	0	0	0	0
12	32378641	32379146	1	shCd19	0	0	0	0	1	0
12	32413933	32414206	1	shRunx3	0	0	0	0	0	1
12	32577069	32577330	1	memory	0	0	0	1	0	0
12	32636697	32636909	1	shRunx3	0	0	0	0	0	1
12	32743616	32743996	1	terminal	0	0	1	0	0	0
12	32830525	32830769	1	memory	0	0	0	1	0	0
12	33145881	33146524	1	shCd19	0	0	0	0	1	0
12	33333967	33334255	1	terminal	0	0	1	0	0	0
12	33789889	33790348	1	shRunx3	0	0	0	0	0	1
12	33893678	33893977	1	terminal	0	0	1	0	0	0
12	34292950	34293198	1	terminal	0	0	1	0	0	0
12	34420931	34421290	1	memory	0	0	0	1	0	0
12	34652128	34652386	1	memory	0	0	0	1	0	0
12	34725197	34725405	1	shRunx3	0	0	0	0	0	1
12	34908634	34909288	1	terminal	0	0	1	0	0	0
12	35020783	35021146	1	terminal	0	0	1	0	0	0
12	35145367	35145612	1	shCd19	0	0	0	0	1	0
12	35186721	35187033	1	early	1	0	0	0	0	0
12	35229999	35230393	1	shRunx3	0	0	0	0	0	1
12	35540692	35540981	1	late	0	1	0	0	0	0
12	35542762	35543093	1	terminal	0	0	1	0	0	0
12	35851861	35852158	1	shRunx3	0	0	0	0	0	1
12	35996271	35996719	1	late	0	1	0	0	0	0
12	36067738	36068035	1	shRunx3	0	0	0	0	0	1
12	36156773	36157102	1	shRunx3	0	0	0	0	0	1
12	36533897	36534171	1	shCd19	0	0	0	0	1	0
12	36902221	36902947	1	shRunx3	0	0	0	0	0	1
12	37077207	37077487	1	shRunx3	0	0	0	0	0	1
12	37520449	37520924	1	terminal	0	0	1	0	0	0
12	37705212	37705588	1	late	0	1	0	0	0	0
12	37750649	37751050	1	terminal	0	0	1	0	0	0
12	37867210	37867408	1	shRunx3	0	0	0	0	0	1
12	38001619	38002154	1	shRunx3	0	0	0	0	0	1
12	38015979	38016277	1	shRunx3	0	0	0	0	0	1
12	38107587	38107876	1	terminal	0	0	1	0	0	0
12	38327888	38328267	1	shCd19	0	0	0	0	1	0
12	38647412	38647606	1	shCd19	0	0	0	0	1	0
12	38651547	38651818	1	late	0	1	0	0	0	0
12	39720763	39720973	1	shCd19	0	0	0	0	1	0
12	39766044	39766472	1	shCd19	0	0	0	0	1	0
12	39846263	39846645	1	shCd19	0	0	0	0	1	0
12	39927454	39927655	1	shRunx3	0	0	0	0	0	1
12	39933886	39934562	1	memory	0	0	0	1	0	0
12	39940472	39940676	1	shRunx3	0	0	0	0	0	1
12	40053106	40053380	1	terminal	0	0	1	0	0	0
12	40121835	40122164	1	shCd19	0	0	0	0	1	0
12	40128705	40128941	1	shCd19	0	0	0	0	1	0
12	40223353	40223586	1	shRunx3	0	0	0	0	0	1
12	40467582	40467834	1	terminal	0	0	1	0	0	0
12	40556469	40556833	1	shCd19	0	0	0	0	1	0
12	40599939	40600315	1	shRunx3	0	0	0	0	0	1
12	40605102	40605497	1	terminal	0	0	1	0	0	0
12	40794252	40794556	1	terminal	0	0	1	0	0	0
12	40945784	40946095	1	memory	0	0	0	1	0	0
12	41177763	41177963	1	shCd19	0	0	0	0	1	0
12	41274539	41274916	1	shRunx3	0	0	0	0	0	1
12	41551259	41551965	1	terminal	0	0	1	0	0	0
12	41649867	41650103	1	early	1	0	0	0	0	0
12	42107190	42107447	1	late	0	1	0	0	0	0
12	42530950	42531220	1	early	1	0	0	0	0	0
12	42866090	42866302	1	shCd19	0	0	0	0	1	0
12	43018342	43018773	1	early	1	0	0	0	0	0
12	43184438	43184803	1	terminal	0	0	1	0	0	0
12	43251552	43251938	1	late	0	1	0	0	0	0
12	43732728	43733030	1	terminal	0	0	1	0	0	0
12	43860665	43861068	1	shCd19	0	0	0	0	1	0
12	44268773	44268830	1	shRunx3	0	0	0	0	0	1
12	44268830	44269096	2	shCd19,shRunx3	0	0	0	0	1	1
12	44442249	44442589	1	late	0	1	0	0	0	0
12	44564162	44564479	1	terminal	0	0	1	0	0	0
12	44603944	44604291	1	terminal	0	0	1	0	0	0
12	45651419	45651644	1	shRunx3	0	0	0	0	0	1
12	45749832	45750109	1	memory	0	0	0	1	0	0
12	46144808	46145101	1	terminal	0	0	1	0	0	0
12	46153669	46153920	1	memory	0	0	0	1	0	0
12	46569568	46569816	1	memory	0	0	0	1	0	0
12	46611686	46612084	1	memory	0	0	0	1	0	0
12	46762590	46762945	1	terminal	0	0	1	0	0	0
12	47628028	47628367	1	shRunx3	0	0	0	0	0	1
12	47629270	47629494	1	shRunx3	0	0	0	0	0	1
12	47702938	47703246	1	shCd19	0	0	0	0	1	0
12	48170295	48170593	1	early	1	0	0	0	0	0
12	48436797	48437200	1	shCd19	0	0	0	0	1	0
12	48488368	48488572	1	shRunx3	0	0	0	0	0	1
12	48799379	48799573	1	shRunx3	0	0	0	0	0	1
12	49028548	49029340	1	terminal	0	0	1	0	0	0
12	49538171	49538838	1	terminal	0	0	1	0	0	0
12	49647850	49648394	1	shCd19	0	0	0	0	1	0
12	49900760	49901051	1	late	0	1	0	0	0	0
12	50491431	50491622	1	shRunx3	0	0	0	0	0	1
12	50615480	50615837	1	early	1	0	0	0	0	0
12	50773660	50773870	1	shCd19	0	0	0	0	1	0
12	51018704	51019134	1	terminal	0	0	1	0	0	0
12	51093851	51094209	1	shCd19	0	0	0	0	1	0
12	51147906	51148169	1	shCd19	0	0	0	0	1	0
12	51386775	51387106	1	shRunx3	0	0	0	0	0	1
12	51449310	51449577	1	early	1	0	0	0	0	0
12	51741972	51742334	1	shCd19	0	0	0	0	1	0
12	51796215	51796421	1	shRunx3	0	0	0	0	0	1
12	51829968	51830430	1	shCd19	0	0	0	0	1	0
12	51906808	51907178	1	shCd19	0	0	0	0	1	0
12	52232405	52232676	1	memory	0	0	0	1	0	0
12	52299580	52299888	1	terminal	0	0	1	0	0	0
12	52359161	52359439	1	shCd19	0	0	0	0	1	0
12	52533198	52533517	1	terminal	0	0	1	0	0	0
12	52787859	52788158	1	shRunx3	0	0	0	0	0	1
12	52829891	52830231	1	terminal	0	0	1	0	0	0
12	52897774	52898177	1	shRunx3	0	0	0	0	0	1
12	52974551	52974938	1	late	0	1	0	0	0	0
12	53028831	53029163	1	terminal	0	0	1	0	0	0
12	53309147	53309344	1	shRunx3	0	0	0	0	0	1
12	53331305	53331554	1	shCd19	0	0	0	0	1	0
12	53345186	53345429	1	shCd19	0	0	0	0	1	0
12	53516194	53516507	1	shRunx3	0	0	0	0	0	1
12	53529827	53530188	1	terminal	0	0	1	0	0	0
12	53557909	53558170	1	shRunx3	0	0	0	0	0	1
12	53726644	53726875	1	shCd19	0	0	0	0	1	0
12	54078137	54078513	1	memory	0	0	0	1	0	0
12	54131301	54131586	1	memory	0	0	0	1	0	0
12	54168262	54168594	1	shCd19	0	0	0	0	1	0
12	54352252	54352511	1	terminal	0	0	1	0	0	0
12	54449987	54450244	1	shCd19	0	0	0	0	1	0
12	54851121	54851560	1	late	0	1	0	0	0	0
12	54924336	54924606	1	shCd19	0	0	0	0	1	0
12	55567733	55568168	1	shRunx3	0	0	0	0	0	1
12	55882052	55882372	1	terminal	0	0	1	0	0	0
12	56053376	56053645	1	terminal	0	0	1	0	0	0
12	56141320	56141576	1	shRunx3	0	0	0	0	0	1
12	56331846	56332160	1	shRunx3	0	0	0	0	0	1
12	56370163	56370452	1	terminal	0	0	1	0	0	0
12	56417513	56417758	1	shRunx3	0	0	0	0	0	1
12	56520870	56521081	1	shRunx3	0	0	0	0	0	1
12	56573806	56574080	1	shRunx3	0	0	0	0	0	1
12	56668643	56668994	1	terminal	0	0	1	0	0	0
12	56879596	56879965	1	shRunx3	0	0	0	0	0	1
12	56926358	56926681	1	shRunx3	0	0	0	0	0	1
12	57414375	57414735	1	shCd19	0	0	0	0	1	0
12	57823734	57823981	1	early	1	0	0	0	0	0
12	57898646	57899012	1	terminal	0	0	1	0	0	0
12	58353762	58354168	1	terminal	0	0	1	0	0	0
12	58464415	58464610	1	shRunx3	0	0	0	0	0	1
12	58519979	58520368	1	terminal	0	0	1	0	0	0
12	58962211	58962482	1	terminal	0	0	1	0	0	0
12	59429081	59429406	1	late	0	1	0	0	0	0
12	59508392	59508814	1	shCd19	0	0	0	0	1	0
12	59687522	59687837	1	shCd19	0	0	0	0	1	0
12	60126777	60127065	1	late	0	1	0	0	0	0
12	60138938	60139175	1	terminal	0	0	1	0	0	0
12	60233825	60234129	1	terminal	0	0	1	0	0	0
12	60532243	60532470	1	shRunx3	0	0	0	0	0	1
12	60867211	60867422	1	shCd19	0	0	0	0	1	0
12	61682390	61682767	1	memory	0	0	0	1	0	0
12	61769569	61769777	1	shCd19	0	0	0	0	1	0
12	61853563	61853839	1	terminal	0	0	1	0	0	0
12	62202520	62202785	1	shRunx3	0	0	0	0	0	1
12	62384469	62384931	1	shRunx3	0	0	0	0	0	1
12	62607286	62607626	1	shRunx3	0	0	0	0	0	1
12	62614821	62615123	1	shCd19	0	0	0	0	1	0
12	63241513	63241732	1	shRunx3	0	0	0	0	0	1
12	63360218	63360601	1	early	1	0	0	0	0	0
12	63381716	63382245	1	shCd19	0	0	0	0	1	0
12	63503236	63503505	1	memory	0	0	0	1	0	0
12	63870587	63870805	1	shCd19	0	0	0	0	1	0
12	63908506	63908869	1	late	0	1	0	0	0	0
12	64012295	64012646	1	shCd19	0	0	0	0	1	0
12	64055520	64055827	1	memory	0	0	0	1	0	0
12	64364055	64364374	1	shRunx3	0	0	0	0	0	1
12	64785245	64785563	1	shRunx3	0	0	0	0	0	1
12	65170703	65170993	1	shCd19	0	0	0	0	1	0
12	66077868	66078134	1	early	1	0	0	0	0	0
12	66134029	66134259	1	terminal	0	0	1	0	0	0
12	66164543	66164876	1	terminal	0	0	1	0	0	0
12	66232055	66232261	1	shCd19	0	0	0	0	1	0
12	66355592	66355873	1	shCd19	0	0	0	0	1	0
12	66523449	66523725	1	shCd19	0	0	0	0	1	0
12	66707322	66707534	1	shRunx3	0	0	0	0	0	1
12	66990223	66990532	1	terminal	0	0	1	0	0	0
12	67184972	67185405	1	memory	0	0	0	1	0	0
12	67900955	67901307	1	shRunx3	0	0	0	0	0	1
12	68079912	68080169	1	memory	0	0	0	1	0	0
12	68185307	68185552	1	memory	0	0	0	1	0	0
12	68202017	68202315	1	early	1	0	0	0	0	0
12	68334380	68334737	1	shRunx3	0	0	0	0	0	1
12	68470644	68470923	1	terminal	0	0	1	0	0	0
12	68477139	68477494	1	shCd19	0	0	0	0	1	0
12	68649042	68649361	1	shCd19	0	0	0	0	1	0
12	68854546	68854834	1	terminal	0	0	1	0	0	0
12	68876996	68877315	1	memory	0	0	0	1	0	0
12	69243512	69243783	1	early	1	0	0	0	0	0
12	69446457	69446838	1	shRunx3	0	0	0	0	0	1
12	69472004	69472204	1	shCd19	0	0	0	0	1	0
12	69781777	69782167	1	terminal	0	0	1	0	0	0
12	69868714	69869035	1	shCd19	0	0	0	0	1	0
12	69887386	69887652	1	terminal	0	0	1	0	0	0
12	69961819	69962252	1	shCd19	0	0	0	0	1	0
12	70342360	70342716	1	late	0	1	0	0	0	0
12	70541357	70541686	1	shRunx3	0	0	0	0	0	1
12	70827615	70827994	1	late	0	1	0	0	0	0
12	70931322	70931739	1	terminal	0	0	1	0	0	0
12	71380395	71381006	1	memory	0	0	0	1	0	0
12	71481555	71481809	1	shCd19	0	0	0	0	1	0
12	71807026	71807308	1	shCd19	0	0	0	0	1	0
12	71882823	71883585	1	shCd19	0	0	0	0	1	0
12	71957502	71957874	1	shRunx3	0	0	0	0	0	1
12	72127309	72127584	1	late	0	1	0	0	0	0
12	72336935	72337361	1	early	1	0	0	0	0	0
12	72343836	72344123	1	early	1	0	0	0	0	0
12	72361959	72362169	1	shRunx3	0	0	0	0	0	1
12	72624333	72624734	1	memory	0	0	0	1	0	0
12	73295447	73295700	1	shRunx3	0	0	0	0	0	1
12	73585359	73585948	1	memory	0	0	0	1	0	0
12	73593183	73593812	1	shRunx3	0	0	0	0	0	1
12	73598316	73599033	1	shRunx3	0	0	0	0	0	1
12	73604071	73605272	1	shCd19	0	0	0	0	1	0
12	73715660	73715960	1	terminal	0	0	1	0	0	0
12	73910012	73910250	1	shCd19	0	0	0	0	1	0
12	73963582	73963881	1	terminal	0	0	1	0	0	0
12	74268600	74268933	1	terminal	0	0	1	0	0	0
12	74284201	74284972	1	terminal	0	0	1	0	0	0
12	74488069	74488425	1	shCd19	0	0	0	0	1	0
12	75025641	75025871	1	shCd19	0	0	0	0	1	0
12	75403300	75403735	1	late	0	1	0	0	0	0
12	75406690	75406966	1	early	1	0	0	0	0	0
12	75482011	75482306	1	memory	0	0	0	1	0	0
12	75612921	75613412	1	terminal	0	0	1	0	0	0
12	75718662	75719032	1	early	1	0	0	0	0	0
12	75902866	75903136	1	terminal	0	0	1	0	0	0
12	76024587	76024964	1	late	0	1	0	0	0	0
12	76187239	76187920	1	terminal	0	0	1	0	0	0
12	76298665	76298871	1	shRunx3	0	0	0	0	0	1
12	76704530	76704992	1	terminal	0	0	1	0	0	0
12	76835205	76835592	1	early	1	0	0	0	0	0
12	76867734	76867934	1	shRunx3	0	0	0	0	0	1
12	76887718	76888047	1	shRunx3	0	0	0	0	0	1
12	76962485	76962687	1	shRunx3	0	0	0	0	0	1
12	77076173	77076570	1	terminal	0	0	1	0	0	0
12	77140076	77140655	1	memory	0	0	0	1	0	0
12	77496015	77496347	1	terminal	0	0	1	0	0	0
12	78065913	78066228	1	terminal	0	0	1	0	0	0
12	78126319	78126573	1	shCd19	0	0	0	0	1	0
12	78421598	78421863	1	shCd19	0	0	0	0	1	0
12	78720724	78720920	1	shRunx3	0	0	0	0	0	1
12	78791786	78792034	1	terminal	0	0	1	0	0	0
12	79520163	79520412	1	shRunx3	0	0	0	0	0	1
12	79646562	79647021	1	shCd19	0	0	0	0	1	0
12	79653503	79653892	1	shRunx3	0	0	0	0	0	1
12	79991761	79992136	1	terminal	0	0	1	0	0	0
12	80185821	80186030	1	shRunx3	0	0	0	0	0	1
12	80187791	80188038	1	memory	0	0	0	1	0	0
12	80346562	80346815	1	memory	0	0	0	1	0	0
12	80643911	80644140	1	shRunx3	0	0	0	0	0	1
12	80652631	80652983	1	terminal	0	0	1	0	0	0
12	80949633	80950023	1	terminal	0	0	1	0	0	0
12	81260297	81260565	1	early	1	0	0	0	0	0
12	81383127	81383382	1	early	1	0	0	0	0	0
12	81710644	81711119	1	shRunx3	0	0	0	0	0	1
12	81736730	81736971	1	shCd19	0	0	0	0	1	0
12	81772995	81773485	1	shCd19	0	0	0	0	1	0
12	81971845	81972207	1	shCd19	0	0	0	0	1	0
12	82177101	82177341	1	terminal	0	0	1	0	0	0
12	82193530	82193751	1	shRunx3	0	0	0	0	0	1
12	82268575	82268819	1	memory	0	0	0	1	0	0
12	82564969	82565220	1	terminal	0	0	1	0	0	0
12	82604466	82604925	1	memory	0	0	0	1	0	0
12	82685440	82685771	1	late	0	1	0	0	0	0
12	82850325	82850786	1	shRunx3	0	0	0	0	0	1
12	83175726	83176400	1	shRunx3	0	0	0	0	0	1
12	83338182	83338585	1	terminal	0	0	1	0	0	0
12	83339369	83340058	1	late	0	1	0	0	0	0
12	83399502	83399970	1	terminal	0	0	1	0	0	0
12	83520408	83520728	1	shCd19	0	0	0	0	1	0
12	83561930	83562244	1	shCd19	0	0	0	0	1	0
12	84221371	84221618	1	shCd19	0	0	0	0	1	0
12	84225728	84226135	1	terminal	0	0	1	0	0	0
12	84283924	84284222	1	early	1	0	0	0	0	0
12	84357997	84358324	1	late	0	1	0	0	0	0
12	84450377	84450994	1	shCd19	0	0	0	0	1	0
12	84450994	84451402	2	shCd19,shRunx3	0	0	0	0	1	1
12	84512588	84512842	1	terminal	0	0	1	0	0	0
12	84601051	84601386	1	shCd19	0	0	0	0	1	0
12	84662345	84662556	1	shCd19	0	0	0	0	1	0
12	84688077	84688494	1	terminal	0	0	1	0	0	0
12	84703239	84703668	1	shRunx3	0	0	0	0	0	1
12	84762832	84763100	1	shCd19	0	0	0	0	1	0
12	84944316	84944663	1	terminal	0	0	1	0	0	0
12	84996244	84996508	1	early	1	0	0	0	0	0
12	85196744	85197321	1	terminal	0	0	1	0	0	0
12	85280249	85280897	1	shRunx3	0	0	0	0	0	1
12	85576777	85577069	1	early	1	0	0	0	0	0
12	85629645	85630141	1	shCd19	0	0	0	0	1	0
12	85705339	85705654	1	shRunx3	0	0	0	0	0	1
12	86041524	86041836	1	shRunx3	0	0	0	0	0	1
12	86079343	86079955	1	shRunx3	0	0	0	0	0	1
12	86149473	86149735	1	memory	0	0	0	1	0	0
12	86215006	86215198	1	shRunx3	0	0	0	0	0	1
12	86368079	86368436	1	terminal	0	0	1	0	0	0
12	86601916	86602143	1	memory	0	0	0	1	0	0
12	86939501	86939841	1	shRunx3	0	0	0	0	0	1
12	87049058	87049288	1	shRunx3	0	0	0	0	0	1
12	87110311	87110618	1	terminal	0	0	1	0	0	0
12	87146459	87146964	1	memory	0	0	0	1	0	0
12	87266389	87266660	1	shRunx3	0	0	0	0	0	1
12	88444228	88444519	1	shRunx3	0	0	0	0	0	1
12	88460832	88461092	1	terminal	0	0	1	0	0	0
12	88624043	88624269	1	shRunx3	0	0	0	0	0	1
12	88869298	88869652	1	terminal	0	0	1	0	0	0
12	88894756	88894948	1	shRunx3	0	0	0	0	0	1
12	89054531	89054825	1	memory	0	0	0	1	0	0
12	89387807	89388108	1	early	1	0	0	0	0	0
12	89694210	89694513	1	shRunx3	0	0	0	0	0	1
12	89822556	89822766	1	shCd19	0	0	0	0	1	0
12	90502605	90503558	1	shCd19	0	0	0	0	1	0
12	90648124	90648397	1	terminal	0	0	1	0	0	0
12	91357477	91357717	1	shCd19	0	0	0	0	1	0
12	91529354	91529618	1	shRunx3	0	0	0	0	0	1
12	91603136	91603421	1	late	0	1	0	0	0	0
12	91673713	91674269	1	early	1	0	0	0	0	0
12	91770418	91771022	1	shCd19	0	0	0	0	1	0
12	91919634	91919911	1	late	0	1	0	0	0	0
12	92031307	92031573	1	shCd19	0	0	0	0	1	0
12	92072755	92073007	1	shCd19	0	0	0	0	1	0
12	92145912	92146213	1	memory	0	0	0	1	0	0
12	92302714	92302941	1	shCd19	0	0	0	0	1	0
12	92667560	92667817	1	terminal	0	0	1	0	0	0
12	92989100	92989506	1	early	1	0	0	0	0	0
12	93045415	93045719	1	early	1	0	0	0	0	0
12	93187020	93187298	1	shCd19	0	0	0	0	1	0
12	93482860	93483211	1	early	1	0	0	0	0	0
12	93667846	93668386	1	memory	0	0	0	1	0	0
12	93676713	93677029	1	memory	0	0	0	1	0	0
12	93969428	93969633	1	shCd19	0	0	0	0	1	0
12	94067835	94068160	1	terminal	0	0	1	0	0	0
12	94909255	94909682	1	late	0	1	0	0	0	0
12	95105957	95106296	1	early	1	0	0	0	0	0
12	95228689	95228901	1	shCd19	0	0	0	0	1	0
12	95628792	95629243	1	terminal	0	0	1	0	0	0
12	96025221	96025489	1	shRunx3	0	0	0	0	0	1
12	96117776	96118138	1	shCd19	0	0	0	0	1	0
12	96264749	96264980	1	memory	0	0	0	1	0	0
12	96304074	96304292	1	shRunx3	0	0	0	0	0	1
12	96327968	96328275	1	memory	0	0	0	1	0	0
12	96346319	96346531	1	shRunx3	0	0	0	0	0	1
12	96398433	96398996	1	shRunx3	0	0	0	0	0	1
12	96633683	96634086	1	terminal	0	0	1	0	0	0
12	96677538	96678079	1	shCd19	0	0	0	0	1	0
12	96789040	96789343	1	shCd19	0	0	0	0	1	0
12	96860905	96861258	1	terminal	0	0	1	0	0	0
12	96867276	96867642	1	terminal	0	0	1	0	0	0
12	96992387	96992684	1	shCd19	0	0	0	0	1	0
12	97021969	97022222	1	terminal	0	0	1	0	0	0
12	97288750	97288970	1	shRunx3	0	0	0	0	0	1
12	97366112	97366394	1	early	1	0	0	0	0	0
12	97506305	97506610	1	shCd19	0	0	0	0	1	0
12	97535772	97536012	1	early	1	0	0	0	0	0
12	97754780	97755247	1	memory	0	0	0	1	0	0
12	97772698	97772951	1	memory	0	0	0	1	0	0
12	97814056	97814613	1	terminal	0	0	1	0	0	0
12	97997033	97997559	1	shCd19	0	0	0	0	1	0
12	98067591	98067857	1	early	1	0	0	0	0	0
12	98259195	98259419	1	shCd19	0	0	0	0	1	0
12	98269804	98269826	1	shCd19	0	0	0	0	1	0
12	98269826	98270487	2	shCd19,shRunx3	0	0	0	0	1	1
12	98283350	98283758	1	shRunx3	0	0	0	0	0	1
12	98373413	98373800	1	terminal	0	0	1	0	0	0
12	99153144	99153453	1	terminal	0	0	1	0	0	0
12	99221902	99222370	1	terminal	0	0	1	0	0	0
12	99352677	99352918	1	terminal	0	0	1	0	0	0
12	99406953	99407264	1	shRunx3	0	0	0	0	0	1
12	99571936	99572255	1	shRunx3	0	0	0	0	0	1
12	99586187	99586393	1	shCd19	0	0	0	0	1	0
12	99640430	99640722	1	shRunx3	0	0	0	0	0	1
12	99845450	99845762	1	terminal	0	0	1	0	0	0
12	99893632	99894031	1	terminal	0	0	1	0	0	0
12	100022293	100022669	1	shCd19	0	0	0	0	1	0
12	100141444	100141745	1	shCd19	0	0	0	0	1	0
12	100264480	100264692	1	shRunx3	0	0	0	0	0	1
12	100344142	100344497	1	shCd19	0	0	0	0	1	0
12	100397722	100398156	1	shCd19	0	0	0	0	1	0
12	100443332	100443873	1	terminal	0	0	1	0	0	0
12	100650118	100650412	1	terminal	0	0	1	0	0	0
12	100729267	100729513	1	memory	0	0	0	1	0	0
12	100881384	100881889	1	shRunx3	0	0	0	0	0	1
12	100994400	100994842	1	shCd19	0	0	0	0	1	0
12	101005630	101006094	1	terminal	0	0	1	0	0	0
12	101477737	101477938	1	shRunx3	0	0	0	0	0	1
12	101814679	101814993	1	terminal	0	0	1	0	0	0
12	102295041	102295746	1	shRunx3	0	0	0	0	0	1
12	102366209	102366534	1	shRunx3	0	0	0	0	0	1
12	102697954	102698275	1	shCd19	0	0	0	0	1	0
12	102844279	102844635	1	late	0	1	0	0	0	0
12	103341338	103341683	1	shCd19	0	0	0	0	1	0
12	103940180	103940538	1	shCd19	0	0	0	0	1	0
12	104011049	104011344	1	terminal	0	0	1	0	0	0
12	104046468	104046697	1	shCd19	0	0	0	0	1	0
12	104444856	104445192	1	shCd19	0	0	0	0	1	0
12	104518317	104518540	1	shRunx3	0	0	0	0	0	1
12	104533580	104533850	1	terminal	0	0	1	0	0	0
12	104775788	104776079	1	shRunx3	0	0	0	0	0	1
12	104956514	104956962	1	terminal	0	0	1	0	0	0
12	105001032	105001363	1	shCd19	0	0	0	0	1	0
12	105040116	105040373	1	terminal	0	0	1	0	0	0
12	105145677	105146088	1	memory	0	0	0	1	0	0
12	105253361	105253622	1	shCd19	0	0	0	0	1	0
12	105400086	105400577	1	late	0	1	0	0	0	0
12	105429031	105429293	1	late	0	1	0	0	0	0
12	105940604	105940951	1	shCd19	0	0	0	0	1	0
12	106248045	106248485	1	late	0	1	0	0	0	0
12	106544506	106544967	1	late	0	1	0	0	0	0
12	106646954	106647268	1	shCd19	0	0	0	0	1	0
12	107050399	107050670	1	terminal	0	0	1	0	0	0
12	107054663	107055117	1	memory	0	0	0	1	0	0
12	107271887	107272166	1	memory	0	0	0	1	0	0
12	107552471	107552821	1	memory	0	0	0	1	0	0
12	107657095	107657501	1	late	0	1	0	0	0	0
12	107963175	107963458	1	shCd19	0	0	0	0	1	0
12	107991222	107991591	1	shRunx3	0	0	0	0	0	1
12	108406072	108406568	1	shCd19	0	0	0	0	1	0
12	108526990	108527362	1	memory	0	0	0	1	0	0
12	108758052	108758630	1	shRunx3	0	0	0	0	0	1
12	109122615	109122891	1	shRunx3	0	0	0	0	0	1
12	109140452	109140828	1	late	0	1	0	0	0	0
12	109320794	109321421	1	terminal	0	0	1	0	0	0
12	109486587	109487115	1	memory	0	0	0	1	0	0
12	109529068	109529288	1	shCd19	0	0	0	0	1	0
12	110375432	110375689	1	memory	0	0	0	1	0	0
12	110388529	110388898	1	shRunx3	0	0	0	0	0	1
12	110504724	110505079	1	shRunx3	0	0	0	0	0	1
12	110601918	110602212	1	shCd19	0	0	0	0	1	0
12	110706463	110706908	1	late	0	1	0	0	0	0
12	111038614	111038841	1	memory	0	0	0	1	0	0
12	111047991	111048373	1	shRunx3	0	0	0	0	0	1
12	111114130	111114444	1	terminal	0	0	1	0	0	0
12	111354152	111354648	1	shRunx3	0	0	0	0	0	1
12	111364803	111365090	1	early	1	0	0	0	0	0
12	111451439	111451800	1	shCd19	0	0	0	0	1	0
12	111482048	111482289	1	shCd19	0	0	0	0	1	0
12	111559204	111559546	1	shRunx3	0	0	0	0	0	1
12	112449602	112449995	1	shRunx3	0	0	0	0	0	1
12	112861027	112861310	1	shCd19	0	0	0	0	1	0
12	112912746	112912965	1	shCd19	0	0	0	0	1	0
12	113166199	113166991	1	late	0	1	0	0	0	0
12	113168197	113168440	1	memory	0	0	0	1	0	0
12	113213065	113213429	1	late	0	1	0	0	0	0
12	113258484	113259034	1	memory	0	0	0	1	0	0
12	113353510	113353891	1	memory	0	0	0	1	0	0
12	113669484	113669698	1	shCd19	0	0	0	0	1	0
12	114349681	114349945	1	late	0	1	0	0	0	0
12	114609133	114609574	1	terminal	0	0	1	0	0	0
12	114891329	114891691	1	late	0	1	0	0	0	0
12	115927866	115928389	1	shRunx3	0	0	0	0	0	1
12	116244822	116245101	1	late	0	1	0	0	0	0
12	116280902	116281273	1	shCd19	0	0	0	0	1	0
12	116479442	116479670	1	shCd19	0	0	0	0	1	0
12	116687001	116687315	1	shRunx3	0	0	0	0	0	1
12	117040378	117040662	1	terminal	0	0	1	0	0	0
12	117232592	117232983	1	shCd19	0	0	0	0	1	0
12	117345315	117345559	1	terminal	0	0	1	0	0	0
12	117788016	117788522	1	terminal	0	0	1	0	0	0
12	118177640	118178111	1	early	1	0	0	0	0	0
12	118301742	118302267	1	shCd19	0	0	0	0	1	0
12	118605710	118605927	1	shRunx3	0	0	0	0	0	1
12	118622472	118622827	1	shRunx3	0	0	0	0	0	1
12	118844815	118845175	1	early	1	0	0	0	0	0
12	118867655	118868034	1	early	1	0	0	0	0	0
12	119010709	119010904	1	shRunx3	0	0	0	0	0	1
12	119214040	119214404	1	shRunx3	0	0	0	0	0	1
12	119741549	119741836	1	memory	0	0	0	1	0	0
13	3871156	3871451	1	memory	0	0	0	1	0	0
13	4076079	4076721	1	shRunx3	0	0	0	0	0	1
13	4196291	4196574	1	late	0	1	0	0	0	0
13	4334700	4335313	1	shRunx3	0	0	0	0	0	1
13	4378738	4379260	1	terminal	0	0	1	0	0	0
13	4446166	4446494	1	terminal	0	0	1	0	0	0
13	4509331	4509616	1	early	1	0	0	0	0	0
13	4852185	4852735	1	late	0	1	0	0	0	0
13	4899711	4899941	1	terminal	0	0	1	0	0	0
13	5183431	5183738	1	late	0	1	0	0	0	0
13	5562061	5562329	1	late	0	1	0	0	0	0
13	5672886	5673148	1	terminal	0	0	1	0	0	0
13	5889862	5890295	1	shCd19	0	0	0	0	1	0
13	5971987	5972295	1	terminal	0	0	1	0	0	0
13	6201542	6201873	1	shCd19	0	0	0	0	1	0
13	6250346	6250572	1	memory	0	0	0	1	0	0
13	6303422	6303674	1	terminal	0	0	1	0	0	0
13	6507468	6507764	1	shRunx3	0	0	0	0	0	1
13	6548058	6548397	1	shCd19	0	0	0	0	1	0
13	6629025	6629319	1	late	0	1	0	0	0	0
13	6709865	6710233	1	shRunx3	0	0	0	0	0	1
13	6742835	6743067	1	memory	0	0	0	1	0	0
13	6810686	6811074	1	shCd19	0	0	0	0	1	0
13	6895185	6895482	1	memory	0	0	0	1	0	0
13	7379278	7379530	1	shCd19	0	0	0	0	1	0
13	7581853	7582141	1	late	0	1	0	0	0	0
13	7587493	7587865	1	early	1	0	0	0	0	0
13	8045002	8045247	1	shRunx3	0	0	0	0	0	1
13	8130207	8130566	1	shRunx3	0	0	0	0	0	1
13	8263503	8263745	1	shRunx3	0	0	0	0	0	1
13	8427352	8427598	1	shRunx3	0	0	0	0	0	1
13	8503157	8503676	1	shCd19	0	0	0	0	1	0
13	8713237	8713676	1	terminal	0	0	1	0	0	0
13	8850723	8851005	1	memory	0	0	0	1	0	0
13	8885543	8886330	1	shCd19	0	0	0	0	1	0
13	8960545	8960862	1	terminal	0	0	1	0	0	0
13	8996115	8996425	1	shRunx3	0	0	0	0	0	1
13	9868027	9868265	1	shRunx3	0	0	0	0	0	1
13	9976276	9976728	1	memory	0	0	0	1	0	0
13	10161475	10161697	1	shRunx3	0	0	0	0	0	1
13	10864331	10864760	1	terminal	0	0	1	0	0	0
13	10907691	10907947	1	late	0	1	0	0	0	0
13	10955737	10955972	1	shRunx3	0	0	0	0	0	1
13	11101123	11101335	1	shRunx3	0	0	0	0	0	1
13	11185728	11185955	1	shRunx3	0	0	0	0	0	1
13	11287730	11288194	1	late	0	1	0	0	0	0
13	11307822	11308050	1	shRunx3	0	0	0	0	0	1
13	11627234	11627538	1	shRunx3	0	0	0	0	0	1
13	12039849	12040069	1	shCd19	0	0	0	0	1	0
13	12148073	12148752	1	terminal	0	0	1	0	0	0
13	12170127	12170325	1	shRunx3	0	0	0	0	0	1
13	12237748	12238246	1	terminal	0	0	1	0	0	0
13	12266490	12266687	1	shRunx3	0	0	0	0	0	1
13	13275380	13275571	1	shRunx3	0	0	0	0	0	1
13	13333665	13333904	1	early	1	0	0	0	0	0
13	13530610	13530861	1	shRunx3	0	0	0	0	0	1
13	13578773	13579273	1	late	0	1	0	0	0	0
13	13954461	13954746	1	terminal	0	0	1	0	0	0
13	14063184	14063331	1	shRunx3	0	0	0	0	0	1
13	14063331	14063934	2	shCd19,shRunx3	0	0	0	0	1	1
13	14063934	14064026	1	shRunx3	0	0	0	0	0	1
13	14079093	14079582	1	shRunx3	0	0	0	0	0	1
13	14098796	14099006	1	shCd19	0	0	0	0	1	0
13	14482952	14483305	1	shRunx3	0	0	0	0	0	1
13	14492147	14492495	1	late	0	1	0	0	0	0
13	15100710	15101227	1	shRunx3	0	0	0	0	0	1
13	15551355	15551549	1	shCd19	0	0	0	0	1	0
13	15665060	15665582	1	shRunx3	0	0	0	0	0	1
13	15926205	15926724	1	early	1	0	0	0	0	0
13	16124122	16124528	1	terminal	0	0	1	0	0	0
13	16158633	16158906	1	early	1	0	0	0	0	0
13	16528045	16528365	1	terminal	0	0	1	0	0	0
13	16707451	16707866	1	terminal	0	0	1	0	0	0
13	16932127	16932767	1	terminal	0	0	1	0	0	0
13	16982113	16982448	1	late	0	1	0	0	0	0
13	17125312	17125576	1	terminal	0	0	1	0	0	0
13	17144519	17144735	1	shCd19	0	0	0	0	1	0
13	17246835	17247083	1	shRunx3	0	0	0	0	0	1
13	17424577	17424882	1	terminal	0	0	1	0	0	0
13	17495570	17495897	1	shRunx3	0	0	0	0	0	1
13	17749310	17749642	1	terminal	0	0	1	0	0	0
13	17975648	17976108	1	shCd19	0	0	0	0	1	0
13	18165372	18165642	1	shRunx3	0	0	0	0	0	1
13	18472313	18473196	1	early	1	0	0	0	0	0
13	18523533	18523810	1	late	0	1	0	0	0	0
13	19251032	19251292	1	memory	0	0	0	1	0	0
13	19277141	19277466	1	shCd19	0	0	0	0	1	0
13	19819181	19819453	1	terminal	0	0	1	0	0	0
13	19949275	19949878	1	terminal	0	0	1	0	0	0
13	20001905	20002143	1	shCd19	0	0	0	0	1	0
13	20054385	20054635	1	early	1	0	0	0	0	0
13	20101473	20101836	1	memory	0	0	0	1	0	0
13	20116950	20117155	1	shRunx3	0	0	0	0	0	1
13	20136742	20136963	1	shCd19	0	0	0	0	1	0
13	20216053	20216465	1	terminal	0	0	1	0	0	0
13	20743778	20744254	1	memory	0	0	0	1	0	0
13	20755244	20755644	1	terminal	0	0	1	0	0	0
13	20835115	20835416	1	shRunx3	0	0	0	0	0	1
13	20991763	20991985	1	shCd19	0	0	0	0	1	0
13	21149868	21150191	1	late	0	1	0	0	0	0
13	21179920	21180205	1	early	1	0	0	0	0	0
13	21208805	21209078	1	shRunx3	0	0	0	0	0	1
13	21260163	21260383	1	shCd19	0	0	0	0	1	0
13	21292104	21292307	1	shCd19	0	0	0	0	1	0
13	21401166	21401667	1	late	0	1	0	0	0	0
13	21522497	21522990	1	shRunx3	0	0	0	0	0	1
13	21544017	21544485	1	memory	0	0	0	1	0	0
13	21562188	21562383	1	shRunx3	0	0	0	0	0	1
13	21724820	21725451	1	late	0	1	0	0	0	0
13	22077224	22077505	1	shRunx3	0	0	0	0	0	1
13	23395233	23395634	1	early	1	0	0	0	0	0
13	23430544	23431063	1	shRunx3	0	0	0	0	0	1
13	23730538	23731129	1	late	0	1	0	0	0	0
13	23734659	23735084	1	terminal	0	0	1	0	0	0
13	24139307	24139558	1	memory	0	0	0	1	0	0
13	24269285	24269566	1	shRunx3	0	0	0	0	0	1
13	24366791	24367081	1	shRunx3	0	0	0	0	0	1
13	24415665	24416040	1	shRunx3	0	0	0	0	0	1
13	24419465	24419670	1	shRunx3	0	0	0	0	0	1
13	24449314	24449573	1	shRunx3	0	0	0	0	0	1
13	24596244	24596928	1	terminal	0	0	1	0	0	0
13	24605057	24605340	1	terminal	0	0	1	0	0	0
13	24952918	24953175	1	memory	0	0	0	1	0	0
13	25476392	25476934	1	shRunx3	0	0	0	0	0	1
13	25676271	25676551	1	terminal	0	0	1	0	0	0
13	25843760	25844048	1	memory	0	0	0	1	0	0
13	26020046	26020404	1	early	1	0	0	0	0	0
13	26158147	26158437	1	memory	0	0	0	1	0	0
13	26338564	26338833	1	shCd19	0	0	0	0	1	0
13	26381709	26381945	1	terminal	0	0	1	0	0	0
13	26907875	26908352	1	shCd19	0	0	0	0	1	0
13	27246809	27247172	1	shCd19	0	0	0	0	1	0
13	27293206	27293434	1	shCd19	0	0	0	0	1	0
13	27468089	27468316	1	shCd19	0	0	0	0	1	0
13	27621851	27622499	1	late	0	1	0	0	0	0
13	27639795	27640467	1	shRunx3	0	0	0	0	0	1
13	27668945	27669386	1	terminal	0	0	1	0	0	0
13	27772318	27772601	1	shRunx3	0	0	0	0	0	1
13	27967372	27967630	1	shRunx3	0	0	0	0	0	1
13	28520069	28520315	1	memory	0	0	0	1	0	0
13	28615352	28615690	1	early	1	0	0	0	0	0
13	28671980	28672285	1	memory	0	0	0	1	0	0
13	28824080	28824372	1	terminal	0	0	1	0	0	0
13	29172038	29172295	1	terminal	0	0	1	0	0	0
13	29329144	29329436	1	early	1	0	0	0	0	0
13	29362405	29362761	1	memory	0	0	0	1	0	0
13	29637573	29637813	1	early	1	0	0	0	0	0
13	30109044	30109414	1	terminal	0	0	1	0	0	0
13	30177208	30177627	1	late	0	1	0	0	0	0
13	30479950	30480304	1	terminal	0	0	1	0	0	0
13	30567570	30567788	1	shRunx3	0	0	0	0	0	1
13	30636387	30636673	1	late	0	1	0	0	0	0
13	30692868	30693240	1	shCd19	0	0	0	0	1	0
13	30747767	30747978	1	shRunx3	0	0	0	0	0	1
13	30945568	30945866	1	shCd19	0	0	0	0	1	0
13	31098108	31098457	1	shCd19	0	0	0	0	1	0
13	31244172	31244555	1	early	1	0	0	0	0	0
13	31345469	31345880	1	early	1	0	0	0	0	0
13	31371400	31371599	1	shCd19	0	0	0	0	1	0
13	31591559	31592339	1	shCd19	0	0	0	0	1	0
13	32024687	32024933	1	terminal	0	0	1	0	0	0
13	32185475	32185739	1	terminal	0	0	1	0	0	0
13	32316009	32316274	1	terminal	0	0	1	0	0	0
13	32338651	32339300	1	shRunx3	0	0	0	0	0	1
13	32871971	32872241	1	shRunx3	0	0	0	0	0	1
13	32917984	32918242	1	late	0	1	0	0	0	0
13	32965763	32966205	1	late	0	1	0	0	0	0
13	32983371	32983594	1	shRunx3	0	0	0	0	0	1
13	33071842	33072412	1	shCd19	0	0	0	0	1	0
13	33150353	33150805	1	terminal	0	0	1	0	0	0
13	33651222	33651582	1	late	0	1	0	0	0	0
13	33704982	33705351	1	memory	0	0	0	1	0	0
13	33858966	33859233	1	terminal	0	0	1	0	0	0
13	33988098	33988368	1	shCd19	0	0	0	0	1	0
13	34109975	34110445	1	late	0	1	0	0	0	0
13	34220894	34221353	1	terminal	0	0	1	0	0	0
13	34842044	34842519	1	late	0	1	0	0	0	0
13	35398256	35398518	1	terminal	0	0	1	0	0	0
13	35665900	35666339	1	early	1	0	0	0	0	0
13	35809549	35809880	1	shRunx3	0	0	0	0	0	1
13	35815793	35816002	1	shRunx3	0	0	0	0	0	1
13	35871522	35871824	1	shRunx3	0	0	0	0	0	1
13	36117607	36117855	1	shRunx3	0	0	0	0	0	1
13	36133099	36133416	1	early	1	0	0	0	0	0
13	36338046	36338358	1	memory	0	0	0	1	0	0
13	36367989	36368349	1	terminal	0	0	1	0	0	0
13	36411178	36411450	1	early	1	0	0	0	0	0
13	36412359	36412776	1	terminal	0	0	1	0	0	0
13	36678280	36678673	1	early	1	0	0	0	0	0
13	36726407	36726829	1	late	0	1	0	0	0	0
13	36745750	36746023	1	early	1	0	0	0	0	0
13	36873121	36873602	1	late	0	1	0	0	0	0
13	37378606	37378825	1	shCd19	0	0	0	0	1	0
13	37994256	37994722	1	terminal	0	0	1	0	0	0
13	38171151	38171378	1	terminal	0	0	1	0	0	0
13	38517155	38517548	1	terminal	0	0	1	0	0	0
13	38551857	38552062	1	shCd19	0	0	0	0	1	0
13	38576691	38577044	1	shCd19	0	0	0	0	1	0
13	38792203	38792644	1	terminal	0	0	1	0	0	0
13	39489030	39489365	1	early	1	0	0	0	0	0
13	40274485	40274689	1	shCd19	0	0	0	0	1	0
13	40959101	40959295	1	shCd19	0	0	0	0	1	0
13	41104148	41104350	1	shRunx3	0	0	0	0	0	1
13	41164865	41165444	1	shCd19	0	0	0	0	1	0
13	41227673	41227979	1	shRunx3	0	0	0	0	0	1
13	41367297	41367791	1	shRunx3	0	0	0	0	0	1
13	41476929	41477237	1	memory	0	0	0	1	0	0
13	41486887	41487062	1	shCd19	0	0	0	0	1	0
13	41487062	41487357	2	shCd19,shRunx3	0	0	0	0	1	1
13	41670618	41670901	1	shCd19	0	0	0	0	1	0
13	41705428	41705787	1	shCd19	0	0	0	0	1	0
13	41808699	41808969	1	late	0	1	0	0	0	0
13	42051346	42051858	1	shCd19	0	0	0	0	1	0
13	42095650	42096134	1	shRunx3	0	0	0	0	0	1
13	42113683	42113907	1	shCd19	0	0	0	0	1	0
13	42477321	42477559	1	memory	0	0	0	1	0	0
13	42482689	42483157	1	shRunx3	0	0	0	0	0	1
13	42518362	42518620	1	terminal	0	0	1	0	0	0
13	42521939	42522301	1	late	0	1	0	0	0	0
13	42786733	42786968	1	shRunx3	0	0	0	0	0	1
13	42842414	42842923	1	shCd19	0	0	0	0	1	0
13	42879882	42880287	1	early	1	0	0	0	0	0
13	43177214	43177586	1	shRunx3	0	0	0	0	0	1
13	43202584	43202905	1	shCd19	0	0	0	0	1	0
13	43234050	43234537	1	shRunx3	0	0	0	0	0	1
13	43485275	43485709	1	shCd19	0	0	0	0	1	0
13	43509956	43510245	1	late	0	1	0	0	0	0
13	43617189	43617699	1	shRunx3	0	0	0	0	0	1
13	44058207	44058480	1	shRunx3	0	0	0	0	0	1
13	44730773	44731240	1	shCd19	0	0	0	0	1	0
13	44907802	44908084	1	shCd19	0	0	0	0	1	0
13	44929389	44929663	1	memory	0	0	0	1	0	0
13	45087090	45087386	1	terminal	0	0	1	0	0	0
13	45530029	45530371	1	memory	0	0	0	1	0	0
13	45634169	45634498	1	terminal	0	0	1	0	0	0
13	45661011	45661241	1	memory	0	0	0	1	0	0
13	45693455	45694032	1	shRunx3	0	0	0	0	0	1
13	45818729	45818971	1	early	1	0	0	0	0	0
13	45878326	45878577	1	shCd19	0	0	0	0	1	0
13	45917125	45917489	1	shRunx3	0	0	0	0	0	1
13	45943250	45943537	1	memory	0	0	0	1	0	0
13	45965109	45965321	1	shRunx3	0	0	0	0	0	1
13	46026840	46027592	1	shCd19	0	0	0	0	1	0
13	46292763	46293211	1	shCd19	0	0	0	0	1	0
13	46393637	46393869	1	memory	0	0	0	1	0	0
13	46679480	46679900	1	shCd19	0	0	0	0	1	0
13	46715795	46716191	1	terminal	0	0	1	0	0	0
13	47043256	47043258	1	shRunx3	0	0	0	0	0	1
13	47043258	47043486	2	shCd19,shRunx3	0	0	0	0	1	1
13	47043486	47043519	1	shRunx3	0	0	0	0	0	1
13	47685415	47685820	1	shRunx3	0	0	0	0	0	1
13	47694827	47695105	1	memory	0	0	0	1	0	0
13	47806916	47807148	1	terminal	0	0	1	0	0	0
13	47972359	47972993	1	memory	0	0	0	1	0	0
13	48043048	48043439	1	shRunx3	0	0	0	0	0	1
13	48488416	48489021	1	early	1	0	0	0	0	0
13	48515546	48516077	1	terminal	0	0	1	0	0	0
13	48573554	48574180	1	terminal	0	0	1	0	0	0
13	48698875	48699125	1	shCd19	0	0	0	0	1	0
13	48813466	48814292	1	terminal	0	0	1	0	0	0
13	49033511	49033875	1	shCd19	0	0	0	0	1	0
13	49035739	49035971	1	shRunx3	0	0	0	0	0	1
13	49242484	49242955	1	shRunx3	0	0	0	0	0	1
13	49689518	49690003	1	shRunx3	0	0	0	0	0	1
13	49778261	49778628	1	shCd19	0	0	0	0	1	0
13	49868278	49868570	1	terminal	0	0	1	0	0	0
13	50586129	50586338	1	shCd19	0	0	0	0	1	0
13	50594362	50594785	1	terminal	0	0	1	0	0	0
13	50608590	50608845	1	memory	0	0	0	1	0	0
13	50944985	50945381	1	late	0	1	0	0	0	0
13	51247244	51247686	1	terminal	0	0	1	0	0	0
13	51288973	51289239	1	late	0	1	0	0	0	0
13	51468758	51469022	1	terminal	0	0	1	0	0	0
13	51791895	51792884	1	shRunx3	0	0	0	0	0	1
13	51792922	51793810	1	shCd19	0	0	0	0	1	0
13	51813689	51814502	1	shRunx3	0	0	0	0	0	1
13	51820279	51820688	1	terminal	0	0	1	0	0	0
13	51846099	51846478	1	shCd19	0	0	0	0	1	0
13	52449559	52449946	1	terminal	0	0	1	0	0	0
13	52542058	52542422	1	shCd19	0	0	0	0	1	0
13	52727829	52728162	1	early	1	0	0	0	0	0
13	53279699	53280081	1	shCd19	0	0	0	0	1	0
13	53389715	53390518	1	early	1	0	0	0	0	0
13	53954418	53954667	1	shRunx3	0	0	0	0	0	1
13	54389023	54389256	1	memory	0	0	0	1	0	0
13	54723984	54724258	1	early	1	0	0	0	0	0
13	54879384	54879613	1	shCd19	0	0	0	0	1	0
13	55008336	55008582	1	memory	0	0	0	1	0	0
13	55014407	55014655	1	memory	0	0	0	1	0	0
13	55018085	55018335	1	shCd19	0	0	0	0	1	0
13	55278313	55278514	1	shRunx3	0	0	0	0	0	1
13	55432206	55432265	1	shRunx3	0	0	0	0	0	1
13	55432265	55432564	2	shCd19,shRunx3	0	0	0	0	1	1
13	55432564	55432587	1	shCd19	0	0	0	0	1	0
13	55443942	55444239	1	shRunx3	0	0	0	0	0	1
13	55444907	55445115	1	shRunx3	0	0	0	0	0	1
13	55513240	55513461	1	shRunx3	0	0	0	0	0	1
13	55777312	55777585	1	late	0	1	0	0	0	0
13	55803521	55803858	1	memory	0	0	0	1	0	0
13	55808190	55808537	1	memory	0	0	0	1	0	0
13	55927127	55927476	1	shCd19	0	0	0	0	1	0
13	56148726	56148935	1	shCd19	0	0	0	0	1	0
13	56396419	56396752	1	terminal	0	0	1	0	0	0
13	56841377	56841629	1	terminal	0	0	1	0	0	0
13	56974556	56975041	1	terminal	0	0	1	0	0	0
13	57262333	57262612	1	terminal	0	0	1	0	0	0
13	57512383	57512612	1	terminal	0	0	1	0	0	0
13	57552106	57552364	1	terminal	0	0	1	0	0	0
13	57785664	57785903	1	terminal	0	0	1	0	0	0
13	57840874	57841262	1	late	0	1	0	0	0	0
13	58126388	58126804	1	early	1	0	0	0	0	0
13	58203739	58203996	1	early	1	0	0	0	0	0
13	58528052	58528285	1	shCd19	0	0	0	0	1	0
13	58537762	58538193	1	late	0	1	0	0	0	0
13	58764950	58765222	1	terminal	0	0	1	0	0	0
13	58917126	58917489	1	late	0	1	0	0	0	0
13	59529337	59529575	1	terminal	0	0	1	0	0	0
13	59539142	59539521	1	late	0	1	0	0	0	0
13	59707913	59708266	1	early	1	0	0	0	0	0
13	60275802	60276209	1	terminal	0	0	1	0	0	0
13	60636215	60636587	1	early	1	0	0	0	0	0
13	60921591	60921893	1	terminal	0	0	1	0	0	0
13	61378123	61378440	1	shCd19	0	0	0	0	1	0
13	61472649	61472852	1	shCd19	0	0	0	0	1	0
13	61804637	61804905	1	shCd19	0	0	0	0	1	0
13	61882923	61883168	1	shRunx3	0	0	0	0	0	1
13	62450126	62450377	1	shRunx3	0	0	0	0	0	1
13	62799324	62799945	1	late	0	1	0	0	0	0
13	63130839	63131089	1	shCd19	0	0	0	0	1	0
13	63141138	63141381	1	shCd19	0	0	0	0	1	0
13	63189525	63189845	1	shRunx3	0	0	0	0	0	1
13	63223192	63223440	1	memory	0	0	0	1	0	0
13	63240308	63240523	1	shRunx3	0	0	0	0	0	1
13	63252949	63253333	1	shCd19	0	0	0	0	1	0
13	63274698	63275048	1	shCd19	0	0	0	0	1	0
13	63479561	63479784	1	shCd19	0	0	0	0	1	0
13	63550032	63550482	1	memory	0	0	0	1	0	0
13	63604522	63605254	1	late	0	1	0	0	0	0
13	63633904	63634382	1	shRunx3	0	0	0	0	0	1
13	63886611	63886926	1	shCd19	0	0	0	0	1	0
13	63925081	63925309	1	terminal	0	0	1	0	0	0
13	63970066	63970402	1	early	1	0	0	0	0	0
13	63991193	63991395	1	shCd19	0	0	0	0	1	0
13	64148414	64148806	1	terminal	0	0	1	0	0	0
13	64672316	64672643	1	shRunx3	0	0	0	0	0	1
13	64949103	64949409	1	shCd19	0	0	0	0	1	0
13	65278525	65279191	1	late	0	1	0	0	0	0
13	66527937	66528290	1	terminal	0	0	1	0	0	0
13	67126836	67127422	1	terminal	0	0	1	0	0	0
13	67282074	67282414	1	late	0	1	0	0	0	0
13	67335705	67335942	1	shCd19	0	0	0	0	1	0
13	67406174	67406400	1	shCd19	0	0	0	0	1	0
13	67491224	67491542	1	shRunx3	0	0	0	0	0	1
13	67773742	67774072	1	early	1	0	0	0	0	0
13	67934732	67934926	1	shCd19	0	0	0	0	1	0
13	68282657	68283044	1	terminal	0	0	1	0	0	0
13	68324695	68325015	1	shRunx3	0	0	0	0	0	1
13	68391309	68391546	1	shRunx3	0	0	0	0	0	1
13	68948321	68948685	1	shRunx3	0	0	0	0	0	1
13	68982117	68982516	1	terminal	0	0	1	0	0	0
13	69136345	69136691	1	shCd19	0	0	0	0	1	0
13	69192754	69193128	1	early	1	0	0	0	0	0
13	69392097	69392480	1	terminal	0	0	1	0	0	0
13	69549993	69550272	1	early	1	0	0	0	0	0
13	69556534	69556899	1	shCd19	0	0	0	0	1	0
13	69571116	69571643	1	shCd19	0	0	0	0	1	0
13	69998066	69998485	1	shRunx3	0	0	0	0	0	1
13	70399032	70399227	1	shCd19	0	0	0	0	1	0
13	70454682	70455065	1	shCd19	0	0	0	0	1	0
13	70871593	70871865	1	shRunx3	0	0	0	0	0	1
13	71056956	71057241	1	shCd19	0	0	0	0	1	0
13	71235045	71235249	1	shCd19	0	0	0	0	1	0
13	71856542	71856932	1	memory	0	0	0	1	0	0
13	71859996	71860397	1	shCd19	0	0	0	0	1	0
13	71893537	71894067	1	late	0	1	0	0	0	0
13	71932986	71933310	1	shCd19	0	0	0	0	1	0
13	71974089	71974461	1	late	0	1	0	0	0	0
13	72058037	72058464	1	memory	0	0	0	1	0	0
13	72240481	72240726	1	terminal	0	0	1	0	0	0
13	72509256	72509591	1	terminal	0	0	1	0	0	0
13	72710118	72710432	1	terminal	0	0	1	0	0	0
13	72710784	72711192	1	late	0	1	0	0	0	0
13	73249322	73249726	1	early	1	0	0	0	0	0
13	73525309	73525581	1	early	1	0	0	0	0	0
13	73686297	73686833	1	terminal	0	0	1	0	0	0
13	73938042	73938323	1	late	0	1	0	0	0	0
13	74037511	74037866	1	shCd19	0	0	0	0	1	0
13	74402620	74403222	1	late	0	1	0	0	0	0
13	74447445	74447676	1	terminal	0	0	1	0	0	0
13	74593033	74593458	1	shCd19	0	0	0	0	1	0
13	74770336	74770781	1	shCd19	0	0	0	0	1	0
13	74808651	74809114	1	terminal	0	0	1	0	0	0
13	75240632	75240907	1	terminal	0	0	1	0	0	0
13	75277555	75277952	1	late	0	1	0	0	0	0
13	75372181	75372508	1	terminal	0	0	1	0	0	0
13	75612326	75612583	1	memory	0	0	0	1	0	0
13	75885349	75885552	1	shRunx3	0	0	0	0	0	1
13	75995037	75995467	1	terminal	0	0	1	0	0	0
13	76056423	76056912	1	shCd19	0	0	0	0	1	0
13	76144824	76145156	1	late	0	1	0	0	0	0
13	76249502	76249738	1	shRunx3	0	0	0	0	0	1
13	76392830	76393350	1	shCd19	0	0	0	0	1	0
13	76533716	76534124	1	shRunx3	0	0	0	0	0	1
13	76685468	76685894	1	late	0	1	0	0	0	0
13	76707408	76707750	1	shRunx3	0	0	0	0	0	1
13	77104630	77104967	1	late	0	1	0	0	0	0
13	77397506	77397725	1	shCd19	0	0	0	0	1	0
13	78269519	78269865	1	early	1	0	0	0	0	0
13	78549459	78549771	1	terminal	0	0	1	0	0	0
13	78559175	78559603	1	early	1	0	0	0	0	0
13	79390840	79391206	1	early	1	0	0	0	0	0
13	79642963	79643215	1	shCd19	0	0	0	0	1	0
13	80111131	80111410	1	shRunx3	0	0	0	0	0	1
13	80452864	80453093	1	terminal	0	0	1	0	0	0
13	80757581	80757835	1	shCd19	0	0	0	0	1	0
13	81186003	81186588	1	late	0	1	0	0	0	0
13	81399862	81400133	1	shRunx3	0	0	0	0	0	1
13	81573938	81574187	1	shRunx3	0	0	0	0	0	1
13	81583593	81583918	1	shRunx3	0	0	0	0	0	1
13	81640671	81640937	1	shCd19	0	0	0	0	1	0
13	81804828	81805100	1	terminal	0	0	1	0	0	0
13	81820882	81821198	1	shRunx3	0	0	0	0	0	1
13	81924886	81925117	1	terminal	0	0	1	0	0	0
13	82080981	82081212	1	terminal	0	0	1	0	0	0
13	82169132	82169380	1	shCd19	0	0	0	0	1	0
13	82314352	82314612	1	shRunx3	0	0	0	0	0	1
13	82348608	82348847	1	terminal	0	0	1	0	0	0
13	82356708	82357111	1	shRunx3	0	0	0	0	0	1
13	82378572	82378774	1	shCd19	0	0	0	0	1	0
13	82381127	82381330	1	shCd19	0	0	0	0	1	0
13	82438039	82438387	1	shRunx3	0	0	0	0	0	1
13	83050847	83051237	1	shRunx3	0	0	0	0	0	1
13	83508485	83508744	1	terminal	0	0	1	0	0	0
13	83943237	83943954	1	late	0	1	0	0	0	0
13	83965378	83965593	1	shCd19	0	0	0	0	1	0
13	84248905	84249276	1	shCd19	0	0	0	0	1	0
13	84498051	84498342	1	shRunx3	0	0	0	0	0	1
13	84534752	84535205	1	memory	0	0	0	1	0	0
13	84689983	84690290	1	shRunx3	0	0	0	0	0	1
13	84727039	84727412	1	shRunx3	0	0	0	0	0	1
13	85219408	85219771	1	memory	0	0	0	1	0	0
13	85232879	85233206	1	shCd19	0	0	0	0	1	0
13	85569351	85569753	1	late	0	1	0	0	0	0
13	85590947	85591334	1	memory	0	0	0	1	0	0
13	85770346	85770612	1	shCd19	0	0	0	0	1	0
13	86211177	86211725	1	terminal	0	0	1	0	0	0
13	86220355	86220604	1	memory	0	0	0	1	0	0
13	86329494	86329724	1	shRunx3	0	0	0	0	0	1
13	86792476	86792768	1	terminal	0	0	1	0	0	0
13	86963425	86963737	1	shRunx3	0	0	0	0	0	1
13	87073579	87073839	1	terminal	0	0	1	0	0	0
13	87078503	87078810	1	shCd19	0	0	0	0	1	0
13	87673454	87673716	1	shRunx3	0	0	0	0	0	1
13	88316372	88316622	1	memory	0	0	0	1	0	0
13	88570582	88570922	1	memory	0	0	0	1	0	0
13	88623571	88623903	1	terminal	0	0	1	0	0	0
13	88663323	88663661	1	terminal	0	0	1	0	0	0
13	88930018	88930332	1	terminal	0	0	1	0	0	0
13	89261790	89262411	1	shRunx3	0	0	0	0	0	1
13	89620928	89621236	1	shRunx3	0	0	0	0	0	1
13	89683019	89683326	1	shCd19	0	0	0	0	1	0
13	89911048	89911283	1	memory	0	0	0	1	0	0
13	89928456	89928748	1	shCd19	0	0	0	0	1	0
13	90020346	90020746	1	shRunx3	0	0	0	0	0	1
13	90741851	90742163	1	late	0	1	0	0	0	0
13	90881718	90882221	1	shCd19	0	0	0	0	1	0
13	91207048	91207307	1	terminal	0	0	1	0	0	0
13	91314351	91314586	1	shCd19	0	0	0	0	1	0
13	91370261	91370676	1	shRunx3	0	0	0	0	0	1
13	91370983	91371372	1	shRunx3	0	0	0	0	0	1
13	91472013	91472306	1	late	0	1	0	0	0	0
13	91519874	91520234	1	shCd19	0	0	0	0	1	0
13	91622937	91623211	1	late	0	1	0	0	0	0
13	91794006	91794265	1	shRunx3	0	0	0	0	0	1
13	91807167	91807424	1	terminal	0	0	1	0	0	0
13	92037621	92037945	1	late	0	1	0	0	0	0
13	92118411	92118749	1	early	1	0	0	0	0	0
13	92163021	92163293	1	late	0	1	0	0	0	0
13	92343875	92344338	1	memory	0	0	0	1	0	0
13	92459803	92460075	1	shRunx3	0	0	0	0	0	1
13	92510127	92510422	1	terminal	0	0	1	0	0	0
13	92733131	92733392	1	shRunx3	0	0	0	0	0	1
13	92947889	92948214	1	shRunx3	0	0	0	0	0	1
13	93095361	93095694	1	shRunx3	0	0	0	0	0	1
13	93581590	93581849	1	shRunx3	0	0	0	0	0	1
13	93587267	93587580	1	shRunx3	0	0	0	0	0	1
13	93605941	93606205	1	terminal	0	0	1	0	0	0
13	93608698	93608959	1	shRunx3	0	0	0	0	0	1
13	94089366	94089637	1	terminal	0	0	1	0	0	0
13	94458174	94458535	1	late	0	1	0	0	0	0
13	94580241	94580604	1	terminal	0	0	1	0	0	0
13	95284925	95285228	1	early	1	0	0	0	0	0
13	95534383	95534611	1	shRunx3	0	0	0	0	0	1
13	95871800	95872030	1	shRunx3	0	0	0	0	0	1
13	95892009	95893048	1	shRunx3	0	0	0	0	0	1
13	96148547	96148801	1	terminal	0	0	1	0	0	0
13	96300002	96300208	1	shRunx3	0	0	0	0	0	1
13	96713960	96714154	1	shCd19	0	0	0	0	1	0
13	96916595	96916824	1	shCd19	0	0	0	0	1	0
13	97076910	97077136	1	shRunx3	0	0	0	0	0	1
13	97232385	97232605	1	shRunx3	0	0	0	0	0	1
13	97354694	97355098	1	late	0	1	0	0	0	0
13	97689057	97689333	1	shCd19	0	0	0	0	1	0
13	97857831	97858119	1	terminal	0	0	1	0	0	0
13	98013872	98014105	1	terminal	0	0	1	0	0	0
13	98253666	98254290	1	terminal	0	0	1	0	0	0
13	98643809	98644050	1	shCd19	0	0	0	0	1	0
13	98648299	98648584	1	shCd19	0	0	0	0	1	0
13	98655621	98655850	1	terminal	0	0	1	0	0	0
13	99189860	99190149	1	shRunx3	0	0	0	0	0	1
13	99199358	99199876	1	shCd19	0	0	0	0	1	0
13	99264409	99264726	1	early	1	0	0	0	0	0
13	99550965	99551281	1	terminal	0	0	1	0	0	0
13	99590922	99591125	1	shCd19	0	0	0	0	1	0
13	99772054	99772311	1	shRunx3	0	0	0	0	0	1
13	100071181	100071621	1	terminal	0	0	1	0	0	0
13	100132452	100132843	1	memory	0	0	0	1	0	0
13	100213309	100213845	1	terminal	0	0	1	0	0	0
13	100432098	100432530	1	terminal	0	0	1	0	0	0
13	100595773	100596061	1	terminal	0	0	1	0	0	0
13	100701935	100702200	1	memory	0	0	0	1	0	0
13	100741852	100742307	1	shCd19	0	0	0	0	1	0
13	100782463	100782706	1	shCd19	0	0	0	0	1	0
13	100958660	100959058	1	shRunx3	0	0	0	0	0	1
13	101250433	101251026	1	shRunx3	0	0	0	0	0	1
13	101378548	101379009	1	terminal	0	0	1	0	0	0
13	101599036	101599228	1	shRunx3	0	0	0	0	0	1
13	101600606	101600917	1	shCd19	0	0	0	0	1	0
13	101601157	101601744	1	memory	0	0	0	1	0	0
13	101690387	101690876	1	late	0	1	0	0	0	0
13	101907764	101908187	1	shRunx3	0	0	0	0	0	1
13	101920820	101921050	1	terminal	0	0	1	0	0	0
13	101980744	101981039	1	late	0	1	0	0	0	0
13	102214605	102215015	1	terminal	0	0	1	0	0	0
13	102331341	102331783	1	terminal	0	0	1	0	0	0
13	102374260	102374476	1	shCd19	0	0	0	0	1	0
13	102650865	102651109	1	memory	0	0	0	1	0	0
13	102888463	102888703	1	shCd19	0	0	0	0	1	0
13	102934112	102934381	1	memory	0	0	0	1	0	0
13	103196033	103196567	1	terminal	0	0	1	0	0	0
13	103343878	103344136	1	memory	0	0	0	1	0	0
13	103369325	103369571	1	shRunx3	0	0	0	0	0	1
13	103659882	103660074	1	shRunx3	0	0	0	0	0	1
13	103676482	103676755	1	terminal	0	0	1	0	0	0
13	103749238	103749499	1	terminal	0	0	1	0	0	0
13	103955440	103955888	1	late	0	1	0	0	0	0
13	104607366	104607615	1	terminal	0	0	1	0	0	0
13	104635892	104636186	1	terminal	0	0	1	0	0	0
13	104736305	104736548	1	memory	0	0	0	1	0	0
13	104756855	104757178	1	shCd19	0	0	0	0	1	0
13	104812190	104812652	1	late	0	1	0	0	0	0
13	105031253	105031558	1	early	1	0	0	0	0	0
13	105593667	105594407	1	late	0	1	0	0	0	0
13	105808609	105808834	1	shRunx3	0	0	0	0	0	1
13	105870165	105870538	1	terminal	0	0	1	0	0	0
13	106251719	106251961	1	terminal	0	0	1	0	0	0
13	106337091	106337322	1	terminal	0	0	1	0	0	0
13	106394886	106395155	1	shRunx3	0	0	0	0	0	1
13	106648084	106648332	1	terminal	0	0	1	0	0	0
13	106677784	106678002	1	shCd19	0	0	0	0	1	0
13	106691681	106692057	1	memory	0	0	0	1	0	0
13	106978542	106978753	1	shCd19	0	0	0	0	1	0
13	107008247	107008772	1	terminal	0	0	1	0	0	0
13	107220642	107221147	1	late	0	1	0	0	0	0
13	107273224	107273679	1	terminal	0	0	1	0	0	0
13	107329178	107329500	1	terminal	0	0	1	0	0	0
13	107495904	107496125	1	shCd19	0	0	0	0	1	0
13	107725284	107725528	1	shRunx3	0	0	0	0	0	1
13	107860503	107860730	1	memory	0	0	0	1	0	0
13	107876150	107876576	1	memory	0	0	0	1	0	0
13	108088915	108089277	1	shCd19	0	0	0	0	1	0
13	108218429	108218636	1	shCd19	0	0	0	0	1	0
13	108239799	108240185	1	terminal	0	0	1	0	0	0
13	108302863	108303173	1	terminal	0	0	1	0	0	0
13	108303173	108303266	2	terminal,shCd19	0	0	1	0	1	0
13	108303266	108303445	3	terminal,shCd19,shRunx3	0	0	1	0	1	1
13	108303445	108303521	2	shCd19,shRunx3	0	0	0	0	1	1
13	108303521	108303603	1	shRunx3	0	0	0	0	0	1
13	108538237	108538486	1	shCd19	0	0	0	0	1	0
13	108984563	108984900	1	shRunx3	0	0	0	0	0	1
13	109248323	109248689	1	early	1	0	0	0	0	0
13	109456008	109456265	1	shRunx3	0	0	0	0	0	1
13	109515948	109516220	1	shRunx3	0	0	0	0	0	1
13	109661362	109661635	1	terminal	0	0	1	0	0	0
13	109848908	109849221	1	terminal	0	0	1	0	0	0
13	110149827	110150177	1	shCd19	0	0	0	0	1	0
13	110302960	110303376	1	early	1	0	0	0	0	0
13	110588405	110588642	1	memory	0	0	0	1	0	0
13	110616177	110616443	1	terminal	0	0	1	0	0	0
13	110958705	110959003	1	shRunx3	0	0	0	0	0	1
13	111129961	111130210	1	terminal	0	0	1	0	0	0
13	111366446	111366784	1	terminal	0	0	1	0	0	0
13	111525652	111525894	1	shRunx3	0	0	0	0	0	1
13	111563957	111564188	1	shRunx3	0	0	0	0	0	1
13	111620817	111621183	1	shCd19	0	0	0	0	1	0
13	111725469	111725501	1	shRunx3	0	0	0	0	0	1
13	111725501	111725834	2	memory,shRunx3	0	0	0	1	0	1
13	111725834	111725945	1	shRunx3	0	0	0	0	0	1
13	111822936	111823254	1	shRunx3	0	0	0	0	0	1
13	112000923	112001380	1	shRunx3	0	0	0	0	0	1
13	112117614	112117921	1	terminal	0	0	1	0	0	0
13	112274549	112274800	1	shCd19	0	0	0	0	1	0
13	112450185	112450468	1	memory	0	0	0	1	0	0
13	112571136	112571541	1	late	0	1	0	0	0	0
13	113041402	113041758	1	early	1	0	0	0	0	0
13	113087489	113087782	1	shCd19	0	0	0	0	1	0
13	113089492	113089789	1	late	0	1	0	0	0	0
13	113134966	113135358	1	late	0	1	0	0	0	0
13	113183339	113183363	1	late	0	1	0	0	0	0
13	113183363	113183654	2	late,shRunx3	0	1	0	0	0	1
13	113183654	113183901	1	shRunx3	0	0	0	0	0	1
13	113467819	113468088	1	terminal	0	0	1	0	0	0
13	113536074	113536420	1	memory	0	0	0	1	0	0
13	113580225	113580558	1	shRunx3	0	0	0	0	0	1
13	113793866	113794061	1	shRunx3	0	0	0	0	0	1
13	114058558	114058923	1	early	1	0	0	0	0	0
13	114180863	114181586	1	late	0	1	0	0	0	0
13	114561560	114561787	1	shCd19	0	0	0	0	1	0
13	114682397	114682607	1	shCd19	0	0	0	0	1	0
13	114941925	114942305	1	shRunx3	0	0	0	0	0	1
13	114962193	114962464	1	shRunx3	0	0	0	0	0	1
13	114991120	114991323	1	shRunx3	0	0	0	0	0	1
13	115043666	115043928	1	memory	0	0	0	1	0	0
13	115456677	115456876	1	shCd19	0	0	0	0	1	0
13	115477773	115478296	1	late	0	1	0	0	0	0
13	115579234	115579464	1	memory	0	0	0	1	0	0
13	115691442	115691699	1	terminal	0	0	1	0	0	0
13	115798769	115799027	1	terminal	0	0	1	0	0	0
13	116541376	116542007	1	late	0	1	0	0	0	0
13	116910857	116911150	1	shCd19	0	0	0	0	1	0
13	117225894	117226139	1	shCd19	0	0	0	0	1	0
13	117256637	117256970	1	shCd19	0	0	0	0	1	0
13	117601855	117602153	1	memory	0	0	0	1	0	0
13	118109042	118109499	1	late	0	1	0	0	0	0
13	118141373	118141625	1	early	1	0	0	0	0	0
13	118236990	118237249	1	memory	0	0	0	1	0	0
13	118347765	118348557	1	terminal	0	0	1	0	0	0
13	118495001	118495191	1	shRunx3	0	0	0	0	0	1
13	118504899	118505193	1	shRunx3	0	0	0	0	0	1
13	118845298	118845561	1	memory	0	0	0	1	0	0
13	118859999	118860246	1	terminal	0	0	1	0	0	0
13	118931646	118932066	1	terminal	0	0	1	0	0	0
13	119044025	119044444	1	late	0	1	0	0	0	0
13	119260990	119261597	1	late	0	1	0	0	0	0
13	119428521	119428776	1	shCd19	0	0	0	0	1	0
13	119726417	119726810	1	early	1	0	0	0	0	0
13	119819887	119820137	1	early	1	0	0	0	0	0
14	7773673	7774004	1	shRunx3	0	0	0	0	0	1
14	7904861	7905225	1	shCd19	0	0	0	0	1	0
14	8212089	8212285	1	shRunx3	0	0	0	0	0	1
14	8428289	8428804	1	shCd19	0	0	0	0	1	0
14	8901680	8902015	1	memory	0	0	0	1	0	0
14	8941151	8941350	1	shRunx3	0	0	0	0	0	1
14	9361875	9362222	1	shCd19	0	0	0	0	1	0
14	9459608	9460062	1	memory	0	0	0	1	0	0
14	9661571	9661932	1	late	0	1	0	0	0	0
14	10132616	10132811	1	shRunx3	0	0	0	0	0	1
14	10152555	10152879	1	terminal	0	0	1	0	0	0
14	10452895	10453211	1	shRunx3	0	0	0	0	0	1
14	10453211	10453468	2	shCd19,shRunx3	0	0	0	0	1	1
14	10453468	10453548	1	shRunx3	0	0	0	0	0	1
14	10893981	10894231	1	terminal	0	0	1	0	0	0
14	11000460	11000829	1	late	0	1	0	0	0	0
14	11081326	11081638	1	memory	0	0	0	1	0	0
14	11132931	11133316	1	shCd19	0	0	0	0	1	0
14	11172457	11172684	1	shRunx3	0	0	0	0	0	1
14	11249215	11249482	1	terminal	0	0	1	0	0	0
14	11850281	11850628	1	shCd19	0	0	0	0	1	0
14	12126353	12126708	1	shCd19	0	0	0	0	1	0
14	12205573	12205882	1	late	0	1	0	0	0	0
14	12508146	12508371	1	shCd19	0	0	0	0	1	0
14	12823449	12823821	1	shRunx3	0	0	0	0	0	1
14	12856971	12857179	1	shRunx3	0	0	0	0	0	1
14	13036292	13036581	1	memory	0	0	0	1	0	0
14	13346052	13346411	1	shRunx3	0	0	0	0	0	1
14	13600431	13600713	1	shRunx3	0	0	0	0	0	1
14	13668152	13668353	1	shRunx3	0	0	0	0	0	1
14	13931346	13931596	1	memory	0	0	0	1	0	0
14	14012860	14013136	1	terminal	0	0	1	0	0	0
14	14067835	14068603	1	shRunx3	0	0	0	0	0	1
14	14186020	14186445	1	terminal	0	0	1	0	0	0
14	14298504	14298875	1	memory	0	0	0	1	0	0
14	14527157	14527655	1	terminal	0	0	1	0	0	0
14	14667068	14667339	1	memory	0	0	0	1	0	0
14	14761769	14762145	1	shCd19	0	0	0	0	1	0
14	15158993	15159255	1	shRunx3	0	0	0	0	0	1
14	15264253	15264474	1	shRunx3	0	0	0	0	0	1
14	15277243	15277447	1	shRunx3	0	0	0	0	0	1
14	15318892	15319137	1	shCd19	0	0	0	0	1	0
14	15427078	15427381	1	terminal	0	0	1	0	0	0
14	15716321	15716651	1	shCd19	0	0	0	0	1	0
14	16255726	16256244	1	shCd19	0	0	0	0	1	0
14	16365096	16365362	1	shRunx3	0	0	0	0	0	1
14	16507448	16507807	1	early	1	0	0	0	0	0
14	16615095	16615379	1	terminal	0	0	1	0	0	0
14	16866707	16867080	1	early	1	0	0	0	0	0
14	17525512	17525705	1	shRunx3	0	0	0	0	0	1
14	17808560	17808790	1	terminal	0	0	1	0	0	0
14	18299258	18299660	1	shCd19	0	0	0	0	1	0
14	18481689	18482161	1	terminal	0	0	1	0	0	0
14	18546940	18547167	1	terminal	0	0	1	0	0	0
14	18561359	18561908	1	shCd19	0	0	0	0	1	0
14	18616989	18617282	1	late	0	1	0	0	0	0
14	18936687	18936895	1	shRunx3	0	0	0	0	0	1
14	19130421	19130663	1	memory	0	0	0	1	0	0
14	19191529	19191878	1	late	0	1	0	0	0	0
14	19292492	19292805	1	late	0	1	0	0	0	0
14	19844478	19844855	1	memory	0	0	0	1	0	0
14	20174053	20174353	1	shRunx3	0	0	0	0	0	1
14	20177429	20177919	1	shRunx3	0	0	0	0	0	1
14	20196861	20197126	1	memory	0	0	0	1	0	0
14	20644038	20644301	1	terminal	0	0	1	0	0	0
14	20668108	20668348	1	terminal	0	0	1	0	0	0
14	20929046	20929063	1	shCd19	0	0	0	0	1	0
14	20929063	20929355	2	shCd19,shRunx3	0	0	0	0	1	1
14	20929355	20929374	1	shCd19	0	0	0	0	1	0
14	21052202	21052461	1	shRunx3	0	0	0	0	0	1
14	21371443	21372250	1	shCd19	0	0	0	0	1	0
14	21562928	21563613	1	late	0	1	0	0	0	0
14	21585652	21586102	1	terminal	0	0	1	0	0	0
14	21673717	21673917	1	shRunx3	0	0	0	0	0	1
14	22023635	22023928	1	early	1	0	0	0	0	0
14	22173588	22173924	1	shRunx3	0	0	0	0	0	1
14	22431203	22431604	1	terminal	0	0	1	0	0	0
14	22476435	22476656	1	shCd19	0	0	0	0	1	0
14	22608497	22608812	1	terminal	0	0	1	0	0	0
14	22762100	22762331	1	shCd19	0	0	0	0	1	0
14	22880588	22880863	1	late	0	1	0	0	0	0
14	23115932	23116290	1	memory	0	0	0	1	0	0
14	23160440	23160802	1	early	1	0	0	0	0	0
14	23170648	23170892	1	shCd19	0	0	0	0	1	0
14	24276006	24276227	1	shCd19	0	0	0	0	1	0
14	24387842	24388087	1	shCd19	0	0	0	0	1	0
14	24589007	24589259	1	shCd19	0	0	0	0	1	0
14	25094491	25094695	1	shRunx3	0	0	0	0	0	1
14	25161842	25162183	1	shCd19	0	0	0	0	1	0
14	25254294	25254681	1	memory	0	0	0	1	0	0
14	25314838	25315246	1	shCd19	0	0	0	0	1	0
14	25421777	25421986	1	shCd19	0	0	0	0	1	0
14	25517074	25517397	1	shRunx3	0	0	0	0	0	1
14	25640605	25640844	1	shRunx3	0	0	0	0	0	1
14	25685389	25685818	1	shCd19	0	0	0	0	1	0
14	25691415	25691698	1	shRunx3	0	0	0	0	0	1
14	25861893	25862524	1	shRunx3	0	0	0	0	0	1
14	26580026	26580238	1	shCd19	0	0	0	0	1	0
14	26637223	26638133	1	shRunx3	0	0	0	0	0	1
14	27180596	27180871	1	late	0	1	0	0	0	0
14	27323301	27323576	1	shRunx3	0	0	0	0	0	1
14	27336469	27336777	1	early	1	0	0	0	0	0
14	27394989	27395343	1	terminal	0	0	1	0	0	0
14	27523283	27523663	1	terminal	0	0	1	0	0	0
14	27537723	27538066	1	early	1	0	0	0	0	0
14	27617346	27618012	1	shCd19	0	0	0	0	1	0
14	27731054	27731305	1	shRunx3	0	0	0	0	0	1
14	27900994	27901577	1	terminal	0	0	1	0	0	0
14	27907861	27908248	1	shRunx3	0	0	0	0	0	1
14	28070959	28071219	1	early	1	0	0	0	0	0
14	28286189	28286523	1	shCd19	0	0	0	0	1	0
14	28347780	28348084	1	terminal	0	0	1	0	0	0
14	28364770	28365038	1	shCd19	0	0	0	0	1	0
14	28418579	28418844	1	shCd19	0	0	0	0	1	0
14	28499057	28499370	1	memory	0	0	0	1	0	0
14	28519884	28520190	1	terminal	0	0	1	0	0	0
14	28538066	28538274	1	shRunx3	0	0	0	0	0	1
14	28544252	28544618	1	memory	0	0	0	1	0	0
14	28756054	28756291	1	shCd19	0	0	0	0	1	0
14	29019998	29020255	1	shRunx3	0	0	0	0	0	1
14	29476999	29477417	1	late	0	1	0	0	0	0
14	29509905	29510264	1	shCd19	0	0	0	0	1	0
14	29627783	29628038	1	shCd19	0	0	0	0	1	0
14	29961414	29961723	1	terminal	0	0	1	0	0	0
14	30223886	30224132	1	shRunx3	0	0	0	0	0	1
14	30408477	30408791	1	early	1	0	0	0	0	0
14	30414605	30414891	1	shCd19	0	0	0	0	1	0
14	30564854	30565076	1	shRunx3	0	0	0	0	0	1
14	30825571	30825826	1	shCd19	0	0	0	0	1	0
14	30928359	30928611	1	terminal	0	0	1	0	0	0
14	30971522	30971724	1	shCd19	0	0	0	0	1	0
14	31124999	31125239	1	shRunx3	0	0	0	0	0	1
14	31250844	31251179	1	shCd19	0	0	0	0	1	0
14	31408759	31409164	1	late	0	1	0	0	0	0
14	31549451	31549735	1	memory	0	0	0	1	0	0
14	31669275	31669763	1	late	0	1	0	0	0	0
14	32371595	32372023	1	terminal	0	0	1	0	0	0
14	32437579	32438053	1	terminal	0	0	1	0	0	0
14	32611664	32611914	1	memory	0	0	0	1	0	0
14	32646997	32647238	1	shCd19	0	0	0	0	1	0
14	32715460	32715802	1	terminal	0	0	1	0	0	0
14	32795896	32796167	1	terminal	0	0	1	0	0	0
14	33172564	33173086	1	memory	0	0	0	1	0	0
14	33360645	33361044	1	shCd19	0	0	0	0	1	0
14	33524319	33524782	1	terminal	0	0	1	0	0	0
14	34087528	34087799	1	memory	0	0	0	1	0	0
14	34280530	34280722	1	shRunx3	0	0	0	0	0	1
14	34405091	34405692	1	terminal	0	0	1	0	0	0
14	34411607	34412196	1	late	0	1	0	0	0	0
14	34673650	34673911	1	shCd19	0	0	0	0	1	0
14	34808743	34808937	1	shCd19	0	0	0	0	1	0
14	35297949	35298237	1	shCd19	0	0	0	0	1	0
14	36086520	36086731	1	shRunx3	0	0	0	0	0	1
14	36485650	36485877	1	shRunx3	0	0	0	0	0	1
14	36505500	36505729	1	memory	0	0	0	1	0	0
14	36575811	36576472	1	late	0	1	0	0	0	0
14	36809215	36809426	1	shRunx3	0	0	0	0	0	1
14	36898573	36899095	1	memory	0	0	0	1	0	0
14	36928678	36928935	1	shRunx3	0	0	0	0	0	1
14	36935750	36936098	1	terminal	0	0	1	0	0	0
14	37072972	37073350	1	shCd19	0	0	0	0	1	0
14	37122550	37122887	1	shCd19	0	0	0	0	1	0
14	37160912	37161215	1	terminal	0	0	1	0	0	0
14	37468174	37468641	1	shRunx3	0	0	0	0	0	1
14	37771422	37771961	1	shRunx3	0	0	0	0	0	1
14	37944699	37945285	1	late	0	1	0	0	0	0
14	38011448	38011703	1	early	1	0	0	0	0	0
14	38180343	38180613	1	terminal	0	0	1	0	0	0
14	38335940	38336132	1	shRunx3	0	0	0	0	0	1
14	38449712	38450123	1	terminal	0	0	1	0	0	0
14	38757371	38757856	1	shCd19	0	0	0	0	1	0
14	38954390	38954621	1	terminal	0	0	1	0	0	0
14	39689427	39689846	1	shRunx3	0	0	0	0	0	1
14	39743254	39743565	1	early	1	0	0	0	0	0
14	39925104	39925373	1	shCd19	0	0	0	0	1	0
14	40005941	40006473	1	early	1	0	0	0	0	0
14	40515561	40515828	1	shCd19	0	0	0	0	1	0
14	40607737	40607983	1	shRunx3	0	0	0	0	0	1
14	40612176	40612470	1	shCd19	0	0	0	0	1	0
14	40741778	40742055	1	memory	0	0	0	1	0	0
14	40791604	40792087	1	shRunx3	0	0	0	0	0	1
14	40794551	40794813	1	early	1	0	0	0	0	0
14	40877305	40877533	1	shCd19	0	0	0	0	1	0
14	40906666	40906903	1	memory	0	0	0	1	0	0
14	40947561	40947830	1	shRunx3	0	0	0	0	0	1
14	41130131	41130518	1	memory	0	0	0	1	0	0
14	41185328	41185644	1	late	0	1	0	0	0	0
14	43873545	43873863	1	early	1	0	0	0	0	0
14	44829470	44829730	1	shRunx3	0	0	0	0	0	1
14	44884522	44884845	1	terminal	0	0	1	0	0	0
14	44901788	44902052	1	memory	0	0	0	1	0	0
14	44965627	44966114	1	shCd19	0	0	0	0	1	0
14	45005736	45006038	1	terminal	0	0	1	0	0	0
14	45051195	45051594	1	shRunx3	0	0	0	0	0	1
14	45060372	45060693	1	shCd19	0	0	0	0	1	0
14	45171669	45171927	1	shCd19	0	0	0	0	1	0
14	45245734	45245999	1	shRunx3	0	0	0	0	0	1
14	45515571	45516112	1	memory	0	0	0	1	0	0
14	45661101	45661423	1	shRunx3	0	0	0	0	0	1
14	46052163	46052462	1	memory	0	0	0	1	0	0
14	46100770	46101091	1	shRunx3	0	0	0	0	0	1
14	46248182	46248419	1	terminal	0	0	1	0	0	0
14	46456311	46456594	1	shRunx3	0	0	0	0	0	1
14	47325620	47325940	1	late	0	1	0	0	0	0
14	47492309	47492538	1	terminal	0	0	1	0	0	0
14	47537319	47537731	1	late	0	1	0	0	0	0
14	47541505	47541794	1	shRunx3	0	0	0	0	0	1
14	47566400	47566719	1	shRunx3	0	0	0	0	0	1
14	47798276	47798645	1	late	0	1	0	0	0	0
14	47833929	47834192	1	memory	0	0	0	1	0	0
14	47963538	47963949	1	late	0	1	0	0	0	0
14	48056160	48056406	1	memory	0	0	0	1	0	0
14	48532307	48532790	1	early	1	0	0	0	0	0
14	48723865	48724205	1	terminal	0	0	1	0	0	0
14	48985335	48985633	1	shCd19	0	0	0	0	1	0
14	49018007	49018413	1	terminal	0	0	1	0	0	0
14	49211466	49211800	1	shRunx3	0	0	0	0	0	1
14	49382052	49382394	1	shCd19	0	0	0	0	1	0
14	49476461	49476693	1	memory	0	0	0	1	0	0
14	49719793	49720443	1	shCd19	0	0	0	0	1	0
14	49745892	49746094	1	shCd19	0	0	0	0	1	0
14	50136588	50136782	1	shRunx3	0	0	0	0	0	1
14	50231191	50231467	1	shRunx3	0	0	0	0	0	1
14	50459384	50459782	1	terminal	0	0	1	0	0	0
14	50727379	50727573	1	shRunx3	0	0	0	0	0	1
14	51075177	51075533	1	early	1	0	0	0	0	0
14	51569684	51570174	1	memory	0	0	0	1	0	0
14	51809410	51809839	1	shCd19	0	0	0	0	1	0
14	51869982	51870411	1	terminal	0	0	1	0	0	0
14	51913536	51913745	1	shRunx3	0	0	0	0	0	1
14	51970762	51971036	1	early	1	0	0	0	0	0
14	52204984	52205384	1	shCd19	0	0	0	0	1	0
14	52608853	52609288	1	shCd19	0	0	0	0	1	0
14	53734597	53734824	1	terminal	0	0	1	0	0	0
14	53896754	53897263	1	late	0	1	0	0	0	0
14	54138139	54138427	1	shRunx3	0	0	0	0	0	1
14	54146459	54146748	1	shRunx3	0	0	0	0	0	1
14	54200349	54200582	1	terminal	0	0	1	0	0	0
14	54222513	54222810	1	terminal	0	0	1	0	0	0
14	54223789	54224546	1	shCd19	0	0	0	0	1	0
14	54225023	54225349	1	shRunx3	0	0	0	0	0	1
14	54227498	54228247	1	shCd19	0	0	0	0	1	0
14	54233221	54233530	1	shRunx3	0	0	0	0	0	1
14	54467054	54467252	1	shRunx3	0	0	0	0	0	1
14	54492558	54493089	1	shRunx3	0	0	0	0	0	1
14	54605289	54605521	1	shCd19	0	0	0	0	1	0
14	54786646	54786883	1	early	1	0	0	0	0	0
14	54893610	54893680	1	shCd19	0	0	0	0	1	0
14	54893680	54894088	2	shCd19,shRunx3	0	0	0	0	1	1
14	54894088	54894161	1	shRunx3	0	0	0	0	0	1
14	54931955	54932355	1	terminal	0	0	1	0	0	0
14	55261307	55261593	1	late	0	1	0	0	0	0
14	55269811	55270057	1	terminal	0	0	1	0	0	0
14	55555181	55555414	1	shCd19	0	0	0	0	1	0
14	55604217	55604449	1	shRunx3	0	0	0	0	0	1
14	55651880	55652259	1	memory	0	0	0	1	0	0
14	55792156	55792432	1	late	0	1	0	0	0	0
14	55882249	55882466	1	shCd19	0	0	0	0	1	0
14	55946493	55946727	1	shCd19	0	0	0	0	1	0
14	56055408	56055787	1	late	0	1	0	0	0	0
14	56260480	56260872	1	shCd19	0	0	0	0	1	0
14	56262090	56262434	1	shCd19	0	0	0	0	1	0
14	56262434	56262721	2	shCd19,shRunx3	0	0	0	0	1	1
14	56262721	56262732	1	shRunx3	0	0	0	0	0	1
14	56287612	56288333	1	shRunx3	0	0	0	0	0	1
14	56603400	56603749	1	terminal	0	0	1	0	0	0
14	56778416	56778636	1	shRunx3	0	0	0	0	0	1
14	57017253	57017556	1	shCd19	0	0	0	0	1	0
14	57194589	57194862	1	terminal	0	0	1	0	0	0
14	57654759	57655011	1	early	1	0	0	0	0	0
14	57756192	57756481	1	terminal	0	0	1	0	0	0
14	57878956	57879484	1	shCd19	0	0	0	0	1	0
14	58051946	58052497	1	shRunx3	0	0	0	0	0	1
14	58217994	58218407	1	terminal	0	0	1	0	0	0
14	58228665	58229032	1	shRunx3	0	0	0	0	0	1
14	58297912	58298240	1	shCd19	0	0	0	0	1	0
14	58321916	58322294	1	shRunx3	0	0	0	0	0	1
14	59111052	59111356	1	shRunx3	0	0	0	0	0	1
14	59120907	59121197	1	shRunx3	0	0	0	0	0	1
14	59341756	59342046	1	shRunx3	0	0	0	0	0	1
14	59527141	59527349	1	shCd19	0	0	0	0	1	0
14	59649212	59649653	1	shRunx3	0	0	0	0	0	1
14	59700756	59701068	1	terminal	0	0	1	0	0	0
14	59720521	59720797	1	terminal	0	0	1	0	0	0
14	59732024	59732290	1	terminal	0	0	1	0	0	0
14	59835876	59836265	1	memory	0	0	0	1	0	0
14	60131794	60132085	1	terminal	0	0	1	0	0	0
14	60171709	60171922	1	shRunx3	0	0	0	0	0	1
14	60285297	60285540	1	memory	0	0	0	1	0	0
14	60436508	60436812	1	terminal	0	0	1	0	0	0
14	60448663	60448970	1	late	0	1	0	0	0	0
14	60667601	60667850	1	shCd19	0	0	0	0	1	0
14	60712086	60712168	1	terminal	0	0	1	0	0	0
14	60712168	60712413	2	terminal,shRunx3	0	0	1	0	0	1
14	60712413	60712718	1	shRunx3	0	0	0	0	0	1
14	60738480	60738803	1	shCd19	0	0	0	0	1	0
14	60933296	60933714	1	memory	0	0	0	1	0	0
14	61047858	61048127	1	terminal	0	0	1	0	0	0
14	61438380	61438830	1	memory	0	0	0	1	0	0
14	61474766	61475195	1	shCd19	0	0	0	0	1	0
14	61518368	61519052	1	shRunx3	0	0	0	0	0	1
14	61534553	61534801	1	shCd19	0	0	0	0	1	0
14	62106521	62106814	1	memory	0	0	0	1	0	0
14	62163165	62163430	1	memory	0	0	0	1	0	0
14	62461673	62461964	1	shCd19	0	0	0	0	1	0
14	62748446	62748814	1	terminal	0	0	1	0	0	0
14	62819712	62819962	1	memory	0	0	0	1	0	0
14	63018020	63018437	1	terminal	0	0	1	0	0	0
14	63627210	63627456	1	early	1	0	0	0	0	0
14	63705077	63705602	1	terminal	0	0	1	0	0	0
14	63948987	63949365	1	terminal	0	0	1	0	0	0
14	64096572	64096849	1	terminal	0	0	1	0	0	0
14	64163753	64163958	1	shRunx3	0	0	0	0	0	1
14	64194038	64194430	1	shCd19	0	0	0	0	1	0
14	64263318	64263747	1	late	0	1	0	0	0	0
14	64809576	64809966	1	memory	0	0	0	1	0	0
14	65252532	65252860	1	shCd19	0	0	0	0	1	0
14	65314116	65314392	1	early	1	0	0	0	0	0
14	65443845	65444107	1	memory	0	0	0	1	0	0
14	65795236	65795498	1	early	1	0	0	0	0	0
14	65806571	65806866	1	shCd19	0	0	0	0	1	0
14	65888013	65888224	1	shRunx3	0	0	0	0	0	1
14	65952022	65952247	1	memory	0	0	0	1	0	0
14	66113083	66113296	1	shRunx3	0	0	0	0	0	1
14	66199806	66200080	1	shRunx3	0	0	0	0	0	1
14	66236950	66237187	1	shCd19	0	0	0	0	1	0
14	66772771	66772967	1	shCd19	0	0	0	0	1	0
14	67045149	67045651	1	terminal	0	0	1	0	0	0
14	67151671	67152225	1	late	0	1	0	0	0	0
14	67233553	67233946	1	shRunx3	0	0	0	0	0	1
14	67420316	67420732	1	memory	0	0	0	1	0	0
14	67801341	67801759	1	terminal	0	0	1	0	0	0
14	67945959	67946212	1	shCd19	0	0	0	0	1	0
14	68183610	68183961	1	late	0	1	0	0	0	0
14	68538053	68538567	1	terminal	0	0	1	0	0	0
14	68635775	68636109	1	shCd19	0	0	0	0	1	0
14	68707323	68707573	1	shRunx3	0	0	0	0	0	1
14	68757577	68757902	1	shCd19	0	0	0	0	1	0
14	69024852	69025162	1	terminal	0	0	1	0	0	0
14	69142097	69142435	1	shCd19	0	0	0	0	1	0
14	69159793	69160205	1	shCd19	0	0	0	0	1	0
14	69221218	69221558	1	shRunx3	0	0	0	0	0	1
14	69859766	69860114	1	terminal	0	0	1	0	0	0
14	69869028	69869285	1	memory	0	0	0	1	0	0
14	69896809	69897085	1	terminal	0	0	1	0	0	0
14	69977954	69978205	1	shRunx3	0	0	0	0	0	1
14	70048880	70049397	1	shRunx3	0	0	0	0	0	1
14	70283532	70284009	1	shRunx3	0	0	0	0	0	1
14	70689800	70690051	1	terminal	0	0	1	0	0	0
14	71086527	71086998	1	late	0	1	0	0	0	0
14	71266499	71266767	1	late	0	1	0	0	0	0
14	71334333	71334602	1	late	0	1	0	0	0	0
14	71356240	71356514	1	terminal	0	0	1	0	0	0
14	71443698	71443946	1	terminal	0	0	1	0	0	0
14	71739500	71739760	1	late	0	1	0	0	0	0
14	72014490	72014708	1	shRunx3	0	0	0	0	0	1
14	72085995	72086351	1	shCd19	0	0	0	0	1	0
14	72207228	72207460	1	shRunx3	0	0	0	0	0	1
14	72359307	72359626	1	memory	0	0	0	1	0	0
14	72366264	72366531	1	shRunx3	0	0	0	0	0	1
14	72389758	72390104	1	shCd19	0	0	0	0	1	0
14	72484467	72484883	1	shCd19	0	0	0	0	1	0
14	72823551	72823792	1	memory	0	0	0	1	0	0
14	73149993	73150241	1	shRunx3	0	0	0	0	0	1
14	73368465	73368827	1	terminal	0	0	1	0	0	0
14	73476241	73476454	1	shRunx3	0	0	0	0	0	1
14	73510708	73511053	1	late	0	1	0	0	0	0
14	74508105	74508497	1	shCd19	0	0	0	0	1	0
14	74786696	74786971	1	shRunx3	0	0	0	0	0	1
14	74847496	74847748	1	shRunx3	0	0	0	0	0	1
14	74939760	74939999	1	memory	0	0	0	1	0	0
14	74996503	74996873	1	shRunx3	0	0	0	0	0	1
14	75003179	75003456	1	terminal	0	0	1	0	0	0
14	75020449	75020877	1	shCd19	0	0	0	0	1	0
14	75068579	75068984	1	shCd19	0	0	0	0	1	0
14	75069496	75069778	1	shRunx3	0	0	0	0	0	1
14	75179485	75180030	1	shRunx3	0	0	0	0	0	1
14	75344906	75345289	1	early	1	0	0	0	0	0
14	75420048	75420246	1	shCd19	0	0	0	0	1	0
14	75755578	75755928	1	terminal	0	0	1	0	0	0
14	75951990	75952330	1	early	1	0	0	0	0	0
14	76204184	76204448	1	shCd19	0	0	0	0	1	0
14	76217083	76217373	1	shCd19	0	0	0	0	1	0
14	76637726	76637956	1	shRunx3	0	0	0	0	0	1
14	76693832	76694229	1	terminal	0	0	1	0	0	0
14	77238434	77238688	1	memory	0	0	0	1	0	0
14	77724946	77725246	1	shRunx3	0	0	0	0	0	1
14	77871146	77871509	1	early	1	0	0	0	0	0
14	78582880	78583254	1	shRunx3	0	0	0	0	0	1
14	78817207	78817486	1	terminal	0	0	1	0	0	0
14	78885813	78886084	1	late	0	1	0	0	0	0
14	79301379	79301637	1	memory	0	0	0	1	0	0
14	79422654	79422882	1	terminal	0	0	1	0	0	0
14	79453346	79453849	1	shRunx3	0	0	0	0	0	1
14	79533302	79533865	1	shCd19	0	0	0	0	1	0
14	79660637	79660879	1	shCd19	0	0	0	0	1	0
14	79954889	79955123	1	terminal	0	0	1	0	0	0
14	80051780	80052467	1	late	0	1	0	0	0	0
14	80211871	80212344	1	shRunx3	0	0	0	0	0	1
14	80345077	80345508	1	shCd19	0	0	0	0	1	0
14	80393317	80393537	1	shCd19	0	0	0	0	1	0
14	80397714	80398354	1	terminal	0	0	1	0	0	0
14	80479755	80480052	1	shCd19	0	0	0	0	1	0
14	80902157	80902448	1	memory	0	0	0	1	0	0
14	81110575	81110989	1	late	0	1	0	0	0	0
14	81167755	81167945	1	shRunx3	0	0	0	0	0	1
14	81197134	81197366	1	shCd19	0	0	0	0	1	0
14	81349941	81350218	1	shCd19	0	0	0	0	1	0
14	81387682	81388115	1	late	0	1	0	0	0	0
14	81617463	81617794	1	terminal	0	0	1	0	0	0
14	82489974	82490349	1	terminal	0	0	1	0	0	0
14	82683923	82684147	1	shCd19	0	0	0	0	1	0
14	82719023	82719338	1	terminal	0	0	1	0	0	0
14	83076692	83077129	1	terminal	0	0	1	0	0	0
14	83125910	83126193	1	early	1	0	0	0	0	0
14	83262410	83262648	1	terminal	0	0	1	0	0	0
14	83410250	83410457	1	shCd19	0	0	0	0	1	0
14	83558725	83558973	1	shCd19	0	0	0	0	1	0
14	83937636	83938045	1	terminal	0	0	1	0	0	0
14	84162040	84162592	1	shRunx3	0	0	0	0	0	1
14	84467963	84468224	1	late	0	1	0	0	0	0
14	84963807	84964187	1	terminal	0	0	1	0	0	0
14	86128587	86128950	1	terminal	0	0	1	0	0	0
14	86291812	86292136	1	terminal	0	0	1	0	0	0
14	86298632	86298932	1	terminal	0	0	1	0	0	0
14	86310835	86311092	1	shRunx3	0	0	0	0	0	1
14	86408858	86409137	1	shCd19	0	0	0	0	1	0
14	86587161	86587628	1	early	1	0	0	0	0	0
14	86836671	86836938	1	terminal	0	0	1	0	0	0
14	86869819	86870106	1	terminal	0	0	1	0	0	0
14	87193088	87193368	1	late	0	1	0	0	0	0
14	87248583	87248827	1	early	1	0	0	0	0	0
14	87588505	87588762	1	late	0	1	0	0	0	0
14	87752517	87752766	1	terminal	0	0	1	0	0	0
14	87871952	87872550	1	terminal	0	0	1	0	0	0
14	88057276	88057520	1	early	1	0	0	0	0	0
14	88197357	88197581	1	shRunx3	0	0	0	0	0	1
14	88522115	88522511	1	shCd19	0	0	0	0	1	0
14	88780959	88781376	1	late	0	1	0	0	0	0
14	88871955	88872148	1	shRunx3	0	0	0	0	0	1
14	88907014	88907488	1	shCd19	0	0	0	0	1	0
14	89498841	89499174	1	shRunx3	0	0	0	0	0	1
14	89937498	89937732	1	shRunx3	0	0	0	0	0	1
14	90180839	90181085	1	early	1	0	0	0	0	0
14	90247984	90248222	1	terminal	0	0	1	0	0	0
14	90307917	90308177	1	early	1	0	0	0	0	0
14	90563986	90564257	1	terminal	0	0	1	0	0	0
14	90570150	90570438	1	shRunx3	0	0	0	0	0	1
14	90669980	90670501	1	late	0	1	0	0	0	0
14	91645622	91645838	1	shRunx3	0	0	0	0	0	1
14	91894629	91894873	1	early	1	0	0	0	0	0
14	92393569	92393836	1	memory	0	0	0	1	0	0
14	92546540	92546878	1	terminal	0	0	1	0	0	0
14	92692430	92692649	1	shCd19	0	0	0	0	1	0
14	94140803	94141305	1	shRunx3	0	0	0	0	0	1
14	94161065	94161291	1	shCd19	0	0	0	0	1	0
14	94353570	94353916	1	terminal	0	0	1	0	0	0
14	94474748	94475097	1	terminal	0	0	1	0	0	0
14	94528273	94528481	1	shRunx3	0	0	0	0	0	1
14	95377091	95377454	1	shRunx3	0	0	0	0	0	1
14	95453131	95453380	1	shRunx3	0	0	0	0	0	1
14	95698498	95698901	1	early	1	0	0	0	0	0
14	96022154	96022532	1	early	1	0	0	0	0	0
14	96036731	96037118	1	late	0	1	0	0	0	0
14	96056860	96057083	1	shCd19	0	0	0	0	1	0
14	96308471	96308994	1	shRunx3	0	0	0	0	0	1
14	97199436	97199815	1	terminal	0	0	1	0	0	0
14	97442807	97443313	1	shRunx3	0	0	0	0	0	1
14	97640487	97640854	1	early	1	0	0	0	0	0
14	97889555	97889947	1	memory	0	0	0	1	0	0
14	97961600	97961936	1	terminal	0	0	1	0	0	0
14	98257688	98258020	1	late	0	1	0	0	0	0
14	98452898	98453246	1	shRunx3	0	0	0	0	0	1
14	99335433	99335725	1	memory	0	0	0	1	0	0
14	99890739	99891020	1	memory	0	0	0	1	0	0
14	100513196	100513499	1	memory	0	0	0	1	0	0
14	101149304	101149595	1	memory	0	0	0	1	0	0
14	101216806	101217049	1	early	1	0	0	0	0	0
14	101601528	101601850	1	terminal	0	0	1	0	0	0
14	101639895	101640684	1	shCd19	0	0	0	0	1	0
14	102035269	102035601	1	terminal	0	0	1	0	0	0
14	102439556	102439773	1	shCd19	0	0	0	0	1	0
14	102484137	102484442	1	shRunx3	0	0	0	0	0	1
14	102818375	102818751	1	terminal	0	0	1	0	0	0
14	102982753	102983388	1	shCd19	0	0	0	0	1	0
14	103005327	103005599	1	early	1	0	0	0	0	0
14	103424618	103424813	1	shCd19	0	0	0	0	1	0
14	103469232	103469922	1	shRunx3	0	0	0	0	0	1
14	103490062	103490353	1	shRunx3	0	0	0	0	0	1
14	103681020	103681244	1	shRunx3	0	0	0	0	0	1
14	103694136	103694446	1	terminal	0	0	1	0	0	0
14	103706186	103706431	1	shCd19	0	0	0	0	1	0
14	103726734	103727110	1	late	0	1	0	0	0	0
14	103940182	103940421	1	shCd19	0	0	0	0	1	0
14	104096039	104096398	1	shRunx3	0	0	0	0	0	1
14	104659138	104659337	1	shCd19	0	0	0	0	1	0
14	105679393	105679630	1	early	1	0	0	0	0	0
14	105871196	105871438	1	shRunx3	0	0	0	0	0	1
14	105900273	105900915	1	late	0	1	0	0	0	0
14	106753619	106753989	1	shRunx3	0	0	0	0	0	1
14	106944726	106945018	1	early	1	0	0	0	0	0
14	107035719	107036075	1	early	1	0	0	0	0	0
14	107304824	107305076	1	memory	0	0	0	1	0	0
14	107458184	107458775	1	shCd19	0	0	0	0	1	0
14	107618512	107618760	1	memory	0	0	0	1	0	0
14	107955038	107955400	1	memory	0	0	0	1	0	0
14	108447705	108447944	1	terminal	0	0	1	0	0	0
14	108621900	108622136	1	shCd19	0	0	0	0	1	0
14	108720856	108721099	1	early	1	0	0	0	0	0
14	109007613	109007849	1	early	1	0	0	0	0	0
14	109224157	109224450	1	shRunx3	0	0	0	0	0	1
14	109399569	109399835	1	shRunx3	0	0	0	0	0	1
14	109587248	109587477	1	shCd19	0	0	0	0	1	0
14	109656971	109657680	1	terminal	0	0	1	0	0	0
14	109797040	109797365	1	shCd19	0	0	0	0	1	0
14	110023832	110024117	1	shRunx3	0	0	0	0	0	1
14	110108985	110109361	1	shCd19	0	0	0	0	1	0
14	110934117	110934451	1	late	0	1	0	0	0	0
14	110954382	110954714	1	shRunx3	0	0	0	0	0	1
14	111162290	111162554	1	terminal	0	0	1	0	0	0
14	111705445	111705885	1	terminal	0	0	1	0	0	0
14	111853962	111854208	1	shCd19	0	0	0	0	1	0
14	111949038	111949680	1	shCd19	0	0	0	0	1	0
14	112032160	112032504	1	terminal	0	0	1	0	0	0
14	112292444	112292822	1	late	0	1	0	0	0	0
14	112669115	112669397	1	memory	0	0	0	1	0	0
14	112816254	112816512	1	late	0	1	0	0	0	0
14	112902601	112902793	1	shRunx3	0	0	0	0	0	1
14	112998718	112998961	1	shRunx3	0	0	0	0	0	1
14	113171282	113171859	1	shRunx3	0	0	0	0	0	1
14	113433094	113433442	1	late	0	1	0	0	0	0
14	113964351	113964600	1	terminal	0	0	1	0	0	0
14	114428026	114428364	1	terminal	0	0	1	0	0	0
14	114572551	114572942	1	terminal	0	0	1	0	0	0
14	114648429	114648819	1	late	0	1	0	0	0	0
14	114958146	114958469	1	shRunx3	0	0	0	0	0	1
14	115161621	115162008	1	terminal	0	0	1	0	0	0
14	115621633	115621917	1	shRunx3	0	0	0	0	0	1
14	115780768	115781172	1	early	1	0	0	0	0	0
14	115829232	115829476	1	early	1	0	0	0	0	0
14	115983723	115984233	1	late	0	1	0	0	0	0
14	116011677	116011948	1	terminal	0	0	1	0	0	0
14	116041359	116041932	1	terminal	0	0	1	0	0	0
14	116205246	116205488	1	shCd19	0	0	0	0	1	0
14	116209854	116210184	1	shRunx3	0	0	0	0	0	1
14	116546916	116547168	1	memory	0	0	0	1	0	0
14	116582383	116582708	1	terminal	0	0	1	0	0	0
14	117102060	117102377	1	shRunx3	0	0	0	0	0	1
14	117150454	117150648	1	shRunx3	0	0	0	0	0	1
14	117170253	117170674	1	shRunx3	0	0	0	0	0	1
14	117365335	117365653	1	terminal	0	0	1	0	0	0
14	117653704	117654091	1	terminal	0	0	1	0	0	0
14	117901882	117902120	1	memory	0	0	0	1	0	0
14	118005422	118005631	1	shCd19	0	0	0	0	1	0
14	118233866	118234101	1	memory	0	0	0	1	0	0
14	118673401	118674030	1	shRunx3	0	0	0	0	0	1
14	118675002	118675370	1	shRunx3	0	0	0	0	0	1
14	118680045	118680570	1	early	1	0	0	0	0	0
14	118685615	118686152	1	memory	0	0	0	1	0	0
14	118708594	118708900	1	terminal	0	0	1	0	0	0
14	119257283	119257509	1	shRunx3	0	0	0	0	0	1
14	119318129	119318543	1	shRunx3	0	0	0	0	0	1
14	119575471	119575969	1	early	1	0	0	0	0	0
14	119614798	119615112	1	shRunx3	0	0	0	0	0	1
14	120222643	120223063	1	late	0	1	0	0	0	0
14	120232913	120233519	1	memory	0	0	0	1	0	0
14	120492789	120493193	1	late	0	1	0	0	0	0
14	120667413	120667828	1	memory	0	0	0	1	0	0
14	121286103	121286428	1	late	0	1	0	0	0	0
14	121289180	121289427	1	shRunx3	0	0	0	0	0	1
14	121313425	121313833	1	memory	0	0	0	1	0	0
14	121419242	121419603	1	late	0	1	0	0	0	0
14	121479872	121480160	1	shCd19	0	0	0	0	1	0
14	121540260	121540467	1	shRunx3	0	0	0	0	0	1
14	121758131	121758329	1	shCd19	0	0	0	0	1	0
14	121898555	121898814	1	terminal	0	0	1	0	0	0
14	121916911	121917140	1	shCd19	0	0	0	0	1	0
14	121981723	121981991	1	shCd19	0	0	0	0	1	0
14	122063568	122063825	1	late	0	1	0	0	0	0
14	122064161	122064632	1	terminal	0	0	1	0	0	0
14	122141085	122141375	1	memory	0	0	0	1	0	0
14	122171027	122171594	1	terminal	0	0	1	0	0	0
14	122185837	122186172	1	late	0	1	0	0	0	0
14	122239628	122240069	1	late	0	1	0	0	0	0
14	122570225	122570504	1	shRunx3	0	0	0	0	0	1
14	122797196	122797530	1	terminal	0	0	1	0	0	0
14	122852898	122853114	1	shRunx3	0	0	0	0	0	1
14	123243058	123243541	1	late	0	1	0	0	0	0
14	123955952	123956345	1	terminal	0	0	1	0	0	0
14	124096943	124097697	1	memory	0	0	0	1	0	0
14	124185078	124185502	1	terminal	0	0	1	0	0	0
14	124247438	124247692	1	shCd19	0	0	0	0	1	0
15	3189887	3190114	1	shCd19	0	0	0	0	1	0
15	3505298	3505598	1	shCd19	0	0	0	0	1	0
15	3995826	3996273	1	shRunx3	0	0	0	0	0	1
15	4097890	4098434	1	terminal	0	0	1	0	0	0
15	4457205	4457470	1	memory	0	0	0	1	0	0
15	4699587	4700033	1	terminal	0	0	1	0	0	0
15	5021331	5021874	1	early	1	0	0	0	0	0
15	5119538	5119798	1	memory	0	0	0	1	0	0
15	5288148	5288475	1	shCd19	0	0	0	0	1	0
15	5358867	5359256	1	terminal	0	0	1	0	0	0
15	5419379	5419573	1	shCd19	0	0	0	0	1	0
15	6057476	6057728	1	terminal	0	0	1	0	0	0
15	6071207	6071481	1	early	1	0	0	0	0	0
15	6103191	6103385	1	shRunx3	0	0	0	0	0	1
15	6390381	6390619	1	memory	0	0	0	1	0	0
15	6555813	6556019	1	shCd19	0	0	0	0	1	0
15	6703900	6704236	1	memory	0	0	0	1	0	0
15	7297858	7298087	1	shCd19	0	0	0	0	1	0
15	7588784	7589120	1	terminal	0	0	1	0	0	0
15	7833588	7833956	1	terminal	0	0	1	0	0	0
15	8443904	8444161	1	shRunx3	0	0	0	0	0	1
15	8527065	8527442	1	late	0	1	0	0	0	0
15	8853455	8853708	1	early	1	0	0	0	0	0
15	8896795	8897120	1	shCd19	0	0	0	0	1	0
15	9411357	9411735	1	early	1	0	0	0	0	0
15	9614967	9615307	1	shRunx3	0	0	0	0	0	1
15	10069012	10069448	1	terminal	0	0	1	0	0	0
15	10186814	10187056	1	terminal	0	0	1	0	0	0
15	10268231	10268497	1	shRunx3	0	0	0	0	0	1
15	10333243	10333869	1	shRunx3	0	0	0	0	0	1
15	10569452	10569709	1	terminal	0	0	1	0	0	0
15	10596564	10596782	1	shRunx3	0	0	0	0	0	1
15	10634379	10634619	1	terminal	0	0	1	0	0	0
15	10665897	10666229	1	shCd19	0	0	0	0	1	0
15	10828843	10829124	1	shCd19	0	0	0	0	1	0
15	11398799	11399043	1	shRunx3	0	0	0	0	0	1
15	11400280	11400581	1	shCd19	0	0	0	0	1	0
15	11494487	11495149	1	memory	0	0	0	1	0	0
15	11562157	11562392	1	shCd19	0	0	0	0	1	0
15	11906301	11906502	1	shRunx3	0	0	0	0	0	1
15	12010686	12010969	1	shCd19	0	0	0	0	1	0
15	12228606	12228865	1	terminal	0	0	1	0	0	0
15	12367834	12368612	1	shCd19	0	0	0	0	1	0
15	12448104	12448460	1	terminal	0	0	1	0	0	0
15	12509047	12509445	1	memory	0	0	0	1	0	0
15	12799736	12800247	1	terminal	0	0	1	0	0	0
15	13211955	13212500	1	terminal	0	0	1	0	0	0
15	13265047	13265391	1	late	0	1	0	0	0	0
15	13303146	13303477	1	memory	0	0	0	1	0	0
15	13332244	13332518	1	late	0	1	0	0	0	0
15	13757763	13758052	1	late	0	1	0	0	0	0
15	13892965	13893324	1	memory	0	0	0	1	0	0
15	14078173	14078538	1	early	1	0	0	0	0	0
15	14102750	14102966	1	shCd19	0	0	0	0	1	0
15	14112634	14112928	1	terminal	0	0	1	0	0	0
15	14213685	14213924	1	terminal	0	0	1	0	0	0
15	14230439	14230858	1	memory	0	0	0	1	0	0
15	14340532	14341100	1	late	0	1	0	0	0	0
15	14383062	14383499	1	late	0	1	0	0	0	0
15	14496416	14496702	1	late	0	1	0	0	0	0
15	14547218	14547458	1	terminal	0	0	1	0	0	0
15	14611106	14611385	1	terminal	0	0	1	0	0	0
15	14712612	14713139	1	memory	0	0	0	1	0	0
15	14986256	14986512	1	terminal	0	0	1	0	0	0
15	15001592	15002169	1	late	0	1	0	0	0	0
15	15042241	15042479	1	shCd19	0	0	0	0	1	0
15	15135112	15135437	1	terminal	0	0	1	0	0	0
15	15376339	15376567	1	shCd19	0	0	0	0	1	0
15	15564515	15564958	1	shCd19	0	0	0	0	1	0
15	15769064	15769324	1	memory	0	0	0	1	0	0
15	15837533	15837780	1	early	1	0	0	0	0	0
15	15888002	15888233	1	shCd19	0	0	0	0	1	0
15	16257803	16258125	1	shRunx3	0	0	0	0	0	1
15	16429448	16429778	1	shCd19	0	0	0	0	1	0
15	16553787	16554289	1	shRunx3	0	0	0	0	0	1
15	16787255	16787830	1	memory	0	0	0	1	0	0
15	16794126	16794434	1	late	0	1	0	0	0	0
15	16881825	16882162	1	memory	0	0	0	1	0	0
15	17083323	17083685	1	terminal	0	0	1	0	0	0
15	18277998	18278254	1	terminal	0	0	1	0	0	0
15	18394561	18395038	1	shRunx3	0	0	0	0	0	1
15	18414493	18414836	1	shRunx3	0	0	0	0	0	1
15	18613468	18614060	1	shRunx3	0	0	0	0	0	1
15	18618248	18618453	1	shRunx3	0	0	0	0	0	1
15	18814960	18815239	1	shRunx3	0	0	0	0	0	1
15	19086592	19086871	1	late	0	1	0	0	0	0
15	19297873	19298281	1	memory	0	0	0	1	0	0
15	19880529	19880840	1	late	0	1	0	0	0	0
15	20011494	20011788	1	shRunx3	0	0	0	0	0	1
15	20178132	20178563	1	shCd19	0	0	0	0	1	0
15	20296131	20296391	1	terminal	0	0	1	0	0	0
15	20466946	20467151	1	shCd19	0	0	0	0	1	0
15	20520556	20520858	1	shCd19	0	0	0	0	1	0
15	20573118	20573761	1	terminal	0	0	1	0	0	0
15	20689433	20689697	1	shCd19	0	0	0	0	1	0
15	20928727	20929167	1	terminal	0	0	1	0	0	0
15	20945268	20945708	1	shRunx3	0	0	0	0	0	1
15	21595938	21596317	1	late	0	1	0	0	0	0
15	21821675	21821949	1	shRunx3	0	0	0	0	0	1
15	21934964	21935432	1	shCd19	0	0	0	0	1	0
15	21997842	21998127	1	late	0	1	0	0	0	0
15	22026178	22026454	1	terminal	0	0	1	0	0	0
15	22100529	22100843	1	shRunx3	0	0	0	0	0	1
15	22597816	22598480	1	shCd19	0	0	0	0	1	0
15	22783589	22783847	1	memory	0	0	0	1	0	0
15	22971306	22971548	1	memory	0	0	0	1	0	0
15	23046949	23047189	1	shCd19	0	0	0	0	1	0
15	23214671	23214903	1	memory	0	0	0	1	0	0
15	23220235	23220615	1	shCd19	0	0	0	0	1	0
15	23524662	23524875	1	shCd19	0	0	0	0	1	0
15	24485245	24485465	1	shRunx3	0	0	0	0	0	1
15	24489572	24490026	1	terminal	0	0	1	0	0	0
15	24559523	24559807	1	shCd19	0	0	0	0	1	0
15	24567216	24567523	1	terminal	0	0	1	0	0	0
15	24730505	24730730	1	shRunx3	0	0	0	0	0	1
15	25073597	25074046	1	shCd19	0	0	0	0	1	0
15	25152024	25152269	1	memory	0	0	0	1	0	0
15	25231426	25231881	1	shRunx3	0	0	0	0	0	1
15	25280867	25281281	1	terminal	0	0	1	0	0	0
15	25683242	25683528	1	shCd19	0	0	0	0	1	0
15	25715248	25715497	1	shRunx3	0	0	0	0	0	1
15	27042758	27043154	1	late	0	1	0	0	0	0
15	27080384	27080786	1	shCd19	0	0	0	0	1	0
15	27087684	27087955	1	terminal	0	0	1	0	0	0
15	27561277	27561610	1	memory	0	0	0	1	0	0
15	27592500	27593140	1	terminal	0	0	1	0	0	0
15	27628010	27628346	1	shRunx3	0	0	0	0	0	1
15	27774730	27775329	1	early	1	0	0	0	0	0
15	28193998	28194373	1	late	0	1	0	0	0	0
15	28368865	28369169	1	early	1	0	0	0	0	0
15	28839013	28839236	1	shRunx3	0	0	0	0	0	1
15	29057956	29058523	1	shRunx3	0	0	0	0	0	1
15	29308286	29308538	1	shRunx3	0	0	0	0	0	1
15	29339231	29339594	1	shCd19	0	0	0	0	1	0
15	29701947	29702312	1	shCd19	0	0	0	0	1	0
15	29720631	29720858	1	shCd19	0	0	0	0	1	0
15	30452229	30452517	1	shCd19	0	0	0	0	1	0
15	30859967	30860262	1	shRunx3	0	0	0	0	0	1
15	30985244	30985696	1	shCd19	0	0	0	0	1	0
15	31342410	31342714	1	early	1	0	0	0	0	0
15	31419494	31419757	1	terminal	0	0	1	0	0	0
15	31463238	31463437	1	shCd19	0	0	0	0	1	0
15	31520702	31520935	1	memory	0	0	0	1	0	0
15	31536453	31536775	1	late	0	1	0	0	0	0
15	31720320	31720651	1	shRunx3	0	0	0	0	0	1
15	31728318	31728577	1	memory	0	0	0	1	0	0
15	32162031	32162463	1	terminal	0	0	1	0	0	0
15	32290584	32290866	1	terminal	0	0	1	0	0	0
15	32427290	32427572	1	late	0	1	0	0	0	0
15	32430744	32431034	1	early	1	0	0	0	0	0
15	32724041	32724364	1	shRunx3	0	0	0	0	0	1
15	32886258	32886621	1	memory	0	0	0	1	0	0
15	32971557	32971933	1	terminal	0	0	1	0	0	0
15	33053238	33053439	1	shRunx3	0	0	0	0	0	1
15	33291255	33291497	1	shCd19	0	0	0	0	1	0
15	33456697	33457870	1	terminal	0	0	1	0	0	0
15	33533558	33534122	1	terminal	0	0	1	0	0	0
15	33635883	33636145	1	shCd19	0	0	0	0	1	0
15	33887465	33887805	1	early	1	0	0	0	0	0
15	33913992	33914358	1	shCd19	0	0	0	0	1	0
15	34055238	34055706	1	late	0	1	0	0	0	0
15	34208571	34209254	1	late	0	1	0	0	0	0
15	34292258	34292551	1	shCd19	0	0	0	0	1	0
15	34490144	34490455	1	shRunx3	0	0	0	0	0	1
15	34614363	34614795	1	late	0	1	0	0	0	0
15	35009372	35009575	1	shCd19	0	0	0	0	1	0
15	35017116	35017365	1	memory	0	0	0	1	0	0
15	35073057	35073374	1	shCd19	0	0	0	0	1	0
15	35425194	35425701	1	late	0	1	0	0	0	0
15	35802052	35802378	1	terminal	0	0	1	0	0	0
15	35824595	35824915	1	terminal	0	0	1	0	0	0
15	36008506	36008722	1	shCd19	0	0	0	0	1	0
15	36352552	36353136	1	shRunx3	0	0	0	0	0	1
15	36442463	36442775	1	memory	0	0	0	1	0	0
15	36607993	36608210	1	shRunx3	0	0	0	0	0	1
15	37437599	37437799	1	shCd19	0	0	0	0	1	0
15	37665774	37665972	1	shCd19	0	0	0	0	1	0
15	38054352	38054559	1	shRunx3	0	0	0	0	0	1
15	38057294	38057801	1	shRunx3	0	0	0	0	0	1
15	38300869	38301072	1	shCd19	0	0	0	0	1	0
15	38451120	38451342	1	shCd19	0	0	0	0	1	0
15	38500997	38501329	1	shCd19	0	0	0	0	1	0
15	38890403	38890608	1	shRunx3	0	0	0	0	0	1
15	39112342	39112583	1	terminal	0	0	1	0	0	0
15	39397658	39398131	1	terminal	0	0	1	0	0	0
15	39799184	39799674	1	terminal	0	0	1	0	0	0
15	40489169	40489670	1	shRunx3	0	0	0	0	0	1
15	40660423	40660732	1	terminal	0	0	1	0	0	0
15	40691053	40691392	1	terminal	0	0	1	0	0	0
15	40754554	40754843	1	shRunx3	0	0	0	0	0	1
15	40816789	40817118	1	terminal	0	0	1	0	0	0
15	40870845	40871118	1	terminal	0	0	1	0	0	0
15	40896042	40896314	1	terminal	0	0	1	0	0	0
15	41361837	41362127	1	shCd19	0	0	0	0	1	0
15	41832236	41832541	1	shRunx3	0	0	0	0	0	1
15	41846712	41846978	1	late	0	1	0	0	0	0
15	41918697	41919024	1	late	0	1	0	0	0	0
15	42003579	42003965	1	terminal	0	0	1	0	0	0
15	42191530	42191881	1	memory	0	0	0	1	0	0
15	42326504	42326812	1	terminal	0	0	1	0	0	0
15	42535989	42536190	1	shRunx3	0	0	0	0	0	1
15	42576797	42577073	1	early	1	0	0	0	0	0
15	42805491	42806009	1	terminal	0	0	1	0	0	0
15	42974367	42974631	1	terminal	0	0	1	0	0	0
15	43168656	43168941	1	terminal	0	0	1	0	0	0
15	43204300	43204711	1	shCd19	0	0	0	0	1	0
15	43366685	43367281	1	shCd19	0	0	0	0	1	0
15	43635034	43635353	1	late	0	1	0	0	0	0
15	43637090	43637403	1	terminal	0	0	1	0	0	0
15	43779442	43779815	1	late	0	1	0	0	0	0
15	43852033	43852269	1	terminal	0	0	1	0	0	0
15	44237834	44238332	1	shCd19	0	0	0	0	1	0
15	44312984	44313410	1	terminal	0	0	1	0	0	0
15	44705148	44705509	1	terminal	0	0	1	0	0	0
15	45280487	45280844	1	shRunx3	0	0	0	0	0	1
15	45473553	45474217	1	late	0	1	0	0	0	0
15	45730763	45731049	1	shRunx3	0	0	0	0	0	1
15	45821077	45821407	1	shRunx3	0	0	0	0	0	1
15	45948537	45948727	1	shRunx3	0	0	0	0	0	1
15	46006003	46006514	1	shRunx3	0	0	0	0	0	1
15	46075506	46076016	1	shCd19	0	0	0	0	1	0
15	46150550	46150791	1	early	1	0	0	0	0	0
15	46245779	46246061	1	memory	0	0	0	1	0	0
15	46629485	46629768	1	late	0	1	0	0	0	0
15	47082649	47082995	1	terminal	0	0	1	0	0	0
15	47202434	47202929	1	shCd19	0	0	0	0	1	0
15	47393696	47393981	1	shCd19	0	0	0	0	1	0
15	47405129	47405427	1	terminal	0	0	1	0	0	0
15	48030957	48031256	1	shCd19	0	0	0	0	1	0
15	49047303	49047567	1	memory	0	0	0	1	0	0
15	49068914	49069270	1	shCd19	0	0	0	0	1	0
15	49119300	49119554	1	terminal	0	0	1	0	0	0
15	49274441	49274677	1	shRunx3	0	0	0	0	0	1
15	49451870	49452090	1	shRunx3	0	0	0	0	0	1
15	49480801	49481173	1	memory	0	0	0	1	0	0
15	49511843	49512242	1	shRunx3	0	0	0	0	0	1
15	49544798	49545091	1	shRunx3	0	0	0	0	0	1
15	49732958	49733224	1	memory	0	0	0	1	0	0
15	49878292	49878517	1	shCd19	0	0	0	0	1	0
15	49897076	49897556	1	shCd19	0	0	0	0	1	0
15	49985635	49986084	1	early	1	0	0	0	0	0
15	50026379	50026619	1	shRunx3	0	0	0	0	0	1
15	50138214	50138558	1	shCd19	0	0	0	0	1	0
15	50141310	50141543	1	shCd19	0	0	0	0	1	0
15	50237629	50238159	1	terminal	0	0	1	0	0	0
15	50312538	50312795	1	memory	0	0	0	1	0	0
15	50501444	50501726	1	late	0	1	0	0	0	0
15	50713838	50714126	1	terminal	0	0	1	0	0	0
15	50715549	50716160	1	memory	0	0	0	1	0	0
15	51108973	51109275	1	shCd19	0	0	0	0	1	0
15	51222127	51222357	1	memory	0	0	0	1	0	0
15	51331545	51331880	1	late	0	1	0	0	0	0
15	51353190	51353470	1	shCd19	0	0	0	0	1	0
15	51509756	51510287	1	terminal	0	0	1	0	0	0
15	51662458	51662859	1	shCd19	0	0	0	0	1	0
15	51756061	51756411	1	terminal	0	0	1	0	0	0
15	51837289	51837501	1	shCd19	0	0	0	0	1	0
15	51995962	51996260	1	terminal	0	0	1	0	0	0
15	52321753	52321947	1	shRunx3	0	0	0	0	0	1
15	52645359	52645918	1	late	0	1	0	0	0	0
15	52767668	52767916	1	shCd19	0	0	0	0	1	0
15	52801171	52801504	1	shRunx3	0	0	0	0	0	1
15	53072813	53073124	1	memory	0	0	0	1	0	0
15	53103829	53104087	1	shRunx3	0	0	0	0	0	1
15	53389287	53389686	1	early	1	0	0	0	0	0
15	53857811	53858053	1	terminal	0	0	1	0	0	0
15	54048005	54048370	1	shRunx3	0	0	0	0	0	1
15	54126250	54126609	1	terminal	0	0	1	0	0	0
15	54578044	54578520	1	shCd19	0	0	0	0	1	0
15	55290268	55290623	1	terminal	0	0	1	0	0	0
15	55301537	55301896	1	shCd19	0	0	0	0	1	0
15	55310365	55310909	1	memory	0	0	0	1	0	0
15	55598708	55598983	1	shRunx3	0	0	0	0	0	1
15	55738587	55738824	1	terminal	0	0	1	0	0	0
15	56169584	56169847	1	memory	0	0	0	1	0	0
15	56538079	56538310	1	terminal	0	0	1	0	0	0
15	56583157	56583690	1	terminal	0	0	1	0	0	0
15	56707581	56707969	1	early	1	0	0	0	0	0
15	57212701	57212939	1	terminal	0	0	1	0	0	0
15	57557624	57557943	1	shCd19	0	0	0	0	1	0
15	58080946	58081232	1	shRunx3	0	0	0	0	0	1
15	58466013	58466270	1	terminal	0	0	1	0	0	0
15	58504546	58504889	1	memory	0	0	0	1	0	0
15	58594045	58594277	1	memory	0	0	0	1	0	0
15	58614283	58614693	1	shCd19	0	0	0	0	1	0
15	58744112	58744376	1	shCd19	0	0	0	0	1	0
15	58896458	58896827	1	terminal	0	0	1	0	0	0
15	58913720	58914003	1	shCd19	0	0	0	0	1	0
15	59068449	59068934	1	shCd19	0	0	0	0	1	0
15	59374028	59374255	1	terminal	0	0	1	0	0	0
15	59625187	59625421	1	memory	0	0	0	1	0	0
15	60420608	60420850	1	shCd19	0	0	0	0	1	0
15	60546325	60546622	1	shCd19	0	0	0	0	1	0
15	60909123	60909399	1	late	0	1	0	0	0	0
15	61019255	61019484	1	shRunx3	0	0	0	0	0	1
15	61267808	61268331	1	shRunx3	0	0	0	0	0	1
15	61495259	61495963	1	terminal	0	0	1	0	0	0
15	61529685	61530116	1	shCd19	0	0	0	0	1	0
15	61987741	61987994	1	shCd19	0	0	0	0	1	0
15	62109789	62110215	1	shRunx3	0	0	0	0	0	1
15	62169492	62169527	1	shCd19	0	0	0	0	1	0
15	62169527	62169770	2	shCd19,shRunx3	0	0	0	0	1	1
15	62169770	62169884	1	shCd19	0	0	0	0	1	0
15	62212875	62213276	1	terminal	0	0	1	0	0	0
15	62481331	62481603	1	shCd19	0	0	0	0	1	0
15	63460948	63461214	1	shRunx3	0	0	0	0	0	1
15	63629877	63630251	1	terminal	0	0	1	0	0	0
15	63825399	63825932	1	terminal	0	0	1	0	0	0
15	63990201	63990606	1	late	0	1	0	0	0	0
15	64000812	64001042	1	shRunx3	0	0	0	0	0	1
15	64206020	64206297	1	shRunx3	0	0	0	0	0	1
15	64262398	64262662	1	shCd19	0	0	0	0	1	0
15	64486278	64486605	1	late	0	1	0	0	0	0
15	64504873	64505146	1	shCd19	0	0	0	0	1	0
15	64742852	64743077	1	shCd19	0	0	0	0	1	0
15	64883274	64883631	1	terminal	0	0	1	0	0	0
15	64889080	64889331	1	terminal	0	0	1	0	0	0
15	64957373	64957597	1	shCd19	0	0	0	0	1	0
15	65342047	65342332	1	shRunx3	0	0	0	0	0	1
15	65379165	65379624	1	terminal	0	0	1	0	0	0
15	65587305	65587744	1	late	0	1	0	0	0	0
15	65713676	65714006	1	shCd19	0	0	0	0	1	0
15	65755376	65755686	1	terminal	0	0	1	0	0	0
15	65780399	65780609	1	shRunx3	0	0	0	0	0	1
15	66002750	66003067	1	terminal	0	0	1	0	0	0
15	66080289	66080763	1	shRunx3	0	0	0	0	0	1
15	66230903	66231153	1	shRunx3	0	0	0	0	0	1
15	66260955	66261261	1	shCd19	0	0	0	0	1	0
15	66340929	66341190	1	shRunx3	0	0	0	0	0	1
15	66493070	66493438	1	early	1	0	0	0	0	0
15	66513578	66513889	1	shCd19	0	0	0	0	1	0
15	66563050	66563404	1	shCd19	0	0	0	0	1	0
15	66698299	66698542	1	early	1	0	0	0	0	0
15	66872876	66873321	1	shCd19	0	0	0	0	1	0
15	66956146	66956479	1	terminal	0	0	1	0	0	0
15	66969777	66970056	1	shCd19	0	0	0	0	1	0
15	67092427	67092849	1	late	0	1	0	0	0	0
15	67174399	67174645	1	shCd19	0	0	0	0	1	0
15	67289944	67290293	1	shCd19	0	0	0	0	1	0
15	67360041	67360417	1	shCd19	0	0	0	0	1	0
15	67551771	67552080	1	late	0	1	0	0	0	0
15	67664401	67664791	1	memory	0	0	0	1	0	0
15	67798742	67798949	1	shRunx3	0	0	0	0	0	1
15	67817255	67817552	1	shRunx3	0	0	0	0	0	1
15	67883172	67883467	1	terminal	0	0	1	0	0	0
15	67957899	67958183	1	shCd19	0	0	0	0	1	0
15	68326931	68327569	1	shRunx3	0	0	0	0	0	1
15	68472251	68472573	1	shRunx3	0	0	0	0	0	1
15	68654175	68654483	1	late	0	1	0	0	0	0
15	68694277	68694478	1	shRunx3	0	0	0	0	0	1
15	68720172	68720379	1	shRunx3	0	0	0	0	0	1
15	68740643	68740973	1	terminal	0	0	1	0	0	0
15	68954358	68954658	1	shRunx3	0	0	0	0	0	1
15	69459513	69459721	1	shRunx3	0	0	0	0	0	1
15	69578175	69578548	1	memory	0	0	0	1	0	0
15	69840768	69841056	1	terminal	0	0	1	0	0	0
15	69847746	69848149	1	shRunx3	0	0	0	0	0	1
15	70099568	70099850	1	shCd19	0	0	0	0	1	0
15	70449320	70449622	1	memory	0	0	0	1	0	0
15	70451942	70452297	1	memory	0	0	0	1	0	0
15	70627561	70627791	1	shCd19	0	0	0	0	1	0
15	71330978	71331227	1	memory	0	0	0	1	0	0
15	71634976	71635168	1	shRunx3	0	0	0	0	0	1
15	71717456	71717718	1	memory	0	0	0	1	0	0
15	71779961	71780292	1	terminal	0	0	1	0	0	0
15	72383327	72384013	1	memory	0	0	0	1	0	0
15	72573403	72573679	1	shRunx3	0	0	0	0	0	1
15	72644229	72644541	1	terminal	0	0	1	0	0	0
15	72833429	72833756	1	shCd19	0	0	0	0	1	0
15	72940650	72940976	1	terminal	0	0	1	0	0	0
15	73022841	73023128	1	terminal	0	0	1	0	0	0
15	73534332	73534645	1	shRunx3	0	0	0	0	0	1
15	73637832	73638108	1	terminal	0	0	1	0	0	0
15	74693191	74693479	1	shRunx3	0	0	0	0	0	1
15	74858385	74858626	1	shRunx3	0	0	0	0	0	1
15	74919617	74919988	1	late	0	1	0	0	0	0
15	75220189	75220420	1	terminal	0	0	1	0	0	0
15	75689112	75689563	1	terminal	0	0	1	0	0	0
15	75712507	75712893	1	late	0	1	0	0	0	0
15	75862988	75863227	1	memory	0	0	0	1	0	0
15	76195885	76196217	1	shRunx3	0	0	0	0	0	1
15	76203708	76204257	1	shRunx3	0	0	0	0	0	1
15	76274364	76274572	1	shCd19	0	0	0	0	1	0
15	76274572	76274862	2	shCd19,shRunx3	0	0	0	0	1	1
15	76274862	76275115	1	shCd19	0	0	0	0	1	0
15	76501155	76501365	1	shRunx3	0	0	0	0	0	1
15	76639405	76639653	1	shRunx3	0	0	0	0	0	1
15	76659834	76660132	1	shRunx3	0	0	0	0	0	1
15	76672050	76672424	1	shCd19	0	0	0	0	1	0
15	76757716	76757972	1	shCd19	0	0	0	0	1	0
15	76770129	76770711	1	shCd19	0	0	0	0	1	0
15	76825181	76825565	1	early	1	0	0	0	0	0
15	77059838	77060043	1	shRunx3	0	0	0	0	0	1
15	77816956	77817266	1	shRunx3	0	0	0	0	0	1
15	78075232	78075441	1	shRunx3	0	0	0	0	0	1
15	78129015	78129297	1	terminal	0	0	1	0	0	0
15	78196769	78197208	1	terminal	0	0	1	0	0	0
15	78264159	78264778	1	shCd19	0	0	0	0	1	0
15	78450308	78450310	1	shRunx3	0	0	0	0	0	1
15	78450310	78450555	2	shCd19,shRunx3	0	0	0	0	1	1
15	78450555	78450619	1	shCd19	0	0	0	0	1	0
15	78495428	78495691	1	shCd19	0	0	0	0	1	0
15	78622238	78622529	1	memory	0	0	0	1	0	0
15	78877232	78877488	1	shCd19	0	0	0	0	1	0
15	79052631	79052981	1	late	0	1	0	0	0	0
15	79062867	79063231	1	shCd19	0	0	0	0	1	0
15	79328431	79328711	1	shRunx3	0	0	0	0	0	1
15	79341677	79341914	1	memory	0	0	0	1	0	0
15	79357173	79357490	1	shRunx3	0	0	0	0	0	1
15	79357490	79357714	2	terminal,shRunx3	0	0	1	0	0	1
15	79357714	79357951	1	terminal	0	0	1	0	0	0
15	79465425	79465797	1	shRunx3	0	0	0	0	0	1
15	79898123	79898544	1	late	0	1	0	0	0	0
15	80132684	80133008	1	early	1	0	0	0	0	0
15	80457574	80457809	1	memory	0	0	0	1	0	0
15	80710791	80711265	1	shRunx3	0	0	0	0	0	1
15	80735572	80735832	1	shRunx3	0	0	0	0	0	1
15	81014268	81014604	1	terminal	0	0	1	0	0	0
15	81360486	81360955	1	memory	0	0	0	1	0	0
15	81663821	81664168	1	shCd19	0	0	0	0	1	0
15	81672025	81672482	1	shCd19	0	0	0	0	1	0
15	81698673	81698917	1	shRunx3	0	0	0	0	0	1
15	81740185	81740439	1	memory	0	0	0	1	0	0
15	81811012	81811336	1	shRunx3	0	0	0	0	0	1
15	81990299	81990538	1	shCd19	0	0	0	0	1	0
15	82014475	82014834	1	shRunx3	0	0	0	0	0	1
15	82265402	82265619	1	shCd19	0	0	0	0	1	0
15	82274049	82274497	1	shCd19	0	0	0	0	1	0
15	82663325	82663756	1	terminal	0	0	1	0	0	0
15	82926101	82926435	1	memory	0	0	0	1	0	0
15	82989195	82989434	1	terminal	0	0	1	0	0	0
15	83208961	83209181	1	shCd19	0	0	0	0	1	0
15	83266865	83267066	1	shCd19	0	0	0	0	1	0
15	83861227	83861911	1	terminal	0	0	1	0	0	0
15	84320439	84320704	1	late	0	1	0	0	0	0
15	84418684	84418921	1	terminal	0	0	1	0	0	0
15	84443686	84443902	1	shRunx3	0	0	0	0	0	1
15	84696005	84696196	1	shRunx3	0	0	0	0	0	1
15	85163121	85163529	1	terminal	0	0	1	0	0	0
15	85735144	85735391	1	shRunx3	0	0	0	0	0	1
15	85981986	85982570	1	shCd19	0	0	0	0	1	0
15	86067481	86067849	1	shRunx3	0	0	0	0	0	1
15	86587421	86587655	1	terminal	0	0	1	0	0	0
15	86740103	86740361	1	shRunx3	0	0	0	0	0	1
15	86799674	86800044	1	shCd19	0	0	0	0	1	0
15	87435001	87435474	1	terminal	0	0	1	0	0	0
15	87470227	87470545	1	early	1	0	0	0	0	0
15	87525329	87525613	1	memory	0	0	0	1	0	0
15	87710459	87710877	1	terminal	0	0	1	0	0	0
15	88082674	88082931	1	terminal	0	0	1	0	0	0
15	88144169	88144594	1	terminal	0	0	1	0	0	0
15	88751039	88752057	1	terminal	0	0	1	0	0	0
15	88862158	88862503	1	shRunx3	0	0	0	0	0	1
15	89022242	89022449	1	shRunx3	0	0	0	0	0	1
15	89099999	89100490	1	shRunx3	0	0	0	0	0	1
15	89202926	89203124	1	shCd19	0	0	0	0	1	0
15	90233644	90234192	1	terminal	0	0	1	0	0	0
15	90424096	90424428	1	terminal	0	0	1	0	0	0
15	91208143	91208407	1	early	1	0	0	0	0	0
15	91302126	91302429	1	memory	0	0	0	1	0	0
15	91693210	91693477	1	memory	0	0	0	1	0	0
15	91838934	91839245	1	terminal	0	0	1	0	0	0
15	92024598	92024958	1	memory	0	0	0	1	0	0
15	92181009	92181299	1	shRunx3	0	0	0	0	0	1
15	92338906	92339247	1	terminal	0	0	1	0	0	0
15	92475943	92476232	1	terminal	0	0	1	0	0	0
15	92607209	92607465	1	shCd19	0	0	0	0	1	0
15	92902186	92902414	1	shRunx3	0	0	0	0	0	1
15	92983046	92983370	1	shCd19	0	0	0	0	1	0
15	93000084	93000334	1	shCd19	0	0	0	0	1	0
15	93229213	93229559	1	shCd19	0	0	0	0	1	0
15	93484157	93484545	1	terminal	0	0	1	0	0	0
15	94890720	94890988	1	terminal	0	0	1	0	0	0
15	95269171	95269409	1	memory	0	0	0	1	0	0
15	95431885	95432418	1	terminal	0	0	1	0	0	0
15	95479331	95479762	1	memory	0	0	0	1	0	0
15	95645282	95645502	1	shCd19	0	0	0	0	1	0
15	95765118	95765817	1	terminal	0	0	1	0	0	0
15	96043680	96043870	1	shRunx3	0	0	0	0	0	1
15	96956171	96956389	1	shRunx3	0	0	0	0	0	1
15	97214081	97214505	1	shCd19	0	0	0	0	1	0
15	97228928	97229290	1	terminal	0	0	1	0	0	0
15	97311760	97312000	1	shCd19	0	0	0	0	1	0
15	97336759	97337112	1	terminal	0	0	1	0	0	0
15	97379568	97380033	1	memory	0	0	0	1	0	0
15	97539761	97540030	1	shRunx3	0	0	0	0	0	1
15	97860636	97861271	1	shRunx3	0	0	0	0	0	1
15	97876367	97876641	1	terminal	0	0	1	0	0	0
15	98240792	98241047	1	shCd19	0	0	0	0	1	0
15	98420317	98420517	1	shRunx3	0	0	0	0	0	1
15	98723507	98723759	1	memory	0	0	0	1	0	0
15	98779205	98779439	1	terminal	0	0	1	0	0	0
15	98918020	98918557	1	shCd19	0	0	0	0	1	0
15	99029986	99030189	1	shRunx3	0	0	0	0	0	1
15	99186340	99186619	1	late	0	1	0	0	0	0
15	99451466	99451694	1	shRunx3	0	0	0	0	0	1
15	99585378	99585615	1	memory	0	0	0	1	0	0
15	99885941	99886296	1	shRunx3	0	0	0	0	0	1
15	100112281	100112649	1	memory	0	0	0	1	0	0
15	100131414	100131836	1	shRunx3	0	0	0	0	0	1
15	100254982	100255352	1	terminal	0	0	1	0	0	0
15	100523195	100523427	1	shCd19	0	0	0	0	1	0
15	100667237	100667596	1	terminal	0	0	1	0	0	0
15	100735586	100735999	1	shRunx3	0	0	0	0	0	1
15	100836607	100836926	1	terminal	0	0	1	0	0	0
15	100926716	100927288	1	terminal	0	0	1	0	0	0
15	100955126	100955334	1	shRunx3	0	0	0	0	0	1
15	101868011	101868266	1	shRunx3	0	0	0	0	0	1
15	102048715	102048960	1	terminal	0	0	1	0	0	0
15	102379023	102379448	1	late	0	1	0	0	0	0
15	102486959	102487233	1	shRunx3	0	0	0	0	0	1
15	102518046	102518132	1	shRunx3	0	0	0	0	0	1
15	102518132	102518652	2	shCd19,shRunx3	0	0	0	0	1	1
15	102518652	102518690	1	shCd19	0	0	0	0	1	0
15	102612076	102612339	1	shCd19	0	0	0	0	1	0
15	102631563	102631797	1	shCd19	0	0	0	0	1	0
15	102721225	102721559	1	early	1	0	0	0	0	0
15	102721618	102722109	1	shRunx3	0	0	0	0	0	1
15	102740163	102740416	1	terminal	0	0	1	0	0	0
15	103152781	103153038	1	shCd19	0	0	0	0	1	0
15	103239583	103240298	1	shRunx3	0	0	0	0	0	1
15	103243257	103243668	1	terminal	0	0	1	0	0	0
15	103597287	103597643	1	shRunx3	0	0	0	0	0	1
15	103727570	103727856	1	memory	0	0	0	1	0	0
16	3646458	3646863	1	terminal	0	0	1	0	0	0
16	3948077	3948319	1	terminal	0	0	1	0	0	0
16	4077337	4077620	1	early	1	0	0	0	0	0
16	4098522	4099076	1	terminal	0	0	1	0	0	0
16	4271003	4271256	1	terminal	0	0	1	0	0	0
16	4373412	4373736	1	shCd19	0	0	0	0	1	0
16	4541928	4542166	1	shCd19	0	0	0	0	1	0
16	4690040	4690299	1	memory	0	0	0	1	0	0
16	4788237	4788705	1	terminal	0	0	1	0	0	0
16	4842179	4842396	1	shCd19	0	0	0	0	1	0
16	4880571	4880919	1	shCd19	0	0	0	0	1	0
16	5185605	5185936	1	shCd19	0	0	0	0	1	0
16	5326155	5326358	1	shRunx3	0	0	0	0	0	1
16	5428203	5428577	1	terminal	0	0	1	0	0	0
16	5917400	5917633	1	terminal	0	0	1	0	0	0
16	6512552	6512832	1	shRunx3	0	0	0	0	0	1
16	6572423	6572848	1	early	1	0	0	0	0	0
16	6619711	6620081	1	terminal	0	0	1	0	0	0
16	6747519	6747720	1	shCd19	0	0	0	0	1	0
16	6762159	6762651	1	shCd19	0	0	0	0	1	0
16	7264614	7264947	1	memory	0	0	0	1	0	0
16	7270365	7270597	1	shCd19	0	0	0	0	1	0
16	7357093	7357347	1	shRunx3	0	0	0	0	0	1
16	7499399	7500150	1	late	0	1	0	0	0	0
16	7868686	7868955	1	terminal	0	0	1	0	0	0
16	8114443	8114750	1	terminal	0	0	1	0	0	0
16	8190389	8190774	1	shRunx3	0	0	0	0	0	1
16	8426736	8426998	1	late	0	1	0	0	0	0
16	8753695	8753956	1	terminal	0	0	1	0	0	0
16	8829381	8830058	1	shRunx3	0	0	0	0	0	1
16	8960398	8960669	1	memory	0	0	0	1	0	0
16	9419297	9419563	1	terminal	0	0	1	0	0	0
16	9952942	9953380	1	shCd19	0	0	0	0	1	0
16	10059838	10060294	1	shRunx3	0	0	0	0	0	1
16	10154945	10155198	1	terminal	0	0	1	0	0	0
16	10166953	10167244	1	memory	0	0	0	1	0	0
16	10363478	10363678	1	shRunx3	0	0	0	0	0	1
16	10711907	10712183	1	shRunx3	0	0	0	0	0	1
16	10814952	10815160	1	shCd19	0	0	0	0	1	0
16	10864988	10865448	1	shCd19	0	0	0	0	1	0
16	10896022	10896395	1	terminal	0	0	1	0	0	0
16	11407307	11407586	1	shRunx3	0	0	0	0	0	1
16	11475419	11475701	1	shRunx3	0	0	0	0	0	1
16	11506393	11506781	1	terminal	0	0	1	0	0	0
16	11620308	11620541	1	shCd19	0	0	0	0	1	0
16	11671262	11671573	1	late	0	1	0	0	0	0
16	11675545	11676039	1	late	0	1	0	0	0	0
16	11844729	11844962	1	shCd19	0	0	0	0	1	0
16	11955025	11955395	1	early	1	0	0	0	0	0
16	12207003	12207258	1	shRunx3	0	0	0	0	0	1
16	12493773	12494164	1	shRunx3	0	0	0	0	0	1
16	12498482	12498770	1	shCd19	0	0	0	0	1	0
16	12599137	12599451	1	memory	0	0	0	1	0	0
16	12786167	12786414	1	shCd19	0	0	0	0	1	0
16	12816095	12816363	1	shCd19	0	0	0	0	1	0
16	13114764	13115025	1	memory	0	0	0	1	0	0
16	13189371	13189616	1	memory	0	0	0	1	0	0
16	13344077	13344284	1	shCd19	0	0	0	0	1	0
16	13376247	13376545	1	memory	0	0	0	1	0	0
16	13732997	13733207	1	shCd19	0	0	0	0	1	0
16	14482817	14483056	1	terminal	0	0	1	0	0	0
16	14508812	14509010	1	shCd19	0	0	0	0	1	0
16	14533489	14534195	1	terminal	0	0	1	0	0	0
16	14723018	14723310	1	late	0	1	0	0	0	0
16	14855794	14856141	1	terminal	0	0	1	0	0	0
16	15433800	15434058	1	terminal	0	0	1	0	0	0
16	15637344	15637906	1	shRunx3	0	0	0	0	0	1
16	15924188	15924501	1	memory	0	0	0	1	0	0
16	16243494	16243722	1	shRunx3	0	0	0	0	0	1
16	16344990	16345213	1	shCd19	0	0	0	0	1	0
16	16793270	16793613	1	memory	0	0	0	1	0	0
16	16857258	16857615	1	shRunx3	0	0	0	0	0	1
16	16874361	16874824	1	memory	0	0	0	1	0	0
16	16956223	16956556	1	early	1	0	0	0	0	0
16	17306366	17306723	1	shRunx3	0	0	0	0	0	1
16	17668092	17668312	1	shRunx3	0	0	0	0	0	1
16	17818393	17818666	1	shRunx3	0	0	0	0	0	1
16	18066033	18066366	1	shRunx3	0	0	0	0	0	1
16	18288487	18289415	1	shRunx3	0	0	0	0	0	1
16	18473563	18473977	1	late	0	1	0	0	0	0
16	18938074	18938571	1	terminal	0	0	1	0	0	0
16	19471126	19471370	1	shCd19	0	0	0	0	1	0
16	19607215	19607601	1	late	0	1	0	0	0	0
16	19827777	19828456	1	early	1	0	0	0	0	0
16	19947648	19947904	1	terminal	0	0	1	0	0	0
16	20351192	20352268	1	terminal	0	0	1	0	0	0
16	20442057	20442401	1	terminal	0	0	1	0	0	0
16	20886814	20887015	1	shCd19	0	0	0	0	1	0
16	21081016	21081212	1	shRunx3	0	0	0	0	0	1
16	21637902	21638193	1	early	1	0	0	0	0	0
16	21805635	21806202	1	terminal	0	0	1	0	0	0
16	22659222	22659761	1	late	0	1	0	0	0	0
16	22857453	22857762	1	shCd19	0	0	0	0	1	0
16	23067433	23067782	1	late	0	1	0	0	0	0
16	23089108	23089397	1	shRunx3	0	0	0	0	0	1
16	23389099	23389440	1	early	1	0	0	0	0	0
16	23545630	23546252	1	shRunx3	0	0	0	0	0	1
16	23562206	23562668	1	late	0	1	0	0	0	0
16	23607696	23607905	1	shCd19	0	0	0	0	1	0
16	23716796	23717120	1	shCd19	0	0	0	0	1	0
16	23886014	23886352	1	terminal	0	0	1	0	0	0
16	23915460	23915745	1	terminal	0	0	1	0	0	0
16	24115777	24115973	1	shRunx3	0	0	0	0	0	1
16	24302094	24302306	1	shRunx3	0	0	0	0	0	1
16	24325030	24325590	1	terminal	0	0	1	0	0	0
16	24386014	24386395	1	terminal	0	0	1	0	0	0
16	24420141	24420485	1	terminal	0	0	1	0	0	0
16	24487963	24488237	1	shRunx3	0	0	0	0	0	1
16	24581354	24581631	1	late	0	1	0	0	0	0
16	24596045	24596363	1	late	0	1	0	0	0	0
16	24728096	24728546	1	terminal	0	0	1	0	0	0
16	24878930	24879541	1	terminal	0	0	1	0	0	0
16	24929625	24930265	1	shRunx3	0	0	0	0	0	1
16	24972609	24972990	1	memory	0	0	0	1	0	0
16	25112025	25112426	1	memory	0	0	0	1	0	0
16	25467140	25467434	1	memory	0	0	0	1	0	0
16	25487455	25487714	1	memory	0	0	0	1	0	0
16	25674298	25674533	1	shCd19	0	0	0	0	1	0
16	25716418	25716758	1	shRunx3	0	0	0	0	0	1
16	25854772	25855113	1	shCd19	0	0	0	0	1	0
16	26249905	26250154	1	early	1	0	0	0	0	0
16	26932702	26933137	1	shCd19	0	0	0	0	1	0
16	26996849	26997156	1	early	1	0	0	0	0	0
16	27063590	27063802	1	shCd19	0	0	0	0	1	0
16	27366551	27367104	1	shRunx3	0	0	0	0	0	1
16	27373008	27373299	1	shCd19	0	0	0	0	1	0
16	27764925	27765194	1	shRunx3	0	0	0	0	0	1
16	27770815	27771065	1	shCd19	0	0	0	0	1	0
16	27830294	27830869	1	terminal	0	0	1	0	0	0
16	27860680	27861367	1	memory	0	0	0	1	0	0
16	27889065	27889317	1	shCd19	0	0	0	0	1	0
16	27933244	27933568	1	shRunx3	0	0	0	0	0	1
16	27934487	27934795	1	shCd19	0	0	0	0	1	0
16	27979400	27980175	1	terminal	0	0	1	0	0	0
16	28381590	28381809	1	shRunx3	0	0	0	0	0	1
16	28526592	28526878	1	shCd19	0	0	0	0	1	0
16	28599456	28599654	1	shCd19	0	0	0	0	1	0
16	29070491	29071044	1	terminal	0	0	1	0	0	0
16	29298470	29298678	1	shRunx3	0	0	0	0	0	1
16	29536215	29536798	1	terminal	0	0	1	0	0	0
16	29843750	29844110	1	shCd19	0	0	0	0	1	0
16	29959811	29960149	1	terminal	0	0	1	0	0	0
16	30666866	30667109	1	memory	0	0	0	1	0	0
16	30864932	30865133	1	shCd19	0	0	0	0	1	0
16	31142493	31142783	1	shRunx3	0	0	0	0	0	1
16	31304442	31304646	1	shRunx3	0	0	0	0	0	1
16	31445822	31446042	1	shRunx3	0	0	0	0	0	1
16	31559946	31560161	1	shCd19	0	0	0	0	1	0
16	31750793	31751240	1	memory	0	0	0	1	0	0
16	32108181	32108456	1	shCd19	0	0	0	0	1	0
16	32190093	32190339	2	memory,shRunx3	0	0	0	1	0	1
16	32207380	32207621	1	shRunx3	0	0	0	0	0	1
16	32276548	32276854	1	memory	0	0	0	1	0	0
16	32300596	32301147	1	memory	0	0	0	1	0	0
16	32346958	32347199	1	terminal	0	0	1	0	0	0
16	32361953	32362232	1	shCd19	0	0	0	0	1	0
16	32552707	32552963	1	shRunx3	0	0	0	0	0	1
16	32603434	32603784	1	shRunx3	0	0	0	0	0	1
16	32645076	32645308	1	shCd19	0	0	0	0	1	0
16	32651262	32651469	1	shRunx3	0	0	0	0	0	1
16	32702161	32702376	1	shRunx3	0	0	0	0	0	1
16	32705393	32705760	1	memory	0	0	0	1	0	0
16	32888187	32888383	1	shCd19	0	0	0	0	1	0
16	33085092	33085387	1	shRunx3	0	0	0	0	0	1
16	33120553	33120783	1	shCd19	0	0	0	0	1	0
16	33194014	33194300	1	shRunx3	0	0	0	0	0	1
16	33249029	33249341	1	terminal	0	0	1	0	0	0
16	33409468	33409937	1	terminal	0	0	1	0	0	0
16	33615921	33616475	1	shRunx3	0	0	0	0	0	1
16	33740604	33740976	1	shCd19	0	0	0	0	1	0
16	33769748	33770004	1	shRunx3	0	0	0	0	0	1
16	33903378	33903635	1	memory	0	0	0	1	0	0
16	34104751	34104978	1	memory	0	0	0	1	0	0
16	34182709	34183083	1	terminal	0	0	1	0	0	0
16	34288888	34289317	1	shCd19	0	0	0	0	1	0
16	34715171	34715444	1	late	0	1	0	0	0	0
16	34795111	34795463	1	memory	0	0	0	1	0	0
16	34952696	34952928	1	terminal	0	0	1	0	0	0
16	35246180	35246491	1	memory	0	0	0	1	0	0
16	35448507	35448983	1	terminal	0	0	1	0	0	0
16	35723614	35724036	1	shCd19	0	0	0	0	1	0
16	35759845	35760071	1	memory	0	0	0	1	0	0
16	36038382	36038762	1	shRunx3	0	0	0	0	0	1
16	36038762	36038804	2	late,shRunx3	0	1	0	0	0	1
16	36038804	36039151	1	late	0	1	0	0	0	0
16	36041408	36041616	1	shRunx3	0	0	0	0	0	1
16	36067543	36067911	1	shCd19	0	0	0	0	1	0
16	36217668	36217928	1	terminal	0	0	1	0	0	0
16	36341722	36342022	1	memory	0	0	0	1	0	0
16	36671125	36671701	1	terminal	0	0	1	0	0	0
16	37000945	37001241	1	shCd19	0	0	0	0	1	0
16	37028352	37028762	1	shCd19	0	0	0	0	1	0
16	37040058	37040285	1	shRunx3	0	0	0	0	0	1
16	37296686	37296977	1	terminal	0	0	1	0	0	0
16	37772537	37772941	1	shCd19	0	0	0	0	1	0
16	37931467	37931663	1	shRunx3	0	0	0	0	0	1
16	37948429	37948725	1	shCd19	0	0	0	0	1	0
16	38062963	38063277	1	shRunx3	0	0	0	0	0	1
16	38088501	38088818	1	shRunx3	0	0	0	0	0	1
16	38147995	38148251	1	memory	0	0	0	1	0	0
16	38317924	38318389	1	terminal	0	0	1	0	0	0
16	38458471	38459115	1	terminal	0	0	1	0	0	0
16	38736663	38736908	1	shRunx3	0	0	0	0	0	1
16	39014702	39014933	1	shCd19	0	0	0	0	1	0
16	39067376	39067821	1	shCd19	0	0	0	0	1	0
16	39685956	39686331	1	terminal	0	0	1	0	0	0
16	39716036	39716362	1	terminal	0	0	1	0	0	0
16	40052451	40052714	1	late	0	1	0	0	0	0
16	40775297	40775958	1	terminal	0	0	1	0	0	0
16	40789259	40789579	1	memory	0	0	0	1	0	0
16	40805753	40805994	1	early	1	0	0	0	0	0
16	40965670	40966013	1	memory	0	0	0	1	0	0
16	41436565	41436852	1	shCd19	0	0	0	0	1	0
16	41827659	41827949	1	memory	0	0	0	1	0	0
16	41871399	41871757	1	shRunx3	0	0	0	0	0	1
16	41982294	41982521	1	terminal	0	0	1	0	0	0
16	41996980	41997198	1	shRunx3	0	0	0	0	0	1
16	42217219	42217544	1	shRunx3	0	0	0	0	0	1
16	42305487	42305686	1	shCd19	0	0	0	0	1	0
16	42443347	42443580	1	terminal	0	0	1	0	0	0
16	42627879	42628277	1	late	0	1	0	0	0	0
16	42645319	42645575	1	early	1	0	0	0	0	0
16	42733947	42734298	1	terminal	0	0	1	0	0	0
16	43308678	43309157	1	terminal	0	0	1	0	0	0
16	43453901	43454108	1	shRunx3	0	0	0	0	0	1
16	43554377	43554845	1	terminal	0	0	1	0	0	0
16	43638183	43638701	1	shRunx3	0	0	0	0	0	1
16	43690202	43690627	1	shCd19	0	0	0	0	1	0
16	43699144	43699433	1	shRunx3	0	0	0	0	0	1
16	43709708	43710009	1	shRunx3	0	0	0	0	0	1
16	43720163	43720676	1	shRunx3	0	0	0	0	0	1
16	43834811	43835239	1	shRunx3	0	0	0	0	0	1
16	44006780	44006977	1	shCd19	0	0	0	0	1	0
16	44132187	44132997	1	shCd19	0	0	0	0	1	0
16	44139061	44139065	1	shCd19	0	0	0	0	1	0
16	44139065	44139284	2	shCd19,shRunx3	0	0	0	0	1	1
16	44362400	44362710	1	shCd19	0	0	0	0	1	0
16	44415762	44416011	1	shRunx3	0	0	0	0	0	1
16	44497893	44498097	1	shCd19	0	0	0	0	1	0
16	44983644	44983888	1	shRunx3	0	0	0	0	0	1
16	45181569	45182140	1	late	0	1	0	0	0	0
16	45253273	45253572	1	shCd19	0	0	0	0	1	0
16	45270152	45270463	1	memory	0	0	0	1	0	0
16	45453912	45454246	1	late	0	1	0	0	0	0
16	45489483	45489866	1	shRunx3	0	0	0	0	0	1
16	45889775	45890079	1	shRunx3	0	0	0	0	0	1
16	45965929	45966256	1	shCd19	0	0	0	0	1	0
16	46009876	46010100	1	shCd19	0	0	0	0	1	0
16	46022000	46022380	1	shCd19	0	0	0	0	1	0
16	46022380	46022686	2	shCd19,shRunx3	0	0	0	0	1	1
16	46022686	46022783	1	shRunx3	0	0	0	0	0	1
16	46714741	46715023	1	shRunx3	0	0	0	0	0	1
16	47289792	47290100	1	shRunx3	0	0	0	0	0	1
16	47311914	47312155	1	memory	0	0	0	1	0	0
16	47312155	47312335	2	memory,shCd19	0	0	0	1	1	0
16	47312335	47312371	1	shCd19	0	0	0	0	1	0
16	47765262	47765494	1	terminal	0	0	1	0	0	0
16	47841416	47841744	1	late	0	1	0	0	0	0
16	48064715	48064966	1	shRunx3	0	0	0	0	0	1
16	48233393	48233587	1	shRunx3	0	0	0	0	0	1
16	48555965	48556594	1	shCd19	0	0	0	0	1	0
16	48835968	48836224	1	terminal	0	0	1	0	0	0
16	49111758	49111976	1	shRunx3	0	0	0	0	0	1
16	49242648	49243020	1	terminal	0	0	1	0	0	0
16	49287404	49287676	1	terminal	0	0	1	0	0	0
16	49364805	49365050	1	terminal	0	0	1	0	0	0
16	49396654	49396889	1	terminal	0	0	1	0	0	0
16	49678139	49678456	1	terminal	0	0	1	0	0	0
16	49797109	49797714	1	shCd19	0	0	0	0	1	0
16	49888024	49888391	1	shCd19	0	0	0	0	1	0
16	50450372	50450591	1	shCd19	0	0	0	0	1	0
16	50507259	50507525	1	memory	0	0	0	1	0	0
16	50671022	50671254	1	shCd19	0	0	0	0	1	0
16	50771087	50771376	1	shCd19	0	0	0	0	1	0
16	50837532	50837763	1	terminal	0	0	1	0	0	0
16	50974771	50975088	1	memory	0	0	0	1	0	0
16	51209859	51210171	1	terminal	0	0	1	0	0	0
16	51592160	51592448	1	memory	0	0	0	1	0	0
16	51760396	51760702	1	shRunx3	0	0	0	0	0	1
16	52031232	52031515	1	late	0	1	0	0	0	0
16	52199000	52199377	1	late	0	1	0	0	0	0
16	52378514	52378856	1	terminal	0	0	1	0	0	0
16	52728441	52728887	1	shCd19	0	0	0	0	1	0
16	52787337	52787560	1	shCd19	0	0	0	0	1	0
16	52911400	52911598	1	shCd19	0	0	0	0	1	0
16	52979691	52979930	1	early	1	0	0	0	0	0
16	53180831	53181075	1	early	1	0	0	0	0	0
16	53297307	53297629	1	terminal	0	0	1	0	0	0
16	53310789	53311042	1	memory	0	0	0	1	0	0
16	53840636	53841052	1	shCd19	0	0	0	0	1	0
16	54241201	54241440	1	shRunx3	0	0	0	0	0	1
16	54446592	54446949	1	early	1	0	0	0	0	0
16	54501193	54501540	1	late	0	1	0	0	0	0
16	54906581	54906875	1	memory	0	0	0	1	0	0
16	55086891	55087275	1	shCd19	0	0	0	0	1	0
16	55192931	55193162	1	terminal	0	0	1	0	0	0
16	55194085	55194474	1	shRunx3	0	0	0	0	0	1
16	55455957	55456151	1	shRunx3	0	0	0	0	0	1
16	55506670	55507044	1	memory	0	0	0	1	0	0
16	55512172	55512550	1	terminal	0	0	1	0	0	0
16	55552460	55552654	1	shRunx3	0	0	0	0	0	1
16	55934588	55934795	1	shRunx3	0	0	0	0	0	1
16	56490951	56491207	1	memory	0	0	0	1	0	0
16	56617937	56618246	1	memory	0	0	0	1	0	0
16	56732598	56732862	1	early	1	0	0	0	0	0
16	57029219	57029470	1	early	1	0	0	0	0	0
16	57047815	57048122	1	early	1	0	0	0	0	0
16	57064569	57064793	1	shRunx3	0	0	0	0	0	1
16	57209665	57210033	1	terminal	0	0	1	0	0	0
16	57249012	57249266	1	early	1	0	0	0	0	0
16	57382219	57382421	1	shCd19	0	0	0	0	1	0
16	57683045	57683362	1	shRunx3	0	0	0	0	0	1
16	57753283	57753549	1	late	0	1	0	0	0	0
16	58290292	58290920	1	late	0	1	0	0	0	0
16	58480046	58480491	1	shCd19	0	0	0	0	1	0
16	58506932	58507277	1	late	0	1	0	0	0	0
16	58522506	58522780	1	terminal	0	0	1	0	0	0
16	58715286	58715528	1	terminal	0	0	1	0	0	0
16	59118307	59118625	1	shRunx3	0	0	0	0	0	1
16	59183954	59184337	1	terminal	0	0	1	0	0	0
16	59403242	59403620	1	late	0	1	0	0	0	0
16	59429899	59430114	1	shRunx3	0	0	0	0	0	1
16	59505836	59506075	1	memory	0	0	0	1	0	0
16	59946408	59946714	1	late	0	1	0	0	0	0
16	60024694	60025031	1	memory	0	0	0	1	0	0
16	60037838	60038106	1	memory	0	0	0	1	0	0
16	60096809	60097057	1	terminal	0	0	1	0	0	0
16	60581492	60581748	1	terminal	0	0	1	0	0	0
16	61014216	61014556	1	early	1	0	0	0	0	0
16	61599107	61599465	1	shRunx3	0	0	0	0	0	1
16	61704961	61705234	1	shCd19	0	0	0	0	1	0
16	61821348	61821610	1	shRunx3	0	0	0	0	0	1
16	61830717	61831254	1	shRunx3	0	0	0	0	0	1
16	62084744	62085094	1	late	0	1	0	0	0	0
16	62408604	62408854	1	shCd19	0	0	0	0	1	0
16	62409049	62409416	1	late	0	1	0	0	0	0
16	62465980	62466340	1	shRunx3	0	0	0	0	0	1
16	62628663	62628984	1	shRunx3	0	0	0	0	0	1
16	63077403	63077725	1	terminal	0	0	1	0	0	0
16	63336776	63337034	1	shCd19	0	0	0	0	1	0
16	63538756	63539175	1	terminal	0	0	1	0	0	0
16	63559116	63559434	1	shRunx3	0	0	0	0	0	1
16	63611829	63612292	1	memory	0	0	0	1	0	0
16	63640166	63640398	1	memory	0	0	0	1	0	0
16	63961007	63961324	1	early	1	0	0	0	0	0
16	63982278	63982564	1	early	1	0	0	0	0	0
16	64191815	64192281	1	terminal	0	0	1	0	0	0
16	64204424	64204760	1	late	0	1	0	0	0	0
16	64292586	64292852	1	memory	0	0	0	1	0	0
16	64460342	64460669	1	early	1	0	0	0	0	0
16	64530823	64531262	1	late	0	1	0	0	0	0
16	64698150	64698394	1	memory	0	0	0	1	0	0
16	64724327	64724677	1	early	1	0	0	0	0	0
16	64763955	64764294	1	terminal	0	0	1	0	0	0
16	64820843	64821076	1	shCd19	0	0	0	0	1	0
16	64851698	64851980	1	shCd19	0	0	0	0	1	0
16	65516446	65516759	1	early	1	0	0	0	0	0
16	65720668	65721105	1	shCd19	0	0	0	0	1	0
16	65733978	65734308	1	terminal	0	0	1	0	0	0
16	65876583	65876904	1	late	0	1	0	0	0	0
16	66321161	66321715	1	shCd19	0	0	0	0	1	0
16	66370139	66370645	1	terminal	0	0	1	0	0	0
16	66406819	66407220	1	memory	0	0	0	1	0	0
16	66433514	66433877	1	shRunx3	0	0	0	0	0	1
16	66667418	66667660	1	early	1	0	0	0	0	0
16	66670209	66670591	1	terminal	0	0	1	0	0	0
16	66903943	66904234	1	shRunx3	0	0	0	0	0	1
16	66935727	66935958	1	terminal	0	0	1	0	0	0
16	67078263	67078497	1	memory	0	0	0	1	0	0
16	67089007	67089467	1	shRunx3	0	0	0	0	0	1
16	67365909	67366127	1	shCd19	0	0	0	0	1	0
16	67809726	67810109	1	terminal	0	0	1	0	0	0
16	68049168	68049738	1	early	1	0	0	0	0	0
16	68158583	68158967	1	late	0	1	0	0	0	0
16	68178212	68178467	1	memory	0	0	0	1	0	0
16	68180216	68180431	1	shCd19	0	0	0	0	1	0
16	68196312	68196602	1	shRunx3	0	0	0	0	0	1
16	68283700	68283930	1	memory	0	0	0	1	0	0
16	68388591	68388921	1	shRunx3	0	0	0	0	0	1
16	68399844	68400283	1	shCd19	0	0	0	0	1	0
16	68883688	68883974	1	shRunx3	0	0	0	0	0	1
16	69090883	69091177	1	memory	0	0	0	1	0	0
16	69377894	69378429	1	terminal	0	0	1	0	0	0
16	69591726	69592038	1	late	0	1	0	0	0	0
16	69910747	69910962	1	shCd19	0	0	0	0	1	0
16	70106667	70107203	1	late	0	1	0	0	0	0
16	70154559	70155253	1	memory	0	0	0	1	0	0
16	70192430	70192928	1	early	1	0	0	0	0	0
16	70706283	70706548	1	terminal	0	0	1	0	0	0
16	70866455	70866826	1	shCd19	0	0	0	0	1	0
16	71065231	71065482	1	terminal	0	0	1	0	0	0
16	71201089	71201362	1	terminal	0	0	1	0	0	0
16	71556638	71556999	1	shCd19	0	0	0	0	1	0
16	71578967	71579158	1	shRunx3	0	0	0	0	0	1
16	72110281	72110714	1	shRunx3	0	0	0	0	0	1
16	72468368	72468765	1	memory	0	0	0	1	0	0
16	72505741	72506005	1	early	1	0	0	0	0	0
16	72705507	72705882	1	terminal	0	0	1	0	0	0
16	73090542	73090829	1	memory	0	0	0	1	0	0
16	73288639	73288974	1	memory	0	0	0	1	0	0
16	73624069	73624451	1	terminal	0	0	1	0	0	0
16	73981373	73981668	1	terminal	0	0	1	0	0	0
16	74029823	74030189	1	shRunx3	0	0	0	0	0	1
16	74054762	74054967	1	shCd19	0	0	0	0	1	0
16	74178192	74178499	1	shCd19	0	0	0	0	1	0
16	74186072	74186331	1	shRunx3	0	0	0	0	0	1
16	74260929	74261150	1	shCd19	0	0	0	0	1	0
16	74273569	74273939	1	early	1	0	0	0	0	0
16	74314805	74315242	1	late	0	1	0	0	0	0
16	74619086	74619328	1	shCd19	0	0	0	0	1	0
16	74941649	74941887	1	early	1	0	0	0	0	0
16	75051028	75051451	1	late	0	1	0	0	0	0
16	75095966	75096543	1	terminal	0	0	1	0	0	0
16	75321581	75321978	1	late	0	1	0	0	0	0
16	75556432	75556674	1	shRunx3	0	0	0	0	0	1
16	75631419	75631829	1	terminal	0	0	1	0	0	0
16	75945396	75945668	1	early	1	0	0	0	0	0
16	76074232	76074624	1	late	0	1	0	0	0	0
16	76237030	76237243	1	shRunx3	0	0	0	0	0	1
16	76247882	76248143	1	terminal	0	0	1	0	0	0
16	76355588	76355925	1	late	0	1	0	0	0	0
16	76371052	76371316	1	late	0	1	0	0	0	0
16	76434693	76435035	1	terminal	0	0	1	0	0	0
16	76849050	76849358	1	early	1	0	0	0	0	0
16	76865453	76865727	1	shCd19	0	0	0	0	1	0
16	77125672	77126191	1	late	0	1	0	0	0	0
16	77233057	77233261	1	shRunx3	0	0	0	0	0	1
16	77298990	77299447	1	memory	0	0	0	1	0	0
16	77580782	77581097	1	shRunx3	0	0	0	0	0	1
16	77927787	77928066	1	terminal	0	0	1	0	0	0
16	78130072	78130272	1	shCd19	0	0	0	0	1	0
16	78508052	78508504	1	shCd19	0	0	0	0	1	0
16	78577359	78577667	1	shCd19	0	0	0	0	1	0
16	78662275	78662615	1	memory	0	0	0	1	0	0
16	79723863	79724093	1	terminal	0	0	1	0	0	0
16	80151807	80152098	1	terminal	0	0	1	0	0	0
16	80384655	80385030	1	terminal	0	0	1	0	0	0
16	80485470	80485723	1	early	1	0	0	0	0	0
16	80752198	80752425	1	terminal	0	0	1	0	0	0
16	81166916	81167782	1	terminal	0	0	1	0	0	0
16	81521196	81521444	1	terminal	0	0	1	0	0	0
16	81655119	81655470	1	terminal	0	0	1	0	0	0
16	81926045	81926355	1	shCd19	0	0	0	0	1	0
16	82320563	82320929	1	late	0	1	0	0	0	0
16	82340719	82341074	1	shCd19	0	0	0	0	1	0
16	82341657	82342099	1	early	1	0	0	0	0	0
16	82462519	82462815	1	late	0	1	0	0	0	0
16	82645656	82645996	1	late	0	1	0	0	0	0
16	82693005	82693374	1	terminal	0	0	1	0	0	0
16	83654904	83655388	1	shRunx3	0	0	0	0	0	1
16	83958389	83958765	1	terminal	0	0	1	0	0	0
16	84004545	84004813	1	early	1	0	0	0	0	0
16	84299837	84300048	1	shCd19	0	0	0	0	1	0
16	84329090	84329511	1	shRunx3	0	0	0	0	0	1
16	84495920	84496251	1	shRunx3	0	0	0	0	0	1
16	84512325	84512636	1	shRunx3	0	0	0	0	0	1
16	84584365	84584657	1	shRunx3	0	0	0	0	0	1
16	85841615	85842178	1	memory	0	0	0	1	0	0
16	86091014	86091264	1	shRunx3	0	0	0	0	0	1
16	86649922	86650197	1	early	1	0	0	0	0	0
16	86674161	86674584	1	shCd19	0	0	0	0	1	0
16	86843772	86844037	1	memory	0	0	0	1	0	0
16	87007025	87007273	1	shRunx3	0	0	0	0	0	1
16	87437567	87437817	1	terminal	0	0	1	0	0	0
16	87549350	87549690	1	terminal	0	0	1	0	0	0
16	87674378	87674640	1	memory	0	0	0	1	0	0
16	87919230	87919601	1	shRunx3	0	0	0	0	0	1
16	88261176	88261575	1	shRunx3	0	0	0	0	0	1
16	88499345	88500205	1	terminal	0	0	1	0	0	0
16	88560869	88561171	1	shRunx3	0	0	0	0	0	1
16	88789316	88789517	1	shCd19	0	0	0	0	1	0
16	89000452	89000710	1	shRunx3	0	0	0	0	0	1
16	89047550	89048079	1	terminal	0	0	1	0	0	0
16	89306461	89306773	1	shCd19	0	0	0	0	1	0
16	89316666	89316972	1	terminal	0	0	1	0	0	0
16	89872338	89872595	1	terminal	0	0	1	0	0	0
16	89930296	89930645	1	shRunx3	0	0	0	0	0	1
16	89961339	89961556	1	shCd19	0	0	0	0	1	0
16	90127942	90128141	1	shRunx3	0	0	0	0	0	1
16	90458476	90459035	1	terminal	0	0	1	0	0	0
16	90515561	90515919	1	terminal	0	0	1	0	0	0
16	90544622	90544920	1	shCd19	0	0	0	0	1	0
16	90750949	90751197	1	memory	0	0	0	1	0	0
16	90870053	90870509	1	shCd19	0	0	0	0	1	0
16	91102606	91103029	1	shRunx3	0	0	0	0	0	1
16	91162546	91162961	1	terminal	0	0	1	0	0	0
16	91533202	91533429	1	shRunx3	0	0	0	0	0	1
16	91533429	91533586	2	terminal,shRunx3	0	0	1	0	0	1
16	91533586	91533812	1	terminal	0	0	1	0	0	0
16	91597671	91598111	1	shCd19	0	0	0	0	1	0
16	91967558	91967798	1	early	1	0	0	0	0	0
16	92204633	92205038	1	shCd19	0	0	0	0	1	0
16	92360502	92361015	1	shRunx3	0	0	0	0	0	1
16	92423004	92423403	1	memory	0	0	0	1	0	0
16	92620915	92621198	1	shRunx3	0	0	0	0	0	1
16	92821970	92822696	1	shRunx3	0	0	0	0	0	1
16	92825774	92826471	1	shRunx3	0	0	0	0	0	1
16	93013792	93014008	1	shCd19	0	0	0	0	1	0
16	93212477	93212751	1	memory	0	0	0	1	0	0
16	93542280	93542521	1	shCd19	0	0	0	0	1	0
16	93552714	93553255	1	shRunx3	0	0	0	0	0	1
16	93658726	93658963	1	shCd19	0	0	0	0	1	0
16	93777467	93778011	1	shCd19	0	0	0	0	1	0
16	93903860	93904154	1	shCd19	0	0	0	0	1	0
16	93974095	93974345	1	shCd19	0	0	0	0	1	0
16	95283516	95283810	1	late	0	1	0	0	0	0
16	95576971	95577329	1	shRunx3	0	0	0	0	0	1
16	95599565	95599837	1	early	1	0	0	0	0	0
16	95614530	95615010	1	terminal	0	0	1	0	0	0
16	95721426	95721625	1	shRunx3	0	0	0	0	0	1
16	95748563	95748807	1	memory	0	0	0	1	0	0
16	95854001	95854217	1	shCd19	0	0	0	0	1	0
16	96179663	96179872	1	shRunx3	0	0	0	0	0	1
16	96273097	96273404	1	shCd19	0	0	0	0	1	0
16	96327739	96328136	1	shCd19	0	0	0	0	1	0
16	96332392	96332661	1	shRunx3	0	0	0	0	0	1
16	96714076	96714508	1	shCd19	0	0	0	0	1	0
16	96745662	96745902	1	early	1	0	0	0	0	0
16	97031515	97031786	1	shRunx3	0	0	0	0	0	1
16	97034802	97035063	1	shCd19	0	0	0	0	1	0
16	97296988	97297295	1	early	1	0	0	0	0	0
16	97431052	97431395	1	terminal	0	0	1	0	0	0
16	97960240	97960628	1	late	0	1	0	0	0	0
16	97979791	97980087	1	terminal	0	0	1	0	0	0
17	3114667	3115400	1	shRunx3	0	0	0	0	0	1
17	3432750	3433688	1	terminal	0	0	1	0	0	0
17	3568065	3568324	1	memory	0	0	0	1	0	0
17	3636984	3637240	1	terminal	0	0	1	0	0	0
17	3703135	3703452	1	shRunx3	0	0	0	0	0	1
17	3720199	3720581	1	memory	0	0	0	1	0	0
17	3903777	3904012	1	shCd19	0	0	0	0	1	0
17	4100089	4100327	1	terminal	0	0	1	0	0	0
17	4724989	4725534	1	shCd19	0	0	0	0	1	0
17	4971687	4971915	1	terminal	0	0	1	0	0	0
17	5349748	5350566	1	late	0	1	0	0	0	0
17	5594797	5595299	1	terminal	0	0	1	0	0	0
17	7206301	7206516	1	shCd19	0	0	0	0	1	0
17	7261618	7261840	1	shCd19	0	0	0	0	1	0
17	7289125	7289413	1	late	0	1	0	0	0	0
17	7671046	7671323	1	shRunx3	0	0	0	0	0	1
17	7874920	7875141	1	shCd19	0	0	0	0	1	0
17	7876403	7876775	1	shCd19	0	0	0	0	1	0
17	8223386	8223618	1	terminal	0	0	1	0	0	0
17	8630925	8631173	1	terminal	0	0	1	0	0	0
17	8793059	8793421	1	shRunx3	0	0	0	0	0	1
17	9073327	9073598	1	shRunx3	0	0	0	0	0	1
17	9319478	9319839	1	early	1	0	0	0	0	0
17	9657115	9657506	1	shRunx3	0	0	0	0	0	1
17	9911950	9912153	1	shRunx3	0	0	0	0	0	1
17	10107773	10108147	1	shCd19	0	0	0	0	1	0
17	10126902	10127330	1	shRunx3	0	0	0	0	0	1
17	10135415	10135631	1	shCd19	0	0	0	0	1	0
17	10144809	10145167	1	shRunx3	0	0	0	0	0	1
17	10513199	10513491	1	late	0	1	0	0	0	0
17	10847097	10847352	1	shRunx3	0	0	0	0	0	1
17	11105705	11106241	1	shCd19	0	0	0	0	1	0
17	11192542	11192960	1	shRunx3	0	0	0	0	0	1
17	11207649	11208014	1	late	0	1	0	0	0	0
17	11562049	11562310	1	terminal	0	0	1	0	0	0
17	11652463	11652722	1	memory	0	0	0	1	0	0
17	11825727	11826056	1	shCd19	0	0	0	0	1	0
17	11876656	11876868	1	shCd19	0	0	0	0	1	0
17	12134842	12135099	1	early	1	0	0	0	0	0
17	12363556	12364001	1	shRunx3	0	0	0	0	0	1
17	12364001	12364525	2	shCd19,shRunx3	0	0	0	0	1	1
17	12364525	12364595	1	shRunx3	0	0	0	0	0	1
17	12456416	12456911	1	late	0	1	0	0	0	0
17	12759177	12759418	1	early	1	0	0	0	0	0
17	12960410	12960437	1	shRunx3	0	0	0	0	0	1
17	12960437	12960738	2	shCd19,shRunx3	0	0	0	0	1	1
17	12960738	12960813	1	shRunx3	0	0	0	0	0	1
17	13015767	13016076	1	terminal	0	0	1	0	0	0
17	13693076	13693437	1	shCd19	0	0	0	0	1	0
17	13740922	13741270	1	shCd19	0	0	0	0	1	0
17	13813214	13813537	1	shCd19	0	0	0	0	1	0
17	13879872	13880104	1	terminal	0	0	1	0	0	0
17	13911367	13911639	1	shCd19	0	0	0	0	1	0
17	14102494	14102885	1	terminal	0	0	1	0	0	0
17	14153625	14153852	1	shCd19	0	0	0	0	1	0
17	14178811	14179167	1	early	1	0	0	0	0	0
17	14366295	14366568	1	shCd19	0	0	0	0	1	0
17	14539075	14539950	1	shRunx3	0	0	0	0	0	1
17	14653095	14653295	1	shCd19	0	0	0	0	1	0
17	14956321	14956552	1	shCd19	0	0	0	0	1	0
17	15127046	15127474	1	memory	0	0	0	1	0	0
17	15342191	15342423	1	terminal	0	0	1	0	0	0
17	15583851	15584061	1	shRunx3	0	0	0	0	0	1
17	15659065	15659326	1	shRunx3	0	0	0	0	0	1
17	16716313	16716557	1	shRunx3	0	0	0	0	0	1
17	16722860	16723085	1	memory	0	0	0	1	0	0
17	17056649	17056921	1	memory	0	0	0	1	0	0
17	17294094	17294294	1	shCd19	0	0	0	0	1	0
17	17572403	17572737	1	terminal	0	0	1	0	0	0
17	17584304	17584602	1	shRunx3	0	0	0	0	0	1
17	17676259	17676563	1	terminal	0	0	1	0	0	0
17	17811954	17812211	1	shRunx3	0	0	0	0	0	1
17	17951839	17952135	1	shRunx3	0	0	0	0	0	1
17	18612682	18612972	1	early	1	0	0	0	0	0
17	18668975	18669226	1	memory	0	0	0	1	0	0
17	18770780	18771039	1	shRunx3	0	0	0	0	0	1
17	18917676	18918048	1	terminal	0	0	1	0	0	0
17	19326847	19327091	1	memory	0	0	0	1	0	0
17	19637266	19637533	1	terminal	0	0	1	0	0	0
17	20649076	20649303	1	shRunx3	0	0	0	0	0	1
17	21226846	21227042	1	shRunx3	0	0	0	0	0	1
17	21383732	21384077	1	terminal	0	0	1	0	0	0
17	21426217	21426421	1	shCd19	0	0	0	0	1	0
17	21535055	21535505	1	shRunx3	0	0	0	0	0	1
17	22098381	22098729	1	shRunx3	0	0	0	0	0	1
17	22195264	22195481	1	shRunx3	0	0	0	0	0	1
17	22249595	22249846	1	terminal	0	0	1	0	0	0
17	22389356	22389664	1	shRunx3	0	0	0	0	0	1
17	22453549	22453907	1	late	0	1	0	0	0	0
17	22659130	22659508	1	shCd19	0	0	0	0	1	0
17	22817180	22817395	1	shCd19	0	0	0	0	1	0
17	22860891	22861277	1	late	0	1	0	0	0	0
17	22878961	22879175	1	shRunx3	0	0	0	0	0	1
17	22960597	22961130	1	terminal	0	0	1	0	0	0
17	23168633	23168941	1	shCd19	0	0	0	0	1	0
17	23270320	23270530	1	shRunx3	0	0	0	0	0	1
17	23392945	23393191	1	shCd19	0	0	0	0	1	0
17	23623797	23624073	1	shCd19	0	0	0	0	1	0
17	23740488	23740737	1	shCd19	0	0	0	0	1	0
17	23776582	23776798	1	shCd19	0	0	0	0	1	0
17	23826219	23826424	1	shCd19	0	0	0	0	1	0
17	23829285	23829513	1	shRunx3	0	0	0	0	0	1
17	23927271	23927727	1	terminal	0	0	1	0	0	0
17	24273216	24273632	1	terminal	0	0	1	0	0	0
17	24275413	24275719	1	shRunx3	0	0	0	0	0	1
17	24300722	24300954	1	shCd19	0	0	0	0	1	0
17	24426533	24426912	1	shRunx3	0	0	0	0	0	1
17	24468787	24469119	1	terminal	0	0	1	0	0	0
17	24469811	24470245	1	shCd19	0	0	0	0	1	0
17	24478780	24479104	1	shCd19	0	0	0	0	1	0
17	24527939	24528206	1	shRunx3	0	0	0	0	0	1
17	24569204	24569486	1	shCd19	0	0	0	0	1	0
17	24596650	24596881	1	terminal	0	0	1	0	0	0
17	24646975	24647442	1	late	0	1	0	0	0	0
17	24798353	24798549	1	shRunx3	0	0	0	0	0	1
17	24947927	24948268	1	terminal	0	0	1	0	0	0
17	25051143	25051334	1	shRunx3	0	0	0	0	0	1
17	25188809	25189149	1	late	0	1	0	0	0	0
17	25247946	25248232	1	shCd19	0	0	0	0	1	0
17	25248232	25248592	2	shCd19,shRunx3	0	0	0	0	1	1
17	25248592	25248615	1	shRunx3	0	0	0	0	0	1
17	25281945	25282262	1	shRunx3	0	0	0	0	0	1
17	25701504	25701845	1	memory	0	0	0	1	0	0
17	25858907	25859298	1	memory	0	0	0	1	0	0
17	25919945	25920527	1	late	0	1	0	0	0	0
17	26041875	26042120	1	shCd19	0	0	0	0	1	0
17	26178738	26179024	1	shRunx3	0	0	0	0	0	1
17	26239271	26239637	1	early	1	0	0	0	0	0
17	26471460	26471744	1	memory	0	0	0	1	0	0
17	26518305	26518774	1	shRunx3	0	0	0	0	0	1
17	26716609	26716977	1	shRunx3	0	0	0	0	0	1
17	26973034	26973513	1	shCd19	0	0	0	0	1	0
17	27121906	27122166	1	terminal	0	0	1	0	0	0
17	27131637	27131844	1	shCd19	0	0	0	0	1	0
17	27529791	27530087	1	early	1	0	0	0	0	0
17	27555900	27556196	1	memory	0	0	0	1	0	0
17	27602666	27602961	1	memory	0	0	0	1	0	0
17	28110949	28111287	1	terminal	0	0	1	0	0	0
17	28256905	28257397	1	shRunx3	0	0	0	0	0	1
17	28485927	28486606	1	shCd19	0	0	0	0	1	0
17	28488332	28488632	1	shCd19	0	0	0	0	1	0
17	28522507	28522754	1	shCd19	0	0	0	0	1	0
17	28570766	28571299	1	late	0	1	0	0	0	0
17	28690882	28691332	1	shRunx3	0	0	0	0	0	1
17	28698469	28698873	1	late	0	1	0	0	0	0
17	28804378	28804639	1	terminal	0	0	1	0	0	0
17	28813382	28813644	1	shRunx3	0	0	0	0	0	1
17	28819236	28819488	1	memory	0	0	0	1	0	0
17	28884014	28884257	1	terminal	0	0	1	0	0	0
17	28952377	28952692	1	shCd19	0	0	0	0	1	0
17	28981205	28981487	1	shCd19	0	0	0	0	1	0
17	29065376	29066094	1	shCd19	0	0	0	0	1	0
17	29095212	29095884	1	shCd19	0	0	0	0	1	0
17	29208625	29208887	1	terminal	0	0	1	0	0	0
17	29326446	29326882	1	shRunx3	0	0	0	0	0	1
17	29808212	29808439	1	shRunx3	0	0	0	0	0	1
17	29838403	29838756	1	shCd19	0	0	0	0	1	0
17	30223860	30224060	1	shRunx3	0	0	0	0	0	1
17	30237907	30238173	1	shCd19	0	0	0	0	1	0
17	30463845	30464213	1	early	1	0	0	0	0	0
17	30558954	30559199	1	shRunx3	0	0	0	0	0	1
17	30869714	30870045	1	shRunx3	0	0	0	0	0	1
17	30982683	30982956	1	shCd19	0	0	0	0	1	0
17	30997503	30997799	1	shRunx3	0	0	0	0	0	1
17	31136545	31137067	1	shCd19	0	0	0	0	1	0
17	31167275	31167614	1	terminal	0	0	1	0	0	0
17	31186788	31187037	1	memory	0	0	0	1	0	0
17	31493117	31493552	1	shRunx3	0	0	0	0	0	1
17	31519588	31520154	1	shCd19	0	0	0	0	1	0
17	31568424	31568835	1	shRunx3	0	0	0	0	0	1
17	31658739	31659108	1	shCd19	0	0	0	0	1	0
17	31681690	31682068	1	terminal	0	0	1	0	0	0
17	31902608	31902871	1	memory	0	0	0	1	0	0
17	31908748	31909098	1	shCd19	0	0	0	0	1	0
17	31965991	31966316	1	terminal	0	0	1	0	0	0
17	32045049	32045291	1	terminal	0	0	1	0	0	0
17	32083703	32084030	1	late	0	1	0	0	0	0
17	32386870	32387181	1	shRunx3	0	0	0	0	0	1
17	32705292	32705754	1	early	1	0	0	0	0	0
17	32764501	32764873	1	terminal	0	0	1	0	0	0
17	33223984	33224187	1	shRunx3	0	0	0	0	0	1
17	33385611	33385849	1	shRunx3	0	0	0	0	0	1
17	33951557	33951558	1	shCd19	0	0	0	0	1	0
17	33951558	33951806	2	shCd19,shRunx3	0	0	0	0	1	1
17	33951806	33952234	1	shCd19	0	0	0	0	1	0
17	34001263	34002250	1	shRunx3	0	0	0	0	0	1
17	34077456	34077723	1	memory	0	0	0	1	0	0
17	34210475	34210695	1	shCd19	0	0	0	0	1	0
17	34253461	34253759	1	terminal	0	0	1	0	0	0
17	34901426	34901774	1	terminal	0	0	1	0	0	0
17	35008070	35008329	1	late	0	1	0	0	0	0
17	35232649	35232948	1	shRunx3	0	0	0	0	0	1
17	35262680	35263018	1	shCd19	0	0	0	0	1	0
17	35644053	35644408	1	shRunx3	0	0	0	0	0	1
17	35836837	35837244	1	shRunx3	0	0	0	0	0	1
17	35861637	35861995	1	shRunx3	0	0	0	0	0	1
17	35899227	35899455	1	terminal	0	0	1	0	0	0
17	35939718	35940080	1	terminal	0	0	1	0	0	0
17	36001763	36002111	1	shRunx3	0	0	0	0	0	1
17	36020592	36020827	1	shRunx3	0	0	0	0	0	1
17	36563674	36563872	1	shRunx3	0	0	0	0	0	1
17	36869202	36869514	1	terminal	0	0	1	0	0	0
17	36908349	36908651	1	terminal	0	0	1	0	0	0
17	36958626	36959060	1	late	0	1	0	0	0	0
17	37076758	37077155	1	memory	0	0	0	1	0	0
17	37360169	37360439	1	early	1	0	0	0	0	0
17	37399356	37399712	1	shCd19	0	0	0	0	1	0
17	37411046	37411394	1	shRunx3	0	0	0	0	0	1
17	37802424	37802628	1	shCd19	0	0	0	0	1	0
17	38059645	38060020	1	early	1	0	0	0	0	0
17	38159244	38159477	1	shRunx3	0	0	0	0	0	1
17	38766606	38766979	1	shCd19	0	0	0	0	1	0
17	38833384	38833631	1	shCd19	0	0	0	0	1	0
17	39056449	39056660	1	shCd19	0	0	0	0	1	0
17	39177632	39177945	1	late	0	1	0	0	0	0
17	39245806	39246164	1	late	0	1	0	0	0	0
17	39260502	39260926	1	terminal	0	0	1	0	0	0
17	39286968	39287339	1	memory	0	0	0	1	0	0
17	39955229	39955590	1	terminal	0	0	1	0	0	0
17	40086053	40086262	1	shRunx3	0	0	0	0	0	1
17	40525205	40525589	1	late	0	1	0	0	0	0
17	41004313	41004578	1	late	0	1	0	0	0	0
17	41070102	41071028	1	terminal	0	0	1	0	0	0
17	41082059	41082331	1	memory	0	0	0	1	0	0
17	41269842	41270154	1	late	0	1	0	0	0	0
17	42073723	42074079	1	terminal	0	0	1	0	0	0
17	42382661	42382959	1	memory	0	0	0	1	0	0
17	42690916	42691211	1	terminal	0	0	1	0	0	0
17	42707392	42707757	1	memory	0	0	0	1	0	0
17	43005857	43006102	1	terminal	0	0	1	0	0	0
17	43039209	43039519	1	shCd19	0	0	0	0	1	0
17	43066872	43067186	1	shRunx3	0	0	0	0	0	1
17	43384364	43384685	1	terminal	0	0	1	0	0	0
17	44341636	44341940	1	memory	0	0	0	1	0	0
17	44567156	44567468	1	shRunx3	0	0	0	0	0	1
17	44725375	44725854	1	terminal	0	0	1	0	0	0
17	45059998	45060227	1	terminal	0	0	1	0	0	0
17	45161246	45161552	1	shRunx3	0	0	0	0	0	1
17	45310136	45310414	1	late	0	1	0	0	0	0
17	45333976	45334218	1	early	1	0	0	0	0	0
17	45351715	45351980	1	terminal	0	0	1	0	0	0
17	45603731	45603952	1	shRunx3	0	0	0	0	0	1
17	45639470	45639884	1	terminal	0	0	1	0	0	0
17	45720088	45720331	1	shCd19	0	0	0	0	1	0
17	45766252	45766806	1	shCd19	0	0	0	0	1	0
17	45899852	45900196	1	shCd19	0	0	0	0	1	0
17	45963577	45963953	1	terminal	0	0	1	0	0	0
17	46004000	46004544	1	memory	0	0	0	1	0	0
17	46349294	46349597	1	shCd19	0	0	0	0	1	0
17	46548188	46548478	1	memory	0	0	0	1	0	0
17	46733055	46733612	1	late	0	1	0	0	0	0
17	46796829	46797356	1	shCd19	0	0	0	0	1	0
17	46890324	46890574	1	shCd19	0	0	0	0	1	0
17	46941476	46941729	1	terminal	0	0	1	0	0	0
17	47158119	47158486	1	early	1	0	0	0	0	0
17	47502019	47502314	1	shCd19	0	0	0	0	1	0
17	47633288	47633662	1	late	0	1	0	0	0	0
17	47812808	47813122	1	late	0	1	0	0	0	0
17	47860805	47861207	1	late	0	1	0	0	0	0
17	48082138	48082389	1	terminal	0	0	1	0	0	0
17	48243188	48243409	1	shCd19	0	0	0	0	1	0
17	48243576	48243813	1	memory	0	0	0	1	0	0
17	48364808	48365138	1	memory	0	0	0	1	0	0
17	48473386	48473769	1	terminal	0	0	1	0	0	0
17	48644273	48644871	1	shRunx3	0	0	0	0	0	1
17	48750333	48750712	1	shRunx3	0	0	0	0	0	1
17	48787859	48788119	1	shRunx3	0	0	0	0	0	1
17	50065719	50066050	1	early	1	0	0	0	0	0
17	50086773	50087086	1	terminal	0	0	1	0	0	0
17	50306847	50307049	1	shRunx3	0	0	0	0	0	1
17	50377241	50377505	1	memory	0	0	0	1	0	0
17	50436337	50436563	1	memory	0	0	0	1	0	0
17	50652514	50652888	1	shCd19	0	0	0	0	1	0
17	50771453	50771767	1	early	1	0	0	0	0	0
17	50806743	50806972	1	shRunx3	0	0	0	0	0	1
17	51265724	51266155	1	shRunx3	0	0	0	0	0	1
17	52149182	52149414	1	shCd19	0	0	0	0	1	0
17	52168529	52169101	1	shRunx3	0	0	0	0	0	1
17	52256954	52257246	1	terminal	0	0	1	0	0	0
17	52601076	52601652	1	terminal	0	0	1	0	0	0
17	52604946	52605213	1	shCd19	0	0	0	0	1	0
17	52631933	52632202	1	terminal	0	0	1	0	0	0
17	52668143	52668449	1	early	1	0	0	0	0	0
17	53337855	53338134	1	early	1	0	0	0	0	0
17	53861150	53861444	1	terminal	0	0	1	0	0	0
17	54095398	54095764	1	terminal	0	0	1	0	0	0
17	54164760	54165051	1	late	0	1	0	0	0	0
17	54217562	54217924	1	shCd19	0	0	0	0	1	0
17	54436963	54437313	1	terminal	0	0	1	0	0	0
17	54755891	54756196	1	memory	0	0	0	1	0	0
17	54828466	54828864	1	late	0	1	0	0	0	0
17	55127282	55127651	1	shRunx3	0	0	0	0	0	1
17	55309868	55310117	1	terminal	0	0	1	0	0	0
17	55415579	55415915	1	memory	0	0	0	1	0	0
17	55624985	55625249	1	late	0	1	0	0	0	0
17	55680410	55680683	1	shRunx3	0	0	0	0	0	1
17	55706641	55706843	1	shRunx3	0	0	0	0	0	1
17	55958884	55959353	1	terminal	0	0	1	0	0	0
17	56008770	56009027	1	shRunx3	0	0	0	0	0	1
17	56056868	56057182	1	shRunx3	0	0	0	0	0	1
17	56256015	56256781	1	shRunx3	0	0	0	0	0	1
17	56277073	56277533	1	shCd19	0	0	0	0	1	0
17	56709657	56709882	1	memory	0	0	0	1	0	0
17	56997080	56997590	1	shRunx3	0	0	0	0	0	1
17	57060380	57060603	1	shRunx3	0	0	0	0	0	1
17	57088494	57088696	1	shRunx3	0	0	0	0	0	1
17	57107761	57107997	1	shCd19	0	0	0	0	1	0
17	57126075	57126652	1	shRunx3	0	0	0	0	0	1
17	57193872	57194197	1	shCd19	0	0	0	0	1	0
17	57275878	57276316	1	shCd19	0	0	0	0	1	0
17	57290532	57290577	1	shRunx3	0	0	0	0	0	1
17	57290577	57290866	2	shCd19,shRunx3	0	0	0	0	1	1
17	57290866	57291035	1	shRunx3	0	0	0	0	0	1
17	57350070	57350419	1	late	0	1	0	0	0	0
17	57621001	57621336	1	terminal	0	0	1	0	0	0
17	57633396	57633638	1	terminal	0	0	1	0	0	0
17	57767660	57767954	1	terminal	0	0	1	0	0	0
17	58144971	58145437	1	terminal	0	0	1	0	0	0
17	58332603	58332865	1	terminal	0	0	1	0	0	0
17	58460500	58461135	1	memory	0	0	0	1	0	0
17	58651600	58651970	1	shCd19	0	0	0	0	1	0
17	58944597	58944837	1	shCd19	0	0	0	0	1	0
17	59086994	59087234	1	early	1	0	0	0	0	0
17	59133093	59133302	1	shCd19	0	0	0	0	1	0
17	59408230	59408786	1	terminal	0	0	1	0	0	0
17	59537330	59537792	1	memory	0	0	0	1	0	0
17	59558124	59558818	1	late	0	1	0	0	0	0
17	59666355	59666676	1	shRunx3	0	0	0	0	0	1
17	59783693	59783963	1	memory	0	0	0	1	0	0
17	59891588	59891831	1	terminal	0	0	1	0	0	0
17	59917519	59917728	1	shCd19	0	0	0	0	1	0
17	59956858	59957244	1	terminal	0	0	1	0	0	0
17	60165056	60165414	1	terminal	0	0	1	0	0	0
17	60201869	60202153	1	early	1	0	0	0	0	0
17	60220543	60220840	1	memory	0	0	0	1	0	0
17	60316381	60316680	1	shRunx3	0	0	0	0	0	1
17	60392141	60392399	1	shCd19	0	0	0	0	1	0
17	60596817	60597055	1	early	1	0	0	0	0	0
17	60625249	60625771	1	memory	0	0	0	1	0	0
17	60797921	60798751	1	terminal	0	0	1	0	0	0
17	60922693	60922922	1	terminal	0	0	1	0	0	0
17	60988160	60988404	1	shRunx3	0	0	0	0	0	1
17	61158207	61158478	1	terminal	0	0	1	0	0	0
17	61251938	61252148	1	shRunx3	0	0	0	0	0	1
17	61435039	61435433	1	terminal	0	0	1	0	0	0
17	61678190	61678430	1	shRunx3	0	0	0	0	0	1
17	61926924	61927306	1	early	1	0	0	0	0	0
17	61968444	61968654	1	shCd19	0	0	0	0	1	0
17	62213831	62214217	1	shCd19	0	0	0	0	1	0
17	62257605	62257981	1	terminal	0	0	1	0	0	0
17	62546618	62546899	1	early	1	0	0	0	0	0
17	62662796	62663071	1	terminal	0	0	1	0	0	0
17	62715521	62716091	1	terminal	0	0	1	0	0	0
17	62921701	62922082	1	shCd19	0	0	0	0	1	0
17	63606624	63606872	1	shCd19	0	0	0	0	1	0
17	64366989	64367282	1	early	1	0	0	0	0	0
17	64808092	64808518	1	shCd19	0	0	0	0	1	0
17	64811793	64812135	1	shRunx3	0	0	0	0	0	1
17	64821345	64821566	1	shRunx3	0	0	0	0	0	1
17	64878468	64878830	1	terminal	0	0	1	0	0	0
17	65298423	65298738	1	shRunx3	0	0	0	0	0	1
17	65613393	65614157	1	shRunx3	0	0	0	0	0	1
17	65894337	65894532	1	shRunx3	0	0	0	0	0	1
17	66275888	66276107	1	shCd19	0	0	0	0	1	0
17	66407748	66407984	1	memory	0	0	0	1	0	0
17	66593247	66593511	1	late	0	1	0	0	0	0
17	66911580	66911856	1	shCd19	0	0	0	0	1	0
17	67038572	67038780	1	shRunx3	0	0	0	0	0	1
17	67062178	67062531	1	shCd19	0	0	0	0	1	0
17	67217692	67218389	1	terminal	0	0	1	0	0	0
17	67292146	67292406	1	shRunx3	0	0	0	0	0	1
17	67376961	67377198	1	memory	0	0	0	1	0	0
17	67809417	67810185	1	shRunx3	0	0	0	0	0	1
17	67899229	67899459	1	memory	0	0	0	1	0	0
17	68182940	68183176	1	shRunx3	0	0	0	0	0	1
17	68283220	68283531	1	shCd19	0	0	0	0	1	0
17	68871568	68871936	1	terminal	0	0	1	0	0	0
17	69002189	69002427	1	terminal	0	0	1	0	0	0
17	69304856	69305071	1	shRunx3	0	0	0	0	0	1
17	69483129	69483478	1	shCd19	0	0	0	0	1	0
17	69567860	69568090	1	terminal	0	0	1	0	0	0
17	69649735	69650016	1	memory	0	0	0	1	0	0
17	69796209	69796440	1	terminal	0	0	1	0	0	0
17	69811222	69811457	1	shCd19	0	0	0	0	1	0
17	69897395	69897676	1	shCd19	0	0	0	0	1	0
17	70086441	70086762	1	shRunx3	0	0	0	0	0	1
17	71195000	71195271	1	shCd19	0	0	0	0	1	0
17	71470787	71471109	1	terminal	0	0	1	0	0	0
17	71737508	71737746	1	early	1	0	0	0	0	0
17	71769603	71770083	1	late	0	1	0	0	0	0
17	71897189	71897494	1	terminal	0	0	1	0	0	0
17	72164738	72165287	1	terminal	0	0	1	0	0	0
17	72440918	72441613	1	terminal	0	0	1	0	0	0
17	72556594	72557027	1	shRunx3	0	0	0	0	0	1
17	72757143	72757464	1	late	0	1	0	0	0	0
17	72858338	72858581	1	shRunx3	0	0	0	0	0	1
17	72993450	72993856	1	terminal	0	0	1	0	0	0
17	73031396	73031677	1	memory	0	0	0	1	0	0
17	73037232	73037504	1	shRunx3	0	0	0	0	0	1
17	73302975	73303196	1	shCd19	0	0	0	0	1	0
17	73698382	73698733	1	late	0	1	0	0	0	0
17	73711827	73712301	1	terminal	0	0	1	0	0	0
17	73716426	73716739	1	late	0	1	0	0	0	0
17	73814764	73815018	1	shCd19	0	0	0	0	1	0
17	73822305	73822777	1	shRunx3	0	0	0	0	0	1
17	73928661	73928938	1	early	1	0	0	0	0	0
17	73952069	73952387	1	shRunx3	0	0	0	0	0	1
17	74098957	74099302	1	early	1	0	0	0	0	0
17	74103700	74104201	1	shCd19	0	0	0	0	1	0
17	74118755	74118997	1	terminal	0	0	1	0	0	0
17	74292559	74292863	1	late	0	1	0	0	0	0
17	74300228	74300470	1	memory	0	0	0	1	0	0
17	74316541	74316867	1	shCd19	0	0	0	0	1	0
17	74339684	74339930	1	shCd19	0	0	0	0	1	0
17	74417166	74417487	1	shCd19	0	0	0	0	1	0
17	74725544	74725835	1	shRunx3	0	0	0	0	0	1
17	74977894	74978138	1	shRunx3	0	0	0	0	0	1
17	75042880	75043248	1	terminal	0	0	1	0	0	0
17	75643270	75643499	1	shRunx3	0	0	0	0	0	1
17	75895560	75895757	1	shCd19	0	0	0	0	1	0
17	76095996	76096609	1	memory	0	0	0	1	0	0
17	76160842	76161255	1	terminal	0	0	1	0	0	0
17	76693744	76694012	1	shRunx3	0	0	0	0	0	1
17	76851244	76851483	1	shRunx3	0	0	0	0	0	1
17	76941178	76941542	1	shRunx3	0	0	0	0	0	1
17	76967587	76967994	1	memory	0	0	0	1	0	0
17	77020448	77020658	1	shCd19	0	0	0	0	1	0
17	77030522	77030796	1	early	1	0	0	0	0	0
17	77291087	77291686	1	shRunx3	0	0	0	0	0	1
17	77512328	77512549	1	shCd19	0	0	0	0	1	0
17	77545740	77546163	1	terminal	0	0	1	0	0	0
17	77692203	77692697	1	early	1	0	0	0	0	0
17	77748763	77749088	1	late	0	1	0	0	0	0
17	77838044	77838326	1	terminal	0	0	1	0	0	0
17	78180790	78181218	1	shRunx3	0	0	0	0	0	1
17	78184905	78185416	1	late	0	1	0	0	0	0
17	78814191	78814663	1	terminal	0	0	1	0	0	0
17	79303409	79303744	1	late	0	1	0	0	0	0
17	79346484	79346711	1	terminal	0	0	1	0	0	0
17	79354655	79354901	1	memory	0	0	0	1	0	0
17	79385155	79385530	1	early	1	0	0	0	0	0
17	79465585	79466129	1	terminal	0	0	1	0	0	0
17	79498770	79499021	1	memory	0	0	0	1	0	0
17	79639243	79639455	1	shCd19	0	0	0	0	1	0
17	79810890	79811378	1	terminal	0	0	1	0	0	0
17	79831210	79831771	1	shRunx3	0	0	0	0	0	1
17	80382615	80382981	1	shCd19	0	0	0	0	1	0
17	80391613	80391835	1	shRunx3	0	0	0	0	0	1
17	80553635	80553856	1	shCd19	0	0	0	0	1	0
17	80582751	80583026	1	shRunx3	0	0	0	0	0	1
17	80659804	80660153	1	shRunx3	0	0	0	0	0	1
17	80670777	80671202	1	terminal	0	0	1	0	0	0
17	80893656	80893890	1	terminal	0	0	1	0	0	0
17	80920427	80920767	1	early	1	0	0	0	0	0
17	80973230	80973574	1	shRunx3	0	0	0	0	0	1
17	81189375	81189661	1	memory	0	0	0	1	0	0
17	81579907	81580228	1	early	1	0	0	0	0	0
17	81724061	81724354	1	shRunx3	0	0	0	0	0	1
17	81978323	81978567	1	terminal	0	0	1	0	0	0
17	82270619	82270938	1	early	1	0	0	0	0	0
17	82566906	82567131	1	memory	0	0	0	1	0	0
17	83092069	83092502	1	shRunx3	0	0	0	0	0	1
17	83213043	83213354	1	terminal	0	0	1	0	0	0
17	83364519	83364796	1	shRunx3	0	0	0	0	0	1
17	83381025	83381256	1	shRunx3	0	0	0	0	0	1
17	83399005	83399457	1	shCd19	0	0	0	0	1	0
17	83513887	83514447	1	late	0	1	0	0	0	0
17	84119349	84120174	1	shRunx3	0	0	0	0	0	1
17	84404183	84404836	1	shCd19	0	0	0	0	1	0
17	84419540	84419757	1	shRunx3	0	0	0	0	0	1
17	84471279	84471561	1	memory	0	0	0	1	0	0
17	84790593	84790852	1	shRunx3	0	0	0	0	0	1
17	85074349	85074700	1	shRunx3	0	0	0	0	0	1
17	85971138	85971385	1	shCd19	0	0	0	0	1	0
17	86092002	86092377	1	early	1	0	0	0	0	0
17	86129335	86129552	1	shRunx3	0	0	0	0	0	1
17	86171752	86171991	1	shRunx3	0	0	0	0	0	1
17	86403875	86404175	1	shCd19	0	0	0	0	1	0
17	86507904	86508275	1	shCd19	0	0	0	0	1	0
17	86529599	86529841	1	shCd19	0	0	0	0	1	0
17	86694386	86694658	1	memory	0	0	0	1	0	0
17	86743229	86743679	1	late	0	1	0	0	0	0
17	86941162	86941454	1	shRunx3	0	0	0	0	0	1
17	87282251	87282445	1	shRunx3	0	0	0	0	0	1
17	87342403	87342935	1	memory	0	0	0	1	0	0
17	87344506	87344834	1	shRunx3	0	0	0	0	0	1
17	87566004	87566246	1	shRunx3	0	0	0	0	0	1
17	87974520	87974817	1	shCd19	0	0	0	0	1	0
17	88041085	88041351	1	terminal	0	0	1	0	0	0
17	88113375	88113915	1	shRunx3	0	0	0	0	0	1
17	88255321	88255898	1	late	0	1	0	0	0	0
17	88297322	88297647	1	shRunx3	0	0	0	0	0	1
17	88427495	88427754	1	shCd19	0	0	0	0	1	0
17	88656388	88656697	1	late	0	1	0	0	0	0
17	88714168	88714578	1	shRunx3	0	0	0	0	0	1
17	88747998	88748740	1	shRunx3	0	0	0	0	0	1
17	88774019	88774309	1	shCd19	0	0	0	0	1	0
17	89748032	89748417	1	shRunx3	0	0	0	0	0	1
17	90125293	90125529	1	terminal	0	0	1	0	0	0
17	90150630	90150866	1	terminal	0	0	1	0	0	0
17	90155371	90155772	1	shRunx3	0	0	0	0	0	1
17	90282374	90282755	1	late	0	1	0	0	0	0
17	90434524	90434813	1	terminal	0	0	1	0	0	0
17	90442987	90443239	1	early	1	0	0	0	0	0
17	90466322	90466733	1	shCd19	0	0	0	0	1	0
17	90911992	90912233	1	shRunx3	0	0	0	0	0	1
17	90933522	90933869	1	shCd19	0	0	0	0	1	0
17	91583861	91584400	1	terminal	0	0	1	0	0	0
17	91747548	91747962	1	memory	0	0	0	1	0	0
17	91863309	91863575	1	memory	0	0	0	1	0	0
17	92497222	92497535	1	shCd19	0	0	0	0	1	0
17	92634414	92634671	1	terminal	0	0	1	0	0	0
17	93162801	93163083	1	terminal	0	0	1	0	0	0
17	93954233	93954537	1	shRunx3	0	0	0	0	0	1
17	94004357	94004784	1	shRunx3	0	0	0	0	0	1
17	94285336	94285631	1	memory	0	0	0	1	0	0
17	94808495	94808735	1	shRunx3	0	0	0	0	0	1
18	3274040	3274292	1	shRunx3	0	0	0	0	0	1
18	3277812	3278128	1	early	1	0	0	0	0	0
18	3348169	3348506	1	memory	0	0	0	1	0	0
18	3617986	3618230	1	shCd19	0	0	0	0	1	0
18	4125396	4125695	1	shCd19	0	0	0	0	1	0
18	4348029	4348322	1	shCd19	0	0	0	0	1	0
18	4509146	4509504	1	late	0	1	0	0	0	0
18	4517246	4517546	1	terminal	0	0	1	0	0	0
18	4532039	4532362	1	terminal	0	0	1	0	0	0
18	4572946	4573279	1	late	0	1	0	0	0	0
18	4688497	4688726	1	memory	0	0	0	1	0	0
18	4723980	4724322	1	shRunx3	0	0	0	0	0	1
18	4736646	4736876	1	memory	0	0	0	1	0	0
18	4895664	4895861	1	shRunx3	0	0	0	0	0	1
18	4920172	4920432	1	shRunx3	0	0	0	0	0	1
18	4940476	4940815	1	terminal	0	0	1	0	0	0
18	4952839	4953240	1	memory	0	0	0	1	0	0
18	5053592	5053978	1	terminal	0	0	1	0	0	0
18	5088067	5088337	1	shRunx3	0	0	0	0	0	1
18	5120505	5120977	1	terminal	0	0	1	0	0	0
18	5387190	5387399	1	shRunx3	0	0	0	0	0	1
18	5399584	5400023	1	shRunx3	0	0	0	0	0	1
18	5904025	5904447	1	terminal	0	0	1	0	0	0
18	5963308	5963604	1	shRunx3	0	0	0	0	0	1
18	5989731	5990164	1	shRunx3	0	0	0	0	0	1
18	6237343	6237694	1	shRunx3	0	0	0	0	0	1
18	6238292	6238692	1	memory	0	0	0	1	0	0
18	6269658	6270006	1	late	0	1	0	0	0	0
18	6430160	6430418	1	terminal	0	0	1	0	0	0
18	6564730	6565132	1	terminal	0	0	1	0	0	0
18	6582218	6582512	1	shCd19	0	0	0	0	1	0
18	6594776	6594989	1	shRunx3	0	0	0	0	0	1
18	6659569	6659915	1	terminal	0	0	1	0	0	0
18	6775770	6776004	1	shCd19	0	0	0	0	1	0
18	6878146	6878708	1	shRunx3	0	0	0	0	0	1
18	6997222	6997543	1	memory	0	0	0	1	0	0
18	7004237	7004636	1	shRunx3	0	0	0	0	0	1
18	7130745	7131057	1	shCd19	0	0	0	0	1	0
18	7357961	7358293	1	memory	0	0	0	1	0	0
18	7362299	7362703	1	early	1	0	0	0	0	0
18	7601380	7601602	1	shCd19	0	0	0	0	1	0
18	7626632	7626668	1	shCd19	0	0	0	0	1	0
18	7626668	7626889	2	shCd19,shRunx3	0	0	0	0	1	1
18	7626889	7627081	1	shRunx3	0	0	0	0	0	1
18	7639110	7639330	1	shCd19	0	0	0	0	1	0
18	7651607	7651927	1	shRunx3	0	0	0	0	0	1
18	7865797	7866004	1	shCd19	0	0	0	0	1	0
18	7886702	7886898	1	shCd19	0	0	0	0	1	0
18	8038752	8039020	1	shRunx3	0	0	0	0	0	1
18	8295339	8295611	1	shRunx3	0	0	0	0	0	1
18	8463146	8463353	1	shRunx3	0	0	0	0	0	1
18	8466376	8466715	1	shCd19	0	0	0	0	1	0
18	8673730	8673968	1	memory	0	0	0	1	0	0
18	8770305	8770842	1	shRunx3	0	0	0	0	0	1
18	8979868	8980246	1	shRunx3	0	0	0	0	0	1
18	9010736	9011131	1	shCd19	0	0	0	0	1	0
18	9451095	9451738	1	terminal	0	0	1	0	0	0
18	9455867	9456150	1	shRunx3	0	0	0	0	0	1
18	9473977	9474261	1	terminal	0	0	1	0	0	0
18	9649020	9649404	1	late	0	1	0	0	0	0
18	9957883	9958105	1	shCd19	0	0	0	0	1	0
18	10062953	10063768	1	shCd19	0	0	0	0	1	0
18	10570251	10570491	1	shRunx3	0	0	0	0	0	1
18	10905935	10906280	1	shRunx3	0	0	0	0	0	1
18	11077605	11077862	1	shRunx3	0	0	0	0	0	1
18	11490604	11490823	1	shRunx3	0	0	0	0	0	1
18	11721013	11721390	1	shRunx3	0	0	0	0	0	1
18	11905353	11905607	1	early	1	0	0	0	0	0
18	12187463	12187823	1	shRunx3	0	0	0	0	0	1
18	12236552	12236750	1	shCd19	0	0	0	0	1	0
18	12265731	12265974	1	shRunx3	0	0	0	0	0	1
18	12507593	12508145	1	terminal	0	0	1	0	0	0
18	12640758	12641049	1	terminal	0	0	1	0	0	0
18	12784380	12784670	1	late	0	1	0	0	0	0
18	12974420	12974622	1	shCd19	0	0	0	0	1	0
18	13762015	13762347	1	late	0	1	0	0	0	0
18	13895052	13895391	1	memory	0	0	0	1	0	0
18	13934721	13935005	1	early	1	0	0	0	0	0
18	14030958	14031371	1	memory	0	0	0	1	0	0
18	14113193	14113435	1	terminal	0	0	1	0	0	0
18	14398619	14398884	1	memory	0	0	0	1	0	0
18	14451590	14451808	1	shCd19	0	0	0	0	1	0
18	14598324	14598658	1	shRunx3	0	0	0	0	0	1
18	14676688	14677059	1	late	0	1	0	0	0	0
18	14822164	14822514	1	early	1	0	0	0	0	0
18	14970990	14971239	1	shCd19	0	0	0	0	1	0
18	15048706	15049065	1	memory	0	0	0	1	0	0
18	15312822	15313124	1	shRunx3	0	0	0	0	0	1
18	15451755	15452096	1	shRunx3	0	0	0	0	0	1
18	16020309	16020683	1	late	0	1	0	0	0	0
18	16211534	16211808	1	shRunx3	0	0	0	0	0	1
18	16499197	16499394	1	shCd19	0	0	0	0	1	0
18	16547624	16548143	1	shCd19	0	0	0	0	1	0
18	16693638	16693949	1	early	1	0	0	0	0	0
18	16697662	16697959	1	shRunx3	0	0	0	0	0	1
18	16772880	16773189	1	memory	0	0	0	1	0	0
18	16775821	16776122	1	shRunx3	0	0	0	0	0	1
18	16777637	16777883	1	shRunx3	0	0	0	0	0	1
18	17233521	17233814	1	shRunx3	0	0	0	0	0	1
18	17424154	17424372	1	shRunx3	0	0	0	0	0	1
18	17491877	17492384	1	shCd19	0	0	0	0	1	0
18	17630218	17630452	1	shRunx3	0	0	0	0	0	1
18	17739945	17740178	1	terminal	0	0	1	0	0	0
18	17869020	17869381	1	shRunx3	0	0	0	0	0	1
18	17980593	17980966	1	memory	0	0	0	1	0	0
18	18161916	18162275	1	memory	0	0	0	1	0	0
18	18395450	18395751	1	terminal	0	0	1	0	0	0
18	18541737	18542016	1	shRunx3	0	0	0	0	0	1
18	18891016	18891251	1	shRunx3	0	0	0	0	0	1
18	19098229	19098662	1	terminal	0	0	1	0	0	0
18	19415993	19416488	1	shRunx3	0	0	0	0	0	1
18	19469770	19470094	1	memory	0	0	0	1	0	0
18	19633599	19633947	1	memory	0	0	0	1	0	0
18	20231090	20231382	1	shCd19	0	0	0	0	1	0
18	20244107	20244346	1	early	1	0	0	0	0	0
18	20279017	20279515	1	late	0	1	0	0	0	0
18	20592243	20592471	1	shCd19	0	0	0	0	1	0
18	20739106	20739328	1	shCd19	0	0	0	0	1	0
18	20946204	20946606	1	shRunx3	0	0	0	0	0	1
18	21098121	21098553	1	terminal	0	0	1	0	0	0
18	21116821	21117214	1	terminal	0	0	1	0	0	0
18	21121721	21121975	1	memory	0	0	0	1	0	0
18	21200553	21200835	1	shRunx3	0	0	0	0	0	1
18	21211767	21212038	1	terminal	0	0	1	0	0	0
18	21300502	21300971	1	terminal	0	0	1	0	0	0
18	21595809	21596133	1	late	0	1	0	0	0	0
18	21661758	21662032	1	memory	0	0	0	1	0	0
18	21959677	21960031	1	shRunx3	0	0	0	0	0	1
18	21973392	21973748	1	terminal	0	0	1	0	0	0
18	22172261	22172708	1	memory	0	0	0	1	0	0
18	22185334	22185908	1	shCd19	0	0	0	0	1	0
18	22265015	22265329	1	terminal	0	0	1	0	0	0
18	22514631	22514871	1	terminal	0	0	1	0	0	0
18	22646477	22646762	1	terminal	0	0	1	0	0	0
18	22687259	22687604	1	terminal	0	0	1	0	0	0
18	23145528	23145873	1	memory	0	0	0	1	0	0
18	23259396	23259751	1	early	1	0	0	0	0	0
18	23463066	23463349	1	late	0	1	0	0	0	0
18	23583852	23584163	1	shCd19	0	0	0	0	1	0
18	24259522	24260116	1	terminal	0	0	1	0	0	0
18	24510839	24511238	1	shRunx3	0	0	0	0	0	1
18	24859037	24859513	1	terminal	0	0	1	0	0	0
18	24981738	24982495	1	early	1	0	0	0	0	0
18	25179607	25179932	1	memory	0	0	0	1	0	0
18	25458398	25458637	1	early	1	0	0	0	0	0
18	25778574	25778915	1	memory	0	0	0	1	0	0
18	25822178	25822642	1	memory	0	0	0	1	0	0
18	25873505	25873733	1	shCd19	0	0	0	0	1	0
18	26176036	26176346	1	early	1	0	0	0	0	0
18	26182845	26183586	1	terminal	0	0	1	0	0	0
18	26242547	26242866	1	shRunx3	0	0	0	0	0	1
18	26897000	26897222	1	shRunx3	0	0	0	0	0	1
18	27126192	27126428	1	memory	0	0	0	1	0	0
18	27150952	27151220	1	shRunx3	0	0	0	0	0	1
18	27277900	27278357	1	terminal	0	0	1	0	0	0
18	27316589	27316852	1	memory	0	0	0	1	0	0
18	27318160	27318386	1	memory	0	0	0	1	0	0
18	27525233	27525476	1	terminal	0	0	1	0	0	0
18	27544568	27544999	1	shRunx3	0	0	0	0	0	1
18	27856338	27856641	1	shRunx3	0	0	0	0	0	1
18	28191423	28191887	1	terminal	0	0	1	0	0	0
18	28303925	28304311	1	memory	0	0	0	1	0	0
18	28419865	28420126	1	terminal	0	0	1	0	0	0
18	28909471	28909904	1	shCd19	0	0	0	0	1	0
18	28984435	28984662	1	shCd19	0	0	0	0	1	0
18	29118671	29118991	1	late	0	1	0	0	0	0
18	29240276	29240511	1	shCd19	0	0	0	0	1	0
18	29280696	29281068	1	memory	0	0	0	1	0	0
18	29362228	29362437	1	shRunx3	0	0	0	0	0	1
18	29639445	29639762	1	shRunx3	0	0	0	0	0	1
18	29710296	29710784	1	terminal	0	0	1	0	0	0
18	29905614	29905846	1	memory	0	0	0	1	0	0
18	30299968	30300203	1	shCd19	0	0	0	0	1	0
18	30626916	30627466	1	terminal	0	0	1	0	0	0
18	30888403	30888619	1	shCd19	0	0	0	0	1	0
18	31030133	31030429	1	early	1	0	0	0	0	0
18	31640173	31640421	1	memory	0	0	0	1	0	0
18	31881023	31881318	1	terminal	0	0	1	0	0	0
18	31977068	31977410	1	late	0	1	0	0	0	0
18	32162492	32162729	1	shRunx3	0	0	0	0	0	1
18	32323358	32323615	1	shCd19	0	0	0	0	1	0
18	32554350	32554776	1	shCd19	0	0	0	0	1	0
18	33165639	33166058	1	terminal	0	0	1	0	0	0
18	33206363	33206698	1	memory	0	0	0	1	0	0
18	33688596	33688895	1	shCd19	0	0	0	0	1	0
18	34023771	34024053	1	late	0	1	0	0	0	0
18	34314042	34314313	1	late	0	1	0	0	0	0
18	34544430	34544691	1	terminal	0	0	1	0	0	0
18	34624586	34624829	1	terminal	0	0	1	0	0	0
18	34860860	34860873	1	shRunx3	0	0	0	0	0	1
18	34860873	34861107	2	shCd19,shRunx3	0	0	0	0	1	1
18	34861107	34861126	1	shCd19	0	0	0	0	1	0
18	34977458	34977996	1	memory	0	0	0	1	0	0
18	35216495	35216765	1	shRunx3	0	0	0	0	0	1
18	35309221	35309529	1	early	1	0	0	0	0	0
18	35378047	35378378	1	memory	0	0	0	1	0	0
18	35385764	35386047	1	terminal	0	0	1	0	0	0
18	35498626	35499062	1	shRunx3	0	0	0	0	0	1
18	35558108	35558364	1	shCd19	0	0	0	0	1	0
18	35569634	35569945	1	terminal	0	0	1	0	0	0
18	35631992	35632376	1	memory	0	0	0	1	0	0
18	35892216	35892476	1	early	1	0	0	0	0	0
18	36081602	36081840	1	early	1	0	0	0	0	0
18	36234563	36234811	1	memory	0	0	0	1	0	0
18	36809770	36810153	1	shRunx3	0	0	0	0	0	1
18	37122758	37123238	1	shCd19	0	0	0	0	1	0
18	37140188	37140489	1	late	0	1	0	0	0	0
18	37447684	37447929	1	shRunx3	0	0	0	0	0	1
18	37795130	37795356	1	shRunx3	0	0	0	0	0	1
18	38002521	38002757	1	early	1	0	0	0	0	0
18	38161957	38162575	1	shRunx3	0	0	0	0	0	1
18	38162622	38162989	1	early	1	0	0	0	0	0
18	38226495	38226877	1	memory	0	0	0	1	0	0
18	38296670	38296914	1	shRunx3	0	0	0	0	0	1
18	38555069	38555293	1	shCd19	0	0	0	0	1	0
18	38863520	38863789	1	terminal	0	0	1	0	0	0
18	38997000	38997628	1	shCd19	0	0	0	0	1	0
18	39035148	39035598	1	shRunx3	0	0	0	0	0	1
18	39097595	39098017	1	shRunx3	0	0	0	0	0	1
18	39250533	39250810	1	shRunx3	0	0	0	0	0	1
18	39250810	39251066	2	shCd19,shRunx3	0	0	0	0	1	1
18	39251066	39251177	1	shRunx3	0	0	0	0	0	1
18	39282205	39282597	1	shCd19	0	0	0	0	1	0
18	39339918	39340200	1	shCd19	0	0	0	0	1	0
18	39358350	39358638	1	shCd19	0	0	0	0	1	0
18	39551548	39551975	1	terminal	0	0	1	0	0	0
18	39997710	39998193	1	memory	0	0	0	1	0	0
18	40056375	40056741	1	terminal	0	0	1	0	0	0
18	40177567	40177814	1	early	1	0	0	0	0	0
18	40413887	40414185	1	terminal	0	0	1	0	0	0
18	40859949	40860455	1	memory	0	0	0	1	0	0
18	41304777	41305120	1	early	1	0	0	0	0	0
18	41348554	41348781	1	terminal	0	0	1	0	0	0
18	41359308	41359529	1	shRunx3	0	0	0	0	0	1
18	41632959	41633607	1	terminal	0	0	1	0	0	0
18	41664050	41664363	1	early	1	0	0	0	0	0
18	41669860	41670063	1	shCd19	0	0	0	0	1	0
18	41891193	41891554	1	memory	0	0	0	1	0	0
18	42136767	42137108	1	late	0	1	0	0	0	0
18	42278279	42279112	1	memory	0	0	0	1	0	0
18	42288473	42288813	1	terminal	0	0	1	0	0	0
18	42374760	42375022	1	shRunx3	0	0	0	0	0	1
18	42528532	42528951	1	memory	0	0	0	1	0	0
18	43071530	43071867	1	early	1	0	0	0	0	0
18	43347790	43348032	1	shCd19	0	0	0	0	1	0
18	43551146	43551465	1	shCd19	0	0	0	0	1	0
18	43756361	43756661	1	memory	0	0	0	1	0	0
18	43828573	43828949	1	shRunx3	0	0	0	0	0	1
18	44431354	44431605	1	terminal	0	0	1	0	0	0
18	44684133	44684455	1	late	0	1	0	0	0	0
18	44840769	44841218	1	shRunx3	0	0	0	0	0	1
18	45238410	45239006	1	terminal	0	0	1	0	0	0
18	45290808	45291027	1	shRunx3	0	0	0	0	0	1
18	45663556	45664148	1	shCd19	0	0	0	0	1	0
18	45756767	45757030	1	terminal	0	0	1	0	0	0
18	45795101	45795462	1	terminal	0	0	1	0	0	0
18	45834248	45834623	1	memory	0	0	0	1	0	0
18	45884331	45884714	1	shCd19	0	0	0	0	1	0
18	45893847	45894122	1	early	1	0	0	0	0	0
18	46166766	46166964	1	shRunx3	0	0	0	0	0	1
18	46201113	46201463	1	memory	0	0	0	1	0	0
18	46393609	46394765	1	terminal	0	0	1	0	0	0
18	46452404	46452670	1	early	1	0	0	0	0	0
18	46725150	46725563	1	memory	0	0	0	1	0	0
18	46958896	46959184	1	terminal	0	0	1	0	0	0
18	46981297	46981627	1	terminal	0	0	1	0	0	0
18	47176441	47176885	1	late	0	1	0	0	0	0
18	47270068	47270390	1	shCd19	0	0	0	0	1	0
18	47358064	47358363	1	terminal	0	0	1	0	0	0
18	47424186	47424395	1	shRunx3	0	0	0	0	0	1
18	47802657	47803040	1	late	0	1	0	0	0	0
18	48075623	48076092	1	shCd19	0	0	0	0	1	0
18	48378631	48378925	1	terminal	0	0	1	0	0	0
18	48428322	48428754	1	shRunx3	0	0	0	0	0	1
18	48641912	48642271	1	shRunx3	0	0	0	0	0	1
18	48771710	48771940	1	terminal	0	0	1	0	0	0
18	48810211	48810459	1	shCd19	0	0	0	0	1	0
18	49213548	49213748	1	shCd19	0	0	0	0	1	0
18	49400798	49401138	1	early	1	0	0	0	0	0
18	49505438	49505706	1	shCd19	0	0	0	0	1	0
18	49541387	49541631	1	early	1	0	0	0	0	0
18	49560489	49560732	1	memory	0	0	0	1	0	0
18	50078085	50078352	1	shCd19	0	0	0	0	1	0
18	50121543	50121862	1	shCd19	0	0	0	0	1	0
18	50225719	50225975	1	shCd19	0	0	0	0	1	0
18	50310485	50310926	1	late	0	1	0	0	0	0
18	50541330	50541648	1	terminal	0	0	1	0	0	0
18	50714125	50714490	1	memory	0	0	0	1	0	0
18	50755996	50756250	1	shRunx3	0	0	0	0	0	1
18	51467058	51467316	1	shCd19	0	0	0	0	1	0
18	51654777	51655004	1	terminal	0	0	1	0	0	0
18	51750844	51751231	1	terminal	0	0	1	0	0	0
18	51902877	51903184	1	terminal	0	0	1	0	0	0
18	52433087	52433363	1	late	0	1	0	0	0	0
18	52576050	52576407	1	memory	0	0	0	1	0	0
18	52659513	52659729	1	shCd19	0	0	0	0	1	0
18	53058015	53058206	1	shRunx3	0	0	0	0	0	1
18	53095953	53096602	1	shCd19	0	0	0	0	1	0
18	53178565	53178856	1	terminal	0	0	1	0	0	0
18	53351480	53351883	1	shCd19	0	0	0	0	1	0
18	53522900	53523142	1	early	1	0	0	0	0	0
18	53567250	53568014	1	shCd19	0	0	0	0	1	0
18	53696502	53696737	1	terminal	0	0	1	0	0	0
18	53850284	53850691	1	terminal	0	0	1	0	0	0
18	53966485	53966814	1	late	0	1	0	0	0	0
18	54041658	54042139	1	shCd19	0	0	0	0	1	0
18	54124150	54124500	1	early	1	0	0	0	0	0
18	54250151	54250752	1	late	0	1	0	0	0	0
18	54462635	54463186	1	terminal	0	0	1	0	0	0
18	54915585	54915892	1	shRunx3	0	0	0	0	0	1
18	55201127	55201393	1	shCd19	0	0	0	0	1	0
18	55332892	55333164	1	terminal	0	0	1	0	0	0
18	55399059	55399278	1	shCd19	0	0	0	0	1	0
18	55531756	55532108	1	memory	0	0	0	1	0	0
18	55793815	55794061	1	shCd19	0	0	0	0	1	0
18	56031587	56031994	1	late	0	1	0	0	0	0
18	56399586	56399646	1	shCd19	0	0	0	0	1	0
18	56399646	56399824	2	shCd19,shRunx3	0	0	0	0	1	1
18	56399824	56399975	1	shRunx3	0	0	0	0	0	1
18	56569215	56569860	1	terminal	0	0	1	0	0	0
18	56583868	56584223	1	shRunx3	0	0	0	0	0	1
18	56785381	56785829	1	shCd19	0	0	0	0	1	0
18	56925288	56925842	1	shRunx3	0	0	0	0	0	1
18	56990000	56990500	1	shCd19	0	0	0	0	1	0
18	57179944	57180318	1	memory	0	0	0	1	0	0
18	57511209	57511443	1	shCd19	0	0	0	0	1	0
18	57536488	57536787	1	late	0	1	0	0	0	0
18	57577280	57577702	1	memory	0	0	0	1	0	0
18	57900222	57900592	1	late	0	1	0	0	0	0
18	57911788	57912115	1	shRunx3	0	0	0	0	0	1
18	58649927	58650131	1	shCd19	0	0	0	0	1	0
18	59156002	59156474	1	terminal	0	0	1	0	0	0
18	59167300	59167614	1	shCd19	0	0	0	0	1	0
18	59171289	59171732	1	shRunx3	0	0	0	0	0	1
18	59234380	59234640	1	memory	0	0	0	1	0	0
18	59798189	59798474	1	shRunx3	0	0	0	0	0	1
18	60080895	60081205	1	early	1	0	0	0	0	0
18	60144603	60145006	1	terminal	0	0	1	0	0	0
18	60500018	60500338	1	shCd19	0	0	0	0	1	0
18	60686081	60686473	1	late	0	1	0	0	0	0
18	61179429	61179708	1	shCd19	0	0	0	0	1	0
18	61307995	61308424	1	terminal	0	0	1	0	0	0
18	61385016	61385263	1	early	1	0	0	0	0	0
18	61395074	61395430	1	late	0	1	0	0	0	0
18	61456859	61457118	1	memory	0	0	0	1	0	0
18	61522805	61523447	1	terminal	0	0	1	0	0	0
18	61735502	61735852	1	shCd19	0	0	0	0	1	0
18	61901442	61901683	1	terminal	0	0	1	0	0	0
18	62169244	62169764	1	shCd19	0	0	0	0	1	0
18	62185314	62185577	1	shCd19	0	0	0	0	1	0
18	62413066	62413571	1	terminal	0	0	1	0	0	0
18	63062429	63062691	1	early	1	0	0	0	0	0
18	63595122	63595363	1	shRunx3	0	0	0	0	0	1
18	63619001	63619293	1	memory	0	0	0	1	0	0
18	63650753	63651272	1	late	0	1	0	0	0	0
18	63708529	63708942	1	shRunx3	0	0	0	0	0	1
18	63842285	63842495	1	shCd19	0	0	0	0	1	0
18	64125081	64125482	1	terminal	0	0	1	0	0	0
18	64135856	64136353	1	terminal	0	0	1	0	0	0
18	64369194	64369517	1	shRunx3	0	0	0	0	0	1
18	64455419	64455676	1	memory	0	0	0	1	0	0
18	64581729	64581938	1	shCd19	0	0	0	0	1	0
18	64764252	64764479	1	terminal	0	0	1	0	0	0
18	65226804	65227032	1	memory	0	0	0	1	0	0
18	65339838	65340069	1	shRunx3	0	0	0	0	0	1
18	65381633	65382263	1	shRunx3	0	0	0	0	0	1
18	65491745	65492007	1	shRunx3	0	0	0	0	0	1
18	65543845	65544159	1	late	0	1	0	0	0	0
18	65602097	65602365	1	early	1	0	0	0	0	0
18	65655225	65655537	1	terminal	0	0	1	0	0	0
18	65770054	65770371	1	late	0	1	0	0	0	0
18	65815690	65815890	1	shCd19	0	0	0	0	1	0
18	65823018	65823233	1	shRunx3	0	0	0	0	0	1
18	65987389	65987646	1	early	1	0	0	0	0	0
18	66056838	66057211	1	early	1	0	0	0	0	0
18	66228811	66229378	1	shCd19	0	0	0	0	1	0
18	66243401	66243744	1	terminal	0	0	1	0	0	0
18	66247805	66248168	1	memory	0	0	0	1	0	0
18	66348120	66348372	1	terminal	0	0	1	0	0	0
18	67149750	67150028	1	memory	0	0	0	1	0	0
18	67239008	67239539	1	shRunx3	0	0	0	0	0	1
18	67395943	67396420	1	memory	0	0	0	1	0	0
18	67440976	67441304	1	shRunx3	0	0	0	0	0	1
18	67560017	67560437	1	memory	0	0	0	1	0	0
18	67774780	67775594	1	shCd19	0	0	0	0	1	0
18	68049541	68049828	1	shRunx3	0	0	0	0	0	1
18	68134667	68135058	1	early	1	0	0	0	0	0
18	68344808	68345237	1	late	0	1	0	0	0	0
18	68982447	68982715	1	shCd19	0	0	0	0	1	0
18	69273573	69273851	1	late	0	1	0	0	0	0
18	69603212	69603725	1	terminal	0	0	1	0	0	0
18	69613729	69614024	1	shCd19	0	0	0	0	1	0
18	69754632	69754852	1	shCd19	0	0	0	0	1	0
18	69877149	69877447	1	shCd19	0	0	0	0	1	0
18	69930042	69930405	1	shRunx3	0	0	0	0	0	1
18	70128911	70129157	1	shRunx3	0	0	0	0	0	1
18	70426434	70426846	1	shCd19	0	0	0	0	1	0
18	70591507	70591763	1	shRunx3	0	0	0	0	0	1
18	71011487	71011680	1	shRunx3	0	0	0	0	0	1
18	71077729	71078097	1	terminal	0	0	1	0	0	0
18	71306703	71307197	1	terminal	0	0	1	0	0	0
18	71479794	71480068	1	memory	0	0	0	1	0	0
18	71689204	71689490	1	terminal	0	0	1	0	0	0
18	71721007	71721264	1	shCd19	0	0	0	0	1	0
18	71772323	71772659	1	early	1	0	0	0	0	0
18	71988493	71988937	1	shRunx3	0	0	0	0	0	1
18	72156693	72156908	1	shCd19	0	0	0	0	1	0
18	72253087	72253324	1	early	1	0	0	0	0	0
18	72589819	72590138	1	early	1	0	0	0	0	0
18	72749200	72749694	1	memory	0	0	0	1	0	0
18	73140558	73140785	1	memory	0	0	0	1	0	0
18	73191564	73191804	1	memory	0	0	0	1	0	0
18	73295046	73295293	1	memory	0	0	0	1	0	0
18	73338750	73339159	1	shCd19	0	0	0	0	1	0
18	73375533	73375754	1	shCd19	0	0	0	0	1	0
18	73572234	73572532	1	shRunx3	0	0	0	0	0	1
18	73835293	73835736	1	shCd19	0	0	0	0	1	0
18	74009298	74009609	1	shRunx3	0	0	0	0	0	1
18	74016017	74016212	1	shCd19	0	0	0	0	1	0
18	74207599	74208173	1	shRunx3	0	0	0	0	0	1
18	74441155	74441410	1	terminal	0	0	1	0	0	0
18	74770113	74770590	1	memory	0	0	0	1	0	0
18	74834386	74834634	1	terminal	0	0	1	0	0	0
18	75280156	75280435	1	early	1	0	0	0	0	0
18	75353532	75354123	1	shRunx3	0	0	0	0	0	1
18	75368384	75368644	1	memory	0	0	0	1	0	0
18	75455088	75455766	1	shRunx3	0	0	0	0	0	1
18	75478944	75479382	1	shCd19	0	0	0	0	1	0
18	75758377	75758680	1	shCd19	0	0	0	0	1	0
18	75858324	75858549	1	shCd19	0	0	0	0	1	0
18	76243135	76243404	1	shCd19	0	0	0	0	1	0
18	76408459	76408841	1	shRunx3	0	0	0	0	0	1
18	76651395	76651646	1	early	1	0	0	0	0	0
18	76706546	76706822	1	terminal	0	0	1	0	0	0
18	76778952	76779167	1	shRunx3	0	0	0	0	0	1
18	76885588	76885868	1	shRunx3	0	0	0	0	0	1
18	76995969	76996319	1	early	1	0	0	0	0	0
18	77198553	77198927	1	terminal	0	0	1	0	0	0
18	77324786	77325419	1	shRunx3	0	0	0	0	0	1
18	77474709	77475007	1	shRunx3	0	0	0	0	0	1
18	77666883	77667339	1	late	0	1	0	0	0	0
18	77719922	77720193	1	terminal	0	0	1	0	0	0
18	77863207	77863566	1	shCd19	0	0	0	0	1	0
18	77960472	77960718	1	early	1	0	0	0	0	0
18	78027226	78027665	1	terminal	0	0	1	0	0	0
18	78211111	78211353	1	terminal	0	0	1	0	0	0
18	79166855	79167118	1	shRunx3	0	0	0	0	0	1
18	79300470	79300765	1	terminal	0	0	1	0	0	0
18	79785747	79785956	1	shRunx3	0	0	0	0	0	1
18	80000208	80000453	1	shRunx3	0	0	0	0	0	1
18	80063256	80063474	1	shCd19	0	0	0	0	1	0
18	80114008	80114237	1	terminal	0	0	1	0	0	0
18	80158157	80158388	1	terminal	0	0	1	0	0	0
18	80686341	80686577	1	shCd19	0	0	0	0	1	0
18	80827678	80827982	1	early	1	0	0	0	0	0
18	80833891	80834182	1	memory	0	0	0	1	0	0
18	80835859	80836187	1	late	0	1	0	0	0	0
18	80951932	80952342	1	shCd19	0	0	0	0	1	0
18	80989771	80990057	1	late	0	1	0	0	0	0
18	81425874	81426240	1	shRunx3	0	0	0	0	0	1
18	81711526	81711846	1	late	0	1	0	0	0	0
18	82126885	82127296	1	shRunx3	0	0	0	0	0	1
18	82345590	82345896	1	shRunx3	0	0	0	0	0	1
18	82475522	82475769	1	early	1	0	0	0	0	0
18	82506700	82506937	1	terminal	0	0	1	0	0	0
18	82526221	82526668	1	late	0	1	0	0	0	0
18	82570643	82570899	1	shRunx3	0	0	0	0	0	1
18	82959974	82960307	1	memory	0	0	0	1	0	0
18	83089190	83089480	1	memory	0	0	0	1	0	0
18	83343166	83343454	1	shRunx3	0	0	0	0	0	1
18	83637416	83637826	1	memory	0	0	0	1	0	0
18	83784568	83784886	1	memory	0	0	0	1	0	0
18	83998356	83998798	1	shRunx3	0	0	0	0	0	1
18	84255165	84255700	1	terminal	0	0	1	0	0	0
18	84262503	84262761	1	shCd19	0	0	0	0	1	0
18	84383606	84383892	1	terminal	0	0	1	0	0	0
18	84794217	84794546	1	shRunx3	0	0	0	0	0	1
18	85272667	85272973	1	shCd19	0	0	0	0	1	0
18	85695520	85695867	1	memory	0	0	0	1	0	0
18	86161415	86161680	1	early	1	0	0	0	0	0
18	86333140	86333524	1	early	1	0	0	0	0	0
18	86454257	86454665	1	early	1	0	0	0	0	0
18	86743460	86744168	1	terminal	0	0	1	0	0	0
18	86944520	86944795	1	early	1	0	0	0	0	0
18	87047382	87047678	1	shCd19	0	0	0	0	1	0
18	88000656	88001028	1	early	1	0	0	0	0	0
18	88040902	88041296	1	terminal	0	0	1	0	0	0
18	88198774	88199195	1	shRunx3	0	0	0	0	0	1
18	88682473	88682848	1	terminal	0	0	1	0	0	0
18	88707386	88707633	1	shCd19	0	0	0	0	1	0
18	88905241	88905481	1	shRunx3	0	0	0	0	0	1
18	88931451	88931836	1	shCd19	0	0	0	0	1	0
18	88991025	88991381	1	late	0	1	0	0	0	0
18	89079017	89079268	1	shRunx3	0	0	0	0	0	1
18	89096546	89096825	1	shCd19	0	0	0	0	1	0
18	89209247	89209465	1	shCd19	0	0	0	0	1	0
18	89210205	89210454	1	memory	0	0	0	1	0	0
18	89470545	89470900	1	early	1	0	0	0	0	0
18	89477409	89477642	1	shCd19	0	0	0	0	1	0
18	89848084	89848311	1	terminal	0	0	1	0	0	0
18	89962227	89962441	1	shCd19	0	0	0	0	1	0
18	90005382	90005769	1	shRunx3	0	0	0	0	0	1
18	90190360	90190650	1	shRunx3	0	0	0	0	0	1
18	90228876	90229176	1	early	1	0	0	0	0	0
18	90463533	90463932	1	shRunx3	0	0	0	0	0	1
19	3157602	3157926	1	shCd19	0	0	0	0	1	0
19	3347009	3347338	1	shCd19	0	0	0	0	1	0
19	3349831	3350206	1	shRunx3	0	0	0	0	0	1
19	4078359	4078597	1	memory	0	0	0	1	0	0
19	4119905	4120146	1	shCd19	0	0	0	0	1	0
19	4140958	4141211	1	shCd19	0	0	0	0	1	0
19	4329945	4330168	1	shCd19	0	0	0	0	1	0
19	4333788	4334057	1	shCd19	0	0	0	0	1	0
19	4510101	4510131	1	shCd19	0	0	0	0	1	0
19	4510131	4510478	2	shCd19,shRunx3	0	0	0	0	1	1
19	4510478	4511055	1	shRunx3	0	0	0	0	0	1
19	4533434	4533664	1	memory	0	0	0	1	0	0
19	4626008	4626240	1	shRunx3	0	0	0	0	0	1
19	4731531	4731836	1	terminal	0	0	1	0	0	0
19	4811767	4811976	1	shRunx3	0	0	0	0	0	1
19	5002011	5002308	1	shRunx3	0	0	0	0	0	1
19	5023482	5023969	1	shCd19	0	0	0	0	1	0
19	5242667	5243036	1	terminal	0	0	1	0	0	0
19	5326600	5326966	1	terminal	0	0	1	0	0	0
19	5488123	5488313	1	shRunx3	0	0	0	0	0	1
19	5491329	5491376	1	shCd19	0	0	0	0	1	0
19	5491376	5491601	2	shCd19,shRunx3	0	0	0	0	1	1
19	5491601	5491610	1	shRunx3	0	0	0	0	0	1
19	5510300	5510454	1	shRunx3	0	0	0	0	0	1
19	5510454	5510938	2	shCd19,shRunx3	0	0	0	0	1	1
19	5510938	5510950	1	shRunx3	0	0	0	0	0	1
19	5519971	5520272	1	shCd19	0	0	0	0	1	0
19	5612352	5612705	1	late	0	1	0	0	0	0
19	5615242	5615519	1	terminal	0	0	1	0	0	0
19	5752637	5753016	1	shRunx3	0	0	0	0	0	1
19	5874536	5874941	1	late	0	1	0	0	0	0
19	5891194	5891507	1	terminal	0	0	1	0	0	0
19	6046152	6046810	1	shRunx3	0	0	0	0	0	1
19	6140943	6141163	2	shCd19,shRunx3	0	0	0	0	1	1
19	6341594	6341806	1	shRunx3	0	0	0	0	0	1
19	6354784	6355319	1	terminal	0	0	1	0	0	0
19	6398606	6398802	1	shRunx3	0	0	0	0	0	1
19	6398806	6399098	1	shCd19	0	0	0	0	1	0
19	6678905	6679157	1	memory	0	0	0	1	0	0
19	6909771	6910335	1	terminal	0	0	1	0	0	0
19	6921869	6922143	1	shCd19	0	0	0	0	1	0
19	7007414	7007611	1	shCd19	0	0	0	0	1	0
19	7158338	7158733	1	memory	0	0	0	1	0	0
19	7483469	7483774	1	shRunx3	0	0	0	0	0	1
19	7567874	7568083	1	shCd19	0	0	0	0	1	0
19	7604544	7604832	1	early	1	0	0	0	0	0
19	7623046	7623635	1	late	0	1	0	0	0	0
19	7671553	7672063	1	late	0	1	0	0	0	0
19	7857642	7857870	1	memory	0	0	0	1	0	0
19	7931031	7931452	1	shCd19	0	0	0	0	1	0
19	8038110	8038358	1	shCd19	0	0	0	0	1	0
19	8145311	8145889	1	terminal	0	0	1	0	0	0
19	8360481	8360823	1	late	0	1	0	0	0	0
19	8418690	8419064	1	late	0	1	0	0	0	0
19	8446704	8446986	1	shRunx3	0	0	0	0	0	1
19	8496232	8496662	1	shCd19	0	0	0	0	1	0
19	8702899	8703139	1	shCd19	0	0	0	0	1	0
19	8819492	8819825	1	shCd19	0	0	0	0	1	0
19	8880818	8881182	1	shCd19	0	0	0	0	1	0
19	8967858	8968189	1	shRunx3	0	0	0	0	0	1
19	9052987	9053691	1	shCd19	0	0	0	0	1	0
19	9065839	9066156	1	shCd19	0	0	0	0	1	0
19	9218313	9218563	1	shCd19	0	0	0	0	1	0
19	9226236	9226548	1	shRunx3	0	0	0	0	0	1
19	9693467	9693833	1	shCd19	0	0	0	0	1	0
19	10177615	10177895	1	shCd19	0	0	0	0	1	0
19	10289098	10289393	1	terminal	0	0	1	0	0	0
19	10317564	10317845	1	memory	0	0	0	1	0	0
19	10487224	10487486	1	memory	0	0	0	1	0	0
19	10577010	10577513	1	shCd19	0	0	0	0	1	0
19	10710673	10710985	1	shCd19	0	0	0	0	1	0
19	10747459	10747903	1	shRunx3	0	0	0	0	0	1
19	10763657	10763869	1	shRunx3	0	0	0	0	0	1
19	11052805	11053245	1	shRunx3	0	0	0	0	0	1
19	11294398	11294767	1	shCd19	0	0	0	0	1	0
19	11385486	11385698	1	shRunx3	0	0	0	0	0	1
19	11628034	11628246	1	shCd19	0	0	0	0	1	0
19	11856893	11857212	1	shCd19	0	0	0	0	1	0
19	12233294	12233696	1	late	0	1	0	0	0	0
19	12430939	12431168	1	shCd19	0	0	0	0	1	0
19	12486241	12486484	1	shCd19	0	0	0	0	1	0
19	12495626	12495950	1	early	1	0	0	0	0	0
19	12678711	12679226	1	early	1	0	0	0	0	0
19	12704770	12704990	1	shRunx3	0	0	0	0	0	1
19	12749834	12750307	1	shRunx3	0	0	0	0	0	1
19	12778794	12779030	1	terminal	0	0	1	0	0	0
19	12882982	12883258	1	terminal	0	0	1	0	0	0
19	13640363	13640646	1	terminal	0	0	1	0	0	0
19	13879704	13880116	1	terminal	0	0	1	0	0	0
19	13989092	13989379	1	shRunx3	0	0	0	0	0	1
19	14075058	14075434	1	late	0	1	0	0	0	0
19	14126693	14126901	1	shRunx3	0	0	0	0	0	1
19	14346197	14346426	1	terminal	0	0	1	0	0	0
19	14504032	14504320	1	late	0	1	0	0	0	0
19	14522226	14522622	1	late	0	1	0	0	0	0
19	14618180	14618521	1	shRunx3	0	0	0	0	0	1
19	14899420	14899751	1	memory	0	0	0	1	0	0
19	15162988	15163414	1	terminal	0	0	1	0	0	0
19	15270453	15270675	1	shCd19	0	0	0	0	1	0
19	15822754	15823263	1	shCd19	0	0	0	0	1	0
19	16048730	16049246	1	shRunx3	0	0	0	0	0	1
19	16055217	16055516	1	shCd19	0	0	0	0	1	0
19	16298574	16299118	1	late	0	1	0	0	0	0
19	16456829	16457128	1	shCd19	0	0	0	0	1	0
19	16624772	16625373	1	shCd19	0	0	0	0	1	0
19	16773298	16774121	1	late	0	1	0	0	0	0
19	16790420	16791043	1	terminal	0	0	1	0	0	0
19	16966652	16966922	1	terminal	0	0	1	0	0	0
19	17006973	17007235	1	shCd19	0	0	0	0	1	0
19	17669493	17670150	1	terminal	0	0	1	0	0	0
19	17688933	17689618	1	terminal	0	0	1	0	0	0
19	18017755	18017993	1	terminal	0	0	1	0	0	0
19	18179165	18179467	1	terminal	0	0	1	0	0	0
19	18618945	18619821	1	shRunx3	0	0	0	0	0	1
19	18620317	18620605	1	shCd19	0	0	0	0	1	0
19	18884743	18885261	1	terminal	0	0	1	0	0	0
19	19212834	19213035	1	shCd19	0	0	0	0	1	0
19	19579598	19579909	1	terminal	0	0	1	0	0	0
19	19694006	19694672	1	terminal	0	0	1	0	0	0
19	19907048	19907275	1	shCd19	0	0	0	0	1	0
19	19949256	19949559	1	terminal	0	0	1	0	0	0
19	19993636	19993916	1	terminal	0	0	1	0	0	0
19	20087281	20087558	1	shRunx3	0	0	0	0	0	1
19	20200080	20200374	1	early	1	0	0	0	0	0
19	20578743	20578950	1	shCd19	0	0	0	0	1	0
19	20722152	20722375	1	shRunx3	0	0	0	0	0	1
19	20793816	20794145	1	late	0	1	0	0	0	0
19	20845806	20846173	1	shCd19	0	0	0	0	1	0
19	21011200	21011521	1	terminal	0	0	1	0	0	0
19	21201906	21202209	1	early	1	0	0	0	0	0
19	21257503	21257729	1	shRunx3	0	0	0	0	0	1
19	21314235	21314508	1	shRunx3	0	0	0	0	0	1
19	21376772	21377081	1	early	1	0	0	0	0	0
19	21551333	21551569	1	early	1	0	0	0	0	0
19	21689194	21689415	1	shCd19	0	0	0	0	1	0
19	21749644	21750159	1	shCd19	0	0	0	0	1	0
19	21794373	21794680	1	late	0	1	0	0	0	0
19	22041655	22042147	1	late	0	1	0	0	0	0
19	22288568	22288865	1	memory	0	0	0	1	0	0
19	22345331	22345661	1	late	0	1	0	0	0	0
19	22606121	22606453	1	shRunx3	0	0	0	0	0	1
19	22693592	22693826	1	shCd19	0	0	0	0	1	0
19	22992015	22992228	1	shRunx3	0	0	0	0	0	1
19	23137550	23137763	1	shRunx3	0	0	0	0	0	1
19	23304095	23304295	1	shCd19	0	0	0	0	1	0
19	23349037	23349319	1	shCd19	0	0	0	0	1	0
19	23474628	23474903	1	early	1	0	0	0	0	0
19	23575900	23576222	1	shCd19	0	0	0	0	1	0
19	23666657	23667150	1	terminal	0	0	1	0	0	0
19	24078801	24079116	1	memory	0	0	0	1	0	0
19	24390104	24390429	1	shCd19	0	0	0	0	1	0
19	24400795	24401650	1	shRunx3	0	0	0	0	0	1
19	24409519	24409912	1	late	0	1	0	0	0	0
19	24459722	24460069	1	shRunx3	0	0	0	0	0	1
19	24527266	24527700	1	early	1	0	0	0	0	0
19	25323449	25323693	1	terminal	0	0	1	0	0	0
19	25440380	25440644	1	terminal	0	0	1	0	0	0
19	25778326	25778558	1	memory	0	0	0	1	0	0
19	25788789	25789187	1	terminal	0	0	1	0	0	0
19	25935215	25935483	1	late	0	1	0	0	0	0
19	26363687	26363962	1	late	0	1	0	0	0	0
19	26417939	26418202	1	memory	0	0	0	1	0	0
19	26950709	26951122	1	shCd19	0	0	0	0	1	0
19	26973191	26973393	1	shRunx3	0	0	0	0	0	1
19	27020603	27020878	1	shCd19	0	0	0	0	1	0
19	27880028	27880221	1	shRunx3	0	0	0	0	0	1
19	28011285	28011564	1	shRunx3	0	0	0	0	0	1
19	28272459	28272671	1	shRunx3	0	0	0	0	0	1
19	28300405	28301197	1	terminal	0	0	1	0	0	0
19	28352034	28352436	1	shCd19	0	0	0	0	1	0
19	28831069	28831454	1	terminal	0	0	1	0	0	0
19	28991123	28991428	1	late	0	1	0	0	0	0
19	29005414	29006005	1	shRunx3	0	0	0	0	0	1
19	29115641	29115987	1	shRunx3	0	0	0	0	0	1
19	29271230	29271504	1	shCd19	0	0	0	0	1	0
19	29284138	29284473	1	shCd19	0	0	0	0	1	0
19	29368737	29369287	1	early	1	0	0	0	0	0
19	29454178	29454412	1	shRunx3	0	0	0	0	0	1
19	29457702	29458033	1	shCd19	0	0	0	0	1	0
19	29479140	29479430	1	memory	0	0	0	1	0	0
19	29493225	29493415	1	shRunx3	0	0	0	0	0	1
19	29584288	29584693	1	late	0	1	0	0	0	0
19	29659053	29659348	1	shCd19	0	0	0	0	1	0
19	29708325	29708598	1	terminal	0	0	1	0	0	0
19	29717854	29718400	1	shRunx3	0	0	0	0	0	1
19	29797616	29797990	1	late	0	1	0	0	0	0
19	29890208	29890440	1	shRunx3	0	0	0	0	0	1
19	30066298	30066664	1	shCd19	0	0	0	0	1	0
19	30466461	30466742	1	late	0	1	0	0	0	0
19	30500450	30500790	1	shCd19	0	0	0	0	1	0
19	30724551	30724783	1	shCd19	0	0	0	0	1	0
19	30747464	30747706	1	early	1	0	0	0	0	0
19	30816973	30817413	1	shCd19	0	0	0	0	1	0
19	31082346	31082652	1	memory	0	0	0	1	0	0
19	31110398	31110716	1	memory	0	0	0	1	0	0
19	31258778	31259035	1	early	1	0	0	0	0	0
19	31315398	31315603	1	shRunx3	0	0	0	0	0	1
19	31491786	31492131	1	shCd19	0	0	0	0	1	0
19	31498928	31499192	1	terminal	0	0	1	0	0	0
19	31959834	31960065	1	shRunx3	0	0	0	0	0	1
19	32188287	32188536	1	shRunx3	0	0	0	0	0	1
19	32212923	32213199	1	memory	0	0	0	1	0	0
19	32256584	32256842	1	shRunx3	0	0	0	0	0	1
19	32351133	32351455	1	late	0	1	0	0	0	0
19	32760745	32760959	1	shCd19	0	0	0	0	1	0
19	32888528	32888764	1	shRunx3	0	0	0	0	0	1
19	32929872	32930637	1	shRunx3	0	0	0	0	0	1
19	33050263	33050512	1	shCd19	0	0	0	0	1	0
19	33103667	33103982	1	late	0	1	0	0	0	0
19	33184063	33184579	1	early	1	0	0	0	0	0
19	33453036	33453332	1	terminal	0	0	1	0	0	0
19	33909920	33910245	1	late	0	1	0	0	0	0
19	34240002	34240297	1	shRunx3	0	0	0	0	0	1
19	34685198	34685679	1	memory	0	0	0	1	0	0
19	34716491	34716746	1	shCd19	0	0	0	0	1	0
19	35053090	35053406	1	shRunx3	0	0	0	0	0	1
19	35287619	35287899	1	shCd19	0	0	0	0	1	0
19	35520470	35520728	1	shRunx3	0	0	0	0	0	1
19	35599069	35599310	1	terminal	0	0	1	0	0	0
19	35917056	35917373	1	terminal	0	0	1	0	0	0
19	35970341	35970719	1	early	1	0	0	0	0	0
19	36527197	36527495	1	early	1	0	0	0	0	0
19	36534254	36534502	1	shCd19	0	0	0	0	1	0
19	36615971	36616346	1	shRunx3	0	0	0	0	0	1
19	36674652	36674964	1	shCd19	0	0	0	0	1	0
19	36826250	36826487	1	terminal	0	0	1	0	0	0
19	36903140	36903710	1	late	0	1	0	0	0	0
19	37007631	37007825	1	shRunx3	0	0	0	0	0	1
19	37098111	37098370	1	terminal	0	0	1	0	0	0
19	37110477	37110946	1	shCd19	0	0	0	0	1	0
19	37194283	37194653	1	shRunx3	0	0	0	0	0	1
19	37523996	37524316	1	shRunx3	0	0	0	0	0	1
19	37765654	37765898	1	early	1	0	0	0	0	0
19	37847976	37848208	1	terminal	0	0	1	0	0	0
19	38082837	38083032	1	shRunx3	0	0	0	0	0	1
19	38253667	38254090	1	shRunx3	0	0	0	0	0	1
19	38267781	38268006	1	shCd19	0	0	0	0	1	0
19	38300565	38300794	1	shRunx3	0	0	0	0	0	1
19	38529953	38530189	1	early	1	0	0	0	0	0
19	38686537	38686759	1	shCd19	0	0	0	0	1	0
19	38713297	38713527	1	memory	0	0	0	1	0	0
19	39043600	39043845	1	shRunx3	0	0	0	0	0	1
19	39048102	39048386	1	memory	0	0	0	1	0	0
19	39552511	39552707	1	shCd19	0	0	0	0	1	0
19	40010608	40010846	1	early	1	0	0	0	0	0
19	40232666	40233016	1	early	1	0	0	0	0	0
19	40271669	40271921	1	shCd19	0	0	0	0	1	0
19	40430637	40430966	1	memory	0	0	0	1	0	0
19	40496351	40496664	1	shRunx3	0	0	0	0	0	1
19	40532092	40532371	1	shRunx3	0	0	0	0	0	1
19	40731200	40731455	1	early	1	0	0	0	0	0
19	40954713	40954962	1	shRunx3	0	0	0	0	0	1
19	41004954	41005280	1	shRunx3	0	0	0	0	0	1
19	41103825	41104137	1	shCd19	0	0	0	0	1	0
19	41237323	41237608	1	late	0	1	0	0	0	0
19	41354420	41354489	1	shCd19	0	0	0	0	1	0
19	41354489	41354731	2	shCd19,shRunx3	0	0	0	0	1	1
19	41354731	41354858	1	shCd19	0	0	0	0	1	0
19	41383969	41384197	1	shCd19	0	0	0	0	1	0
19	41596163	41596718	1	shRunx3	0	0	0	0	0	1
19	41866100	41866317	1	shRunx3	0	0	0	0	0	1
19	41928681	41929007	1	shRunx3	0	0	0	0	0	1
19	41988766	41989100	1	shRunx3	0	0	0	0	0	1
19	42129503	42130202	1	shRunx3	0	0	0	0	0	1
19	42397678	42398010	1	memory	0	0	0	1	0	0
19	42399271	42399627	1	terminal	0	0	1	0	0	0
19	42839268	42839608	1	late	0	1	0	0	0	0
19	43486323	43486608	1	memory	0	0	0	1	0	0
19	43524574	43524859	1	shCd19	0	0	0	0	1	0
19	43926457	43926741	1	shRunx3	0	0	0	0	0	1
19	44227241	44227507	1	early	1	0	0	0	0	0
19	44432720	44433014	1	late	0	1	0	0	0	0
19	44452756	44453244	1	memory	0	0	0	1	0	0
19	44658144	44658448	1	late	0	1	0	0	0	0
19	44726839	44727237	1	early	1	0	0	0	0	0
19	44748179	44748517	1	memory	0	0	0	1	0	0
19	44858870	44859238	1	terminal	0	0	1	0	0	0
19	45101285	45101577	1	terminal	0	0	1	0	0	0
19	45106729	45106961	1	shRunx3	0	0	0	0	0	1
19	45446401	45446741	1	shCd19	0	0	0	0	1	0
19	45712667	45712919	1	shRunx3	0	0	0	0	0	1
19	45730751	45731088	1	shRunx3	0	0	0	0	0	1
19	45800804	45801415	1	shRunx3	0	0	0	0	0	1
19	46056166	46056229	1	memory	0	0	0	1	0	0
19	46056229	46056438	2	memory,shCd19	0	0	0	1	1	0
19	46056438	46056495	1	shCd19	0	0	0	0	1	0
19	46137388	46137857	1	late	0	1	0	0	0	0
19	46304263	46304540	1	shCd19	0	0	0	0	1	0
19	46620158	46620172	1	shCd19	0	0	0	0	1	0
19	46620172	46620528	2	terminal,shCd19	0	0	1	0	1	0
19	46620528	46620586	1	shCd19	0	0	0	0	1	0
19	46823355	46823994	1	shRunx3	0	0	0	0	0	1
19	47338065	47338430	1	shCd19	0	0	0	0	1	0
19	47378387	47378716	1	memory	0	0	0	1	0	0
19	47679230	47679505	1	terminal	0	0	1	0	0	0
19	47957347	47957720	1	early	1	0	0	0	0	0
19	48169038	48169387	1	terminal	0	0	1	0	0	0
19	48337259	48337725	1	memory	0	0	0	1	0	0
19	48340687	48341100	1	memory	0	0	0	1	0	0
19	48690812	48691257	1	shRunx3	0	0	0	0	0	1
19	49208055	49208421	1	early	1	0	0	0	0	0
19	49483780	49484153	1	shCd19	0	0	0	0	1	0
19	49784878	49785283	1	terminal	0	0	1	0	0	0
19	50064848	50065342	1	terminal	0	0	1	0	0	0
19	50277543	50277899	1	memory	0	0	0	1	0	0
19	50327684	50328063	1	terminal	0	0	1	0	0	0
19	50837272	50837519	1	memory	0	0	0	1	0	0
19	50953532	50953805	1	memory	0	0	0	1	0	0
19	51074246	51074605	1	terminal	0	0	1	0	0	0
19	51840762	51841014	1	terminal	0	0	1	0	0	0
19	51842967	51843167	1	shRunx3	0	0	0	0	0	1
19	51906940	51907187	1	shRunx3	0	0	0	0	0	1
19	51935062	51935338	1	terminal	0	0	1	0	0	0
19	52018407	52018605	1	shRunx3	0	0	0	0	0	1
19	52238612	52238985	1	shCd19	0	0	0	0	1	0
19	52649037	52649360	1	late	0	1	0	0	0	0
19	52718586	52718883	1	early	1	0	0	0	0	0
19	52802492	52802771	1	terminal	0	0	1	0	0	0
19	53168357	53168565	1	shCd19	0	0	0	0	1	0
19	53253546	53253934	1	early	1	0	0	0	0	0
19	53351492	53351853	1	late	0	1	0	0	0	0
19	53424355	53424828	1	early	1	0	0	0	0	0
19	53461291	53461813	1	shRunx3	0	0	0	0	0	1
19	53484542	53485169	1	terminal	0	0	1	0	0	0
19	53676832	53677129	1	late	0	1	0	0	0	0
19	53800697	53801066	1	shRunx3	0	0	0	0	0	1
19	53822279	53822629	1	memory	0	0	0	1	0	0
19	54007743	54008322	1	shRunx3	0	0	0	0	0	1
19	54206191	54206451	1	terminal	0	0	1	0	0	0
19	54861374	54861625	1	early	1	0	0	0	0	0
19	54943469	54943664	1	shRunx3	0	0	0	0	0	1
19	54948423	54948970	1	shCd19	0	0	0	0	1	0
19	55077435	55077818	1	late	0	1	0	0	0	0
19	55099917	55100427	1	memory	0	0	0	1	0	0
19	55224253	55224572	1	terminal	0	0	1	0	0	0
19	55316348	55316607	1	shRunx3	0	0	0	0	0	1
19	55436092	55436441	1	terminal	0	0	1	0	0	0
19	55546163	55546578	1	shCd19	0	0	0	0	1	0
19	55602952	55603328	1	early	1	0	0	0	0	0
19	55904401	55904680	1	shCd19	0	0	0	0	1	0
19	56011251	56011468	1	shRunx3	0	0	0	0	0	1
19	56106705	56106900	1	shRunx3	0	0	0	0	0	1
19	56119787	56120425	1	memory	0	0	0	1	0	0
19	56200270	56200651	1	late	0	1	0	0	0	0
19	56442843	56443047	1	shRunx3	0	0	0	0	0	1
19	56720542	56720800	1	shRunx3	0	0	0	0	0	1
19	56756310	56756563	1	shRunx3	0	0	0	0	0	1
19	56756563	56756823	2	shCd19,shRunx3	0	0	0	0	1	1
19	56756823	56756834	1	shCd19	0	0	0	0	1	0
19	56759796	56760072	1	late	0	1	0	0	0	0
19	57099728	57100052	1	shRunx3	0	0	0	0	0	1
19	57100277	57100517	1	shRunx3	0	0	0	0	0	1
19	57157433	57157794	1	terminal	0	0	1	0	0	0
19	57396777	57397122	1	late	0	1	0	0	0	0
19	57578519	57578938	1	shCd19	0	0	0	0	1	0
19	57776632	57776913	1	terminal	0	0	1	0	0	0
19	57845231	57845537	1	shCd19	0	0	0	0	1	0
19	58181650	58181995	1	shCd19	0	0	0	0	1	0
19	58398454	58398977	1	early	1	0	0	0	0	0
19	58566066	58566322	1	late	0	1	0	0	0	0
19	58803887	58804093	1	shCd19	0	0	0	0	1	0
19	59019757	59019986	1	shRunx3	0	0	0	0	0	1
19	59043440	59043880	1	terminal	0	0	1	0	0	0
19	59265553	59265845	1	shCd19	0	0	0	0	1	0
19	59345895	59346134	1	terminal	0	0	1	0	0	0
19	59364090	59364479	1	early	1	0	0	0	0	0
19	59624976	59625319	1	shCd19	0	0	0	0	1	0
19	59871637	59872014	1	memory	0	0	0	1	0	0
19	59929622	59930003	1	early	1	0	0	0	0	0
19	60040790	60041177	1	terminal	0	0	1	0	0	0
19	60118056	60118314	1	memory	0	0	0	1	0	0
19	60181355	60181598	1	shRunx3	0	0	0	0	0	1
19	60503813	60504356	1	shCd19	0	0	0	0	1	0
19	60874579	60874965	1	terminal	0	0	1	0	0	0
19	60956423	60956789	1	early	1	0	0	0	0	0
19	61040858	61041106	1	shRunx3	0	0	0	0	0	1
2	3092596	3092913	1	terminal	0	0	1	0	0	0
2	3116422	3116766	1	late	0	1	0	0	0	0
2	3241670	3242019	1	shCd19	0	0	0	0	1	0
2	3332777	3332981	1	shRunx3	0	0	0	0	0	1
2	3396603	3396925	1	early	1	0	0	0	0	0
2	3502671	3502957	1	memory	0	0	0	1	0	0
2	3657600	3658350	1	shRunx3	0	0	0	0	0	1
2	3677894	3678106	1	shRunx3	0	0	0	0	0	1
2	3703762	3704188	1	terminal	0	0	1	0	0	0
2	4015614	4015977	1	terminal	0	0	1	0	0	0
2	4101646	4101888	1	terminal	0	0	1	0	0	0
2	4173580	4174085	1	early	1	0	0	0	0	0
2	4175626	4175983	1	terminal	0	0	1	0	0	0
2	4568398	4568624	1	shRunx3	0	0	0	0	0	1
2	4595451	4595772	1	late	0	1	0	0	0	0
2	5099076	5099719	1	memory	0	0	0	1	0	0
2	5427474	5427894	1	terminal	0	0	1	0	0	0
2	5477837	5478175	1	terminal	0	0	1	0	0	0
2	6096571	6096804	1	shRunx3	0	0	0	0	0	1
2	6206183	6206516	1	memory	0	0	0	1	0	0
2	6352166	6352515	1	shCd19	0	0	0	0	1	0
2	6526406	6526742	1	early	1	0	0	0	0	0
2	6876774	6877030	1	terminal	0	0	1	0	0	0
2	7206848	7207069	1	shRunx3	0	0	0	0	0	1
2	7677273	7677583	1	late	0	1	0	0	0	0
2	7901650	7902234	1	terminal	0	0	1	0	0	0
2	7967449	7967764	1	terminal	0	0	1	0	0	0
2	8150380	8150601	1	shCd19	0	0	0	0	1	0
2	8290754	8291264	1	memory	0	0	0	1	0	0
2	8321100	8321548	1	memory	0	0	0	1	0	0
2	8484443	8484763	1	terminal	0	0	1	0	0	0
2	8545844	8546086	1	early	1	0	0	0	0	0
2	8644651	8644893	1	terminal	0	0	1	0	0	0
2	8835584	8835939	1	shRunx3	0	0	0	0	0	1
2	9161730	9162082	1	late	0	1	0	0	0	0
2	9269954	9270187	1	shRunx3	0	0	0	0	0	1
2	9482708	9483010	1	shRunx3	0	0	0	0	0	1
2	9663710	9663937	1	shCd19	0	0	0	0	1	0
2	9772406	9772695	1	shCd19	0	0	0	0	1	0
2	9867093	9867540	1	shRunx3	0	0	0	0	0	1
2	10012869	10013193	1	shCd19	0	0	0	0	1	0
2	10048102	10048332	1	shRunx3	0	0	0	0	0	1
2	10317088	10317377	1	early	1	0	0	0	0	0
2	10357461	10357722	1	shCd19	0	0	0	0	1	0
2	10375952	10376152	1	shCd19	0	0	0	0	1	0
2	10450559	10450873	1	shRunx3	0	0	0	0	0	1
2	10463537	10464035	1	early	1	0	0	0	0	0
2	10818568	10818812	1	terminal	0	0	1	0	0	0
2	10877408	10877860	1	shRunx3	0	0	0	0	0	1
2	11015873	11016190	1	shRunx3	0	0	0	0	0	1
2	11045324	11045897	1	shRunx3	0	0	0	0	0	1
2	11186761	11187094	1	terminal	0	0	1	0	0	0
2	11548610	11548870	1	terminal	0	0	1	0	0	0
2	11548876	11549195	1	memory	0	0	0	1	0	0
2	11642393	11642681	1	shRunx3	0	0	0	0	0	1
2	11653121	11653765	1	shRunx3	0	0	0	0	0	1
2	11655169	11655448	1	early	1	0	0	0	0	0
2	11665627	11665971	1	terminal	0	0	1	0	0	0
2	11679772	11680146	1	memory	0	0	0	1	0	0
2	11683248	11683660	1	terminal	0	0	1	0	0	0
2	11695742	11696245	1	shRunx3	0	0	0	0	0	1
2	11774468	11775084	1	shCd19	0	0	0	0	1	0
2	11916107	11916345	1	terminal	0	0	1	0	0	0
2	12028321	12028586	1	early	1	0	0	0	0	0
2	12032305	12032770	1	terminal	0	0	1	0	0	0
2	12033441	12033703	1	early	1	0	0	0	0	0
2	12119649	12119993	1	shCd19	0	0	0	0	1	0
2	12474647	12475061	1	shRunx3	0	0	0	0	0	1
2	12577135	12577435	1	shRunx3	0	0	0	0	0	1
2	12590732	12591045	1	shCd19	0	0	0	0	1	0
2	12791609	12792080	1	memory	0	0	0	1	0	0
2	12977348	12977558	1	shRunx3	0	0	0	0	0	1
2	13315980	13316528	1	shCd19	0	0	0	0	1	0
2	13350377	13350854	1	terminal	0	0	1	0	0	0
2	13365436	13365700	1	late	0	1	0	0	0	0
2	13575209	13575679	1	shRunx3	0	0	0	0	0	1
2	13784003	13784240	1	shRunx3	0	0	0	0	0	1
2	14064810	14065106	1	memory	0	0	0	1	0	0
2	14209728	14209984	1	early	1	0	0	0	0	0
2	14335350	14335566	1	shCd19	0	0	0	0	1	0
2	14409008	14409323	1	shRunx3	0	0	0	0	0	1
2	14413878	14414172	1	terminal	0	0	1	0	0	0
2	14710808	14711254	1	terminal	0	0	1	0	0	0
2	15113763	15114449	1	terminal	0	0	1	0	0	0
2	15149022	15149317	1	memory	0	0	0	1	0	0
2	15648696	15649084	1	late	0	1	0	0	0	0
2	15786281	15786517	1	shRunx3	0	0	0	0	0	1
2	16216090	16216483	1	late	0	1	0	0	0	0
2	16222527	16222865	1	shRunx3	0	0	0	0	0	1
2	16363704	16363942	1	memory	0	0	0	1	0	0
2	16588249	16588486	1	terminal	0	0	1	0	0	0
2	17161148	17161614	1	early	1	0	0	0	0	0
2	17308196	17308580	1	shRunx3	0	0	0	0	0	1
2	17392912	17393427	1	shRunx3	0	0	0	0	0	1
2	17718023	17718282	1	shCd19	0	0	0	0	1	0
2	17733859	17734068	1	shCd19	0	0	0	0	1	0
2	17742716	17742982	1	memory	0	0	0	1	0	0
2	17834510	17834817	1	shRunx3	0	0	0	0	0	1
2	17868828	17869199	1	terminal	0	0	1	0	0	0
2	18078482	18078930	1	shRunx3	0	0	0	0	0	1
2	18178348	18178577	1	memory	0	0	0	1	0	0
2	18205062	18205325	1	terminal	0	0	1	0	0	0
2	18286463	18286831	1	shRunx3	0	0	0	0	0	1
2	18337425	18337632	1	shRunx3	0	0	0	0	0	1
2	18370883	18371193	1	terminal	0	0	1	0	0	0
2	18392628	18392873	1	shCd19	0	0	0	0	1	0
2	18512819	18513093	1	shRunx3	0	0	0	0	0	1
2	18540075	18540326	1	memory	0	0	0	1	0	0
2	18605744	18606136	1	terminal	0	0	1	0	0	0
2	18817612	18818046	1	late	0	1	0	0	0	0
2	18841231	18841463	1	shCd19	0	0	0	0	1	0
2	19230608	19230864	1	shRunx3	0	0	0	0	0	1
2	19575569	19576046	1	shRunx3	0	0	0	0	0	1
2	19791112	19792238	1	terminal	0	0	1	0	0	0
2	19926513	19926879	1	early	1	0	0	0	0	0
2	20000674	20000944	1	memory	0	0	0	1	0	0
2	20267417	20267729	1	terminal	0	0	1	0	0	0
2	20318134	20318371	1	memory	0	0	0	1	0	0
2	20363936	20364614	1	memory	0	0	0	1	0	0
2	20664868	20665085	1	shRunx3	0	0	0	0	0	1
2	21220783	21221047	1	memory	0	0	0	1	0	0
2	21574682	21574912	1	shCd19	0	0	0	0	1	0
2	21701004	21701440	1	shCd19	0	0	0	0	1	0
2	21870674	21871035	1	shRunx3	0	0	0	0	0	1
2	22212690	22213087	1	late	0	1	0	0	0	0
2	22231014	22231238	1	shRunx3	0	0	0	0	0	1
2	22634205	22634441	1	shCd19	0	0	0	0	1	0
2	22635480	22635856	1	shCd19	0	0	0	0	1	0
2	22807180	22807386	1	shRunx3	0	0	0	0	0	1
2	22851909	22852152	1	early	1	0	0	0	0	0
2	22922704	22923020	1	shRunx3	0	0	0	0	0	1
2	23039873	23040252	1	shRunx3	0	0	0	0	0	1
2	23068819	23069568	1	shCd19	0	0	0	0	1	0
2	23364311	23364768	1	terminal	0	0	1	0	0	0
2	23399468	23399852	1	memory	0	0	0	1	0	0
2	23435286	23435541	1	memory	0	0	0	1	0	0
2	23874454	23874694	1	early	1	0	0	0	0	0
2	23992786	23993089	1	shCd19	0	0	0	0	1	0
2	24030699	24031399	1	shCd19	0	0	0	0	1	0
2	24094799	24095108	1	terminal	0	0	1	0	0	0
2	24105307	24105531	1	shRunx3	0	0	0	0	0	1
2	24688964	24689193	1	terminal	0	0	1	0	0	0
2	24765344	24765582	1	shCd19	0	0	0	0	1	0
2	24809104	24809304	1	shRunx3	0	0	0	0	0	1
2	24934922	24934923	1	shRunx3	0	0	0	0	0	1
2	24934923	24935177	3	late,shCd19,shRunx3	0	1	0	0	1	1
2	24935177	24935223	2	late,shCd19	0	1	0	0	1	0
2	24935223	24935601	1	shCd19	0	0	0	0	1	0
2	24962444	24962656	1	shCd19	0	0	0	0	1	0
2	24975034	24975606	1	shRunx3	0	0	0	0	0	1
2	24978344	24978694	1	shCd19	0	0	0	0	1	0
2	25069105	25069387	1	terminal	0	0	1	0	0	0
2	25111227	25111723	1	shRunx3	0	0	0	0	0	1
2	25137048	25137413	1	shRunx3	0	0	0	0	0	1
2	25185376	25185943	1	shCd19	0	0	0	0	1	0
2	25357096	25357392	1	late	0	1	0	0	0	0
2	25454352	25454699	1	shCd19	0	0	0	0	1	0
2	25460666	25461118	1	shCd19	0	0	0	0	1	0
2	25533998	25534663	1	shCd19	0	0	0	0	1	0
2	25574665	25575047	1	shRunx3	0	0	0	0	0	1
2	25654107	25654513	1	shCd19	0	0	0	0	1	0
2	25825579	25825952	1	late	0	1	0	0	0	0
2	25842697	25843060	1	early	1	0	0	0	0	0
2	25854755	25855000	1	terminal	0	0	1	0	0	0
2	26164780	26165112	1	terminal	0	0	1	0	0	0
2	26320109	26320412	1	late	0	1	0	0	0	0
2	26580704	26581037	1	memory	0	0	0	1	0	0
2	26668755	26669026	1	shCd19	0	0	0	0	1	0
2	26706803	26707030	1	shRunx3	0	0	0	0	0	1
2	26744090	26744322	1	shCd19	0	0	0	0	1	0
2	26902692	26903323	1	shRunx3	0	0	0	0	0	1
2	27036743	27036951	1	shCd19	0	0	0	0	1	0
2	27210008	27210325	1	terminal	0	0	1	0	0	0
2	27220139	27220548	1	shCd19	0	0	0	0	1	0
2	27248862	27249111	1	shRunx3	0	0	0	0	0	1
2	27291731	27291922	1	shRunx3	0	0	0	0	0	1
2	27424663	27424920	1	shRunx3	0	0	0	0	0	1
2	27503245	27503558	1	terminal	0	0	1	0	0	0
2	27573596	27573849	1	shCd19	0	0	0	0	1	0
2	28053931	28054188	1	late	0	1	0	0	0	0
2	28245714	28246154	1	shRunx3	0	0	0	0	0	1
2	28333542	28333824	1	late	0	1	0	0	0	0
2	28588084	28588597	1	terminal	0	0	1	0	0	0
2	28761108	28761361	1	early	1	0	0	0	0	0
2	29140567	29140875	1	terminal	0	0	1	0	0	0
2	29210418	29210748	1	memory	0	0	0	1	0	0
2	29374640	29374878	1	shCd19	0	0	0	0	1	0
2	29418663	29418862	1	shCd19	0	0	0	0	1	0
2	29558598	29558833	1	shCd19	0	0	0	0	1	0
2	29585273	29585509	1	terminal	0	0	1	0	0	0
2	29623763	29624378	1	shCd19	0	0	0	0	1	0
2	29624822	29625389	1	shCd19	0	0	0	0	1	0
2	29993309	29993590	1	shCd19	0	0	0	0	1	0
2	30363821	30364201	1	terminal	0	0	1	0	0	0
2	30456439	30456929	1	memory	0	0	0	1	0	0
2	30591464	30591856	1	terminal	0	0	1	0	0	0
2	30599968	30600329	1	late	0	1	0	0	0	0
2	30625552	30625978	1	shRunx3	0	0	0	0	0	1
2	30867667	30868071	1	memory	0	0	0	1	0	0
2	30868433	30868698	1	terminal	0	0	1	0	0	0
2	30926137	30926430	1	shCd19	0	0	0	0	1	0
2	30927050	30927349	1	shRunx3	0	0	0	0	0	1
2	31292619	31292885	1	memory	0	0	0	1	0	0
2	31499893	31500341	1	terminal	0	0	1	0	0	0
2	31555813	31556118	1	shCd19	0	0	0	0	1	0
2	31670708	31670958	1	shRunx3	0	0	0	0	0	1
2	31884313	31884712	1	terminal	0	0	1	0	0	0
2	31922235	31922450	1	shRunx3	0	0	0	0	0	1
2	31928696	31928972	1	shRunx3	0	0	0	0	0	1
2	32016128	32016445	1	shCd19	0	0	0	0	1	0
2	32122239	32122625	1	shRunx3	0	0	0	0	0	1
2	32178459	32179108	1	late	0	1	0	0	0	0
2	32190404	32190764	1	shCd19	0	0	0	0	1	0
2	32314030	32314326	1	terminal	0	0	1	0	0	0
2	32493388	32493991	1	shRunx3	0	0	0	0	0	1
2	32553941	32554195	1	shCd19	0	0	0	0	1	0
2	32587742	32588355	1	shCd19	0	0	0	0	1	0
2	32657500	32657728	1	shCd19	0	0	0	0	1	0
2	32714972	32715031	1	memory	0	0	0	1	0	0
2	32715031	32715060	2	memory,shCd19	0	0	0	1	1	0
2	32715060	32715273	3	memory,shCd19,shRunx3	0	0	0	1	1	1
2	32715273	32715352	2	shCd19,shRunx3	0	0	0	0	1	1
2	32715352	32715395	1	shRunx3	0	0	0	0	0	1
2	32772823	32773158	1	shCd19	0	0	0	0	1	0
2	32995668	32995994	1	shRunx3	0	0	0	0	0	1
2	33174395	33174681	1	shRunx3	0	0	0	0	0	1
2	33211736	33212106	1	shRunx3	0	0	0	0	0	1
2	33316622	33316821	1	shCd19	0	0	0	0	1	0
2	33353705	33354037	1	shRunx3	0	0	0	0	0	1
2	33485102	33485599	1	shRunx3	0	0	0	0	0	1
2	34010955	34011706	1	terminal	0	0	1	0	0	0
2	34189866	34190207	1	shCd19	0	0	0	0	1	0
2	34340614	34340833	1	shCd19	0	0	0	0	1	0
2	34386358	34386711	1	shCd19	0	0	0	0	1	0
2	34958286	34958520	1	shRunx3	0	0	0	0	0	1
2	35302901	35303298	1	late	0	1	0	0	0	0
2	35352189	35352399	1	shCd19	0	0	0	0	1	0
2	35365177	35365640	1	terminal	0	0	1	0	0	0
2	35448850	35449096	1	shRunx3	0	0	0	0	0	1
2	35677798	35678093	1	terminal	0	0	1	0	0	0
2	36053389	36053705	1	terminal	0	0	1	0	0	0
2	36117809	36118136	1	late	0	1	0	0	0	0
2	36197011	36197620	1	shCd19	0	0	0	0	1	0
2	36233455	36233831	1	shCd19	0	0	0	0	1	0
2	36363493	36363699	1	shCd19	0	0	0	0	1	0
2	36458974	36459347	1	memory	0	0	0	1	0	0
2	36594840	36595084	1	shRunx3	0	0	0	0	0	1
2	36651340	36651699	1	shRunx3	0	0	0	0	0	1
2	36716558	36717150	1	shRunx3	0	0	0	0	0	1
2	37059640	37059866	1	memory	0	0	0	1	0	0
2	37430704	37431062	1	memory	0	0	0	1	0	0
2	37571967	37572357	1	terminal	0	0	1	0	0	0
2	37587335	37587561	1	shCd19	0	0	0	0	1	0
2	37886475	37886772	1	shCd19	0	0	0	0	1	0
2	38009638	38009886	1	terminal	0	0	1	0	0	0
2	38049051	38049281	1	shCd19	0	0	0	0	1	0
2	38504971	38505328	1	shCd19	0	0	0	0	1	0
2	38581719	38582075	1	shRunx3	0	0	0	0	0	1
2	38656317	38656585	1	memory	0	0	0	1	0	0
2	38900020	38900219	1	shCd19	0	0	0	0	1	0
2	38962155	38962494	1	terminal	0	0	1	0	0	0
2	39015049	39015416	1	early	1	0	0	0	0	0
2	39543630	39544089	1	terminal	0	0	1	0	0	0
2	39563960	39564530	1	late	0	1	0	0	0	0
2	39984097	39984366	1	shRunx3	0	0	0	0	0	1
2	40543627	40543877	1	terminal	0	0	1	0	0	0
2	40726561	40726896	1	terminal	0	0	1	0	0	0
2	40879986	40880348	1	shCd19	0	0	0	0	1	0
2	41004742	41005407	1	terminal	0	0	1	0	0	0
2	41205602	41205984	1	late	0	1	0	0	0	0
2	41266482	41266835	1	terminal	0	0	1	0	0	0
2	41334632	41334993	1	early	1	0	0	0	0	0
2	41758246	41758458	1	shCd19	0	0	0	0	1	0
2	41857068	41857416	1	early	1	0	0	0	0	0
2	42145490	42145685	1	shCd19	0	0	0	0	1	0
2	42531570	42531843	1	early	1	0	0	0	0	0
2	42611952	42612199	1	terminal	0	0	1	0	0	0
2	42820142	42820419	1	memory	0	0	0	1	0	0
2	43085045	43085450	1	late	0	1	0	0	0	0
2	43522846	43523363	1	shCd19	0	0	0	0	1	0
2	43894993	43895319	1	terminal	0	0	1	0	0	0
2	44273636	44273986	1	terminal	0	0	1	0	0	0
2	44388477	44388771	1	memory	0	0	0	1	0	0
2	44920255	44921266	1	shCd19	0	0	0	0	1	0
2	45083662	45083930	1	shRunx3	0	0	0	0	0	1
2	45143032	45143423	1	memory	0	0	0	1	0	0
2	45291479	45291908	1	memory	0	0	0	1	0	0
2	45298708	45298911	1	shCd19	0	0	0	0	1	0
2	45514142	45514740	1	shCd19	0	0	0	0	1	0
2	45652478	45652685	1	shCd19	0	0	0	0	1	0
2	45747524	45747768	1	memory	0	0	0	1	0	0
2	45884204	45884701	1	terminal	0	0	1	0	0	0
2	45931979	45932374	1	terminal	0	0	1	0	0	0
2	45949256	45949633	1	shRunx3	0	0	0	0	0	1
2	46043945	46044273	1	shCd19	0	0	0	0	1	0
2	46128843	46129229	1	late	0	1	0	0	0	0
2	46453755	46453999	1	early	1	0	0	0	0	0
2	46570890	46571190	1	shRunx3	0	0	0	0	0	1
2	46612549	46612948	1	shCd19	0	0	0	0	1	0
2	46741462	46741852	1	shCd19	0	0	0	0	1	0
2	47165589	47165850	1	shRunx3	0	0	0	0	0	1
2	47279896	47280178	1	shRunx3	0	0	0	0	0	1
2	47811996	47812339	1	shRunx3	0	0	0	0	0	1
2	47847836	47848154	1	late	0	1	0	0	0	0
2	48302615	48302948	1	late	0	1	0	0	0	0
2	48542039	48542271	1	terminal	0	0	1	0	0	0
2	48738925	48739281	1	memory	0	0	0	1	0	0
2	49546269	49546548	1	shRunx3	0	0	0	0	0	1
2	49642295	49642588	1	terminal	0	0	1	0	0	0
2	49914709	49915265	1	terminal	0	0	1	0	0	0
2	50104260	50104635	1	shRunx3	0	0	0	0	0	1
2	50282414	50282769	1	shCd19	0	0	0	0	1	0
2	50466826	50467105	1	early	1	0	0	0	0	0
2	50571715	50571974	1	terminal	0	0	1	0	0	0
2	50694020	50694787	1	terminal	0	0	1	0	0	0
2	50918439	50918934	1	early	1	0	0	0	0	0
2	50929753	50929947	1	shCd19	0	0	0	0	1	0
2	51204248	51204595	1	early	1	0	0	0	0	0
2	51375977	51376243	1	terminal	0	0	1	0	0	0
2	51466868	51467169	1	shCd19	0	0	0	0	1	0
2	51860121	51860535	1	shCd19	0	0	0	0	1	0
2	51973058	51973318	1	terminal	0	0	1	0	0	0
2	52340226	52340726	1	terminal	0	0	1	0	0	0
2	52834411	52834621	1	shCd19	0	0	0	0	1	0
2	53614225	53614503	1	shCd19	0	0	0	0	1	0
2	53817560	53817819	1	shCd19	0	0	0	0	1	0
2	53973865	53974137	1	memory	0	0	0	1	0	0
2	54118844	54119178	1	terminal	0	0	1	0	0	0
2	54238506	54238860	1	shCd19	0	0	0	0	1	0
2	54484966	54485356	1	terminal	0	0	1	0	0	0
2	54649643	54649990	1	shRunx3	0	0	0	0	0	1
2	55173706	55173976	1	shCd19	0	0	0	0	1	0
2	55253239	55253671	1	terminal	0	0	1	0	0	0
2	55293867	55294169	1	shRunx3	0	0	0	0	0	1
2	55757624	55758166	1	shRunx3	0	0	0	0	0	1
2	55995829	55996188	1	shRunx3	0	0	0	0	0	1
2	56004454	56004784	1	terminal	0	0	1	0	0	0
2	56412109	56412319	1	shRunx3	0	0	0	0	0	1
2	56673982	56674301	1	late	0	1	0	0	0	0
2	57122036	57122422	1	shRunx3	0	0	0	0	0	1
2	57226056	57226822	1	terminal	0	0	1	0	0	0
2	57237889	57238987	1	shRunx3	0	0	0	0	0	1
2	57249882	57250275	1	shCd19	0	0	0	0	1	0
2	57517496	57517926	1	terminal	0	0	1	0	0	0
2	57535518	57535732	1	shCd19	0	0	0	0	1	0
2	57562416	57562799	1	shCd19	0	0	0	0	1	0
2	57595510	57595862	1	shCd19	0	0	0	0	1	0
2	57666109	57666588	1	memory	0	0	0	1	0	0
2	57716238	57716643	1	memory	0	0	0	1	0	0
2	57776017	57776259	1	memory	0	0	0	1	0	0
2	57779978	57780229	1	terminal	0	0	1	0	0	0
2	58000833	58001285	1	late	0	1	0	0	0	0
2	58157183	58157509	1	shRunx3	0	0	0	0	0	1
2	58270693	58271028	1	memory	0	0	0	1	0	0
2	58310425	58310628	1	shCd19	0	0	0	0	1	0
2	58323120	58323592	1	terminal	0	0	1	0	0	0
2	58478556	58478805	1	terminal	0	0	1	0	0	0
2	58528844	58529086	1	shCd19	0	0	0	0	1	0
2	58827315	58827657	1	shCd19	0	0	0	0	1	0
2	58851150	58851537	1	memory	0	0	0	1	0	0
2	59008722	59008967	1	shCd19	0	0	0	0	1	0
2	59042047	59042683	1	early	1	0	0	0	0	0
2	59160208	59160779	1	shRunx3	0	0	0	0	0	1
2	59161550	59161949	1	terminal	0	0	1	0	0	0
2	59954647	59954892	1	terminal	0	0	1	0	0	0
2	60809605	60809867	1	late	0	1	0	0	0	0
2	60819890	60820350	1	late	0	1	0	0	0	0
2	60992789	60992999	1	shRunx3	0	0	0	0	0	1
2	61306764	61306977	1	shCd19	0	0	0	0	1	0
2	61345401	61345651	1	terminal	0	0	1	0	0	0
2	61549111	61549432	1	memory	0	0	0	1	0	0
2	61875946	61876272	1	terminal	0	0	1	0	0	0
2	61976134	61976386	1	shCd19	0	0	0	0	1	0
2	62479997	62480366	1	late	0	1	0	0	0	0
2	62557337	62557905	1	late	0	1	0	0	0	0
2	62733230	62733507	1	early	1	0	0	0	0	0
2	62766816	62767207	1	shCd19	0	0	0	0	1	0
2	63024454	63024697	1	memory	0	0	0	1	0	0
2	63634715	63635231	1	terminal	0	0	1	0	0	0
2	64010273	64010961	1	shCd19	0	0	0	0	1	0
2	64375772	64376018	1	terminal	0	0	1	0	0	0
2	65270602	65270870	1	shCd19	0	0	0	0	1	0
2	65323919	65324304	1	shRunx3	0	0	0	0	0	1
2	65366389	65366589	1	shCd19	0	0	0	0	1	0
2	65458873	65459174	1	terminal	0	0	1	0	0	0
2	65459494	65459762	1	terminal	0	0	1	0	0	0
2	65583448	65583713	1	shCd19	0	0	0	0	1	0
2	66516902	66517119	1	shCd19	0	0	0	0	1	0
2	67174640	67174912	1	memory	0	0	0	1	0	0
2	67397388	67397607	1	shCd19	0	0	0	0	1	0
2	67921154	67921460	1	shRunx3	0	0	0	0	0	1
2	68040127	68040322	1	shRunx3	0	0	0	0	0	1
2	68382714	68382924	1	shCd19	0	0	0	0	1	0
2	68427394	68427654	1	shRunx3	0	0	0	0	0	1
2	68438819	68439214	1	shRunx3	0	0	0	0	0	1
2	68479007	68479233	1	memory	0	0	0	1	0	0
2	68545184	68545458	1	late	0	1	0	0	0	0
2	68799275	68799611	1	late	0	1	0	0	0	0
2	69037442	69037647	1	shRunx3	0	0	0	0	0	1
2	69041666	69041944	1	memory	0	0	0	1	0	0
2	69050126	69050425	1	terminal	0	0	1	0	0	0
2	69212656	69213046	1	late	0	1	0	0	0	0
2	69254293	69254888	1	late	0	1	0	0	0	0
2	69659340	69659641	1	shCd19	0	0	0	0	1	0
2	69876497	69876710	1	shCd19	0	0	0	0	1	0
2	70372530	70372811	1	memory	0	0	0	1	0	0
2	70427900	70428264	1	shCd19	0	0	0	0	1	0
2	70626491	70626755	1	terminal	0	0	1	0	0	0
2	70835483	70835889	1	shCd19	0	0	0	0	1	0
2	70996502	70996903	1	terminal	0	0	1	0	0	0
2	71139139	71139525	1	early	1	0	0	0	0	0
2	71234992	71235245	1	terminal	0	0	1	0	0	0
2	71442328	71442688	1	terminal	0	0	1	0	0	0
2	71443571	71443850	1	shCd19	0	0	0	0	1	0
2	71645088	71645500	1	late	0	1	0	0	0	0
2	72172744	72173061	1	late	0	1	0	0	0	0
2	72436092	72436537	1	shRunx3	0	0	0	0	0	1
2	73459702	73460056	1	shRunx3	0	0	0	0	0	1
2	73482785	73483003	1	shRunx3	0	0	0	0	0	1
2	73540538	73540801	1	late	0	1	0	0	0	0
2	73682732	73683154	1	shRunx3	0	0	0	0	0	1
2	73711646	73711989	1	late	0	1	0	0	0	0
2	73768064	73768348	1	early	1	0	0	0	0	0
2	73790183	73790612	1	late	0	1	0	0	0	0
2	73845019	73845353	1	memory	0	0	0	1	0	0
2	73948373	73948687	1	terminal	0	0	1	0	0	0
2	73954586	73954908	1	shCd19	0	0	0	0	1	0
2	75699371	75699741	1	early	1	0	0	0	0	0
2	76353993	76354264	1	shCd19	0	0	0	0	1	0
2	76374154	76374349	1	shRunx3	0	0	0	0	0	1
2	76689633	76689885	1	terminal	0	0	1	0	0	0
2	76740904	76741243	1	shRunx3	0	0	0	0	0	1
2	76745257	76745509	1	memory	0	0	0	1	0	0
2	76842269	76842481	1	shCd19	0	0	0	0	1	0
2	77052649	77052910	1	terminal	0	0	1	0	0	0
2	77103271	77103509	1	shRunx3	0	0	0	0	0	1
2	77514193	77514740	1	terminal	0	0	1	0	0	0
2	78138001	78138393	1	shCd19	0	0	0	0	1	0
2	78453730	78454014	1	shCd19	0	0	0	0	1	0
2	79492483	79492715	1	terminal	0	0	1	0	0	0
2	79914330	79914733	1	terminal	0	0	1	0	0	0
2	80195915	80196178	1	memory	0	0	0	1	0	0
2	80264756	80265128	1	shCd19	0	0	0	0	1	0
2	80300701	80300982	1	early	1	0	0	0	0	0
2	80315211	80315569	1	late	0	1	0	0	0	0
2	80513666	80514193	1	terminal	0	0	1	0	0	0
2	80551748	80552035	1	terminal	0	0	1	0	0	0
2	80733936	80734162	1	shCd19	0	0	0	0	1	0
2	80784352	80784659	1	shRunx3	0	0	0	0	0	1
2	81402569	81403178	1	late	0	1	0	0	0	0
2	81601932	81602198	1	shCd19	0	0	0	0	1	0
2	81848823	81849325	1	shCd19	0	0	0	0	1	0
2	82246118	82246377	1	terminal	0	0	1	0	0	0
2	82310236	82310766	1	late	0	1	0	0	0	0
2	82574179	82574431	1	shCd19	0	0	0	0	1	0
2	82622020	82622334	1	early	1	0	0	0	0	0
2	82861135	82861419	1	late	0	1	0	0	0	0
2	83392578	83393015	1	memory	0	0	0	1	0	0
2	83675720	83676300	1	shCd19	0	0	0	0	1	0
2	84118657	84118873	1	shCd19	0	0	0	0	1	0
2	84337022	84337239	1	shCd19	0	0	0	0	1	0
2	84715386	84715866	1	shRunx3	0	0	0	0	0	1
2	84717578	84717888	1	memory	0	0	0	1	0	0
2	84804203	84804477	1	terminal	0	0	1	0	0	0
2	84897152	84897383	1	terminal	0	0	1	0	0	0
2	85013904	85014299	1	shCd19	0	0	0	0	1	0
2	85165942	85166235	1	early	1	0	0	0	0	0
2	85279946	85280184	1	shRunx3	0	0	0	0	0	1
2	85543448	85543783	1	memory	0	0	0	1	0	0
2	85679207	85679461	1	terminal	0	0	1	0	0	0
2	86005231	86005431	1	shCd19	0	0	0	0	1	0
2	86053171	86053395	1	shCd19	0	0	0	0	1	0
2	86474677	86474915	1	memory	0	0	0	1	0	0
2	86710156	86710388	1	terminal	0	0	1	0	0	0
2	86878369	86879004	1	terminal	0	0	1	0	0	0
2	86901745	86902010	1	terminal	0	0	1	0	0	0
2	87226752	87227080	1	shCd19	0	0	0	0	1	0
2	87613992	87614278	1	early	1	0	0	0	0	0
2	88001960	88002305	1	terminal	0	0	1	0	0	0
2	88048609	88048939	1	late	0	1	0	0	0	0
2	88072910	88073172	1	shRunx3	0	0	0	0	0	1
2	88126091	88126646	1	shCd19	0	0	0	0	1	0
2	88129583	88129818	1	shRunx3	0	0	0	0	0	1
2	88727769	88728104	1	terminal	0	0	1	0	0	0
2	89134176	89134472	1	shCd19	0	0	0	0	1	0
2	89168221	89168486	1	memory	0	0	0	1	0	0
2	89520902	89521246	1	shCd19	0	0	0	0	1	0
2	89635538	89635893	1	shCd19	0	0	0	0	1	0
2	89949518	89949933	1	terminal	0	0	1	0	0	0
2	90021780	90022241	1	shCd19	0	0	0	0	1	0
2	90417198	90417469	1	shCd19	0	0	0	0	1	0
2	90547219	90547561	1	shCd19	0	0	0	0	1	0
2	90561862	90562105	1	memory	0	0	0	1	0	0
2	90693313	90693739	1	shCd19	0	0	0	0	1	0
2	90875482	90875751	1	terminal	0	0	1	0	0	0
2	90966050	90966365	1	shRunx3	0	0	0	0	0	1
2	90989084	90989834	1	early	1	0	0	0	0	0
2	91227425	91227675	1	shCd19	0	0	0	0	1	0
2	91321602	91321928	1	shRunx3	0	0	0	0	0	1
2	91401507	91401709	1	shCd19	0	0	0	0	1	0
2	91526465	91526973	1	shRunx3	0	0	0	0	0	1
2	91590749	91590995	1	shRunx3	0	0	0	0	0	1
2	91710580	91710791	1	shCd19	0	0	0	0	1	0
2	91930525	91930858	1	terminal	0	0	1	0	0	0
2	91936934	91937268	1	shRunx3	0	0	0	0	0	1
2	92389829	92390209	1	late	0	1	0	0	0	0
2	92448719	92449203	1	shRunx3	0	0	0	0	0	1
2	92459502	92459533	1	shRunx3	0	0	0	0	0	1
2	92459533	92459717	2	shCd19,shRunx3	0	0	0	0	1	1
2	92459717	92459728	1	shCd19	0	0	0	0	1	0
2	92546408	92547012	1	terminal	0	0	1	0	0	0
2	92869485	92869851	1	terminal	0	0	1	0	0	0
2	93010991	93011012	1	shCd19	0	0	0	0	1	0
2	93011012	93011313	2	terminal,shCd19	0	0	1	0	1	0
2	93011313	93011487	1	terminal	0	0	1	0	0	0
2	93166325	93166639	1	shCd19	0	0	0	0	1	0
2	93187362	93187658	1	shCd19	0	0	0	0	1	0
2	93263772	93264128	1	terminal	0	0	1	0	0	0
2	93317215	93317416	1	shCd19	0	0	0	0	1	0
2	93410620	93410876	1	shCd19	0	0	0	0	1	0
2	93457954	93458247	1	shCd19	0	0	0	0	1	0
2	93459410	93459872	1	shCd19	0	0	0	0	1	0
2	93469831	93470117	1	memory	0	0	0	1	0	0
2	93511170	93511646	1	memory	0	0	0	1	0	0
2	93548123	93548395	1	early	1	0	0	0	0	0
2	94004936	94005280	1	shRunx3	0	0	0	0	0	1
2	94049268	94049503	1	terminal	0	0	1	0	0	0
2	94051364	94051690	1	shCd19	0	0	0	0	1	0
2	94069395	94069732	1	late	0	1	0	0	0	0
2	94239696	94240044	1	memory	0	0	0	1	0	0
2	94369390	94369623	1	shCd19	0	0	0	0	1	0
2	94724839	94725104	1	memory	0	0	0	1	0	0
2	94766134	94766442	1	memory	0	0	0	1	0	0
2	94960191	94960519	1	terminal	0	0	1	0	0	0
2	95326673	95326898	1	shRunx3	0	0	0	0	0	1
2	95501186	95501518	1	terminal	0	0	1	0	0	0
2	95723993	95724204	1	shCd19	0	0	0	0	1	0
2	95789080	95789371	1	terminal	0	0	1	0	0	0
2	96496270	96496721	1	shRunx3	0	0	0	0	0	1
2	96631419	96631670	1	terminal	0	0	1	0	0	0
2	97124653	97124861	1	shCd19	0	0	0	0	1	0
2	97389555	97389822	1	late	0	1	0	0	0	0
2	97412077	97412385	1	shCd19	0	0	0	0	1	0
2	97439326	97439725	1	late	0	1	0	0	0	0
2	97579720	97579974	1	terminal	0	0	1	0	0	0
2	97981931	97982340	1	terminal	0	0	1	0	0	0
2	98165662	98165980	1	terminal	0	0	1	0	0	0
2	98352863	98353168	1	early	1	0	0	0	0	0
2	98941618	98942113	1	memory	0	0	0	1	0	0
2	99268660	99269074	1	shRunx3	0	0	0	0	0	1
2	99554762	99555085	1	shRunx3	0	0	0	0	0	1
2	99727884	99728192	1	shRunx3	0	0	0	0	0	1
2	100096328	100096700	1	shRunx3	0	0	0	0	0	1
2	100134173	100134411	1	shCd19	0	0	0	0	1	0
2	100199540	100199768	1	memory	0	0	0	1	0	0
2	100301038	100301454	1	shCd19	0	0	0	0	1	0
2	100306465	100306739	1	shRunx3	0	0	0	0	0	1
2	100785212	100785775	1	late	0	1	0	0	0	0
2	100944643	100944925	1	shCd19	0	0	0	0	1	0
2	100957135	100957535	1	late	0	1	0	0	0	0
2	101179825	101180150	1	shCd19	0	0	0	0	1	0
2	101695573	101695780	1	shRunx3	0	0	0	0	0	1
2	101756249	101756545	1	shRunx3	0	0	0	0	0	1
2	101876799	101877075	1	memory	0	0	0	1	0	0
2	102004437	102004912	1	early	1	0	0	0	0	0
2	102498154	102498874	1	terminal	0	0	1	0	0	0
2	102656008	102656240	1	shRunx3	0	0	0	0	0	1
2	102911100	102911305	1	shCd19	0	0	0	0	1	0
2	102913181	102913508	1	late	0	1	0	0	0	0
2	102948045	102948264	1	shCd19	0	0	0	0	1	0
2	102948264	102948620	2	shCd19,shRunx3	0	0	0	0	1	1
2	102948620	102948648	1	shCd19	0	0	0	0	1	0
2	103176241	103176506	1	terminal	0	0	1	0	0	0
2	103321876	103322460	1	memory	0	0	0	1	0	0
2	103402027	103402354	1	early	1	0	0	0	0	0
2	103461271	103461660	1	memory	0	0	0	1	0	0
2	103500075	103500414	1	memory	0	0	0	1	0	0
2	103505981	103506268	1	late	0	1	0	0	0	0
2	103606653	103607035	1	memory	0	0	0	1	0	0
2	103657710	103657941	1	shCd19	0	0	0	0	1	0
2	103797426	103798256	1	shRunx3	0	0	0	0	0	1
2	103986692	103986892	1	shCd19	0	0	0	0	1	0
2	104000845	104001065	1	shCd19	0	0	0	0	1	0
2	104172565	104173144	1	shRunx3	0	0	0	0	0	1
2	104192895	104193154	1	memory	0	0	0	1	0	0
2	104230421	104230766	1	shRunx3	0	0	0	0	0	1
2	104241583	104241840	1	memory	0	0	0	1	0	0
2	104305527	104305836	1	terminal	0	0	1	0	0	0
2	104340589	104341068	1	terminal	0	0	1	0	0	0
2	104747713	104748068	1	terminal	0	0	1	0	0	0
2	104848675	104848942	1	shRunx3	0	0	0	0	0	1
2	105072861	105073465	1	shCd19	0	0	0	0	1	0
2	105164975	105165448	1	early	1	0	0	0	0	0
2	105192894	105193110	1	shRunx3	0	0	0	0	0	1
2	105809341	105809628	1	terminal	0	0	1	0	0	0
2	106470506	106470835	1	memory	0	0	0	1	0	0
2	106507689	106508008	1	shCd19	0	0	0	0	1	0
2	106547263	106547671	1	shCd19	0	0	0	0	1	0
2	106576079	106576326	1	shCd19	0	0	0	0	1	0
2	106608977	106609221	1	terminal	0	0	1	0	0	0
2	106959253	106959448	1	shCd19	0	0	0	0	1	0
2	107007551	107007893	1	early	1	0	0	0	0	0
2	107054922	107055113	1	shRunx3	0	0	0	0	0	1
2	107217545	107217924	1	terminal	0	0	1	0	0	0
2	107241866	107242325	1	terminal	0	0	1	0	0	0
2	107753369	107753836	1	late	0	1	0	0	0	0
2	108079400	108079893	1	late	0	1	0	0	0	0
2	108212494	108212770	1	memory	0	0	0	1	0	0
2	108860118	108860489	1	late	0	1	0	0	0	0
2	109445070	109445268	1	shRunx3	0	0	0	0	0	1
2	109638804	109639292	1	terminal	0	0	1	0	0	0
2	109672819	109673048	1	shCd19	0	0	0	0	1	0
2	110305215	110305480	1	terminal	0	0	1	0	0	0
2	110490903	110491226	1	terminal	0	0	1	0	0	0
2	110842455	110842783	1	shRunx3	0	0	0	0	0	1
2	111559414	111559824	1	terminal	0	0	1	0	0	0
2	111768467	111768854	1	shCd19	0	0	0	0	1	0
2	112134754	112134963	1	shCd19	0	0	0	0	1	0
2	112247924	112248291	1	shCd19	0	0	0	0	1	0
2	112262578	112262813	1	terminal	0	0	1	0	0	0
2	112407183	112407385	1	shCd19	0	0	0	0	1	0
2	112673396	112673729	1	early	1	0	0	0	0	0
2	113190644	113191019	1	early	1	0	0	0	0	0
2	113263837	113264037	1	shRunx3	0	0	0	0	0	1
2	113305410	113305654	1	memory	0	0	0	1	0	0
2	113887495	113887873	1	early	1	0	0	0	0	0
2	113903093	113903628	1	terminal	0	0	1	0	0	0
2	113979010	113979474	1	memory	0	0	0	1	0	0
2	114018097	114018670	1	early	1	0	0	0	0	0
2	114144812	114144826	1	shRunx3	0	0	0	0	0	1
2	114144826	114145100	2	terminal,shRunx3	0	0	1	0	0	1
2	114145100	114145379	3	terminal,shCd19,shRunx3	0	0	1	0	1	1
2	114145379	114145412	2	terminal,shRunx3	0	0	1	0	0	1
2	114145412	114145671	1	shRunx3	0	0	0	0	0	1
2	114671321	114671578	1	terminal	0	0	1	0	0	0
2	114878712	114878953	1	memory	0	0	0	1	0	0
2	114893329	114893967	1	early	1	0	0	0	0	0
2	114938627	114939029	1	late	0	1	0	0	0	0
2	115083530	115083826	1	terminal	0	0	1	0	0	0
2	115094470	115094884	1	memory	0	0	0	1	0	0
2	115475503	115475808	1	shRunx3	0	0	0	0	0	1
2	115537533	115537990	1	shCd19	0	0	0	0	1	0
2	115637548	115637825	1	memory	0	0	0	1	0	0
2	115665821	115666083	1	shRunx3	0	0	0	0	0	1
2	115755695	115756460	1	terminal	0	0	1	0	0	0
2	115861033	115861353	1	terminal	0	0	1	0	0	0
2	115871395	115871752	1	shCd19	0	0	0	0	1	0
2	116038745	116038978	1	terminal	0	0	1	0	0	0
2	116655954	116656249	1	shCd19	0	0	0	0	1	0
2	116697195	116697542	1	shCd19	0	0	0	0	1	0
2	116946025	116946544	1	shRunx3	0	0	0	0	0	1
2	117157713	117158007	1	terminal	0	0	1	0	0	0
2	117409904	117410174	1	shRunx3	0	0	0	0	0	1
2	117432856	117432910	1	shCd19	0	0	0	0	1	0
2	117432910	117433099	2	shCd19,shRunx3	0	0	0	0	1	1
2	117433099	117433542	1	shRunx3	0	0	0	0	0	1
2	117435771	117436187	1	terminal	0	0	1	0	0	0
2	117945621	117945882	1	shRunx3	0	0	0	0	0	1
2	117981651	117981946	1	shCd19	0	0	0	0	1	0
2	118388558	118389023	1	shCd19	0	0	0	0	1	0
2	118405844	118406352	1	memory	0	0	0	1	0	0
2	118473512	118473717	1	shRunx3	0	0	0	0	0	1
2	118672792	118673033	1	memory	0	0	0	1	0	0
2	119098612	119098885	1	memory	0	0	0	1	0	0
2	119343764	119343976	1	shRunx3	0	0	0	0	0	1
2	119350060	119350324	1	memory	0	0	0	1	0	0
2	119394408	119394851	1	terminal	0	0	1	0	0	0
2	119424714	119424950	1	shCd19	0	0	0	0	1	0
2	119430562	119430827	1	shRunx3	0	0	0	0	0	1
2	119455701	119456110	1	shCd19	0	0	0	0	1	0
2	119478049	119478285	1	shCd19	0	0	0	0	1	0
2	119547350	119547639	1	late	0	1	0	0	0	0
2	119738168	119738457	1	terminal	0	0	1	0	0	0
2	119846742	119847097	1	late	0	1	0	0	0	0
2	120125739	120126034	1	memory	0	0	0	1	0	0
2	120154474	120154780	1	shCd19	0	0	0	0	1	0
2	120204321	120204555	1	shRunx3	0	0	0	0	0	1
2	120294047	120294255	1	shCd19	0	0	0	0	1	0
2	120524016	120524243	1	terminal	0	0	1	0	0	0
2	120651715	120652105	1	terminal	0	0	1	0	0	0
2	121533547	121533961	1	shRunx3	0	0	0	0	0	1
2	121624340	121624690	1	terminal	0	0	1	0	0	0
2	122241563	122241969	1	late	0	1	0	0	0	0
2	122377579	122377780	1	shRunx3	0	0	0	0	0	1
2	122427117	122427486	1	terminal	0	0	1	0	0	0
2	122450111	122450442	1	late	0	1	0	0	0	0
2	122590814	122591017	1	shRunx3	0	0	0	0	0	1
2	122633760	122634084	1	shRunx3	0	0	0	0	0	1
2	122783457	122783957	1	terminal	0	0	1	0	0	0
2	122885874	122886199	1	shCd19	0	0	0	0	1	0
2	122908232	122908479	1	terminal	0	0	1	0	0	0
2	122946963	122947258	1	memory	0	0	0	1	0	0
2	123061887	123062750	1	shRunx3	0	0	0	0	0	1
2	123479073	123479291	1	shRunx3	0	0	0	0	0	1
2	123547491	123547693	1	shCd19	0	0	0	0	1	0
2	123556454	123556879	1	terminal	0	0	1	0	0	0
2	123573048	123573288	1	memory	0	0	0	1	0	0
2	123638512	123638784	1	shRunx3	0	0	0	0	0	1
2	124281656	124281977	1	terminal	0	0	1	0	0	0
2	124303839	124304044	1	shCd19	0	0	0	0	1	0
2	124379753	124380079	1	shCd19	0	0	0	0	1	0
2	125341687	125341942	1	memory	0	0	0	1	0	0
2	125359869	125360255	1	memory	0	0	0	1	0	0
2	125426481	125426718	1	shRunx3	0	0	0	0	0	1
2	125449485	125449869	1	shRunx3	0	0	0	0	0	1
2	125459611	125459893	1	terminal	0	0	1	0	0	0
2	125548720	125549014	1	shRunx3	0	0	0	0	0	1
2	125624378	125624664	1	terminal	0	0	1	0	0	0
2	125665002	125665202	1	shRunx3	0	0	0	0	0	1
2	125671237	125671535	1	early	1	0	0	0	0	0
2	125686850	125687147	1	terminal	0	0	1	0	0	0
2	125897696	125898035	1	memory	0	0	0	1	0	0
2	126133810	126134061	1	shCd19	0	0	0	0	1	0
2	126384711	126385466	1	shRunx3	0	0	0	0	0	1
2	126529633	126529995	1	shCd19	0	0	0	0	1	0
2	126562554	126563291	1	memory	0	0	0	1	0	0
2	126612743	126613101	1	early	1	0	0	0	0	0
2	126668433	126668915	1	memory	0	0	0	1	0	0
2	126736981	126737201	1	shCd19	0	0	0	0	1	0
2	126838742	126838959	1	shCd19	0	0	0	0	1	0
2	126846330	126846635	1	shCd19	0	0	0	0	1	0
2	126927479	126927710	1	shCd19	0	0	0	0	1	0
2	127137224	127137457	1	memory	0	0	0	1	0	0
2	127269874	127270249	1	shCd19	0	0	0	0	1	0
2	127386574	127386872	1	terminal	0	0	1	0	0	0
2	127640829	127641052	1	shRunx3	0	0	0	0	0	1
2	128022892	128023225	1	terminal	0	0	1	0	0	0
2	128073163	128073416	1	terminal	0	0	1	0	0	0
2	128126070	128126266	1	shCd19	0	0	0	0	1	0
2	128152931	128153440	1	shRunx3	0	0	0	0	0	1
2	128234881	128235113	1	shCd19	0	0	0	0	1	0
2	128235310	128235807	1	memory	0	0	0	1	0	0
2	128286095	128286366	1	shCd19	0	0	0	0	1	0
2	128367442	128367985	1	shRunx3	0	0	0	0	0	1
2	128499541	128500168	1	shRunx3	0	0	0	0	0	1
2	128547089	128547284	1	shCd19	0	0	0	0	1	0
2	128683412	128683933	1	terminal	0	0	1	0	0	0
2	129065347	129065750	1	terminal	0	0	1	0	0	0
2	129131475	129131896	1	terminal	0	0	1	0	0	0
2	129180131	129180504	1	shRunx3	0	0	0	0	0	1
2	129312899	129313179	1	memory	0	0	0	1	0	0
2	129332354	129332591	1	terminal	0	0	1	0	0	0
2	129467532	129467947	1	late	0	1	0	0	0	0
2	129747553	129747756	1	shRunx3	0	0	0	0	0	1
2	130119595	130119877	1	late	0	1	0	0	0	0
2	130259395	130259673	1	shCd19	0	0	0	0	1	0
2	130441482	130441748	1	memory	0	0	0	1	0	0
2	130489835	130490363	1	shCd19	0	0	0	0	1	0
2	130550799	130551118	1	memory	0	0	0	1	0	0
2	130631688	130631929	1	terminal	0	0	1	0	0	0
2	130635462	130635716	1	early	1	0	0	0	0	0
2	130664267	130664553	1	shCd19	0	0	0	0	1	0
2	130701355	130701748	1	late	0	1	0	0	0	0
2	130928926	130929223	1	shCd19	0	0	0	0	1	0
2	131084140	131084484	1	late	0	1	0	0	0	0
2	131340051	131340457	1	shRunx3	0	0	0	0	0	1
2	131576536	131576860	1	shCd19	0	0	0	0	1	0
2	131886221	131886587	1	terminal	0	0	1	0	0	0
2	132104980	132105210	1	memory	0	0	0	1	0	0
2	132153679	132154036	1	shCd19	0	0	0	0	1	0
2	132213301	132213652	1	shCd19	0	0	0	0	1	0
2	132253610	132253906	1	late	0	1	0	0	0	0
2	132338864	132339458	1	terminal	0	0	1	0	0	0
2	132432019	132432356	1	shCd19	0	0	0	0	1	0
2	132818071	132818305	1	memory	0	0	0	1	0	0
2	132967539	132967823	1	terminal	0	0	1	0	0	0
2	133147889	133148258	1	terminal	0	0	1	0	0	0
2	133787735	133788021	1	terminal	0	0	1	0	0	0
2	133929341	133929635	1	memory	0	0	0	1	0	0
2	134180374	134180762	1	shRunx3	0	0	0	0	0	1
2	134342727	134343139	1	shCd19	0	0	0	0	1	0
2	134474099	134474324	1	shRunx3	0	0	0	0	0	1
2	134585998	134586287	1	terminal	0	0	1	0	0	0
2	134691449	134691833	1	terminal	0	0	1	0	0	0
2	134855048	134855316	1	memory	0	0	0	1	0	0
2	135605812	135606083	1	memory	0	0	0	1	0	0
2	135715539	135715994	1	terminal	0	0	1	0	0	0
2	135801456	135801915	1	terminal	0	0	1	0	0	0
2	135817159	135817280	1	shCd19	0	0	0	0	1	0
2	135817280	135817364	2	shCd19,shRunx3	0	0	0	0	1	1
2	135817364	135817535	1	shRunx3	0	0	0	0	0	1
2	135836730	135837049	1	terminal	0	0	1	0	0	0
2	136066036	136066277	1	memory	0	0	0	1	0	0
2	136342197	136342528	1	memory	0	0	0	1	0	0
2	136531024	136531495	1	shRunx3	0	0	0	0	0	1
2	136742802	136743230	1	terminal	0	0	1	0	0	0
2	136879457	136879849	1	terminal	0	0	1	0	0	0
2	137205361	137206010	1	early	1	0	0	0	0	0
2	137550423	137550641	1	shCd19	0	0	0	0	1	0
2	137907831	137908273	1	shCd19	0	0	0	0	1	0
2	138363158	138363424	1	shRunx3	0	0	0	0	0	1
2	138723697	138724053	1	early	1	0	0	0	0	0
2	138952434	138952661	1	memory	0	0	0	1	0	0
2	139409759	139410001	1	shRunx3	0	0	0	0	0	1
2	139427484	139427973	1	terminal	0	0	1	0	0	0
2	139637924	139638174	1	shRunx3	0	0	0	0	0	1
2	139990069	139990303	1	memory	0	0	0	1	0	0
2	140042341	140042946	1	shRunx3	0	0	0	0	0	1
2	140404536	140404957	1	memory	0	0	0	1	0	0
2	140509554	140509837	1	early	1	0	0	0	0	0
2	140697451	140697690	1	memory	0	0	0	1	0	0
2	140938925	140939294	1	terminal	0	0	1	0	0	0
2	140972622	140972981	1	shCd19	0	0	0	0	1	0
2	141020310	141020717	1	late	0	1	0	0	0	0
2	141203171	141203487	1	terminal	0	0	1	0	0	0
2	141260362	141260700	1	shCd19	0	0	0	0	1	0
2	141875729	141876094	1	terminal	0	0	1	0	0	0
2	141984449	141984735	1	early	1	0	0	0	0	0
2	142784146	142784573	1	shRunx3	0	0	0	0	0	1
2	142966264	142966509	1	shCd19	0	0	0	0	1	0
2	143178732	143179384	1	shRunx3	0	0	0	0	0	1
2	143185779	143186057	1	shRunx3	0	0	0	0	0	1
2	143332730	143333163	1	shRunx3	0	0	0	0	0	1
2	144167413	144167637	1	shRunx3	0	0	0	0	0	1
2	144292819	144293129	1	terminal	0	0	1	0	0	0
2	144368732	144369280	1	terminal	0	0	1	0	0	0
2	144424029	144424375	1	memory	0	0	0	1	0	0
2	144642131	144642383	1	memory	0	0	0	1	0	0
2	144997122	144997372	1	memory	0	0	0	1	0	0
2	145389323	145389579	1	early	1	0	0	0	0	0
2	145429552	145429965	1	early	1	0	0	0	0	0
2	145471521	145471752	1	terminal	0	0	1	0	0	0
2	145811467	145812087	1	memory	0	0	0	1	0	0
2	146202693	146203163	1	terminal	0	0	1	0	0	0
2	146315483	146315714	1	terminal	0	0	1	0	0	0
2	147214839	147215242	1	terminal	0	0	1	0	0	0
2	147235112	147235618	1	memory	0	0	0	1	0	0
2	147567041	147567321	1	late	0	1	0	0	0	0
2	147633422	147633783	1	late	0	1	0	0	0	0
2	147966318	147966669	1	terminal	0	0	1	0	0	0
2	148045164	148045404	1	memory	0	0	0	1	0	0
2	148181168	148181375	1	shRunx3	0	0	0	0	0	1
2	148368254	148368635	1	terminal	0	0	1	0	0	0
2	148672553	148673021	1	terminal	0	0	1	0	0	0
2	148716086	148716318	1	memory	0	0	0	1	0	0
2	149091523	149091872	1	shCd19	0	0	0	0	1	0
2	149548295	149548906	1	shRunx3	0	0	0	0	0	1
2	149693005	149693301	1	early	1	0	0	0	0	0
2	149700333	149700606	1	terminal	0	0	1	0	0	0
2	149729258	149729800	1	shRunx3	0	0	0	0	0	1
2	149955075	149955426	1	late	0	1	0	0	0	0
2	150053079	150053418	1	shCd19	0	0	0	0	1	0
2	150604957	150605271	1	terminal	0	0	1	0	0	0
2	150610726	150611002	1	terminal	0	0	1	0	0	0
2	151718900	151719099	1	shCd19	0	0	0	0	1	0
2	152077710	152078057	1	shCd19	0	0	0	0	1	0
2	152109268	152109603	1	terminal	0	0	1	0	0	0
2	152377243	152377688	1	memory	0	0	0	1	0	0
2	152526614	152527221	1	shCd19	0	0	0	0	1	0
2	152557929	152558232	1	terminal	0	0	1	0	0	0
2	152671161	152671822	1	shCd19	0	0	0	0	1	0
2	152847790	152848195	1	shCd19	0	0	0	0	1	0
2	153161061	153161225	1	shRunx3	0	0	0	0	0	1
2	153161225	153161493	2	shCd19,shRunx3	0	0	0	0	1	1
2	153161493	153161509	1	shRunx3	0	0	0	0	0	1
2	153590174	153590383	1	shCd19	0	0	0	0	1	0
2	153700579	153701214	1	terminal	0	0	1	0	0	0
2	153760791	153761315	1	shRunx3	0	0	0	0	0	1
2	153846743	153847046	1	early	1	0	0	0	0	0
2	154211146	154211614	1	terminal	0	0	1	0	0	0
2	154221398	154221673	1	memory	0	0	0	1	0	0
2	154337200	154337732	1	early	1	0	0	0	0	0
2	154363024	154363265	1	early	1	0	0	0	0	0
2	155184716	155184997	1	early	1	0	0	0	0	0
2	155381855	155382137	1	shCd19	0	0	0	0	1	0
2	155445534	155445894	1	terminal	0	0	1	0	0	0
2	155517694	155517852	1	shRunx3	0	0	0	0	0	1
2	155517852	155517910	2	shCd19,shRunx3	0	0	0	0	1	1
2	155517910	155518245	1	shCd19	0	0	0	0	1	0
2	155562238	155562546	1	shRunx3	0	0	0	0	0	1
2	155647317	155647546	1	terminal	0	0	1	0	0	0
2	155968170	155968483	1	memory	0	0	0	1	0	0
2	155979530	155979770	1	shRunx3	0	0	0	0	0	1
2	156383283	156383708	1	late	0	1	0	0	0	0
2	156385473	156386167	1	terminal	0	0	1	0	0	0
2	156651642	156652010	1	shCd19	0	0	0	0	1	0
2	156827141	156827509	1	shCd19	0	0	0	0	1	0
2	156892615	156892865	1	shRunx3	0	0	0	0	0	1
2	157064514	157064862	1	memory	0	0	0	1	0	0
2	157278953	157279260	1	shCd19	0	0	0	0	1	0
2	157562192	157562440	1	shRunx3	0	0	0	0	0	1
2	157786754	157787089	1	early	1	0	0	0	0	0
2	158072432	158072719	1	shRunx3	0	0	0	0	0	1
2	158125296	158125526	1	shCd19	0	0	0	0	1	0
2	158134495	158134895	1	shCd19	0	0	0	0	1	0
2	158157166	158157429	1	early	1	0	0	0	0	0
2	158338480	158338719	1	shRunx3	0	0	0	0	0	1
2	158425390	158425970	1	shCd19	0	0	0	0	1	0
2	158599354	158599928	1	late	0	1	0	0	0	0
2	158687313	158687624	1	terminal	0	0	1	0	0	0
2	158717993	158718198	1	shCd19	0	0	0	0	1	0
2	158718996	158719027	1	shRunx3	0	0	0	0	0	1
2	158719027	158719738	2	shCd19,shRunx3	0	0	0	0	1	1
2	158723915	158724133	1	shCd19	0	0	0	0	1	0
2	158819493	158819687	1	shRunx3	0	0	0	0	0	1
2	158868172	158868413	1	terminal	0	0	1	0	0	0
2	159836894	159837512	1	terminal	0	0	1	0	0	0
2	159843992	159844221	1	memory	0	0	0	1	0	0
2	159941160	159941497	1	early	1	0	0	0	0	0
2	160071002	160071290	1	shRunx3	0	0	0	0	0	1
2	160113017	160113400	1	shCd19	0	0	0	0	1	0
2	160487207	160487512	1	terminal	0	0	1	0	0	0
2	160671635	160672006	1	terminal	0	0	1	0	0	0
2	160825572	160825914	1	early	1	0	0	0	0	0
2	160840507	160840763	1	shRunx3	0	0	0	0	0	1
2	161355802	161355922	1	early	1	0	0	0	0	0
2	161355922	161356135	2	early,shRunx3	1	0	0	0	0	1
2	161356135	161356347	1	early	1	0	0	0	0	0
2	161463733	161463972	1	memory	0	0	0	1	0	0
2	161868942	161869252	1	terminal	0	0	1	0	0	0
2	161930125	161930380	1	terminal	0	0	1	0	0	0
2	161943007	161943735	1	terminal	0	0	1	0	0	0
2	162087327	162087632	1	memory	0	0	0	1	0	0
2	162227986	162228805	1	terminal	0	0	1	0	0	0
2	162558103	162558343	1	terminal	0	0	1	0	0	0
2	162807879	162808221	1	shCd19	0	0	0	0	1	0
2	162815741	162816298	1	late	0	1	0	0	0	0
2	162972943	162973172	1	terminal	0	0	1	0	0	0
2	163099675	163100055	1	shRunx3	0	0	0	0	0	1
2	163129567	163129804	1	terminal	0	0	1	0	0	0
2	163228844	163229379	1	shCd19	0	0	0	0	1	0
2	163998467	163998785	1	shRunx3	0	0	0	0	0	1
2	164083851	164084464	1	shRunx3	0	0	0	0	0	1
2	164520567	164520965	1	shRunx3	0	0	0	0	0	1
2	164521551	164521929	1	shCd19	0	0	0	0	1	0
2	164521929	164522204	2	shCd19,shRunx3	0	0	0	0	1	1
2	164522204	164522463	1	shCd19	0	0	0	0	1	0
2	164665837	164666053	1	shCd19	0	0	0	0	1	0
2	164750817	164751065	1	terminal	0	0	1	0	0	0
2	164769665	164769970	1	shCd19	0	0	0	0	1	0
2	164937615	164937969	1	terminal	0	0	1	0	0	0
2	165101112	165101705	1	shCd19	0	0	0	0	1	0
2	165397596	165398053	1	shRunx3	0	0	0	0	0	1
2	165654917	165655188	1	shRunx3	0	0	0	0	0	1
2	166145768	166146166	1	shCd19	0	0	0	0	1	0
2	166210664	166210872	1	shCd19	0	0	0	0	1	0
2	166300579	166300968	1	late	0	1	0	0	0	0
2	166333456	166333683	1	terminal	0	0	1	0	0	0
2	166480900	166481166	1	shCd19	0	0	0	0	1	0
2	166605804	166606119	1	shCd19	0	0	0	0	1	0
2	166625330	166625657	1	shCd19	0	0	0	0	1	0
2	166650584	166650961	1	shRunx3	0	0	0	0	0	1
2	166708376	166708743	1	shRunx3	0	0	0	0	0	1
2	166712849	166713241	1	terminal	0	0	1	0	0	0
2	167135806	167136327	1	shCd19	0	0	0	0	1	0
2	167184050	167184297	1	terminal	0	0	1	0	0	0
2	167213338	167213799	1	shCd19	0	0	0	0	1	0
2	167349331	167349672	1	shCd19	0	0	0	0	1	0
2	167363315	167363591	1	shRunx3	0	0	0	0	0	1
2	167453707	167454020	1	shCd19	0	0	0	0	1	0
2	167549377	167549747	1	shCd19	0	0	0	0	1	0
2	167816990	167817313	1	shCd19	0	0	0	0	1	0
2	167834174	167834374	1	shCd19	0	0	0	0	1	0
2	167942980	167943463	1	shCd19	0	0	0	0	1	0
2	167961498	167961820	1	terminal	0	0	1	0	0	0
2	167996903	167997133	1	shRunx3	0	0	0	0	0	1
2	168591155	168591446	1	shCd19	0	0	0	0	1	0
2	168743982	168744243	1	late	0	1	0	0	0	0
2	168811619	168811810	1	shRunx3	0	0	0	0	0	1
2	169152397	169152864	1	terminal	0	0	1	0	0	0
2	169403669	169403995	1	shRunx3	0	0	0	0	0	1
2	169509572	169509906	1	terminal	0	0	1	0	0	0
2	169765146	169765356	1	shCd19	0	0	0	0	1	0
2	169862402	169862647	1	memory	0	0	0	1	0	0
2	170498082	170498303	1	shCd19	0	0	0	0	1	0
2	170626995	170627275	1	early	1	0	0	0	0	0
2	171240191	171240386	1	shCd19	0	0	0	0	1	0
2	171316065	171316376	1	memory	0	0	0	1	0	0
2	171619729	171619934	1	shRunx3	0	0	0	0	0	1
2	171675569	171675927	1	terminal	0	0	1	0	0	0
2	171771384	171771715	1	shRunx3	0	0	0	0	0	1
2	171872766	171873037	1	memory	0	0	0	1	0	0
2	172285292	172285544	1	memory	0	0	0	1	0	0
2	172435014	172435280	1	terminal	0	0	1	0	0	0
2	172584374	172584594	1	shRunx3	0	0	0	0	0	1
2	172614038	172614228	1	shRunx3	0	0	0	0	0	1
2	172846951	172847190	1	shCd19	0	0	0	0	1	0
2	173228588	173228898	1	shCd19	0	0	0	0	1	0
2	173508909	173509230	1	shRunx3	0	0	0	0	0	1
2	173685476	173685853	1	terminal	0	0	1	0	0	0
2	174402021	174402327	1	shRunx3	0	0	0	0	0	1
2	174517376	174517854	1	shRunx3	0	0	0	0	0	1
2	174801427	174801737	1	shCd19	0	0	0	0	1	0
2	178156440	178156668	1	shCd19	0	0	0	0	1	0
2	178514148	178514384	1	shRunx3	0	0	0	0	0	1
2	178654116	178654545	1	shRunx3	0	0	0	0	0	1
2	178974411	178974691	1	shRunx3	0	0	0	0	0	1
2	179152964	179153436	1	shRunx3	0	0	0	0	0	1
2	179608741	179609082	1	late	0	1	0	0	0	0
2	179675010	179675253	1	early	1	0	0	0	0	0
2	179729934	179730280	1	memory	0	0	0	1	0	0
2	179767247	179767694	1	late	0	1	0	0	0	0
2	180024602	180024866	1	shCd19	0	0	0	0	1	0
2	180118911	180119532	1	shRunx3	0	0	0	0	0	1
2	180183829	180184210	1	shCd19	0	0	0	0	1	0
2	180233071	180233293	1	shCd19	0	0	0	0	1	0
2	180273454	180273911	1	shCd19	0	0	0	0	1	0
2	180505563	180505791	1	shCd19	0	0	0	0	1	0
2	180667930	180668234	1	terminal	0	0	1	0	0	0
2	181387627	181387946	1	terminal	0	0	1	0	0	0
3	3190752	3191067	1	shRunx3	0	0	0	0	0	1
3	3389841	3390055	1	shRunx3	0	0	0	0	0	1
3	3766681	3766908	1	shCd19	0	0	0	0	1	0
3	3795368	3795952	1	shCd19	0	0	0	0	1	0
3	4315945	4316304	1	terminal	0	0	1	0	0	0
3	4366296	4366838	1	late	0	1	0	0	0	0
3	4660033	4660330	1	shCd19	0	0	0	0	1	0
3	4777624	4777819	1	shRunx3	0	0	0	0	0	1
3	4812783	4813123	1	terminal	0	0	1	0	0	0
3	5175896	5176137	1	memory	0	0	0	1	0	0
3	5185876	5186109	1	shRunx3	0	0	0	0	0	1
3	5243930	5244367	1	late	0	1	0	0	0	0
3	5446769	5447443	1	terminal	0	0	1	0	0	0
3	5538872	5539121	1	shRunx3	0	0	0	0	0	1
3	5547720	5547994	1	terminal	0	0	1	0	0	0
3	5654068	5654436	1	terminal	0	0	1	0	0	0
3	5864103	5864435	1	early	1	0	0	0	0	0
3	6072658	6072927	1	shRunx3	0	0	0	0	0	1
3	6097446	6097848	1	late	0	1	0	0	0	0
3	6171757	6172027	1	terminal	0	0	1	0	0	0
3	6563131	6563385	1	early	1	0	0	0	0	0
3	6652155	6652531	1	shCd19	0	0	0	0	1	0
3	6773174	6773653	1	terminal	0	0	1	0	0	0
3	6813634	6813919	1	shRunx3	0	0	0	0	0	1
3	6829830	6830107	1	late	0	1	0	0	0	0
3	6841788	6842226	1	late	0	1	0	0	0	0
3	7122222	7122462	1	shRunx3	0	0	0	0	0	1
3	7125847	7126114	1	terminal	0	0	1	0	0	0
3	7281853	7282140	1	shCd19	0	0	0	0	1	0
3	7508570	7508867	1	late	0	1	0	0	0	0
3	7754665	7755049	1	early	1	0	0	0	0	0
3	7785341	7785575	1	memory	0	0	0	1	0	0
3	7804701	7804968	1	terminal	0	0	1	0	0	0
3	7841011	7841319	1	memory	0	0	0	1	0	0
3	8019436	8019779	1	early	1	0	0	0	0	0
3	8151660	8151908	1	shCd19	0	0	0	0	1	0
3	8440315	8440599	1	terminal	0	0	1	0	0	0
3	8597845	8598106	1	terminal	0	0	1	0	0	0
3	8615012	8615552	1	terminal	0	0	1	0	0	0
3	8620099	8620361	1	terminal	0	0	1	0	0	0
3	8756549	8756805	1	early	1	0	0	0	0	0
3	8844553	8844865	1	shRunx3	0	0	0	0	0	1
3	8923530	8923822	1	shCd19	0	0	0	0	1	0
3	9504044	9504242	1	shCd19	0	0	0	0	1	0
3	9556472	9557032	1	terminal	0	0	1	0	0	0
3	9754796	9755181	1	terminal	0	0	1	0	0	0
3	9763209	9763474	1	shRunx3	0	0	0	0	0	1
3	9855675	9856057	1	terminal	0	0	1	0	0	0
3	9892936	9893176	1	shRunx3	0	0	0	0	0	1
3	9937467	9937825	1	terminal	0	0	1	0	0	0
3	10304492	10304831	1	shCd19	0	0	0	0	1	0
3	10820711	10821088	1	terminal	0	0	1	0	0	0
3	10975276	10975682	1	shCd19	0	0	0	0	1	0
3	11110083	11110495	1	shRunx3	0	0	0	0	0	1
3	11400004	11400326	1	shCd19	0	0	0	0	1	0
3	11560948	11561213	1	shCd19	0	0	0	0	1	0
3	12099791	12100062	1	shCd19	0	0	0	0	1	0
3	12307226	12307467	1	shCd19	0	0	0	0	1	0
3	12612046	12612380	1	terminal	0	0	1	0	0	0
3	12807027	12807574	1	terminal	0	0	1	0	0	0
3	12928590	12928857	1	terminal	0	0	1	0	0	0
3	13002720	13003186	1	late	0	1	0	0	0	0
3	13275675	13276004	1	shRunx3	0	0	0	0	0	1
3	13342879	13343186	1	shCd19	0	0	0	0	1	0
3	13991443	13991705	1	shRunx3	0	0	0	0	0	1
3	14133569	14133849	1	shCd19	0	0	0	0	1	0
3	14519143	14519530	1	late	0	1	0	0	0	0
3	15951227	15951671	1	shCd19	0	0	0	0	1	0
3	16008591	16008902	1	memory	0	0	0	1	0	0
3	16009211	16009513	1	shRunx3	0	0	0	0	0	1
3	16100718	16101004	1	terminal	0	0	1	0	0	0
3	16224352	16224595	1	terminal	0	0	1	0	0	0
3	16558746	16558992	1	memory	0	0	0	1	0	0
3	16605579	16606254	1	memory	0	0	0	1	0	0
3	17217086	17217613	1	shRunx3	0	0	0	0	0	1
3	17233286	17233621	1	memory	0	0	0	1	0	0
3	17552373	17552567	1	shRunx3	0	0	0	0	0	1
3	17604029	17604377	1	memory	0	0	0	1	0	0
3	17633136	17633378	1	shRunx3	0	0	0	0	0	1
3	18358276	18358513	1	early	1	0	0	0	0	0
3	18421612	18421812	1	shRunx3	0	0	0	0	0	1
3	18462529	18462831	1	shRunx3	0	0	0	0	0	1
3	18538009	18538547	1	shCd19	0	0	0	0	1	0
3	18643418	18643642	1	shCd19	0	0	0	0	1	0
3	19147313	19147663	1	terminal	0	0	1	0	0	0
3	19303784	19304111	1	late	0	1	0	0	0	0
3	19319053	19319368	1	shRunx3	0	0	0	0	0	1
3	19429706	19429975	1	terminal	0	0	1	0	0	0
3	19429975	19430013	2	terminal,shCd19	0	0	1	0	1	0
3	19430013	19430259	3	terminal,shCd19,shRunx3	0	0	1	0	1	1
3	19430259	19430300	2	shCd19,shRunx3	0	0	0	0	1	1
3	19430300	19430346	1	shRunx3	0	0	0	0	0	1
3	19679705	19680087	1	memory	0	0	0	1	0	0
3	19740715	19740948	1	terminal	0	0	1	0	0	0
3	19750180	19750616	1	shCd19	0	0	0	0	1	0
3	19761167	19761411	1	shCd19	0	0	0	0	1	0
3	19827788	19828003	1	shCd19	0	0	0	0	1	0
3	19943343	19943593	1	shRunx3	0	0	0	0	0	1
3	20012906	20013400	1	early	1	0	0	0	0	0
3	20035083	20035357	1	shRunx3	0	0	0	0	0	1
3	20737051	20737401	1	shRunx3	0	0	0	0	0	1
3	20905484	20905957	1	memory	0	0	0	1	0	0
3	21063327	21063608	1	memory	0	0	0	1	0	0
3	21409066	21409325	1	memory	0	0	0	1	0	0
3	21623835	21624128	1	shCd19	0	0	0	0	1	0
3	21787805	21788003	1	shCd19	0	0	0	0	1	0
3	22799971	22800193	1	shCd19	0	0	0	0	1	0
3	22829106	22829397	1	late	0	1	0	0	0	0
3	22878037	22878338	1	memory	0	0	0	1	0	0
3	23101030	23101291	1	memory	0	0	0	1	0	0
3	23153096	23153351	1	shRunx3	0	0	0	0	0	1
3	23236402	23236855	1	memory	0	0	0	1	0	0
3	23257350	23257885	1	terminal	0	0	1	0	0	0
3	23413947	23414235	1	early	1	0	0	0	0	0
3	23883658	23884074	1	terminal	0	0	1	0	0	0
3	23900453	23900745	1	shRunx3	0	0	0	0	0	1
3	23993309	23993570	1	late	0	1	0	0	0	0
3	24165284	24165561	1	shRunx3	0	0	0	0	0	1
3	24281083	24281433	1	shRunx3	0	0	0	0	0	1
3	24422581	24422997	1	late	0	1	0	0	0	0
3	24661260	24661660	1	terminal	0	0	1	0	0	0
3	24802874	24803082	1	shCd19	0	0	0	0	1	0
3	24914557	24915056	1	early	1	0	0	0	0	0
3	24975958	24976158	1	shRunx3	0	0	0	0	0	1
3	25162559	25162979	1	terminal	0	0	1	0	0	0
3	25166592	25166960	1	early	1	0	0	0	0	0
3	25249768	25250028	1	late	0	1	0	0	0	0
3	25462790	25463118	1	terminal	0	0	1	0	0	0
3	25655236	25655583	1	shRunx3	0	0	0	0	0	1
3	26193262	26193694	1	shRunx3	0	0	0	0	0	1
3	26274338	26274592	1	memory	0	0	0	1	0	0
3	26312337	26312840	1	early	1	0	0	0	0	0
3	26404886	26405271	1	memory	0	0	0	1	0	0
3	26443063	26443256	1	shRunx3	0	0	0	0	0	1
3	27050099	27050507	1	terminal	0	0	1	0	0	0
3	27092835	27093228	1	terminal	0	0	1	0	0	0
3	27322414	27322814	1	shCd19	0	0	0	0	1	0
3	27322814	27323054	2	terminal,shCd19	0	0	1	0	1	0
3	27323054	27323140	1	terminal	0	0	1	0	0	0
3	27454198	27454654	1	shRunx3	0	0	0	0	0	1
3	27528746	27529135	1	terminal	0	0	1	0	0	0
3	27816602	27816939	1	shRunx3	0	0	0	0	0	1
3	27893081	27893334	1	shRunx3	0	0	0	0	0	1
3	28450445	28450744	1	terminal	0	0	1	0	0	0
3	28560276	28560999	1	late	0	1	0	0	0	0
3	28664942	28665230	1	shCd19	0	0	0	0	1	0
3	28772553	28772856	1	terminal	0	0	1	0	0	0
3	29028368	29028753	1	terminal	0	0	1	0	0	0
3	29167455	29167712	1	terminal	0	0	1	0	0	0
3	29271234	29271497	1	terminal	0	0	1	0	0	0
3	29384762	29385005	1	terminal	0	0	1	0	0	0
3	29837106	29837869	1	terminal	0	0	1	0	0	0
3	30262701	30263005	1	shRunx3	0	0	0	0	0	1
3	30373271	30373795	1	memory	0	0	0	1	0	0
3	30386762	30387020	1	shRunx3	0	0	0	0	0	1
3	30530260	30530651	1	shCd19	0	0	0	0	1	0
3	30554027	30554633	1	shRunx3	0	0	0	0	0	1
3	30618406	30618727	1	memory	0	0	0	1	0	0
3	30686157	30686649	1	terminal	0	0	1	0	0	0
3	30711307	30711507	1	shRunx3	0	0	0	0	0	1
3	30793072	30793376	1	early	1	0	0	0	0	0
3	30863665	30864245	1	shCd19	0	0	0	0	1	0
3	30922637	30922860	1	shRunx3	0	0	0	0	0	1
3	30963955	30964284	1	shCd19	0	0	0	0	1	0
3	30976134	30976454	1	memory	0	0	0	1	0	0
3	31261747	31262038	1	shRunx3	0	0	0	0	0	1
3	31434675	31435104	1	late	0	1	0	0	0	0
3	31496041	31496423	1	shRunx3	0	0	0	0	0	1
3	31723482	31723776	1	shRunx3	0	0	0	0	0	1
3	31948167	31948406	1	shCd19	0	0	0	0	1	0
3	32133386	32133878	1	shCd19	0	0	0	0	1	0
3	32224134	32224458	1	shCd19	0	0	0	0	1	0
3	32350117	32350494	1	memory	0	0	0	1	0	0
3	32396862	32397137	1	shCd19	0	0	0	0	1	0
3	32406661	32406920	1	shCd19	0	0	0	0	1	0
3	33176061	33176275	1	shRunx3	0	0	0	0	0	1
3	33177366	33177626	1	late	0	1	0	0	0	0
3	33269703	33269919	1	shRunx3	0	0	0	0	0	1
3	33335184	33335396	1	shRunx3	0	0	0	0	0	1
3	33511625	33511932	1	terminal	0	0	1	0	0	0
3	33579806	33580010	1	shCd19	0	0	0	0	1	0
3	33589293	33589651	1	terminal	0	0	1	0	0	0
3	33635480	33635724	1	shCd19	0	0	0	0	1	0
3	33859225	33859801	1	terminal	0	0	1	0	0	0
3	33966642	33966944	1	shRunx3	0	0	0	0	0	1
3	33978805	33979013	1	shRunx3	0	0	0	0	0	1
3	34226051	34226367	1	shRunx3	0	0	0	0	0	1
3	34237748	34238121	1	terminal	0	0	1	0	0	0
3	34313878	34314198	1	shCd19	0	0	0	0	1	0
3	34316608	34316893	1	early	1	0	0	0	0	0
3	34550016	34550361	1	terminal	0	0	1	0	0	0
3	34672035	34672441	1	terminal	0	0	1	0	0	0
3	34713647	34714051	1	shCd19	0	0	0	0	1	0
3	34916200	34916446	1	early	1	0	0	0	0	0
3	34958748	34959069	1	shRunx3	0	0	0	0	0	1
3	35179012	35179579	1	terminal	0	0	1	0	0	0
3	35237934	35238133	1	shRunx3	0	0	0	0	0	1
3	35520348	35520661	1	terminal	0	0	1	0	0	0
3	35568432	35568740	1	early	1	0	0	0	0	0
3	35720567	35721088	1	shRunx3	0	0	0	0	0	1
3	36329669	36330031	1	memory	0	0	0	1	0	0
3	36357305	36357942	1	terminal	0	0	1	0	0	0
3	36370663	36371041	1	terminal	0	0	1	0	0	0
3	36402340	36402603	1	terminal	0	0	1	0	0	0
3	36572095	36572305	1	shRunx3	0	0	0	0	0	1
3	37072277	37072704	1	shRunx3	0	0	0	0	0	1
3	37161180	37161460	1	shRunx3	0	0	0	0	0	1
3	37257431	37257632	1	shCd19	0	0	0	0	1	0
3	37257632	37257927	2	shCd19,shRunx3	0	0	0	0	1	1
3	37257927	37258202	1	shRunx3	0	0	0	0	0	1
3	37530494	37531027	1	shCd19	0	0	0	0	1	0
3	37738599	37738847	1	shCd19	0	0	0	0	1	0
3	37784485	37784825	1	terminal	0	0	1	0	0	0
3	38091671	38092029	1	shCd19	0	0	0	0	1	0
3	38279488	38279904	1	late	0	1	0	0	0	0
3	38374064	38374479	1	shCd19	0	0	0	0	1	0
3	38384315	38384622	1	memory	0	0	0	1	0	0
3	38853388	38853701	1	memory	0	0	0	1	0	0
3	38942837	38943291	1	early	1	0	0	0	0	0
3	38967987	38968216	1	terminal	0	0	1	0	0	0
3	39091273	39091468	1	shCd19	0	0	0	0	1	0
3	39232569	39233190	1	shRunx3	0	0	0	0	0	1
3	39323637	39323952	1	memory	0	0	0	1	0	0
3	40024736	40024943	1	shRunx3	0	0	0	0	0	1
3	40095867	40096182	1	shRunx3	0	0	0	0	0	1
3	40247533	40247827	1	shRunx3	0	0	0	0	0	1
3	40270111	40270354	1	terminal	0	0	1	0	0	0
3	40365851	40366231	1	memory	0	0	0	1	0	0
3	40859510	40859750	1	terminal	0	0	1	0	0	0
3	40949544	40949773	1	shCd19	0	0	0	0	1	0
3	41433495	41433748	1	terminal	0	0	1	0	0	0
3	42224112	42224530	1	shRunx3	0	0	0	0	0	1
3	42628907	42629165	1	shCd19	0	0	0	0	1	0
3	42959637	42960016	1	early	1	0	0	0	0	0
3	42990161	42990410	1	shCd19	0	0	0	0	1	0
3	43086729	43087127	1	terminal	0	0	1	0	0	0
3	43442122	43442449	1	memory	0	0	0	1	0	0
3	43699664	43699944	1	early	1	0	0	0	0	0
3	43804106	43804450	1	terminal	0	0	1	0	0	0
3	43996270	43996475	1	shRunx3	0	0	0	0	0	1
3	44905525	44905807	1	shRunx3	0	0	0	0	0	1
3	45027953	45028329	1	terminal	0	0	1	0	0	0
3	45229293	45229518	1	shRunx3	0	0	0	0	0	1
3	45708920	45709166	1	shCd19	0	0	0	0	1	0
3	45726768	45727031	1	memory	0	0	0	1	0	0
3	46196588	46197076	1	terminal	0	0	1	0	0	0
3	46354596	46354877	1	shCd19	0	0	0	0	1	0
3	46493336	46493656	1	memory	0	0	0	1	0	0
3	46731327	46731981	1	shRunx3	0	0	0	0	0	1
3	47243893	47244315	1	terminal	0	0	1	0	0	0
3	47294197	47294409	1	memory	0	0	0	1	0	0
3	47294409	47294596	2	terminal,memory	0	0	1	1	0	0
3	47294596	47294965	1	terminal	0	0	1	0	0	0
3	47344358	47344668	1	terminal	0	0	1	0	0	0
3	47361841	47362103	1	memory	0	0	0	1	0	0
3	47669782	47670032	1	memory	0	0	0	1	0	0
3	47703285	47703626	1	early	1	0	0	0	0	0
3	47914907	47915375	1	shRunx3	0	0	0	0	0	1
3	47919550	47919933	1	shCd19	0	0	0	0	1	0
3	48116541	48117027	1	shRunx3	0	0	0	0	0	1
3	48183181	48183503	1	shCd19	0	0	0	0	1	0
3	48206397	48206634	1	shCd19	0	0	0	0	1	0
3	49081146	49081419	1	late	0	1	0	0	0	0
3	49191480	49191764	1	early	1	0	0	0	0	0
3	49313465	49313830	1	shRunx3	0	0	0	0	0	1
3	49576076	49576317	1	shRunx3	0	0	0	0	0	1
3	49777855	49778079	1	shCd19	0	0	0	0	1	0
3	49839945	49840174	1	terminal	0	0	1	0	0	0
3	49853309	49853712	1	shCd19	0	0	0	0	1	0
3	50211645	50211875	1	memory	0	0	0	1	0	0
3	50446366	50446666	1	shRunx3	0	0	0	0	0	1
3	50611776	50611976	1	shCd19	0	0	0	0	1	0
3	51276276	51276529	1	terminal	0	0	1	0	0	0
3	51277611	51277946	1	shCd19	0	0	0	0	1	0
3	51338414	51338644	1	memory	0	0	0	1	0	0
3	51359437	51359680	1	shRunx3	0	0	0	0	0	1
3	52095939	52096169	1	shRunx3	0	0	0	0	0	1
3	52178501	52178827	1	shRunx3	0	0	0	0	0	1
3	52604777	52605326	1	terminal	0	0	1	0	0	0
3	52860710	52860918	1	shCd19	0	0	0	0	1	0
3	53149844	53150206	1	terminal	0	0	1	0	0	0
3	53224121	53224551	1	memory	0	0	0	1	0	0
3	53438901	53439317	1	shCd19	0	0	0	0	1	0
3	53850983	53851211	1	memory	0	0	0	1	0	0
3	54043152	54043408	1	shCd19	0	0	0	0	1	0
3	54162153	54162356	1	shCd19	0	0	0	0	1	0
3	54238773	54238970	1	shRunx3	0	0	0	0	0	1
3	54278259	54278682	1	late	0	1	0	0	0	0
3	54306242	54306728	1	early	1	0	0	0	0	0
3	54427819	54428066	1	shRunx3	0	0	0	0	0	1
3	54641400	54641607	1	shRunx3	0	0	0	0	0	1
3	55452629	55453046	1	terminal	0	0	1	0	0	0
3	55940979	55941519	1	memory	0	0	0	1	0	0
3	56399371	56399755	1	terminal	0	0	1	0	0	0
3	56576622	56576939	1	memory	0	0	0	1	0	0
3	56697266	56697506	1	memory	0	0	0	1	0	0
3	56865252	56865566	1	terminal	0	0	1	0	0	0
3	57436965	57437178	1	shCd19	0	0	0	0	1	0
3	57479388	57479651	1	terminal	0	0	1	0	0	0
3	57545357	57546039	1	early	1	0	0	0	0	0
3	57556959	57557263	1	shRunx3	0	0	0	0	0	1
3	57731551	57732060	1	terminal	0	0	1	0	0	0
3	57736103	57736515	1	memory	0	0	0	1	0	0
3	57999141	57999370	1	shRunx3	0	0	0	0	0	1
3	58092095	58092293	1	shCd19	0	0	0	0	1	0
3	58637996	58638207	1	shRunx3	0	0	0	0	0	1
3	58796547	58796912	1	shCd19	0	0	0	0	1	0
3	58810552	58810782	1	shRunx3	0	0	0	0	0	1
3	58827574	58828240	1	terminal	0	0	1	0	0	0
3	58830591	58831171	1	terminal	0	0	1	0	0	0
3	59088489	59088981	1	shRunx3	0	0	0	0	0	1
3	59101868	59102270	1	shRunx3	0	0	0	0	0	1
3	59166546	59166908	1	shRunx3	0	0	0	0	0	1
3	59205872	59206248	1	shCd19	0	0	0	0	1	0
3	59534573	59534874	1	terminal	0	0	1	0	0	0
3	59714424	59714774	1	shCd19	0	0	0	0	1	0
3	59960537	59960945	1	shRunx3	0	0	0	0	0	1
3	60092812	60093151	1	terminal	0	0	1	0	0	0
3	60257657	60258030	1	early	1	0	0	0	0	0
3	60311196	60311933	1	shCd19	0	0	0	0	1	0
3	60373290	60373500	1	shRunx3	0	0	0	0	0	1
3	60379666	60380027	1	terminal	0	0	1	0	0	0
3	60464596	60464827	1	shCd19	0	0	0	0	1	0
3	60486958	60487259	1	terminal	0	0	1	0	0	0
3	60575731	60576250	1	terminal	0	0	1	0	0	0
3	60988091	60988304	1	shRunx3	0	0	0	0	0	1
3	61466156	61466454	1	terminal	0	0	1	0	0	0
3	61610743	61611019	1	shCd19	0	0	0	0	1	0
3	61973767	61974020	1	memory	0	0	0	1	0	0
3	62054939	62055146	1	shCd19	0	0	0	0	1	0
3	62349166	62349663	1	shRunx3	0	0	0	0	0	1
3	62485920	62486143	1	shCd19	0	0	0	0	1	0
3	62791904	62792200	1	terminal	0	0	1	0	0	0
3	63278135	63278337	1	shCd19	0	0	0	0	1	0
3	63324336	63324539	1	shRunx3	0	0	0	0	0	1
3	63688633	63688886	1	shCd19	0	0	0	0	1	0
3	63690566	63690954	1	late	0	1	0	0	0	0
3	64163814	64164062	1	shCd19	0	0	0	0	1	0
3	64997913	64998140	1	shRunx3	0	0	0	0	0	1
3	65055459	65055759	1	memory	0	0	0	1	0	0
3	65086802	65087147	1	shCd19	0	0	0	0	1	0
3	65287351	65287604	1	shCd19	0	0	0	0	1	0
3	65497450	65497822	1	shRunx3	0	0	0	0	0	1
3	65521889	65522211	1	memory	0	0	0	1	0	0
3	65585461	65585659	1	shCd19	0	0	0	0	1	0
3	65613429	65613658	1	memory	0	0	0	1	0	0
3	65813339	65813836	1	shCd19	0	0	0	0	1	0
3	65926831	65927151	1	terminal	0	0	1	0	0	0
3	65974410	65974776	1	early	1	0	0	0	0	0
3	66322770	66323048	1	shCd19	0	0	0	0	1	0
3	66462627	66462988	1	terminal	0	0	1	0	0	0
3	66485930	66486277	1	shCd19	0	0	0	0	1	0
3	66730930	66731532	1	shRunx3	0	0	0	0	0	1
3	66769312	66769546	1	memory	0	0	0	1	0	0
3	66823030	66823254	1	shRunx3	0	0	0	0	0	1
3	66875301	66875629	1	late	0	1	0	0	0	0
3	66927733	66927934	1	shCd19	0	0	0	0	1	0
3	66998137	66998381	1	terminal	0	0	1	0	0	0
3	66999320	66999790	1	terminal	0	0	1	0	0	0
3	67439390	67439989	1	shRunx3	0	0	0	0	0	1
3	67483046	67483303	1	shCd19	0	0	0	0	1	0
3	67510293	67510672	1	shCd19	0	0	0	0	1	0
3	67869469	67869697	1	shCd19	0	0	0	0	1	0
3	67887824	67888049	1	shRunx3	0	0	0	0	0	1
3	67943059	67943254	1	shRunx3	0	0	0	0	0	1
3	68062035	68062246	1	shRunx3	0	0	0	0	0	1
3	68165244	68165506	1	terminal	0	0	1	0	0	0
3	68190600	68190910	1	terminal	0	0	1	0	0	0
3	68191630	68191992	1	shRunx3	0	0	0	0	0	1
3	68330906	68331258	1	memory	0	0	0	1	0	0
3	68775331	68775616	1	shRunx3	0	0	0	0	0	1
3	68879581	68879779	1	shCd19	0	0	0	0	1	0
3	69156653	69157023	1	shCd19	0	0	0	0	1	0
3	69546744	69547039	1	terminal	0	0	1	0	0	0
3	69575049	69575408	1	terminal	0	0	1	0	0	0
3	69663382	69663577	1	shRunx3	0	0	0	0	0	1
3	69841068	69841295	1	shCd19	0	0	0	0	1	0
3	70039754	70040235	1	memory	0	0	0	1	0	0
3	70046616	70046911	1	terminal	0	0	1	0	0	0
3	70324909	70325184	1	terminal	0	0	1	0	0	0
3	70638088	70638438	1	shCd19	0	0	0	0	1	0
3	71011979	71012170	1	shRunx3	0	0	0	0	0	1
3	71035475	71035732	1	early	1	0	0	0	0	0
3	71073773	71074034	1	late	0	1	0	0	0	0
3	71537378	71537606	1	terminal	0	0	1	0	0	0
3	72066741	72067214	1	terminal	0	0	1	0	0	0
3	72395337	72395752	1	late	0	1	0	0	0	0
3	72582178	72582625	1	late	0	1	0	0	0	0
3	72901125	72901366	1	shRunx3	0	0	0	0	0	1
3	73183542	73183754	1	shCd19	0	0	0	0	1	0
3	73331547	73331927	1	early	1	0	0	0	0	0
3	73879368	73879664	1	shRunx3	0	0	0	0	0	1
3	73882922	73883330	1	terminal	0	0	1	0	0	0
3	73954058	73954653	1	late	0	1	0	0	0	0
3	74174676	74174898	1	shRunx3	0	0	0	0	0	1
3	74507250	74508007	1	terminal	0	0	1	0	0	0
3	74567608	74567860	1	shRunx3	0	0	0	0	0	1
3	75239132	75239523	1	late	0	1	0	0	0	0
3	75450356	75450582	1	shRunx3	0	0	0	0	0	1
3	75494852	75495096	1	memory	0	0	0	1	0	0
3	75535758	75535975	1	shRunx3	0	0	0	0	0	1
3	76227324	76227619	1	terminal	0	0	1	0	0	0
3	76231665	76232024	1	late	0	1	0	0	0	0
3	76898378	76898738	1	shCd19	0	0	0	0	1	0
3	76987018	76987443	1	shRunx3	0	0	0	0	0	1
3	77194998	77195303	1	terminal	0	0	1	0	0	0
3	77219842	77220086	1	shRunx3	0	0	0	0	0	1
3	77310813	77311130	1	early	1	0	0	0	0	0
3	77428327	77428581	1	shRunx3	0	0	0	0	0	1
3	77858677	77858956	1	memory	0	0	0	1	0	0
3	77970921	77971214	1	early	1	0	0	0	0	0
3	78482337	78482798	1	terminal	0	0	1	0	0	0
3	78663707	78663937	1	shRunx3	0	0	0	0	0	1
3	79152906	79153817	1	shRunx3	0	0	0	0	0	1
3	79194434	79194690	1	shCd19	0	0	0	0	1	0
3	79520600	79520891	1	terminal	0	0	1	0	0	0
3	79527804	79528012	1	shRunx3	0	0	0	0	0	1
3	79716452	79716714	1	shCd19	0	0	0	0	1	0
3	79783421	79783818	1	shCd19	0	0	0	0	1	0
3	79823198	79823395	1	shRunx3	0	0	0	0	0	1
3	79980894	79981279	1	terminal	0	0	1	0	0	0
3	80191305	80191629	1	shRunx3	0	0	0	0	0	1
3	80917151	80917527	1	shCd19	0	0	0	0	1	0
3	80939590	80939869	1	memory	0	0	0	1	0	0
3	80966807	80967209	1	terminal	0	0	1	0	0	0
3	80988495	80988800	1	terminal	0	0	1	0	0	0
3	81296123	81296442	1	shRunx3	0	0	0	0	0	1
3	81830511	81830873	1	early	1	0	0	0	0	0
3	82261646	82261842	1	shCd19	0	0	0	0	1	0
3	82291367	82291664	1	terminal	0	0	1	0	0	0
3	82450848	82451081	1	terminal	0	0	1	0	0	0
3	82783590	82783962	1	early	1	0	0	0	0	0
3	83531093	83531483	1	late	0	1	0	0	0	0
3	83608303	83608621	1	shRunx3	0	0	0	0	0	1
3	83774443	83774649	1	shCd19	0	0	0	0	1	0
3	83818792	83819085	1	late	0	1	0	0	0	0
3	84017909	84018192	1	terminal	0	0	1	0	0	0
3	84099159	84099757	1	shRunx3	0	0	0	0	0	1
3	84270999	84271277	1	late	0	1	0	0	0	0
3	84826109	84826316	1	shRunx3	0	0	0	0	0	1
3	85059021	85059413	1	late	0	1	0	0	0	0
3	85166249	85166505	1	shCd19	0	0	0	0	1	0
3	85665853	85666157	1	shCd19	0	0	0	0	1	0
3	85671330	85671609	1	terminal	0	0	1	0	0	0
3	85732134	85732416	1	early	1	0	0	0	0	0
3	86265452	86265976	1	memory	0	0	0	1	0	0
3	86408701	86409152	1	shRunx3	0	0	0	0	0	1
3	86617846	86618463	1	shRunx3	0	0	0	0	0	1
3	87136141	87136347	1	shCd19	0	0	0	0	1	0
3	87334571	87334810	1	terminal	0	0	1	0	0	0
3	87529086	87529551	1	terminal	0	0	1	0	0	0
3	87547549	87547749	1	shCd19	0	0	0	0	1	0
3	87752935	87753139	1	shCd19	0	0	0	0	1	0
3	87812912	87813185	1	late	0	1	0	0	0	0
3	87846373	87847392	1	shCd19	0	0	0	0	1	0
3	88149345	88149730	1	shCd19	0	0	0	0	1	0
3	88169897	88170255	1	terminal	0	0	1	0	0	0
3	88177007	88177198	1	shRunx3	0	0	0	0	0	1
3	88296363	88296603	1	shRunx3	0	0	0	0	0	1
3	88296603	88296898	2	shCd19,shRunx3	0	0	0	0	1	1
3	88296898	88297238	1	shCd19	0	0	0	0	1	0
3	88341432	88341684	1	memory	0	0	0	1	0	0
3	88407184	88407486	1	early	1	0	0	0	0	0
3	88409920	88410433	1	shCd19	0	0	0	0	1	0
3	88411807	88412123	1	shCd19	0	0	0	0	1	0
3	88425036	88425302	1	shRunx3	0	0	0	0	0	1
3	88509917	88510528	1	shRunx3	0	0	0	0	0	1
3	88557657	88558176	1	memory	0	0	0	1	0	0
3	88685333	88685836	1	shRunx3	0	0	0	0	0	1
3	88946000	88946233	1	terminal	0	0	1	0	0	0
3	89087068	89087402	1	shRunx3	0	0	0	0	0	1
3	89361335	89361547	1	shRunx3	0	0	0	0	0	1
3	89436749	89437355	1	shCd19	0	0	0	0	1	0
3	89781584	89781868	1	terminal	0	0	1	0	0	0
3	89819550	89819762	1	shRunx3	0	0	0	0	0	1
3	89871156	89871652	1	terminal	0	0	1	0	0	0
3	89914638	89914872	1	memory	0	0	0	1	0	0
3	90292950	90293218	1	terminal	0	0	1	0	0	0
3	90366953	90367296	1	late	0	1	0	0	0	0
3	90381329	90381774	1	terminal	0	0	1	0	0	0
3	90437088	90437373	1	late	0	1	0	0	0	0
3	90490800	90491093	1	shRunx3	0	0	0	0	0	1
3	90509626	90509874	1	shCd19	0	0	0	0	1	0
3	90972847	90973123	1	shRunx3	0	0	0	0	0	1
3	91117972	91118461	1	terminal	0	0	1	0	0	0
3	91134678	91135000	1	memory	0	0	0	1	0	0
3	91220082	91220357	1	memory	0	0	0	1	0	0
3	91432534	91432912	1	shRunx3	0	0	0	0	0	1
3	91489214	91489586	1	early	1	0	0	0	0	0
3	91612681	91612959	1	shRunx3	0	0	0	0	0	1
3	92095091	92095487	1	late	0	1	0	0	0	0
3	92516528	92516943	1	shCd19	0	0	0	0	1	0
3	93427326	93427897	1	shCd19	0	0	0	0	1	0
3	93506201	93506677	1	shRunx3	0	0	0	0	0	1
3	93527296	93527557	1	shRunx3	0	0	0	0	0	1
3	94098026	94098266	1	terminal	0	0	1	0	0	0
3	94164048	94164280	1	shCd19	0	0	0	0	1	0
3	94259807	94260034	1	shRunx3	0	0	0	0	0	1
3	94311233	94311676	1	early	1	0	0	0	0	0
3	94527438	94527660	1	shRunx3	0	0	0	0	0	1
3	94911527	94911931	1	shCd19	0	0	0	0	1	0
3	94921107	94921671	1	shCd19	0	0	0	0	1	0
3	94953873	94954178	1	shRunx3	0	0	0	0	0	1
3	95015438	95016452	1	shRunx3	0	0	0	0	0	1
3	95096643	95097011	1	early	1	0	0	0	0	0
3	95656235	95656443	1	shCd19	0	0	0	0	1	0
3	95856501	95856714	1	shRunx3	0	0	0	0	0	1
3	95905017	95905247	1	terminal	0	0	1	0	0	0
3	96600777	96601029	1	shRunx3	0	0	0	0	0	1
3	97020932	97021192	1	shCd19	0	0	0	0	1	0
3	97168484	97168794	1	late	0	1	0	0	0	0
3	97270426	97270667	1	shCd19	0	0	0	0	1	0
3	97430247	97431173	1	terminal	0	0	1	0	0	0
3	97493958	97494214	1	shCd19	0	0	0	0	1	0
3	97528224	97528466	1	shCd19	0	0	0	0	1	0
3	97575831	97576070	1	memory	0	0	0	1	0	0
3	97609584	97609911	1	shRunx3	0	0	0	0	0	1
3	97767745	97768037	1	shRunx3	0	0	0	0	0	1
3	97992553	97993173	1	terminal	0	0	1	0	0	0
3	98000146	98000343	1	shRunx3	0	0	0	0	0	1
3	98020956	98021371	1	terminal	0	0	1	0	0	0
3	98083289	98083632	1	shRunx3	0	0	0	0	0	1
3	98180401	98180618	1	shRunx3	0	0	0	0	0	1
3	98650777	98651137	1	memory	0	0	0	1	0	0
3	99043867	99044062	1	shCd19	0	0	0	0	1	0
3	99249228	99249567	1	early	1	0	0	0	0	0
3	99514895	99515147	1	shCd19	0	0	0	0	1	0
3	99700523	99700982	1	memory	0	0	0	1	0	0
3	100948092	100948303	1	shRunx3	0	0	0	0	0	1
3	100992847	100993057	1	shRunx3	0	0	0	0	0	1
3	101016935	101017595	1	terminal	0	0	1	0	0	0
3	101292816	101293056	1	early	1	0	0	0	0	0
3	101603115	101603381	1	terminal	0	0	1	0	0	0
3	101887666	101887993	1	late	0	1	0	0	0	0
3	101916360	101916679	1	memory	0	0	0	1	0	0
3	102269024	102269272	1	memory	0	0	0	1	0	0
3	102460065	102460493	1	shRunx3	0	0	0	0	0	1
3	102587730	102588123	1	early	1	0	0	0	0	0
3	102618934	102619244	1	shCd19	0	0	0	0	1	0
3	102849365	102849702	1	memory	0	0	0	1	0	0
3	103020275	103021287	1	shRunx3	0	0	0	0	0	1
3	103214640	103215022	1	terminal	0	0	1	0	0	0
3	103368076	103368318	1	memory	0	0	0	1	0	0
3	103386513	103386744	1	shCd19	0	0	0	0	1	0
3	103542595	103542856	1	shRunx3	0	0	0	0	0	1
3	103630330	103630690	1	late	0	1	0	0	0	0
3	103867649	103868113	1	shRunx3	0	0	0	0	0	1
3	104297332	104297749	1	shCd19	0	0	0	0	1	0
3	104364808	104365183	1	late	0	1	0	0	0	0
3	104544226	104544544	1	terminal	0	0	1	0	0	0
3	104656703	104657218	1	late	0	1	0	0	0	0
3	104675367	104675568	1	shRunx3	0	0	0	0	0	1
3	104863351	104863911	1	shCd19	0	0	0	0	1	0
3	104900916	104901141	1	shCd19	0	0	0	0	1	0
3	104910089	104910419	1	shCd19	0	0	0	0	1	0
3	104992446	104992904	1	shCd19	0	0	0	0	1	0
3	105047690	105047893	1	shCd19	0	0	0	0	1	0
3	105048620	105048864	1	shRunx3	0	0	0	0	0	1
3	105232324	105232581	1	memory	0	0	0	1	0	0
3	105358016	105358265	1	shCd19	0	0	0	0	1	0
3	105569342	105569547	1	shRunx3	0	0	0	0	0	1
3	105704607	105704867	1	memory	0	0	0	1	0	0
3	105898916	105899155	1	shRunx3	0	0	0	0	0	1
3	105907474	105907805	1	shCd19	0	0	0	0	1	0
3	106080056	106080540	1	memory	0	0	0	1	0	0
3	106462117	106462317	1	shRunx3	0	0	0	0	0	1
3	106482940	106483494	1	shRunx3	0	0	0	0	0	1
3	106684430	106684622	1	shRunx3	0	0	0	0	0	1
3	106718759	106719456	1	shRunx3	0	0	0	0	0	1
3	106884996	106885332	1	shCd19	0	0	0	0	1	0
3	107080730	107080964	1	shCd19	0	0	0	0	1	0
3	107609118	107609542	1	late	0	1	0	0	0	0
3	107770551	107770919	1	memory	0	0	0	1	0	0
3	107912969	107913445	1	shCd19	0	0	0	0	1	0
3	108116765	108117035	1	shRunx3	0	0	0	0	0	1
3	108475035	108475388	1	terminal	0	0	1	0	0	0
3	108581416	108581883	1	terminal	0	0	1	0	0	0
3	108643170	108643402	1	terminal	0	0	1	0	0	0
3	108795937	108795986	1	shRunx3	0	0	0	0	0	1
3	108795986	108796199	2	shCd19,shRunx3	0	0	0	0	1	1
3	108796199	108796211	1	shCd19	0	0	0	0	1	0
3	109346056	109346571	1	memory	0	0	0	1	0	0
3	109355672	109355985	1	late	0	1	0	0	0	0
3	109395616	109396631	1	terminal	0	0	1	0	0	0
3	109415166	109415524	1	early	1	0	0	0	0	0
3	109612085	109612562	1	late	0	1	0	0	0	0
3	109772811	109773179	1	shRunx3	0	0	0	0	0	1
3	109922669	109923065	1	terminal	0	0	1	0	0	0
3	110169434	110169639	1	shRunx3	0	0	0	0	0	1
3	110251032	110251255	1	shCd19	0	0	0	0	1	0
3	110286020	110286426	1	early	1	0	0	0	0	0
3	110303113	110303529	1	shRunx3	0	0	0	0	0	1
3	110366873	110367110	1	shRunx3	0	0	0	0	0	1
3	110460897	110461273	1	terminal	0	0	1	0	0	0
3	110622970	110623238	1	shRunx3	0	0	0	0	0	1
3	110907503	110907766	1	late	0	1	0	0	0	0
3	111240584	111240881	1	memory	0	0	0	1	0	0
3	111299102	111299343	1	memory	0	0	0	1	0	0
3	111562428	111563069	1	shCd19	0	0	0	0	1	0
3	111756549	111756983	1	memory	0	0	0	1	0	0
3	111800784	111801100	1	shCd19	0	0	0	0	1	0
3	112101001	112101288	1	shRunx3	0	0	0	0	0	1
3	112414823	112415147	1	late	0	1	0	0	0	0
3	112721316	112721612	1	early	1	0	0	0	0	0
3	113039720	113040114	1	late	0	1	0	0	0	0
3	113609994	113610276	1	shCd19	0	0	0	0	1	0
3	113629849	113630094	1	memory	0	0	0	1	0	0
3	113637276	113637667	1	late	0	1	0	0	0	0
3	113654254	113654474	1	shCd19	0	0	0	0	1	0
3	113941394	113941644	1	early	1	0	0	0	0	0
3	114108964	114109286	1	shRunx3	0	0	0	0	0	1
3	114378814	114379174	1	shRunx3	0	0	0	0	0	1
3	115216681	115217038	1	terminal	0	0	1	0	0	0
3	115572944	115573232	1	terminal	0	0	1	0	0	0
3	115687259	115687599	1	memory	0	0	0	1	0	0
3	115722044	115722482	1	memory	0	0	0	1	0	0
3	115759304	115759709	1	shCd19	0	0	0	0	1	0
3	115972147	115972469	1	shCd19	0	0	0	0	1	0
3	116853087	116853329	1	memory	0	0	0	1	0	0
3	116914009	116914248	1	terminal	0	0	1	0	0	0
3	116979601	116979849	1	terminal	0	0	1	0	0	0
3	117082086	117082475	1	memory	0	0	0	1	0	0
3	117505777	117506429	1	shRunx3	0	0	0	0	0	1
3	117648232	117648538	1	terminal	0	0	1	0	0	0
3	117831713	117832009	1	memory	0	0	0	1	0	0
3	118324388	118324795	1	late	0	1	0	0	0	0
3	118371833	118372047	1	shRunx3	0	0	0	0	0	1
3	118971525	118971790	1	early	1	0	0	0	0	0
3	119363661	119363985	1	shRunx3	0	0	0	0	0	1
3	119385803	119386274	1	shRunx3	0	0	0	0	0	1
3	119390074	119390299	1	shCd19	0	0	0	0	1	0
3	119697634	119697894	1	terminal	0	0	1	0	0	0
3	119754141	119754377	1	shCd19	0	0	0	0	1	0
3	120707775	120708080	1	memory	0	0	0	1	0	0
3	120822609	120823034	1	early	1	0	0	0	0	0
3	121107687	121108216	1	shRunx3	0	0	0	0	0	1
3	121233831	121234139	1	early	1	0	0	0	0	0
3	121339772	121339971	1	shRunx3	0	0	0	0	0	1
3	121542699	121542897	1	shCd19	0	0	0	0	1	0
3	121646435	121646688	1	memory	0	0	0	1	0	0
3	121648366	121648599	1	shRunx3	0	0	0	0	0	1
3	121806758	121807037	1	shRunx3	0	0	0	0	0	1
3	122366574	122366995	1	memory	0	0	0	1	0	0
3	123640944	123641185	1	terminal	0	0	1	0	0	0
3	123707690	123708467	1	terminal	0	0	1	0	0	0
3	123791263	123791475	1	shRunx3	0	0	0	0	0	1
3	123973689	123974016	1	shRunx3	0	0	0	0	0	1
3	124295665	124295948	1	early	1	0	0	0	0	0
3	124405054	124405326	1	early	1	0	0	0	0	0
3	124661672	124662272	1	shRunx3	0	0	0	0	0	1
3	124705457	124705688	1	terminal	0	0	1	0	0	0
3	125761178	125761509	1	late	0	1	0	0	0	0
3	125886278	125886575	1	terminal	0	0	1	0	0	0
3	125900546	125900851	1	shRunx3	0	0	0	0	0	1
3	126109785	126110242	1	memory	0	0	0	1	0	0
3	126150953	126151164	1	shRunx3	0	0	0	0	0	1
3	126366310	126366617	1	terminal	0	0	1	0	0	0
3	126987436	126987686	1	shRunx3	0	0	0	0	0	1
3	127003989	127004741	1	shRunx3	0	0	0	0	0	1
3	127381959	127382214	1	terminal	0	0	1	0	0	0
3	127601828	127602145	1	shRunx3	0	0	0	0	0	1
3	127639490	127640217	1	late	0	1	0	0	0	0
3	127674168	127674418	1	memory	0	0	0	1	0	0
3	128046374	128046665	1	terminal	0	0	1	0	0	0
3	128064965	128065175	1	shCd19	0	0	0	0	1	0
3	128284485	128284880	1	shCd19	0	0	0	0	1	0
3	128431167	128431443	1	early	1	0	0	0	0	0
3	128439722	128439920	1	shCd19	0	0	0	0	1	0
3	128611158	128611945	1	shCd19	0	0	0	0	1	0
3	128712759	128713090	1	terminal	0	0	1	0	0	0
3	128749737	128750037	1	shRunx3	0	0	0	0	0	1
3	128933004	128933266	1	shRunx3	0	0	0	0	0	1
3	129073517	129073834	1	memory	0	0	0	1	0	0
3	129099922	129100258	1	terminal	0	0	1	0	0	0
3	129932369	129932681	1	early	1	0	0	0	0	0
3	129994642	129994889	1	memory	0	0	0	1	0	0
3	130030175	130030645	1	terminal	0	0	1	0	0	0
3	130172377	130172805	1	terminal	0	0	1	0	0	0
3	130316878	130317225	1	shRunx3	0	0	0	0	0	1
3	130417482	130417697	1	shRunx3	0	0	0	0	0	1
3	130571141	130571560	1	early	1	0	0	0	0	0
3	130729938	130730321	1	shRunx3	0	0	0	0	0	1
3	131272633	131273394	1	terminal	0	0	1	0	0	0
3	131569446	131570221	1	shRunx3	0	0	0	0	0	1
3	131665266	131665662	1	shCd19	0	0	0	0	1	0
3	131727903	131728219	1	early	1	0	0	0	0	0
3	131867829	131868071	1	shRunx3	0	0	0	0	0	1
3	131895604	131895981	1	memory	0	0	0	1	0	0
3	132014854	132015295	1	terminal	0	0	1	0	0	0
3	132070155	132070464	1	shCd19	0	0	0	0	1	0
3	132085574	132085821	1	shRunx3	0	0	0	0	0	1
3	132131685	132132023	1	terminal	0	0	1	0	0	0
3	132224413	132224784	1	early	1	0	0	0	0	0
3	132309742	132310094	1	shRunx3	0	0	0	0	0	1
3	132633839	132634033	1	shCd19	0	0	0	0	1	0
3	133269990	133270268	1	terminal	0	0	1	0	0	0
3	133310693	133310907	1	shRunx3	0	0	0	0	0	1
3	133582946	133583460	1	shCd19	0	0	0	0	1	0
3	133626024	133626279	1	terminal	0	0	1	0	0	0
3	133746972	133747340	1	early	1	0	0	0	0	0
3	133998930	133999184	1	shRunx3	0	0	0	0	0	1
3	134126256	134126518	1	terminal	0	0	1	0	0	0
3	134345144	134345412	1	shCd19	0	0	0	0	1	0
3	134384255	134384538	1	late	0	1	0	0	0	0
3	134488097	134488188	1	terminal	0	0	1	0	0	0
3	134488188	134488378	2	early,terminal	1	0	1	0	0	0
3	134488378	134488474	1	early	1	0	0	0	0	0
3	134806471	134806981	1	shRunx3	0	0	0	0	0	1
3	135205728	135206370	1	shCd19	0	0	0	0	1	0
3	135296592	135297087	1	shCd19	0	0	0	0	1	0
3	135378747	135379069	1	shCd19	0	0	0	0	1	0
3	135580005	135580485	1	terminal	0	0	1	0	0	0
3	135604106	135604419	1	shCd19	0	0	0	0	1	0
3	135729952	135730225	1	memory	0	0	0	1	0	0
3	135825318	135826293	1	shCd19	0	0	0	0	1	0
3	135943326	135943542	1	shRunx3	0	0	0	0	0	1
3	136004312	136004554	1	terminal	0	0	1	0	0	0
3	136026013	136026267	1	shCd19	0	0	0	0	1	0
3	136368020	136368393	1	late	0	1	0	0	0	0
3	136464275	136464521	1	memory	0	0	0	1	0	0
3	136471905	136472188	1	terminal	0	0	1	0	0	0
3	136940732	136940949	1	shRunx3	0	0	0	0	0	1
3	136940949	136941392	2	shCd19,shRunx3	0	0	0	0	1	1
3	136941392	136941483	1	shCd19	0	0	0	0	1	0
3	137037149	137037415	1	terminal	0	0	1	0	0	0
3	137268429	137268671	1	terminal	0	0	1	0	0	0
3	137298009	137298344	1	shRunx3	0	0	0	0	0	1
3	137379609	137379852	1	shRunx3	0	0	0	0	0	1
3	137500528	137500761	1	shCd19	0	0	0	0	1	0
3	137592990	137593186	1	shRunx3	0	0	0	0	0	1
3	137622257	137622520	1	memory	0	0	0	1	0	0
3	137701023	137701297	1	shRunx3	0	0	0	0	0	1
3	137774288	137774613	1	shCd19	0	0	0	0	1	0
3	137870718	137871055	1	shRunx3	0	0	0	0	0	1
3	138226466	138226731	1	early	1	0	0	0	0	0
3	138271937	138272220	1	shRunx3	0	0	0	0	0	1
3	138304112	138304398	1	shRunx3	0	0	0	0	0	1
3	138367348	138367961	1	shRunx3	0	0	0	0	0	1
3	138442771	138443029	1	shCd19	0	0	0	0	1	0
3	138449639	138449864	1	memory	0	0	0	1	0	0
3	138593512	138594209	1	terminal	0	0	1	0	0	0
3	138679177	138679392	1	shCd19	0	0	0	0	1	0
3	138712956	138713201	1	memory	0	0	0	1	0	0
3	138952380	138952679	1	terminal	0	0	1	0	0	0
3	139029764	139030245	1	shCd19	0	0	0	0	1	0
3	139042409	139042732	1	shRunx3	0	0	0	0	0	1
3	139323166	139323374	1	shRunx3	0	0	0	0	0	1
3	139331867	139332212	1	terminal	0	0	1	0	0	0
3	139590593	139591168	1	shCd19	0	0	0	0	1	0
3	139656315	139656598	1	memory	0	0	0	1	0	0
3	139913371	139913604	1	shRunx3	0	0	0	0	0	1
3	140626176	140626411	1	terminal	0	0	1	0	0	0
3	140697808	140698007	1	shCd19	0	0	0	0	1	0
3	140845048	140845795	1	terminal	0	0	1	0	0	0
3	140909185	140909703	1	terminal	0	0	1	0	0	0
3	141239322	141239612	1	memory	0	0	0	1	0	0
3	141481838	141482252	1	terminal	0	0	1	0	0	0
3	142050509	142050925	1	shCd19	0	0	0	0	1	0
3	142107646	142107919	1	shRunx3	0	0	0	0	0	1
3	142250188	142250575	1	shCd19	0	0	0	0	1	0
3	142267885	142268197	1	memory	0	0	0	1	0	0
3	142826195	142826968	1	memory	0	0	0	1	0	0
3	142904323	142904615	1	terminal	0	0	1	0	0	0
3	142950319	142950614	1	late	0	1	0	0	0	0
3	143686743	143686981	1	shCd19	0	0	0	0	1	0
3	143722455	143722773	1	terminal	0	0	1	0	0	0
3	143763803	143764018	1	shCd19	0	0	0	0	1	0
3	143779140	143779428	1	terminal	0	0	1	0	0	0
3	143907682	143907948	1	early	1	0	0	0	0	0
3	144068848	144069161	1	terminal	0	0	1	0	0	0
3	144107830	144108405	1	shCd19	0	0	0	0	1	0
3	144181291	144181547	1	shRunx3	0	0	0	0	0	1
3	144316211	144316645	1	terminal	0	0	1	0	0	0
3	144422783	144423107	1	terminal	0	0	1	0	0	0
3	144472119	144472354	1	memory	0	0	0	1	0	0
3	144586466	144586758	1	shRunx3	0	0	0	0	0	1
3	144642565	144643034	1	shCd19	0	0	0	0	1	0
3	144646504	144646699	1	shRunx3	0	0	0	0	0	1
3	144717888	144718217	1	memory	0	0	0	1	0	0
3	145169627	145170069	1	memory	0	0	0	1	0	0
3	145584574	145584815	1	terminal	0	0	1	0	0	0
3	145606658	145607083	1	terminal	0	0	1	0	0	0
3	145671704	145672054	1	shRunx3	0	0	0	0	0	1
3	145884586	145885071	1	shRunx3	0	0	0	0	0	1
3	145886751	145887196	1	terminal	0	0	1	0	0	0
3	146180216	146180457	1	shRunx3	0	0	0	0	0	1
3	146511735	146511937	1	shCd19	0	0	0	0	1	0
3	146515086	146515341	1	shCd19	0	0	0	0	1	0
3	146697082	146697460	1	early	1	0	0	0	0	0
3	146714164	146714564	1	terminal	0	0	1	0	0	0
3	146738595	146739006	1	early	1	0	0	0	0	0
3	146758171	146758408	1	shCd19	0	0	0	0	1	0
3	146759498	146759867	1	late	0	1	0	0	0	0
3	146838474	146838898	1	shCd19	0	0	0	0	1	0
3	146878444	146878711	1	shCd19	0	0	0	0	1	0
3	147174846	147175071	1	memory	0	0	0	1	0	0
3	147201743	147202006	1	shRunx3	0	0	0	0	0	1
3	147454977	147455305	1	shRunx3	0	0	0	0	0	1
3	147581256	147581686	1	shRunx3	0	0	0	0	0	1
3	147678340	147678664	1	late	0	1	0	0	0	0
3	147943939	147944183	1	shRunx3	0	0	0	0	0	1
3	147957750	147958007	1	shRunx3	0	0	0	0	0	1
3	148029329	148029565	1	memory	0	0	0	1	0	0
3	148093338	148093677	1	shCd19	0	0	0	0	1	0
3	148129822	148130070	1	shRunx3	0	0	0	0	0	1
3	148734976	148735249	1	shCd19	0	0	0	0	1	0
3	148773868	148774197	1	terminal	0	0	1	0	0	0
3	148805613	148805936	1	terminal	0	0	1	0	0	0
3	149171440	149171819	1	late	0	1	0	0	0	0
3	149407076	149407316	1	shRunx3	0	0	0	0	0	1
3	149529982	149530240	1	shRunx3	0	0	0	0	0	1
3	149623175	149623488	1	shCd19	0	0	0	0	1	0
3	149680271	149680622	1	shCd19	0	0	0	0	1	0
3	149965492	149965787	1	early	1	0	0	0	0	0
3	150049518	150049795	1	terminal	0	0	1	0	0	0
3	150381958	150382282	1	shCd19	0	0	0	0	1	0
3	150541642	150541875	1	terminal	0	0	1	0	0	0
3	150671474	150671877	1	terminal	0	0	1	0	0	0
3	150790143	150790403	1	early	1	0	0	0	0	0
3	151296613	151296869	1	early	1	0	0	0	0	0
3	151386372	151386766	1	late	0	1	0	0	0	0
3	151413689	151414002	1	memory	0	0	0	1	0	0
3	151417788	151418024	1	memory	0	0	0	1	0	0
3	151801778	151802014	1	shCd19	0	0	0	0	1	0
3	152193843	152194271	1	memory	0	0	0	1	0	0
3	152655702	152655966	1	shRunx3	0	0	0	0	0	1
3	152678871	152679212	1	shCd19	0	0	0	0	1	0
3	153175347	153175560	1	shCd19	0	0	0	0	1	0
3	153416502	153416791	1	shCd19	0	0	0	0	1	0
3	153544587	153544952	1	early	1	0	0	0	0	0
3	153688945	153689152	1	shRunx3	0	0	0	0	0	1
3	153778551	153778842	1	shCd19	0	0	0	0	1	0
3	153840508	153840779	1	shRunx3	0	0	0	0	0	1
3	153944533	153944732	1	shCd19	0	0	0	0	1	0
3	154019836	154020193	1	memory	0	0	0	1	0	0
3	154163473	154163675	1	shRunx3	0	0	0	0	0	1
3	154206571	154206839	1	early	1	0	0	0	0	0
3	154485996	154486335	1	terminal	0	0	1	0	0	0
3	154877494	154877787	1	memory	0	0	0	1	0	0
3	154890886	154891151	1	terminal	0	0	1	0	0	0
3	154895971	154896378	1	memory	0	0	0	1	0	0
3	154980284	154980763	1	memory	0	0	0	1	0	0
3	155043332	155043650	1	terminal	0	0	1	0	0	0
3	155099202	155099690	1	shRunx3	0	0	0	0	0	1
3	155250966	155251237	1	terminal	0	0	1	0	0	0
3	156025234	156025511	1	shRunx3	0	0	0	0	0	1
3	156069429	156070020	1	memory	0	0	0	1	0	0
3	156255784	156256160	1	late	0	1	0	0	0	0
3	156430695	156430973	1	shCd19	0	0	0	0	1	0
3	156451823	156452237	1	memory	0	0	0	1	0	0
3	157066827	157067318	1	early	1	0	0	0	0	0
3	157351184	157351648	1	late	0	1	0	0	0	0
3	157354945	157355177	1	terminal	0	0	1	0	0	0
3	157515541	157516201	1	terminal	0	0	1	0	0	0
3	157747141	157747366	1	memory	0	0	0	1	0	0
3	157819808	157820068	1	shCd19	0	0	0	0	1	0
3	157931078	157931353	1	terminal	0	0	1	0	0	0
3	158147144	158147606	1	memory	0	0	0	1	0	0
3	158201378	158201922	1	shRunx3	0	0	0	0	0	1
3	158520517	158520991	1	terminal	0	0	1	0	0	0
3	158531512	158531810	1	late	0	1	0	0	0	0
3	158662056	158662384	1	shCd19	0	0	0	0	1	0
3	159597796	159597989	1	shRunx3	0	0	0	0	0	1
3	159742716	159743003	1	memory	0	0	0	1	0	0
3	159883065	159883423	1	late	0	1	0	0	0	0
3	159900682	159900915	1	shCd19	0	0	0	0	1	0
4	3380627	3380862	1	terminal	0	0	1	0	0	0
4	3596652	3596929	1	terminal	0	0	1	0	0	0
4	3665563	3665915	1	terminal	0	0	1	0	0	0
4	4133002	4133260	1	terminal	0	0	1	0	0	0
4	4154345	4154617	1	shRunx3	0	0	0	0	0	1
4	4314147	4314155	1	terminal	0	0	1	0	0	0
4	4314155	4314425	2	early,terminal	1	0	1	0	0	0
4	4314425	4314700	1	terminal	0	0	1	0	0	0
4	4341796	4342038	1	terminal	0	0	1	0	0	0
4	4361598	4362338	1	late	0	1	0	0	0	0
4	4432052	4432424	1	late	0	1	0	0	0	0
4	4513857	4514150	1	terminal	0	0	1	0	0	0
4	5016367	5016594	1	terminal	0	0	1	0	0	0
4	5264459	5265082	1	terminal	0	0	1	0	0	0
4	5287946	5288507	1	memory	0	0	0	1	0	0
4	5584586	5584895	1	late	0	1	0	0	0	0
4	5617848	5618403	1	terminal	0	0	1	0	0	0
4	5631156	5631493	1	memory	0	0	0	1	0	0
4	6131226	6131510	1	terminal	0	0	1	0	0	0
4	6269345	6269750	1	terminal	0	0	1	0	0	0
4	6628880	6629130	1	terminal	0	0	1	0	0	0
4	6767907	6768181	1	terminal	0	0	1	0	0	0
4	6820491	6820760	1	shCd19	0	0	0	0	1	0
4	7110542	7110737	1	shRunx3	0	0	0	0	0	1
4	7243167	7243505	1	shCd19	0	0	0	0	1	0
4	7554530	7554911	1	late	0	1	0	0	0	0
4	7690899	7691094	1	shCd19	0	0	0	0	1	0
4	7961093	7961362	1	shRunx3	0	0	0	0	0	1
4	8040219	8040520	1	shCd19	0	0	0	0	1	0
4	8251839	8252194	1	terminal	0	0	1	0	0	0
4	8694455	8694944	1	shCd19	0	0	0	0	1	0
4	8912923	8913442	1	shCd19	0	0	0	0	1	0
4	8918307	8918645	1	terminal	0	0	1	0	0	0
4	8923099	8923445	1	shRunx3	0	0	0	0	0	1
4	9058951	9059303	1	late	0	1	0	0	0	0
4	9280023	9280239	1	shRunx3	0	0	0	0	0	1
4	9830607	9830847	1	shRunx3	0	0	0	0	0	1
4	10221737	10222353	1	shRunx3	0	0	0	0	0	1
4	10262310	10262617	1	shCd19	0	0	0	0	1	0
4	10468747	10469025	1	terminal	0	0	1	0	0	0
4	10471175	10471406	1	shCd19	0	0	0	0	1	0
4	10765294	10765563	1	shCd19	0	0	0	0	1	0
4	10863988	10864479	1	shRunx3	0	0	0	0	0	1
4	10942279	10942587	1	shRunx3	0	0	0	0	0	1
4	11584112	11584425	1	memory	0	0	0	1	0	0
4	11699367	11699568	1	shRunx3	0	0	0	0	0	1
4	11721538	11721818	1	shCd19	0	0	0	0	1	0
4	11888113	11888385	1	terminal	0	0	1	0	0	0
4	12172200	12172461	1	terminal	0	0	1	0	0	0
4	12185536	12185776	1	shCd19	0	0	0	0	1	0
4	12203099	12203396	1	terminal	0	0	1	0	0	0
4	12514538	12514853	1	shCd19	0	0	0	0	1	0
4	12895005	12895297	1	late	0	1	0	0	0	0
4	13077060	13077250	1	shRunx3	0	0	0	0	0	1
4	13164584	13164919	1	shCd19	0	0	0	0	1	0
4	13177097	13177295	1	shCd19	0	0	0	0	1	0
4	13481011	13481301	1	terminal	0	0	1	0	0	0
4	13604988	13605269	1	shCd19	0	0	0	0	1	0
4	13905654	13906010	1	terminal	0	0	1	0	0	0
4	14190698	14190947	1	shRunx3	0	0	0	0	0	1
4	14279216	14279457	1	shRunx3	0	0	0	0	0	1
4	14620022	14620576	1	terminal	0	0	1	0	0	0
4	14747747	14747950	1	shRunx3	0	0	0	0	0	1
4	15648830	15649169	1	shCd19	0	0	0	0	1	0
4	15919277	15919645	1	shRunx3	0	0	0	0	0	1
4	16038531	16038776	1	terminal	0	0	1	0	0	0
4	16091406	16091923	1	memory	0	0	0	1	0	0
4	16296565	16296904	1	early	1	0	0	0	0	0
4	16347851	16348126	1	terminal	0	0	1	0	0	0
4	16476152	16476420	1	terminal	0	0	1	0	0	0
4	16736380	16736614	1	shRunx3	0	0	0	0	0	1
4	17021658	17021941	1	shCd19	0	0	0	0	1	0
4	17336897	17337186	1	terminal	0	0	1	0	0	0
4	17547102	17547359	1	memory	0	0	0	1	0	0
4	17548659	17548917	1	shCd19	0	0	0	0	1	0
4	18050612	18050828	1	shCd19	0	0	0	0	1	0
4	19332892	19333170	1	terminal	0	0	1	0	0	0
4	19529958	19530916	1	terminal	0	0	1	0	0	0
4	19684960	19685475	1	terminal	0	0	1	0	0	0
4	19777052	19777527	1	shRunx3	0	0	0	0	0	1
4	19777916	19778109	1	shRunx3	0	0	0	0	0	1
4	19953513	19953913	1	shRunx3	0	0	0	0	0	1
4	20117983	20118272	1	shRunx3	0	0	0	0	0	1
4	20155286	20155670	1	late	0	1	0	0	0	0
4	20300875	20301213	1	early	1	0	0	0	0	0
4	20324560	20324788	1	shRunx3	0	0	0	0	0	1
4	20486612	20486873	1	shRunx3	0	0	0	0	0	1
4	20535076	20535386	1	terminal	0	0	1	0	0	0
4	20626553	20626844	1	shRunx3	0	0	0	0	0	1
4	20673410	20673631	1	shRunx3	0	0	0	0	0	1
4	20780443	20780862	1	terminal	0	0	1	0	0	0
4	20866006	20866412	1	terminal	0	0	1	0	0	0
4	21298872	21299117	1	terminal	0	0	1	0	0	0
4	21617418	21617723	1	shCd19	0	0	0	0	1	0
4	22073256	22073483	1	memory	0	0	0	1	0	0
4	22148447	22148715	1	memory	0	0	0	1	0	0
4	22302300	22302510	1	shCd19	0	0	0	0	1	0
4	22357447	22357808	1	shRunx3	0	0	0	0	0	1
4	22573717	22573978	1	shCd19	0	0	0	0	1	0
4	22778794	22779078	1	early	1	0	0	0	0	0
4	22934458	22934923	1	memory	0	0	0	1	0	0
4	23730305	23730572	1	shCd19	0	0	0	0	1	0
4	23929512	23929815	1	late	0	1	0	0	0	0
4	23956199	23956467	1	memory	0	0	0	1	0	0
4	24226408	24226824	1	late	0	1	0	0	0	0
4	24963944	24964326	1	memory	0	0	0	1	0	0
4	25720981	25721593	1	shCd19	0	0	0	0	1	0
4	25928241	25928631	1	late	0	1	0	0	0	0
4	26066157	26066451	1	terminal	0	0	1	0	0	0
4	26071569	26072066	1	late	0	1	0	0	0	0
4	26229498	26229798	1	early	1	0	0	0	0	0
4	27127129	27127548	1	shRunx3	0	0	0	0	0	1
4	27322895	27323301	1	early	1	0	0	0	0	0
4	27356406	27356736	1	terminal	0	0	1	0	0	0
4	27967750	27967981	1	shCd19	0	0	0	0	1	0
4	28077298	28077573	1	shCd19	0	0	0	0	1	0
4	28256805	28257060	1	terminal	0	0	1	0	0	0
4	28257242	28257523	1	shCd19	0	0	0	0	1	0
4	28640881	28641257	1	shCd19	0	0	0	0	1	0
4	28798092	28798459	1	shRunx3	0	0	0	0	0	1
4	29045610	29046285	1	shRunx3	0	0	0	0	0	1
4	29408427	29408767	1	shCd19	0	0	0	0	1	0
4	29481431	29481718	1	memory	0	0	0	1	0	0
4	29799863	29800211	1	terminal	0	0	1	0	0	0
4	29822033	29822301	1	terminal	0	0	1	0	0	0
4	30007168	30007399	1	shRunx3	0	0	0	0	0	1
4	30103969	30104264	1	memory	0	0	0	1	0	0
4	30175143	30175645	1	shRunx3	0	0	0	0	0	1
4	31215045	31215467	1	early	1	0	0	0	0	0
4	31383803	31384082	1	memory	0	0	0	1	0	0
4	31553708	31553982	1	shCd19	0	0	0	0	1	0
4	31599534	31599762	1	terminal	0	0	1	0	0	0
4	31648616	31648855	1	shRunx3	0	0	0	0	0	1
4	32157055	32157306	1	shRunx3	0	0	0	0	0	1
4	32164514	32165028	1	terminal	0	0	1	0	0	0
4	32200487	32200787	1	terminal	0	0	1	0	0	0
4	32250468	32250802	1	shCd19	0	0	0	0	1	0
4	32258099	32258442	1	shRunx3	0	0	0	0	0	1
4	32344092	32344350	1	shCd19	0	0	0	0	1	0
4	32377441	32377682	1	shRunx3	0	0	0	0	0	1
4	32398080	32398393	1	terminal	0	0	1	0	0	0
4	32424419	32424829	1	shRunx3	0	0	0	0	0	1
4	32588099	32588332	1	shRunx3	0	0	0	0	0	1
4	33015260	33015501	1	shCd19	0	0	0	0	1	0
4	33175404	33175632	1	shCd19	0	0	0	0	1	0
4	33211866	33212312	1	memory	0	0	0	1	0	0
4	33234339	33234628	1	shRunx3	0	0	0	0	0	1
4	33339075	33339332	1	terminal	0	0	1	0	0	0
4	33693543	33693810	1	shCd19	0	0	0	0	1	0
4	33787195	33787410	1	shCd19	0	0	0	0	1	0
4	33811297	33811626	1	terminal	0	0	1	0	0	0
4	34036590	34036820	1	shRunx3	0	0	0	0	0	1
4	34199601	34199864	1	shCd19	0	0	0	0	1	0
4	34229074	34229281	1	shRunx3	0	0	0	0	0	1
4	34360960	34361230	1	terminal	0	0	1	0	0	0
4	34371296	34371546	1	terminal	0	0	1	0	0	0
4	34423527	34423786	1	shCd19	0	0	0	0	1	0
4	34689141	34689471	1	terminal	0	0	1	0	0	0
4	35225896	35226388	1	shRunx3	0	0	0	0	0	1
4	35229894	35230133	1	shRunx3	0	0	0	0	0	1
4	35231007	35231383	1	late	0	1	0	0	0	0
4	35388603	35388974	1	terminal	0	0	1	0	0	0
4	35736456	35736832	1	memory	0	0	0	1	0	0
4	35941689	35941970	1	terminal	0	0	1	0	0	0
4	35987944	35988241	1	shRunx3	0	0	0	0	0	1
4	36132828	36133103	1	shCd19	0	0	0	0	1	0
4	36351183	36351441	1	terminal	0	0	1	0	0	0
4	36391902	36392317	1	shRunx3	0	0	0	0	0	1
4	36521926	36522724	1	shCd19	0	0	0	0	1	0
4	36577247	36577479	1	shCd19	0	0	0	0	1	0
4	36882608	36882933	1	shCd19	0	0	0	0	1	0
4	36919087	36919410	1	terminal	0	0	1	0	0	0
4	37186612	37186970	1	late	0	1	0	0	0	0
4	37328422	37328758	1	shRunx3	0	0	0	0	0	1
4	37389128	37389450	1	shRunx3	0	0	0	0	0	1
4	37822369	37822848	1	terminal	0	0	1	0	0	0
4	37967710	37967907	1	shRunx3	0	0	0	0	0	1
4	37970540	37970884	1	shRunx3	0	0	0	0	0	1
4	37973190	37973470	1	shRunx3	0	0	0	0	0	1
4	38148513	38148756	1	early	1	0	0	0	0	0
4	38223196	38223612	1	shCd19	0	0	0	0	1	0
4	38257318	38257645	1	terminal	0	0	1	0	0	0
4	38794567	38795261	1	early	1	0	0	0	0	0
4	39204222	39204434	1	shCd19	0	0	0	0	1	0
4	39703494	39703803	1	terminal	0	0	1	0	0	0
4	39995117	39995359	1	early	1	0	0	0	0	0
4	40143017	40143296	1	shRunx3	0	0	0	0	0	1
4	40273205	40273490	1	terminal	0	0	1	0	0	0
4	40722165	40722390	1	shCd19	0	0	0	0	1	0
4	40952607	40952885	1	shRunx3	0	0	0	0	0	1
4	40970936	40971278	1	shCd19	0	0	0	0	1	0
4	41358636	41359115	1	shRunx3	0	0	0	0	0	1
4	41408087	41408463	1	shCd19	0	0	0	0	1	0
4	41595818	41596089	1	shRunx3	0	0	0	0	0	1
4	41638389	41638664	1	memory	0	0	0	1	0	0
4	42910804	42911251	1	shRunx3	0	0	0	0	0	1
4	42938333	42938574	1	terminal	0	0	1	0	0	0
4	43025307	43025845	1	shRunx3	0	0	0	0	0	1
4	43194919	43195204	1	shRunx3	0	0	0	0	0	1
4	43276454	43276746	1	memory	0	0	0	1	0	0
4	43277803	43277993	1	shRunx3	0	0	0	0	0	1
4	43286589	43286859	1	terminal	0	0	1	0	0	0
4	43376513	43376776	1	terminal	0	0	1	0	0	0
4	43443635	43443986	1	memory	0	0	0	1	0	0
4	43492636	43493244	1	shRunx3	0	0	0	0	0	1
4	43532341	43532651	1	shCd19	0	0	0	0	1	0
4	43552778	43553272	1	shRunx3	0	0	0	0	0	1
4	43562288	43562652	1	shCd19	0	0	0	0	1	0
4	43993964	43994267	1	shCd19	0	0	0	0	1	0
4	44022354	44022448	1	shRunx3	0	0	0	0	0	1
4	44022448	44022867	2	terminal,shRunx3	0	0	1	0	0	1
4	44022867	44022943	1	shRunx3	0	0	0	0	0	1
4	44227166	44227568	1	terminal	0	0	1	0	0	0
4	44779090	44779363	1	terminal	0	0	1	0	0	0
4	44878156	44878375	1	shRunx3	0	0	0	0	0	1
4	44913548	44913743	1	shCd19	0	0	0	0	1	0
4	45012294	45012725	1	shCd19	0	0	0	0	1	0
4	45058683	45059078	1	late	0	1	0	0	0	0
4	45129393	45129810	1	shCd19	0	0	0	0	1	0
4	45223596	45224054	1	early	1	0	0	0	0	0
4	45296932	45297212	1	late	0	1	0	0	0	0
4	45400458	45400795	1	shRunx3	0	0	0	0	0	1
4	45420669	45421052	1	terminal	0	0	1	0	0	0
4	45431515	45431770	1	shCd19	0	0	0	0	1	0
4	45676351	45676552	1	shCd19	0	0	0	0	1	0
4	45712791	45713117	1	shRunx3	0	0	0	0	0	1
4	46189329	46189653	1	late	0	1	0	0	0	0
4	46302556	46302935	1	late	0	1	0	0	0	0
4	46397097	46397411	1	shRunx3	0	0	0	0	0	1
4	46677221	46677524	1	terminal	0	0	1	0	0	0
4	46794216	46794429	1	shRunx3	0	0	0	0	0	1
4	46839090	46839392	1	memory	0	0	0	1	0	0
4	46874707	46875369	1	terminal	0	0	1	0	0	0
4	47116591	47116903	1	shCd19	0	0	0	0	1	0
4	47216243	47216540	1	late	0	1	0	0	0	0
4	47246416	47246993	1	shCd19	0	0	0	0	1	0
4	47388040	47388245	1	shRunx3	0	0	0	0	0	1
4	47474370	47474669	1	shCd19	0	0	0	0	1	0
4	47535674	47536028	1	memory	0	0	0	1	0	0
4	47610337	47610647	1	terminal	0	0	1	0	0	0
4	47805679	47806009	1	terminal	0	0	1	0	0	0
4	47893664	47893982	1	shRunx3	0	0	0	0	0	1
4	48042825	48042876	1	shRunx3	0	0	0	0	0	1
4	48042876	48043222	2	shCd19,shRunx3	0	0	0	0	1	1
4	48043222	48043698	1	shCd19	0	0	0	0	1	0
4	48215626	48215949	1	memory	0	0	0	1	0	0
4	48270870	48271221	1	shRunx3	0	0	0	0	0	1
4	48507715	48508066	1	memory	0	0	0	1	0	0
4	48543833	48544091	1	late	0	1	0	0	0	0
4	48609757	48610049	1	late	0	1	0	0	0	0
4	48707945	48708213	1	shCd19	0	0	0	0	1	0
4	49240172	49240404	1	shRunx3	0	0	0	0	0	1
4	49431937	49432455	1	shCd19	0	0	0	0	1	0
4	49532430	49532681	1	terminal	0	0	1	0	0	0
4	49628411	49628660	1	memory	0	0	0	1	0	0
4	49696130	49696460	1	shRunx3	0	0	0	0	0	1
4	49842366	49842734	1	shCd19	0	0	0	0	1	0
4	50443630	50444033	1	early	1	0	0	0	0	0
4	50606940	50607152	1	shRunx3	0	0	0	0	0	1
4	50964449	50964692	1	terminal	0	0	1	0	0	0
4	50981552	50981886	1	shCd19	0	0	0	0	1	0
4	51020449	51020829	1	terminal	0	0	1	0	0	0
4	51550070	51550345	1	shRunx3	0	0	0	0	0	1
4	51659060	51659335	1	shCd19	0	0	0	0	1	0
4	51678222	51678593	1	late	0	1	0	0	0	0
4	51838257	51838769	1	shRunx3	0	0	0	0	0	1
4	51931350	51931668	1	shCd19	0	0	0	0	1	0
4	52533597	52533820	1	shRunx3	0	0	0	0	0	1
4	52553060	52553411	1	terminal	0	0	1	0	0	0
4	52885111	52885506	1	shRunx3	0	0	0	0	0	1
4	53208508	53208895	1	memory	0	0	0	1	0	0
4	53898144	53898418	1	memory	0	0	0	1	0	0
4	54086377	54086614	1	terminal	0	0	1	0	0	0
4	54314846	54315090	1	shCd19	0	0	0	0	1	0
4	54603190	54603380	1	shRunx3	0	0	0	0	0	1
4	54789787	54790014	1	shRunx3	0	0	0	0	0	1
4	55120712	55121042	1	memory	0	0	0	1	0	0
4	55133256	55133637	1	shRunx3	0	0	0	0	0	1
4	55189788	55190155	1	shRunx3	0	0	0	0	0	1
4	55287005	55287317	1	terminal	0	0	1	0	0	0
4	55349415	55349720	1	shRunx3	0	0	0	0	0	1
4	55446842	55447165	1	shCd19	0	0	0	0	1	0
4	55455348	55455593	1	terminal	0	0	1	0	0	0
4	55592125	55592381	1	shRunx3	0	0	0	0	0	1
4	55942738	55943044	1	memory	0	0	0	1	0	0
4	56059408	56059893	1	shRunx3	0	0	0	0	0	1
4	56195964	56196408	1	shCd19	0	0	0	0	1	0
4	56713716	56714006	1	shRunx3	0	0	0	0	0	1
4	56862433	56862726	1	shCd19	0	0	0	0	1	0
4	57023395	57023818	1	late	0	1	0	0	0	0
4	57197847	57198076	1	terminal	0	0	1	0	0	0
4	57241831	57242048	1	shRunx3	0	0	0	0	0	1
4	57278727	57279050	1	shCd19	0	0	0	0	1	0
4	57519166	57519553	1	early	1	0	0	0	0	0
4	57607603	57607830	1	memory	0	0	0	1	0	0
4	57785339	57785670	1	shCd19	0	0	0	0	1	0
4	57855350	57855692	1	terminal	0	0	1	0	0	0
4	57956542	57956831	1	shRunx3	0	0	0	0	0	1
4	58113601	58113889	1	shCd19	0	0	0	0	1	0
4	58275803	58276050	1	shCd19	0	0	0	0	1	0
4	58463403	58463842	1	terminal	0	0	1	0	0	0
4	58480813	58481145	1	memory	0	0	0	1	0	0
4	59152245	59152689	1	shCd19	0	0	0	0	1	0
4	59260857	59261514	1	shRunx3	0	0	0	0	0	1
4	59265129	59265866	1	shRunx3	0	0	0	0	0	1
4	59334397	59334754	1	shRunx3	0	0	0	0	0	1
4	59776845	59777408	1	shRunx3	0	0	0	0	0	1
4	60051920	60052162	1	shCd19	0	0	0	0	1	0
4	61838052	61838272	1	shRunx3	0	0	0	0	0	1
4	62086470	62086668	1	shRunx3	0	0	0	0	0	1
4	62630935	62631486	1	shRunx3	0	0	0	0	0	1
4	62676576	62677027	1	memory	0	0	0	1	0	0
4	62835692	62836036	1	memory	0	0	0	1	0	0
4	62913752	62914177	1	shRunx3	0	0	0	0	0	1
4	63000414	63000645	1	memory	0	0	0	1	0	0
4	63260560	63260821	1	terminal	0	0	1	0	0	0
4	63381202	63381419	1	shRunx3	0	0	0	0	0	1
4	63410133	63410816	1	shCd19	0	0	0	0	1	0
4	63504329	63504614	1	shRunx3	0	0	0	0	0	1
4	63710565	63710800	1	memory	0	0	0	1	0	0
4	63715989	63716406	1	shRunx3	0	0	0	0	0	1
4	63951832	63952202	1	shRunx3	0	0	0	0	0	1
4	64190698	64191104	1	terminal	0	0	1	0	0	0
4	64236985	64237301	1	memory	0	0	0	1	0	0
4	64317578	64317882	1	shCd19	0	0	0	0	1	0
4	64337754	64337982	1	shCd19	0	0	0	0	1	0
4	64384101	64384571	1	late	0	1	0	0	0	0
4	64650150	64650373	1	shCd19	0	0	0	0	1	0
4	64779484	64779896	1	terminal	0	0	1	0	0	0
4	64946422	64946900	1	terminal	0	0	1	0	0	0
4	64949794	64949994	1	shCd19	0	0	0	0	1	0
4	65029012	65029459	1	late	0	1	0	0	0	0
4	65045395	65045716	1	shCd19	0	0	0	0	1	0
4	65170495	65170787	1	terminal	0	0	1	0	0	0
4	65284287	65284683	1	memory	0	0	0	1	0	0
4	65341570	65342057	1	terminal	0	0	1	0	0	0
4	65361177	65361423	1	shCd19	0	0	0	0	1	0
4	65420178	65420479	1	shRunx3	0	0	0	0	0	1
4	65434983	65435219	1	terminal	0	0	1	0	0	0
4	65605244	65605734	1	shCd19	0	0	0	0	1	0
4	65645700	65646015	1	early	1	0	0	0	0	0
4	65787520	65787762	1	memory	0	0	0	1	0	0
4	66010202	66010473	1	early	1	0	0	0	0	0
4	66026880	66027152	1	late	0	1	0	0	0	0
4	66293151	66293813	1	memory	0	0	0	1	0	0
4	66559760	66560112	1	terminal	0	0	1	0	0	0
4	66992791	66993093	1	terminal	0	0	1	0	0	0
4	67495347	67495753	1	terminal	0	0	1	0	0	0
4	67789817	67790074	1	late	0	1	0	0	0	0
4	68108504	68108823	1	terminal	0	0	1	0	0	0
4	68664338	68664713	1	shRunx3	0	0	0	0	0	1
4	68666161	68666658	1	shRunx3	0	0	0	0	0	1
4	68828523	68828798	1	shCd19	0	0	0	0	1	0
4	69269382	69269794	1	shRunx3	0	0	0	0	0	1
4	69309771	69310235	1	terminal	0	0	1	0	0	0
4	69343946	69344309	1	memory	0	0	0	1	0	0
4	69614867	69615085	1	shRunx3	0	0	0	0	0	1
4	69971542	69971863	1	terminal	0	0	1	0	0	0
4	70097853	70098072	1	shRunx3	0	0	0	0	0	1
4	70179270	70179551	1	terminal	0	0	1	0	0	0
4	70217986	70218219	1	memory	0	0	0	1	0	0
4	70299023	70299585	1	terminal	0	0	1	0	0	0
4	70507615	70508268	1	shRunx3	0	0	0	0	0	1
4	70548117	70548341	1	shRunx3	0	0	0	0	0	1
4	71005893	71006203	1	shRunx3	0	0	0	0	0	1
4	71024579	71024862	1	shCd19	0	0	0	0	1	0
4	71302630	71302900	1	terminal	0	0	1	0	0	0
4	71314546	71315039	1	shCd19	0	0	0	0	1	0
4	71465086	71465315	1	terminal	0	0	1	0	0	0
4	71999705	72000043	1	shRunx3	0	0	0	0	0	1
4	72148023	72148380	1	shCd19	0	0	0	0	1	0
4	72210243	72210504	1	terminal	0	0	1	0	0	0
4	72225487	72225738	1	shRunx3	0	0	0	0	0	1
4	72379832	72380100	1	shRunx3	0	0	0	0	0	1
4	72818383	72818628	1	shCd19	0	0	0	0	1	0
4	73290336	73290901	1	late	0	1	0	0	0	0
4	73439375	73439681	1	shCd19	0	0	0	0	1	0
4	73444530	73445018	1	shRunx3	0	0	0	0	0	1
4	74149459	74149678	1	shRunx3	0	0	0	0	0	1
4	74150980	74151495	1	late	0	1	0	0	0	0
4	74709718	74709928	1	shRunx3	0	0	0	0	0	1
4	75273491	75273733	1	terminal	0	0	1	0	0	0
4	75278358	75278835	1	terminal	0	0	1	0	0	0
4	75541561	75541802	1	shRunx3	0	0	0	0	0	1
4	75739775	75740024	1	terminal	0	0	1	0	0	0
4	75837648	75838151	1	shRunx3	0	0	0	0	0	1
4	75878770	75878964	1	shCd19	0	0	0	0	1	0
4	76019545	76020020	1	terminal	0	0	1	0	0	0
4	76035490	76035685	1	shRunx3	0	0	0	0	0	1
4	76319716	76319978	1	shRunx3	0	0	0	0	0	1
4	76331189	76331693	1	early	1	0	0	0	0	0
4	76517927	76518203	1	shCd19	0	0	0	0	1	0
4	76815731	76815944	1	shRunx3	0	0	0	0	0	1
4	76957956	76958285	1	shRunx3	0	0	0	0	0	1
4	77029423	77030006	1	terminal	0	0	1	0	0	0
4	77413671	77413907	1	shRunx3	0	0	0	0	0	1
4	77416633	77416877	1	memory	0	0	0	1	0	0
4	77797707	77797979	1	shRunx3	0	0	0	0	0	1
4	78109427	78109717	1	terminal	0	0	1	0	0	0
4	78219713	78220059	1	shRunx3	0	0	0	0	0	1
4	78448711	78448963	1	shCd19	0	0	0	0	1	0
4	78522597	78523436	1	terminal	0	0	1	0	0	0
4	79080645	79080841	1	shCd19	0	0	0	0	1	0
4	79160121	79160470	1	late	0	1	0	0	0	0
4	79241643	79241912	1	memory	0	0	0	1	0	0
4	79255368	79255679	1	shRunx3	0	0	0	0	0	1
4	79348189	79348478	1	shCd19	0	0	0	0	1	0
4	79381755	79382049	1	early	1	0	0	0	0	0
4	79468832	79469319	1	memory	0	0	0	1	0	0
4	80138479	80138848	1	early	1	0	0	0	0	0
4	80400808	80401165	1	shCd19	0	0	0	0	1	0
4	80689931	80690204	1	late	0	1	0	0	0	0
4	80886850	80887096	1	early	1	0	0	0	0	0
4	81025571	81026056	1	terminal	0	0	1	0	0	0
4	81466752	81466959	1	shRunx3	0	0	0	0	0	1
4	81510852	81511208	1	memory	0	0	0	1	0	0
4	81627676	81628142	1	shCd19	0	0	0	0	1	0
4	81669612	81669939	1	late	0	1	0	0	0	0
4	82712767	82713012	1	early	1	0	0	0	0	0
4	83079497	83079738	1	shRunx3	0	0	0	0	0	1
4	83321561	83321879	1	memory	0	0	0	1	0	0
4	83430515	83430768	1	shRunx3	0	0	0	0	0	1
4	83496998	83497388	1	late	0	1	0	0	0	0
4	83503090	83503421	1	early	1	0	0	0	0	0
4	83785923	83786161	1	terminal	0	0	1	0	0	0
4	84740448	84740743	1	memory	0	0	0	1	0	0
4	84889215	84889447	1	shRunx3	0	0	0	0	0	1
4	84934439	84934711	1	terminal	0	0	1	0	0	0
4	85329514	85329905	1	memory	0	0	0	1	0	0
4	85754548	85754950	1	shCd19	0	0	0	0	1	0
4	85819778	85820037	1	shRunx3	0	0	0	0	0	1
4	86070084	86070431	1	memory	0	0	0	1	0	0
4	86084767	86085130	1	terminal	0	0	1	0	0	0
4	86247261	86247593	1	terminal	0	0	1	0	0	0
4	86518674	86519062	1	memory	0	0	0	1	0	0
4	86646395	86646650	1	shCd19	0	0	0	0	1	0
4	86646650	86646797	2	late,shCd19	0	1	0	0	1	0
4	86646797	86646971	1	late	0	1	0	0	0	0
4	87046233	87046482	1	memory	0	0	0	1	0	0
4	87094163	87094454	1	terminal	0	0	1	0	0	0
4	87891274	87891827	1	late	0	1	0	0	0	0
4	88049265	88049527	1	late	0	1	0	0	0	0
4	88085288	88085620	1	shCd19	0	0	0	0	1	0
4	88389743	88390023	1	terminal	0	0	1	0	0	0
4	88531139	88531468	1	early	1	0	0	0	0	0
4	88735191	88735429	1	early	1	0	0	0	0	0
4	88851283	88851590	1	memory	0	0	0	1	0	0
4	88928305	88928530	1	shCd19	0	0	0	0	1	0
4	89224675	89224935	1	shRunx3	0	0	0	0	0	1
4	89286742	89286973	1	memory	0	0	0	1	0	0
4	89300209	89300507	1	shRunx3	0	0	0	0	0	1
4	89358734	89358948	1	shRunx3	0	0	0	0	0	1
4	89367803	89368083	1	shCd19	0	0	0	0	1	0
4	89524584	89524806	1	shRunx3	0	0	0	0	0	1
4	89995947	89996574	1	terminal	0	0	1	0	0	0
4	90117625	90118208	1	shCd19	0	0	0	0	1	0
4	90218596	90218976	1	shRunx3	0	0	0	0	0	1
4	90299231	90299725	1	shRunx3	0	0	0	0	0	1
4	90459918	90460256	1	shRunx3	0	0	0	0	0	1
4	90735568	90735842	1	terminal	0	0	1	0	0	0
4	90907184	90907552	1	shCd19	0	0	0	0	1	0
4	90921015	90921447	1	terminal	0	0	1	0	0	0
4	91469508	91469739	1	terminal	0	0	1	0	0	0
4	91474563	91474835	1	late	0	1	0	0	0	0
4	91533053	91533300	1	shRunx3	0	0	0	0	0	1
4	91922425	91922654	1	terminal	0	0	1	0	0	0
4	92274150	92274389	1	shRunx3	0	0	0	0	0	1
4	92500583	92500873	1	shRunx3	0	0	0	0	0	1
4	92747879	92748219	1	memory	0	0	0	1	0	0
4	93258430	93259100	1	shRunx3	0	0	0	0	0	1
4	93433032	93433317	1	terminal	0	0	1	0	0	0
4	93462749	93462952	1	shCd19	0	0	0	0	1	0
4	93467655	93467993	1	shRunx3	0	0	0	0	0	1
4	93928780	93929071	1	late	0	1	0	0	0	0
4	94131426	94131714	1	late	0	1	0	0	0	0
4	94509637	94510160	1	shRunx3	0	0	0	0	0	1
4	94958846	94959064	1	shCd19	0	0	0	0	1	0
4	95051393	95051681	1	terminal	0	0	1	0	0	0
4	95272099	95272322	1	shCd19	0	0	0	0	1	0
4	95361442	95361920	1	memory	0	0	0	1	0	0
4	95402628	95402952	1	shRunx3	0	0	0	0	0	1
4	95485834	95486072	1	shCd19	0	0	0	0	1	0
4	95624251	95624885	1	terminal	0	0	1	0	0	0
4	95928800	95929267	1	terminal	0	0	1	0	0	0
4	95990378	95990641	1	late	0	1	0	0	0	0
4	96605862	96606132	1	memory	0	0	0	1	0	0
4	96706474	96706762	1	early	1	0	0	0	0	0
4	96727592	96727828	1	memory	0	0	0	1	0	0
4	96912988	96913283	1	shRunx3	0	0	0	0	0	1
4	97116955	97117307	1	memory	0	0	0	1	0	0
4	97313452	97313766	1	shRunx3	0	0	0	0	0	1
4	97475920	97476214	1	shCd19	0	0	0	0	1	0
4	97638481	97638827	1	late	0	1	0	0	0	0
4	97897469	97897706	1	shRunx3	0	0	0	0	0	1
4	97901978	97902508	1	early	1	0	0	0	0	0
4	97954558	97954900	1	terminal	0	0	1	0	0	0
4	97973591	97974015	1	terminal	0	0	1	0	0	0
4	98018084	98018508	1	terminal	0	0	1	0	0	0
4	98043485	98043976	1	terminal	0	0	1	0	0	0
4	98213850	98214612	1	terminal	0	0	1	0	0	0
4	98225359	98225764	1	terminal	0	0	1	0	0	0
4	98237257	98237572	1	memory	0	0	0	1	0	0
4	98766696	98767058	1	late	0	1	0	0	0	0
4	98786641	98786901	1	shCd19	0	0	0	0	1	0
4	98881612	98881982	1	memory	0	0	0	1	0	0
4	99007003	99007418	1	terminal	0	0	1	0	0	0
4	99020700	99020999	1	shRunx3	0	0	0	0	0	1
4	99050240	99050589	1	memory	0	0	0	1	0	0
4	99181681	99181988	1	terminal	0	0	1	0	0	0
4	99818858	99819124	1	memory	0	0	0	1	0	0
4	99975881	99976165	1	shRunx3	0	0	0	0	0	1
4	100196848	100197070	1	shRunx3	0	0	0	0	0	1
4	100218919	100219158	1	terminal	0	0	1	0	0	0
4	100471698	100472117	1	terminal	0	0	1	0	0	0
4	100527230	100527790	1	memory	0	0	0	1	0	0
4	100540544	100540972	1	shCd19	0	0	0	0	1	0
4	100574371	100574576	1	shCd19	0	0	0	0	1	0
4	101397581	101397836	1	terminal	0	0	1	0	0	0
4	101406281	101406646	1	shCd19	0	0	0	0	1	0
4	102401923	102402272	1	terminal	0	0	1	0	0	0
4	102413442	102413716	1	shRunx3	0	0	0	0	0	1
4	102506494	102506998	1	shCd19	0	0	0	0	1	0
4	103000274	103000803	1	shRunx3	0	0	0	0	0	1
4	103010980	103011262	1	shCd19	0	0	0	0	1	0
4	103561154	103561390	1	terminal	0	0	1	0	0	0
4	103635650	103635999	1	terminal	0	0	1	0	0	0
4	104222106	104222370	1	terminal	0	0	1	0	0	0
4	104297817	104298275	1	early	1	0	0	0	0	0
4	104471736	104471997	1	shRunx3	0	0	0	0	0	1
4	104557880	104558340	1	terminal	0	0	1	0	0	0
4	104917398	104917658	1	shCd19	0	0	0	0	1	0
4	105096377	105096676	1	early	1	0	0	0	0	0
4	105254687	105254956	1	memory	0	0	0	1	0	0
4	105377670	105377971	1	terminal	0	0	1	0	0	0
4	105379728	105380102	1	shRunx3	0	0	0	0	0	1
4	105671453	105671779	1	shCd19	0	0	0	0	1	0
4	105854817	105855078	1	early	1	0	0	0	0	0
4	105962809	105963322	1	terminal	0	0	1	0	0	0
4	105993522	105993888	1	late	0	1	0	0	0	0
4	106833397	106833762	1	terminal	0	0	1	0	0	0
4	106834994	106835240	1	terminal	0	0	1	0	0	0
4	107178227	107178674	1	shRunx3	0	0	0	0	0	1
4	107436339	107436742	1	shCd19	0	0	0	0	1	0
4	107471822	107472195	1	late	0	1	0	0	0	0
4	107523029	107523636	1	terminal	0	0	1	0	0	0
4	107529225	107529427	1	shCd19	0	0	0	0	1	0
4	107676322	107676526	1	shRunx3	0	0	0	0	0	1
4	107736019	107736349	1	shCd19	0	0	0	0	1	0
4	107897483	107897757	1	memory	0	0	0	1	0	0
4	107923413	107923672	1	shCd19	0	0	0	0	1	0
4	107923672	107923715	2	shCd19,shRunx3	0	0	0	0	1	1
4	107923715	107924061	1	shRunx3	0	0	0	0	0	1
4	107982671	107982871	1	shCd19	0	0	0	0	1	0
4	108070978	108071239	1	shRunx3	0	0	0	0	0	1
4	108122998	108123583	1	late	0	1	0	0	0	0
4	108127282	108127603	1	shCd19	0	0	0	0	1	0
4	108308142	108308591	1	early	1	0	0	0	0	0
4	108313867	108314170	1	shRunx3	0	0	0	0	0	1
4	108327832	108328773	1	shRunx3	0	0	0	0	0	1
4	108778934	108779350	1	late	0	1	0	0	0	0
4	108834366	108834942	1	shCd19	0	0	0	0	1	0
4	108868855	108869140	1	shCd19	0	0	0	0	1	0
4	109000372	109000839	1	shRunx3	0	0	0	0	0	1
4	109240875	109241134	1	shRunx3	0	0	0	0	0	1
4	109368791	109369116	1	shRunx3	0	0	0	0	0	1
4	109533393	109534024	1	memory	0	0	0	1	0	0
4	109904656	109905348	1	terminal	0	0	1	0	0	0
4	109953833	109954078	1	shRunx3	0	0	0	0	0	1
4	110055198	110055450	1	memory	0	0	0	1	0	0
4	110169394	110169614	1	shRunx3	0	0	0	0	0	1
4	110667049	110667503	1	terminal	0	0	1	0	0	0
4	110668030	110668282	1	shRunx3	0	0	0	0	0	1
4	110920244	110920463	1	shRunx3	0	0	0	0	0	1
4	110954249	110954455	1	shCd19	0	0	0	0	1	0
4	111569595	111569943	1	terminal	0	0	1	0	0	0
4	111628632	111628889	1	shRunx3	0	0	0	0	0	1
4	111725562	111725763	1	shRunx3	0	0	0	0	0	1
4	111877071	111877401	1	terminal	0	0	1	0	0	0
4	111914279	111914650	1	terminal	0	0	1	0	0	0
4	112259187	112259398	1	shRunx3	0	0	0	0	0	1
4	112481022	112481260	1	shRunx3	0	0	0	0	0	1
4	112527525	112527752	1	terminal	0	0	1	0	0	0
4	112825933	112826245	1	terminal	0	0	1	0	0	0
4	112911880	112912268	1	memory	0	0	0	1	0	0
4	113084317	113084578	1	shCd19	0	0	0	0	1	0
4	113351960	113352381	1	terminal	0	0	1	0	0	0
4	113747476	113747720	1	shRunx3	0	0	0	0	0	1
4	113987470	113987729	1	early	1	0	0	0	0	0
4	114066860	114067171	1	late	0	1	0	0	0	0
4	114431187	114431688	1	terminal	0	0	1	0	0	0
4	114489599	114489946	1	shCd19	0	0	0	0	1	0
4	114500780	114501127	1	early	1	0	0	0	0	0
4	114653140	114653461	1	shRunx3	0	0	0	0	0	1
4	114661841	114662140	1	memory	0	0	0	1	0	0
4	114968141	114968592	1	shCd19	0	0	0	0	1	0
4	114996825	114997129	1	shCd19	0	0	0	0	1	0
4	114999037	114999810	1	terminal	0	0	1	0	0	0
4	115028219	115028420	1	shCd19	0	0	0	0	1	0
4	115187037	115187344	1	early	1	0	0	0	0	0
4	115262262	115262655	1	terminal	0	0	1	0	0	0
4	115292051	115292363	1	shCd19	0	0	0	0	1	0
4	115406039	115406661	1	memory	0	0	0	1	0	0
4	115627511	115627745	1	shRunx3	0	0	0	0	0	1
4	115735162	115735469	1	shRunx3	0	0	0	0	0	1
4	115812621	115812875	1	shRunx3	0	0	0	0	0	1
4	116009902	116010395	1	shCd19	0	0	0	0	1	0
4	116075326	116075847	1	terminal	0	0	1	0	0	0
4	116402921	116403412	1	shRunx3	0	0	0	0	0	1
4	116410464	116410827	1	shRunx3	0	0	0	0	0	1
4	116477960	116478333	1	memory	0	0	0	1	0	0
4	116487753	116488091	1	shRunx3	0	0	0	0	0	1
4	116617838	116618132	1	shRunx3	0	0	0	0	0	1
4	116651412	116651659	1	shCd19	0	0	0	0	1	0
4	116677744	116677977	1	shRunx3	0	0	0	0	0	1
4	116708360	116708598	1	shCd19	0	0	0	0	1	0
4	116720560	116721075	1	shCd19	0	0	0	0	1	0
4	117007381	117007835	1	memory	0	0	0	1	0	0
4	117075023	117075407	1	early	1	0	0	0	0	0
4	117125829	117126235	1	shRunx3	0	0	0	0	0	1
4	117340503	117340754	1	early	1	0	0	0	0	0
4	117539899	117540186	1	memory	0	0	0	1	0	0
4	117801138	117801885	1	shCd19	0	0	0	0	1	0
4	117915031	117915271	1	shRunx3	0	0	0	0	0	1
4	118179665	118179672	1	terminal	0	0	1	0	0	0
4	118179672	118179761	2	terminal,shCd19	0	0	1	0	1	0
4	118179761	118180029	3	late,terminal,shCd19	0	1	1	0	1	0
4	118180029	118180030	2	terminal,shCd19	0	0	1	0	1	0
4	118180030	118180053	1	shCd19	0	0	0	0	1	0
4	118419955	118420401	1	terminal	0	0	1	0	0	0
4	118605109	118605492	1	shRunx3	0	0	0	0	0	1
4	118761097	118761471	1	shRunx3	0	0	0	0	0	1
4	118765680	118765884	1	shCd19	0	0	0	0	1	0
4	118868292	118868839	1	terminal	0	0	1	0	0	0
4	119040882	119041087	1	shCd19	0	0	0	0	1	0
4	119125679	119125981	1	shCd19	0	0	0	0	1	0
4	119210145	119210609	1	early	1	0	0	0	0	0
4	119257807	119258221	1	terminal	0	0	1	0	0	0
4	119353777	119354093	1	shRunx3	0	0	0	0	0	1
4	119774329	119774563	1	memory	0	0	0	1	0	0
4	120236619	120236917	1	shCd19	0	0	0	0	1	0
4	120276909	120277213	1	terminal	0	0	1	0	0	0
4	120284826	120285152	1	early	1	0	0	0	0	0
4	120322417	120322682	1	terminal	0	0	1	0	0	0
4	120388856	120389196	1	shCd19	0	0	0	0	1	0
4	120407948	120408241	1	shRunx3	0	0	0	0	0	1
4	120446486	120446680	1	shCd19	0	0	0	0	1	0
4	120456804	120457161	1	shRunx3	0	0	0	0	0	1
4	120498695	120498996	1	terminal	0	0	1	0	0	0
4	120565280	120565774	1	shRunx3	0	0	0	0	0	1
4	120749950	120750220	1	shRunx3	0	0	0	0	0	1
4	120975029	120975070	1	shRunx3	0	0	0	0	0	1
4	120975070	120975535	2	shCd19,shRunx3	0	0	0	0	1	1
4	120975535	120975541	1	shCd19	0	0	0	0	1	0
4	121448608	121449036	1	terminal	0	0	1	0	0	0
4	121504051	121504323	1	terminal	0	0	1	0	0	0
4	122546013	122546409	1	early	1	0	0	0	0	0
4	122556086	122556455	1	terminal	0	0	1	0	0	0
4	122677401	122677857	1	memory	0	0	0	1	0	0
4	122885929	122886517	1	terminal	0	0	1	0	0	0
4	122995460	122995726	1	late	0	1	0	0	0	0
4	123016659	123016974	1	shCd19	0	0	0	0	1	0
4	123529891	123530247	1	shRunx3	0	0	0	0	0	1
4	123617446	123617749	1	terminal	0	0	1	0	0	0
4	123692104	123692382	1	early	1	0	0	0	0	0
4	123779141	123779421	1	shRunx3	0	0	0	0	0	1
4	124019636	124019946	1	terminal	0	0	1	0	0	0
4	124138514	124138808	1	shCd19	0	0	0	0	1	0
4	124309340	124309556	1	shCd19	0	0	0	0	1	0
4	124341174	124341389	1	shRunx3	0	0	0	0	0	1
4	124361438	124361809	1	late	0	1	0	0	0	0
4	124401673	124402118	1	shRunx3	0	0	0	0	0	1
4	124601498	124601841	1	shRunx3	0	0	0	0	0	1
4	125092815	125093051	1	shCd19	0	0	0	0	1	0
4	125549939	125550187	1	memory	0	0	0	1	0	0
4	125775928	125776153	1	memory	0	0	0	1	0	0
4	125921288	125921563	1	terminal	0	0	1	0	0	0
4	126046880	126047206	1	late	0	1	0	0	0	0
4	126223711	126223965	1	shCd19	0	0	0	0	1	0
4	126256332	126256695	1	shRunx3	0	0	0	0	0	1
4	126315512	126315930	1	late	0	1	0	0	0	0
4	126390856	126391108	1	shCd19	0	0	0	0	1	0
4	126497954	126498287	1	shRunx3	0	0	0	0	0	1
4	126516583	126516876	1	late	0	1	0	0	0	0
4	126659789	126660473	1	shRunx3	0	0	0	0	0	1
4	126733664	126733951	1	early	1	0	0	0	0	0
4	126753514	126753764	1	shCd19	0	0	0	0	1	0
4	127232953	127233224	1	shCd19	0	0	0	0	1	0
4	127401925	127402211	1	early	1	0	0	0	0	0
4	127405549	127405772	1	shCd19	0	0	0	0	1	0
4	127882351	127882585	1	terminal	0	0	1	0	0	0
4	127911878	127912384	1	terminal	0	0	1	0	0	0
4	128037117	128037732	1	shRunx3	0	0	0	0	0	1
4	128075199	128075522	1	memory	0	0	0	1	0	0
4	128536927	128537405	1	terminal	0	0	1	0	0	0
4	128538931	128539181	1	shCd19	0	0	0	0	1	0
4	128634138	128634367	1	terminal	0	0	1	0	0	0
4	128937907	128938118	1	shCd19	0	0	0	0	1	0
4	129057084	129057373	1	shRunx3	0	0	0	0	0	1
4	129558183	129558735	1	terminal	0	0	1	0	0	0
4	129565435	129565750	1	late	0	1	0	0	0	0
4	129624009	129624362	1	shCd19	0	0	0	0	1	0
4	129681067	129681411	1	shCd19	0	0	0	0	1	0
4	129695216	129695450	1	terminal	0	0	1	0	0	0
4	129696034	129696373	1	terminal	0	0	1	0	0	0
4	129811157	129811162	1	shRunx3	0	0	0	0	0	1
4	129811162	129811700	2	shCd19,shRunx3	0	0	0	0	1	1
4	129811700	129811841	1	shCd19	0	0	0	0	1	0
4	129817019	129817267	1	terminal	0	0	1	0	0	0
4	130276715	130276953	1	memory	0	0	0	1	0	0
4	130311424	130311855	1	shRunx3	0	0	0	0	0	1
4	130329125	130329521	1	shCd19	0	0	0	0	1	0
4	130900077	130900363	1	shRunx3	0	0	0	0	0	1
4	130915315	130915610	1	shCd19	0	0	0	0	1	0
4	131355825	131356044	1	shRunx3	0	0	0	0	0	1
4	131523038	131523362	1	memory	0	0	0	1	0	0
4	131906550	131906801	1	shRunx3	0	0	0	0	0	1
4	132117176	132117568	1	shCd19	0	0	0	0	1	0
4	132391623	132391858	1	terminal	0	0	1	0	0	0
4	132456195	132456394	1	shRunx3	0	0	0	0	0	1
4	132510345	132510880	1	shCd19	0	0	0	0	1	0
4	132767549	132767915	1	memory	0	0	0	1	0	0
4	132976573	132977286	1	shCd19	0	0	0	0	1	0
4	133050948	133050969	1	shCd19	0	0	0	0	1	0
4	133050969	133051246	2	shCd19,shRunx3	0	0	0	0	1	1
4	133051246	133051287	1	shCd19	0	0	0	0	1	0
4	133067998	133068307	1	terminal	0	0	1	0	0	0
4	133384124	133384483	1	terminal	0	0	1	0	0	0
4	133399461	133399840	1	terminal	0	0	1	0	0	0
4	133641722	133641995	1	shCd19	0	0	0	0	1	0
4	133707630	133707956	1	shCd19	0	0	0	0	1	0
4	133828511	133828913	1	late	0	1	0	0	0	0
4	133834300	133834575	1	shRunx3	0	0	0	0	0	1
4	133869794	133870314	1	shCd19	0	0	0	0	1	0
4	133967643	133967925	1	shRunx3	0	0	0	0	0	1
4	134097022	134097357	1	shRunx3	0	0	0	0	0	1
4	134273084	134273401	1	terminal	0	0	1	0	0	0
4	134447390	134447869	1	terminal	0	0	1	0	0	0
4	134548258	134548576	1	shCd19	0	0	0	0	1	0
4	134647428	134647814	1	early	1	0	0	0	0	0
4	134768368	134768631	1	shRunx3	0	0	0	0	0	1
4	134838894	134839374	1	shRunx3	0	0	0	0	0	1
4	134997698	134998071	1	memory	0	0	0	1	0	0
4	135067586	135067943	1	shRunx3	0	0	0	0	0	1
4	135080140	135080389	1	shRunx3	0	0	0	0	0	1
4	135081854	135082126	1	shRunx3	0	0	0	0	0	1
4	135098401	135098704	1	shCd19	0	0	0	0	1	0
4	135119967	135120645	1	shRunx3	0	0	0	0	0	1
4	135159573	135160304	1	shRunx3	0	0	0	0	0	1
4	135170327	135170703	1	terminal	0	0	1	0	0	0
4	135206153	135206384	1	shRunx3	0	0	0	0	0	1
4	135273380	135273646	1	shRunx3	0	0	0	0	0	1
4	135570309	135570822	1	early	1	0	0	0	0	0
4	135642453	135642883	1	memory	0	0	0	1	0	0
4	135914726	135915110	1	shCd19	0	0	0	0	1	0
4	136016730	136017122	1	memory	0	0	0	1	0	0
4	136021623	136021968	1	shCd19	0	0	0	0	1	0
4	136088705	136089043	1	memory	0	0	0	1	0	0
4	136100292	136100627	1	shCd19	0	0	0	0	1	0
4	136177377	136178136	1	shRunx3	0	0	0	0	0	1
4	136214382	136214674	1	terminal	0	0	1	0	0	0
4	136266911	136267161	1	shRunx3	0	0	0	0	0	1
4	136327336	136327532	1	shRunx3	0	0	0	0	0	1
4	136778120	136778670	1	memory	0	0	0	1	0	0
4	136808924	136809600	1	shRunx3	0	0	0	0	0	1
4	136821193	136821456	1	terminal	0	0	1	0	0	0
4	136881125	136881455	1	memory	0	0	0	1	0	0
4	136952622	136952865	1	shRunx3	0	0	0	0	0	1
4	137016295	137016583	1	terminal	0	0	1	0	0	0
4	137041120	137041625	1	shRunx3	0	0	0	0	0	1
4	137093584	137093826	1	shRunx3	0	0	0	0	0	1
4	137189188	137189550	1	shCd19	0	0	0	0	1	0
4	137213000	137213271	1	shCd19	0	0	0	0	1	0
4	137291089	137291286	1	shRunx3	0	0	0	0	0	1
4	137344464	137344823	1	terminal	0	0	1	0	0	0
4	137388245	137388811	1	shCd19	0	0	0	0	1	0
4	137621980	137622241	1	terminal	0	0	1	0	0	0
4	138049710	138049922	1	shCd19	0	0	0	0	1	0
4	138396760	138397131	1	terminal	0	0	1	0	0	0
4	138798528	138798825	1	shRunx3	0	0	0	0	0	1
4	138939186	138939818	1	terminal	0	0	1	0	0	0
4	139192460	139192463	1	shCd19	0	0	0	0	1	0
4	139192463	139192717	2	shCd19,shRunx3	0	0	0	0	1	1
4	139192717	139192782	1	shCd19	0	0	0	0	1	0
4	139232583	139233299	1	shRunx3	0	0	0	0	0	1
4	139278530	139278742	1	shCd19	0	0	0	0	1	0
4	139489681	139489908	1	terminal	0	0	1	0	0	0
4	139598954	139599369	1	shRunx3	0	0	0	0	0	1
4	139802263	139802541	1	shCd19	0	0	0	0	1	0
4	139807581	139807956	1	late	0	1	0	0	0	0
4	139825032	139825523	1	late	0	1	0	0	0	0
4	140251769	140252136	1	shRunx3	0	0	0	0	0	1
4	140280887	140281135	1	terminal	0	0	1	0	0	0
4	140625658	140626667	1	terminal	0	0	1	0	0	0
4	140825866	140826139	1	terminal	0	0	1	0	0	0
4	140945117	140945589	1	shRunx3	0	0	0	0	0	1
4	140952677	140952891	1	shCd19	0	0	0	0	1	0
4	140963080	140963311	1	shCd19	0	0	0	0	1	0
4	140969121	140969520	1	shRunx3	0	0	0	0	0	1
4	141139468	141139795	1	shCd19	0	0	0	0	1	0
4	141220905	141221307	1	shCd19	0	0	0	0	1	0
4	141289854	141290099	1	shRunx3	0	0	0	0	0	1
4	141604804	141605118	1	terminal	0	0	1	0	0	0
4	141728382	141728620	1	shCd19	0	0	0	0	1	0
4	141931840	141932125	1	terminal	0	0	1	0	0	0
4	142227534	142227729	1	shCd19	0	0	0	0	1	0
4	142584054	142584602	1	terminal	0	0	1	0	0	0
4	142870657	142870846	1	shRunx3	0	0	0	0	0	1
4	142870846	142871018	2	terminal,shRunx3	0	0	1	0	0	1
4	142871018	142871226	1	terminal	0	0	1	0	0	0
4	142883388	142883702	1	shRunx3	0	0	0	0	0	1
4	143219404	143219635	1	shRunx3	0	0	0	0	0	1
4	143314416	143314710	1	shRunx3	0	0	0	0	0	1
4	143328994	143329244	1	shRunx3	0	0	0	0	0	1
4	144595461	144595912	1	terminal	0	0	1	0	0	0
4	144700211	144700474	1	memory	0	0	0	1	0	0
4	144789416	144789678	1	memory	0	0	0	1	0	0
4	145122914	145123261	1	shRunx3	0	0	0	0	0	1
4	145204048	145204398	1	early	1	0	0	0	0	0
4	145220207	145220473	1	shCd19	0	0	0	0	1	0
4	145220835	145221179	1	shRunx3	0	0	0	0	0	1
4	145236053	145236394	1	shCd19	0	0	0	0	1	0
4	145240757	145240813	1	shCd19	0	0	0	0	1	0
4	145240813	145240861	2	terminal,shCd19	0	0	1	0	1	0
4	145240861	145241131	3	terminal,shCd19,shRunx3	0	0	1	0	1	1
4	145241131	145241159	2	shCd19,shRunx3	0	0	0	0	1	1
4	145241159	145241212	1	shCd19	0	0	0	0	1	0
4	145244242	145244499	1	terminal	0	0	1	0	0	0
4	145249567	145250068	1	shRunx3	0	0	0	0	0	1
4	147878576	147878891	1	shRunx3	0	0	0	0	0	1
4	148307114	148307306	1	shRunx3	0	0	0	0	0	1
4	148574990	148575385	1	terminal	0	0	1	0	0	0
4	148705739	148706045	1	shRunx3	0	0	0	0	0	1
4	148749334	148749697	1	shRunx3	0	0	0	0	0	1
4	148873793	148874083	1	early	1	0	0	0	0	0
4	148906138	148906425	1	shCd19	0	0	0	0	1	0
4	148926216	148926492	1	memory	0	0	0	1	0	0
4	149150313	149150542	1	terminal	0	0	1	0	0	0
4	149244855	149245131	1	shRunx3	0	0	0	0	0	1
4	149612531	149612819	1	late	0	1	0	0	0	0
4	149696715	149696905	1	shRunx3	0	0	0	0	0	1
4	149723041	149723275	1	memory	0	0	0	1	0	0
4	150114888	150115117	1	memory	0	0	0	1	0	0
4	150230983	150231242	1	shCd19	0	0	0	0	1	0
4	150392806	150393140	1	terminal	0	0	1	0	0	0
4	151234284	151234731	1	terminal	0	0	1	0	0	0
4	151258413	151258693	1	terminal	0	0	1	0	0	0
4	151260962	151261271	1	shCd19	0	0	0	0	1	0
4	151509508	151509702	1	shRunx3	0	0	0	0	0	1
4	151586913	151587200	1	terminal	0	0	1	0	0	0
4	151639813	151640063	1	shCd19	0	0	0	0	1	0
4	151813899	151814503	1	terminal	0	0	1	0	0	0
4	151945741	151945940	1	shRunx3	0	0	0	0	0	1
4	152115996	152116291	1	shRunx3	0	0	0	0	0	1
4	152197534	152197832	1	shRunx3	0	0	0	0	0	1
4	152358634	152359041	1	late	0	1	0	0	0	0
4	152446368	152447007	1	shRunx3	0	0	0	0	0	1
4	153045291	153045644	1	terminal	0	0	1	0	0	0
4	153060024	153060263	1	shCd19	0	0	0	0	1	0
4	153156497	153156728	1	shRunx3	0	0	0	0	0	1
4	153241772	153242107	1	memory	0	0	0	1	0	0
4	154055922	154056421	1	shCd19	0	0	0	0	1	0
4	154152066	154152286	1	shCd19	0	0	0	0	1	0
4	154246246	154246471	1	memory	0	0	0	1	0	0
4	154263498	154263987	1	memory	0	0	0	1	0	0
4	154310542	154310857	1	shRunx3	0	0	0	0	0	1
4	154575114	154575500	1	terminal	0	0	1	0	0	0
4	154747885	154748444	1	memory	0	0	0	1	0	0
4	154818654	154818851	1	shRunx3	0	0	0	0	0	1
4	154836790	154837136	1	shCd19	0	0	0	0	1	0
4	155211817	155212104	1	shCd19	0	0	0	0	1	0
4	155223394	155223781	1	shCd19	0	0	0	0	1	0
4	155249473	155249997	1	shRunx3	0	0	0	0	0	1
4	155434013	155434287	1	terminal	0	0	1	0	0	0
4	155785437	155785699	1	memory	0	0	0	1	0	0
4	155892664	155893018	1	late	0	1	0	0	0	0
4	155958910	155959152	1	memory	0	0	0	1	0	0
4	155992384	155993138	1	shRunx3	0	0	0	0	0	1
4	156021301	156021554	1	shRunx3	0	0	0	0	0	1
4	156021554	156021874	2	shCd19,shRunx3	0	0	0	0	1	1
4	156021874	156022681	1	shCd19	0	0	0	0	1	0
4	156107342	156107582	1	early	1	0	0	0	0	0
4	156177793	156178095	1	shRunx3	0	0	0	0	0	1
5	3152001	3152642	1	shCd19	0	0	0	0	1	0
5	3300647	3301051	1	late	0	1	0	0	0	0
5	3301051	3301253	2	late,shRunx3	0	1	0	0	0	1
5	3301253	3301286	1	shRunx3	0	0	0	0	0	1
5	3566433	3566800	1	late	0	1	0	0	0	0
5	3671443	3672033	1	shCd19	0	0	0	0	1	0
5	3713007	3713260	1	terminal	0	0	1	0	0	0
5	4058662	4059284	1	terminal	0	0	1	0	0	0
5	4704515	4704884	1	late	0	1	0	0	0	0
5	4961552	4961773	1	shCd19	0	0	0	0	1	0
5	5033170	5033426	1	terminal	0	0	1	0	0	0
5	5235065	5235458	1	terminal	0	0	1	0	0	0
5	5435558	5435924	1	shRunx3	0	0	0	0	0	1
5	5799215	5799529	1	memory	0	0	0	1	0	0
5	5885245	5885625	1	late	0	1	0	0	0	0
5	5891327	5891573	1	terminal	0	0	1	0	0	0
5	6191835	6192108	1	shRunx3	0	0	0	0	0	1
5	6609585	6610180	1	memory	0	0	0	1	0	0
5	6611168	6611427	1	shCd19	0	0	0	0	1	0
5	6768773	6769059	1	shCd19	0	0	0	0	1	0
5	6895166	6895402	1	terminal	0	0	1	0	0	0
5	7063685	7063913	1	shCd19	0	0	0	0	1	0
5	7124615	7124815	1	shRunx3	0	0	0	0	0	1
5	7549432	7549730	1	memory	0	0	0	1	0	0
5	7677600	7678067	1	terminal	0	0	1	0	0	0
5	7727226	7727521	1	shRunx3	0	0	0	0	0	1
5	8009618	8010020	1	memory	0	0	0	1	0	0
5	8284000	8284248	1	shRunx3	0	0	0	0	0	1
5	8301076	8301591	1	shCd19	0	0	0	0	1	0
5	8333932	8334215	1	memory	0	0	0	1	0	0
5	8424319	8424650	1	shRunx3	0	0	0	0	0	1
5	8679640	8680120	1	terminal	0	0	1	0	0	0
5	8849547	8849790	1	shRunx3	0	0	0	0	0	1
5	9060844	9061156	1	shCd19	0	0	0	0	1	0
5	9485722	9486166	1	late	0	1	0	0	0	0
5	9905335	9905684	1	shCd19	0	0	0	0	1	0
5	10152337	10152666	1	shRunx3	0	0	0	0	0	1
5	10489807	10490628	1	shCd19	0	0	0	0	1	0
5	10593886	10594231	1	terminal	0	0	1	0	0	0
5	10630164	10630951	1	terminal	0	0	1	0	0	0
5	10706993	10707335	1	shCd19	0	0	0	0	1	0
5	12021593	12021807	1	shRunx3	0	0	0	0	0	1
5	12064178	12064408	1	terminal	0	0	1	0	0	0
5	12231310	12231568	1	shCd19	0	0	0	0	1	0
5	12285671	12285919	1	shCd19	0	0	0	0	1	0
5	12309857	12310147	1	shCd19	0	0	0	0	1	0
5	12368227	12368464	1	shRunx3	0	0	0	0	0	1
5	12450024	12450329	1	shCd19	0	0	0	0	1	0
5	12667671	12667987	1	shRunx3	0	0	0	0	0	1
5	12832808	12833188	1	terminal	0	0	1	0	0	0
5	13591843	13592141	1	shRunx3	0	0	0	0	0	1
5	13934451	13934727	1	early	1	0	0	0	0	0
5	14200143	14200411	1	memory	0	0	0	1	0	0
5	14630222	14630461	1	shCd19	0	0	0	0	1	0
5	14744757	14745048	1	terminal	0	0	1	0	0	0
5	14792918	14793179	1	early	1	0	0	0	0	0
5	15912144	15912659	1	shRunx3	0	0	0	0	0	1
5	16046530	16046792	1	terminal	0	0	1	0	0	0
5	16220467	16220946	1	terminal	0	0	1	0	0	0
5	16398102	16398438	1	terminal	0	0	1	0	0	0
5	16793569	16794030	1	early	1	0	0	0	0	0
5	16808982	16809703	1	terminal	0	0	1	0	0	0
5	16871534	16872133	1	terminal	0	0	1	0	0	0
5	16923029	16923300	1	terminal	0	0	1	0	0	0
5	17081116	17081590	1	early	1	0	0	0	0	0
5	17270106	17270312	1	shCd19	0	0	0	0	1	0
5	17367415	17368028	1	terminal	0	0	1	0	0	0
5	17531228	17531483	1	shRunx3	0	0	0	0	0	1
5	17548952	17549165	1	shCd19	0	0	0	0	1	0
5	17943065	17943301	1	memory	0	0	0	1	0	0
5	18020920	18021276	1	shCd19	0	0	0	0	1	0
5	18113703	18114371	1	memory	0	0	0	1	0	0
5	18118330	18118616	1	terminal	0	0	1	0	0	0
5	18295461	18295853	1	shRunx3	0	0	0	0	0	1
5	18475863	18476071	1	shRunx3	0	0	0	0	0	1
5	18487014	18487373	1	memory	0	0	0	1	0	0
5	18629687	18630139	1	shRunx3	0	0	0	0	0	1
5	18946572	18947199	1	terminal	0	0	1	0	0	0
5	19068205	19068603	1	shRunx3	0	0	0	0	0	1
5	19138368	19138724	1	terminal	0	0	1	0	0	0
5	19310466	19310848	1	memory	0	0	0	1	0	0
5	19338332	19338724	1	late	0	1	0	0	0	0
5	19486229	19486531	1	terminal	0	0	1	0	0	0
5	19525911	19526148	1	shRunx3	0	0	0	0	0	1
5	19594815	19595147	1	late	0	1	0	0	0	0
5	19967163	19967492	1	shRunx3	0	0	0	0	0	1
5	19996816	19997171	1	terminal	0	0	1	0	0	0
5	20534488	20534798	1	terminal	0	0	1	0	0	0
5	20579401	20579663	1	early	1	0	0	0	0	0
5	20816826	20817120	1	memory	0	0	0	1	0	0
5	20881990	20882706	1	shCd19	0	0	0	0	1	0
5	20893795	20894083	1	shCd19	0	0	0	0	1	0
5	21070395	21070815	1	memory	0	0	0	1	0	0
5	21255577	21255896	1	shRunx3	0	0	0	0	0	1
5	21411113	21411433	1	terminal	0	0	1	0	0	0
5	21509192	21509459	1	terminal	0	0	1	0	0	0
5	21637506	21637757	1	terminal	0	0	1	0	0	0
5	21834498	21834796	1	terminal	0	0	1	0	0	0
5	21864321	21864622	1	shRunx3	0	0	0	0	0	1
5	21882735	21883024	1	shCd19	0	0	0	0	1	0
5	21941593	21941835	1	memory	0	0	0	1	0	0
5	22026499	22026867	1	shCd19	0	0	0	0	1	0
5	22061208	22061468	1	shRunx3	0	0	0	0	0	1
5	22560895	22561104	1	shCd19	0	0	0	0	1	0
5	22737033	22737262	1	terminal	0	0	1	0	0	0
5	22858038	22858256	1	shRunx3	0	0	0	0	0	1
5	23016765	23017095	1	early	1	0	0	0	0	0
5	23418298	23418980	1	shRunx3	0	0	0	0	0	1
5	23432929	23433432	1	shRunx3	0	0	0	0	0	1
5	23718960	23719009	1	shCd19	0	0	0	0	1	0
5	23719009	23719306	2	shCd19,shRunx3	0	0	0	0	1	1
5	23719306	23719415	1	shRunx3	0	0	0	0	0	1
5	24051034	24051338	1	terminal	0	0	1	0	0	0
5	24087210	24087493	1	terminal	0	0	1	0	0	0
5	24266468	24266790	1	shCd19	0	0	0	0	1	0
5	24393838	24394389	1	terminal	0	0	1	0	0	0
5	24444917	24445179	1	memory	0	0	0	1	0	0
5	24936262	24936513	1	terminal	0	0	1	0	0	0
5	24980739	24981128	1	late	0	1	0	0	0	0
5	24984644	24984930	1	late	0	1	0	0	0	0
5	25003417	25003698	1	memory	0	0	0	1	0	0
5	25163035	25163248	1	shCd19	0	0	0	0	1	0
5	25243114	25243434	1	terminal	0	0	1	0	0	0
5	25279152	25279453	1	memory	0	0	0	1	0	0
5	25333150	25333413	1	shCd19	0	0	0	0	1	0
5	25471970	25472202	1	terminal	0	0	1	0	0	0
5	25552627	25553051	1	shRunx3	0	0	0	0	0	1
5	25628319	25628670	1	late	0	1	0	0	0	0
5	25662432	25662672	1	shCd19	0	0	0	0	1	0
5	25790411	25790812	1	late	0	1	0	0	0	0
5	26211247	26211546	1	memory	0	0	0	1	0	0
5	26359155	26359645	1	shRunx3	0	0	0	0	0	1
5	26870773	26871146	1	shRunx3	0	0	0	0	0	1
5	27395116	27395329	1	shCd19	0	0	0	0	1	0
5	27494154	27494439	1	memory	0	0	0	1	0	0
5	27761459	27761838	1	terminal	0	0	1	0	0	0
5	27929440	27929643	1	shRunx3	0	0	0	0	0	1
5	27968352	27968643	1	shRunx3	0	0	0	0	0	1
5	28348819	28349048	1	terminal	0	0	1	0	0	0
5	28478955	28479160	1	shCd19	0	0	0	0	1	0
5	28705761	28706043	1	terminal	0	0	1	0	0	0
5	29313061	29313394	1	terminal	0	0	1	0	0	0
5	29389336	29389579	1	shRunx3	0	0	0	0	0	1
5	29441626	29442007	1	memory	0	0	0	1	0	0
5	29616537	29616787	1	early	1	0	0	0	0	0
5	29926482	29926829	1	terminal	0	0	1	0	0	0
5	30677583	30678169	1	terminal	0	0	1	0	0	0
5	30888616	30888895	1	shRunx3	0	0	0	0	0	1
5	31066110	31066354	1	shRunx3	0	0	0	0	0	1
5	31066354	31066533	2	shCd19,shRunx3	0	0	0	0	1	1
5	31066533	31066626	1	shCd19	0	0	0	0	1	0
5	31488369	31488689	1	terminal	0	0	1	0	0	0
5	31618168	31618368	1	shCd19	0	0	0	0	1	0
5	31691818	31692392	1	late	0	1	0	0	0	0
5	31705093	31705489	1	shCd19	0	0	0	0	1	0
5	32089502	32089822	1	shCd19	0	0	0	0	1	0
5	32104348	32104596	1	shRunx3	0	0	0	0	0	1
5	32175945	32176389	1	terminal	0	0	1	0	0	0
5	32789277	32789538	1	terminal	0	0	1	0	0	0
5	32877484	32877733	1	terminal	0	0	1	0	0	0
5	33038587	33039080	1	shCd19	0	0	0	0	1	0
5	33089490	33089753	1	terminal	0	0	1	0	0	0
5	33195661	33196498	1	terminal	0	0	1	0	0	0
5	33520812	33521209	1	terminal	0	0	1	0	0	0
5	33629390	33629850	1	shRunx3	0	0	0	0	0	1
5	33651849	33652089	1	shCd19	0	0	0	0	1	0
5	33652089	33652345	2	shCd19,shRunx3	0	0	0	0	1	1
5	33652345	33652621	1	shCd19	0	0	0	0	1	0
5	33657677	33657702	1	shCd19	0	0	0	0	1	0
5	33657702	33658345	2	shCd19,shRunx3	0	0	0	0	1	1
5	33658345	33658471	1	shRunx3	0	0	0	0	0	1
5	34066660	34067104	1	terminal	0	0	1	0	0	0
5	34155178	34155526	1	late	0	1	0	0	0	0
5	34169164	34169386	1	shRunx3	0	0	0	0	0	1
5	34187733	34187811	1	shCd19	0	0	0	0	1	0
5	34187811	34188012	2	shCd19,shRunx3	0	0	0	0	1	1
5	34188012	34188048	1	shRunx3	0	0	0	0	0	1
5	34199430	34199671	1	shRunx3	0	0	0	0	0	1
5	34402266	34402476	1	shRunx3	0	0	0	0	0	1
5	34539227	34539507	1	shRunx3	0	0	0	0	0	1
5	34680540	34680798	1	early	1	0	0	0	0	0
5	34877303	34877522	1	shCd19	0	0	0	0	1	0
5	35104447	35104731	1	late	0	1	0	0	0	0
5	35295636	35295944	1	shCd19	0	0	0	0	1	0
5	35328509	35328753	1	terminal	0	0	1	0	0	0
5	35513697	35514019	1	late	0	1	0	0	0	0
5	35531121	35531436	1	terminal	0	0	1	0	0	0
5	35554698	35554988	1	memory	0	0	0	1	0	0
5	35832627	35832992	1	shCd19	0	0	0	0	1	0
5	36008070	36008332	1	memory	0	0	0	1	0	0
5	36192093	36192629	1	late	0	1	0	0	0	0
5	36319566	36319843	1	shRunx3	0	0	0	0	0	1
5	36373746	36374003	1	shCd19	0	0	0	0	1	0
5	36581950	36582380	1	shRunx3	0	0	0	0	0	1
5	36677359	36677599	1	shCd19	0	0	0	0	1	0
5	36711359	36711657	1	shCd19	0	0	0	0	1	0
5	36722453	36722899	1	shCd19	0	0	0	0	1	0
5	36839470	36840230	1	shRunx3	0	0	0	0	0	1
5	36902226	36902674	1	shRunx3	0	0	0	0	0	1
5	37051231	37051826	1	shRunx3	0	0	0	0	0	1
5	37066850	37066894	1	shCd19	0	0	0	0	1	0
5	37066894	37067044	2	shCd19,shRunx3	0	0	0	0	1	1
5	37067044	37067242	3	terminal,shCd19,shRunx3	0	0	1	0	1	1
5	37067242	37067294	2	terminal,shRunx3	0	0	1	0	0	1
5	37067294	37067348	1	terminal	0	0	1	0	0	0
5	37410916	37411171	1	shCd19	0	0	0	0	1	0
5	37540193	37540443	1	early	1	0	0	0	0	0
5	37907561	37907882	1	shRunx3	0	0	0	0	0	1
5	37943126	37943497	1	early	1	0	0	0	0	0
5	37972992	37973321	1	terminal	0	0	1	0	0	0
5	38138681	38138908	1	memory	0	0	0	1	0	0
5	38334604	38334955	1	terminal	0	0	1	0	0	0
5	38352048	38352438	1	terminal	0	0	1	0	0	0
5	38503002	38503369	1	memory	0	0	0	1	0	0
5	39093157	39093487	1	terminal	0	0	1	0	0	0
5	39166396	39166730	1	terminal	0	0	1	0	0	0
5	39248263	39248519	1	shCd19	0	0	0	0	1	0
5	39371440	39371641	1	shCd19	0	0	0	0	1	0
5	39450958	39451243	1	terminal	0	0	1	0	0	0
5	39493193	39493449	1	shCd19	0	0	0	0	1	0
5	39514038	39514368	1	terminal	0	0	1	0	0	0
5	39634721	39635053	1	late	0	1	0	0	0	0
5	39785966	39786430	1	terminal	0	0	1	0	0	0
5	39905512	39905848	1	memory	0	0	0	1	0	0
5	40576350	40576622	1	shCd19	0	0	0	0	1	0
5	40586886	40587355	1	terminal	0	0	1	0	0	0
5	40692673	40692970	1	terminal	0	0	1	0	0	0
5	40721557	40721785	1	shCd19	0	0	0	0	1	0
5	40987295	40987819	1	terminal	0	0	1	0	0	0
5	41046519	41046762	1	early	1	0	0	0	0	0
5	41070542	41070950	1	memory	0	0	0	1	0	0
5	41074380	41074803	1	terminal	0	0	1	0	0	0
5	41144003	41144280	1	terminal	0	0	1	0	0	0
5	41274300	41274763	1	shRunx3	0	0	0	0	0	1
5	41760377	41760674	1	shRunx3	0	0	0	0	0	1
5	41865410	41865672	1	shCd19	0	0	0	0	1	0
5	42094645	42095080	1	shCd19	0	0	0	0	1	0
5	42129697	42130082	1	terminal	0	0	1	0	0	0
5	42195379	42195699	1	shRunx3	0	0	0	0	0	1
5	42296390	42296792	1	memory	0	0	0	1	0	0
5	42307938	42308333	1	early	1	0	0	0	0	0
5	42343473	42344022	1	shRunx3	0	0	0	0	0	1
5	42483977	42484328	1	early	1	0	0	0	0	0
5	43057021	43057310	1	early	1	0	0	0	0	0
5	43487579	43488178	1	late	0	1	0	0	0	0
5	43529705	43530402	1	early	1	0	0	0	0	0
5	43567602	43567903	1	shCd19	0	0	0	0	1	0
5	43623406	43623689	1	terminal	0	0	1	0	0	0
5	43799689	43800467	1	shCd19	0	0	0	0	1	0
5	43824538	43824838	1	shRunx3	0	0	0	0	0	1
5	44072675	44072939	1	shRunx3	0	0	0	0	0	1
5	44080536	44080988	1	terminal	0	0	1	0	0	0
5	44227468	44227708	1	memory	0	0	0	1	0	0
5	44455177	44455480	1	shCd19	0	0	0	0	1	0
5	44593663	44593898	1	terminal	0	0	1	0	0	0
5	44874223	44874490	1	terminal	0	0	1	0	0	0
5	45856049	45856476	1	shRunx3	0	0	0	0	0	1
5	46039192	46039580	1	shCd19	0	0	0	0	1	0
5	46181707	46182014	1	terminal	0	0	1	0	0	0
5	46261267	46261469	1	shRunx3	0	0	0	0	0	1
5	46272385	46272718	1	early	1	0	0	0	0	0
5	46430111	46430655	1	late	0	1	0	0	0	0
5	46810676	46810967	1	early	1	0	0	0	0	0
5	46924159	46924356	1	shRunx3	0	0	0	0	0	1
5	47302173	47302542	1	shCd19	0	0	0	0	1	0
5	47694442	47694859	1	late	0	1	0	0	0	0
5	47821520	47821818	1	shRunx3	0	0	0	0	0	1
5	48296872	48297069	1	shCd19	0	0	0	0	1	0
5	49014409	49014958	1	shCd19	0	0	0	0	1	0
5	49045760	49046048	1	memory	0	0	0	1	0	0
5	49110343	49110640	1	memory	0	0	0	1	0	0
5	49547848	49548100	1	shCd19	0	0	0	0	1	0
5	49637576	49637843	1	memory	0	0	0	1	0	0
5	49880026	49880400	1	early	1	0	0	0	0	0
5	50026966	50027385	1	terminal	0	0	1	0	0	0
5	50689542	50690061	1	shCd19	0	0	0	0	1	0
5	50739502	50739866	1	terminal	0	0	1	0	0	0
5	50951382	50951656	1	memory	0	0	0	1	0	0
5	51156845	51157085	1	shCd19	0	0	0	0	1	0
5	51413082	51413418	1	shRunx3	0	0	0	0	0	1
5	51526203	51526520	1	shRunx3	0	0	0	0	0	1
5	51779732	51780032	1	shCd19	0	0	0	0	1	0
5	51797600	51797923	1	terminal	0	0	1	0	0	0
5	52267760	52268033	1	memory	0	0	0	1	0	0
5	52302686	52302945	1	late	0	1	0	0	0	0
5	52362695	52363047	1	terminal	0	0	1	0	0	0
5	52984546	52985088	1	terminal	0	0	1	0	0	0
5	53075467	53075786	1	shRunx3	0	0	0	0	0	1
5	53146090	53146573	1	terminal	0	0	1	0	0	0
5	53226752	53227014	1	shRunx3	0	0	0	0	0	1
5	53257872	53258201	1	shCd19	0	0	0	0	1	0
5	53470112	53470459	1	shRunx3	0	0	0	0	0	1
5	53834535	53834773	1	shCd19	0	0	0	0	1	0
5	53856813	53857025	1	shCd19	0	0	0	0	1	0
5	53929361	53929755	1	terminal	0	0	1	0	0	0
5	53972268	53972597	1	shCd19	0	0	0	0	1	0
5	54004981	54005259	1	late	0	1	0	0	0	0
5	54101265	54101481	1	shCd19	0	0	0	0	1	0
5	54113434	54113781	1	late	0	1	0	0	0	0
5	54222269	54222647	1	late	0	1	0	0	0	0
5	54537472	54537695	1	shCd19	0	0	0	0	1	0
5	54570535	54570833	1	late	0	1	0	0	0	0
5	54734306	54734674	1	late	0	1	0	0	0	0
5	55181663	55182096	1	late	0	1	0	0	0	0
5	55369599	55369852	1	shCd19	0	0	0	0	1	0
5	55511040	55511355	1	memory	0	0	0	1	0	0
5	56269266	56269694	1	shRunx3	0	0	0	0	0	1
5	56354026	56354368	1	shRunx3	0	0	0	0	0	1
5	56397223	56397431	1	shRunx3	0	0	0	0	0	1
5	56714887	56715107	1	shCd19	0	0	0	0	1	0
5	56790710	56791044	1	shCd19	0	0	0	0	1	0
5	57086511	57086708	1	shRunx3	0	0	0	0	0	1
5	57164216	57164987	1	terminal	0	0	1	0	0	0
5	57191383	57191724	1	terminal	0	0	1	0	0	0
5	57356990	57357438	1	terminal	0	0	1	0	0	0
5	57385058	57385504	1	terminal	0	0	1	0	0	0
5	58146831	58147068	1	memory	0	0	0	1	0	0
5	58433669	58434037	1	terminal	0	0	1	0	0	0
5	58688648	58688914	1	shRunx3	0	0	0	0	0	1
5	58757350	58757620	1	shCd19	0	0	0	0	1	0
5	58764180	58764521	1	late	0	1	0	0	0	0
5	59767642	59768105	1	shRunx3	0	0	0	0	0	1
5	59999545	59999929	1	memory	0	0	0	1	0	0
5	60321609	60321865	1	terminal	0	0	1	0	0	0
5	60931407	60931625	1	shCd19	0	0	0	0	1	0
5	60933536	60934052	1	terminal	0	0	1	0	0	0
5	61373986	61374318	1	terminal	0	0	1	0	0	0
5	62073897	62074205	1	early	1	0	0	0	0	0
5	62216669	62216908	1	terminal	0	0	1	0	0	0
5	62238193	62238458	1	shCd19	0	0	0	0	1	0
5	62539483	62539952	1	terminal	0	0	1	0	0	0
5	62561379	62561726	1	terminal	0	0	1	0	0	0
5	62574205	62574592	1	shCd19	0	0	0	0	1	0
5	62710727	62711003	1	shRunx3	0	0	0	0	0	1
5	62756017	62756333	1	shCd19	0	0	0	0	1	0
5	62764123	62764800	1	terminal	0	0	1	0	0	0
5	62790868	62791390	1	shCd19	0	0	0	0	1	0
5	62815518	62815967	1	shRunx3	0	0	0	0	0	1
5	62878027	62878343	1	shRunx3	0	0	0	0	0	1
5	63247933	63248173	1	shCd19	0	0	0	0	1	0
5	63280769	63281063	1	shCd19	0	0	0	0	1	0
5	63344768	63345122	1	shCd19	0	0	0	0	1	0
5	63415225	63415455	1	memory	0	0	0	1	0	0
5	63423921	63424504	1	shCd19	0	0	0	0	1	0
5	63644331	63644616	1	shRunx3	0	0	0	0	0	1
5	63652839	63653262	1	terminal	0	0	1	0	0	0
5	64093855	64094137	1	shRunx3	0	0	0	0	0	1
5	64371757	64372030	1	shRunx3	0	0	0	0	0	1
5	65066334	65066590	1	terminal	0	0	1	0	0	0
5	65094031	65094286	1	terminal	0	0	1	0	0	0
5	65141902	65142230	1	shCd19	0	0	0	0	1	0
5	65260454	65260651	1	shCd19	0	0	0	0	1	0
5	65574541	65574829	1	late	0	1	0	0	0	0
5	65835537	65835847	1	terminal	0	0	1	0	0	0
5	65853205	65853575	1	late	0	1	0	0	0	0
5	65876708	65876955	1	shCd19	0	0	0	0	1	0
5	66193468	66193739	1	shRunx3	0	0	0	0	0	1
5	66206055	66206330	1	shCd19	0	0	0	0	1	0
5	66246926	66247190	1	shCd19	0	0	0	0	1	0
5	66313095	66313515	1	late	0	1	0	0	0	0
5	66464958	66465198	1	terminal	0	0	1	0	0	0
5	66507510	66507824	1	terminal	0	0	1	0	0	0
5	67054850	67055172	1	shCd19	0	0	0	0	1	0
5	67127422	67127856	1	late	0	1	0	0	0	0
5	67137085	67137484	1	late	0	1	0	0	0	0
5	67624464	67624745	1	shCd19	0	0	0	0	1	0
5	67844478	67844819	1	terminal	0	0	1	0	0	0
5	68212138	68212560	1	late	0	1	0	0	0	0
5	68246855	68247227	1	shRunx3	0	0	0	0	0	1
5	68613524	68613730	1	shCd19	0	0	0	0	1	0
5	68792589	68792875	1	memory	0	0	0	1	0	0
5	68863754	68864540	1	late	0	1	0	0	0	0
5	68979553	68979793	1	terminal	0	0	1	0	0	0
5	69072764	69073188	1	shRunx3	0	0	0	0	0	1
5	69090843	69091266	1	shRunx3	0	0	0	0	0	1
5	69226820	69227528	1	early	1	0	0	0	0	0
5	69453820	69454049	1	terminal	0	0	1	0	0	0
5	69582114	69582458	1	memory	0	0	0	1	0	0
5	69790526	69790841	1	shCd19	0	0	0	0	1	0
5	69938378	69939145	1	terminal	0	0	1	0	0	0
5	70041884	70042503	1	terminal	0	0	1	0	0	0
5	71042756	71043564	1	terminal	0	0	1	0	0	0
5	71270023	71270303	1	terminal	0	0	1	0	0	0
5	71494584	71494984	1	memory	0	0	0	1	0	0
5	71940773	71941030	1	terminal	0	0	1	0	0	0
5	71946703	71946942	1	early	1	0	0	0	0	0
5	72023178	72023378	1	shRunx3	0	0	0	0	0	1
5	72039172	72039510	1	shCd19	0	0	0	0	1	0
5	72161036	72161365	1	late	0	1	0	0	0	0
5	72203354	72203661	1	shRunx3	0	0	0	0	0	1
5	72398247	72398749	1	shRunx3	0	0	0	0	0	1
5	72418829	72419108	1	shCd19	0	0	0	0	1	0
5	72505127	72505324	1	shCd19	0	0	0	0	1	0
5	72533284	72533517	1	memory	0	0	0	1	0	0
5	72634776	72634921	1	shCd19	0	0	0	0	1	0
5	72634921	72634936	2	shCd19,shRunx3	0	0	0	0	1	1
5	72634936	72635188	3	terminal,shCd19,shRunx3	0	0	1	0	1	1
5	72635188	72635206	2	terminal,shCd19	0	0	1	0	1	0
5	72635206	72635407	1	shCd19	0	0	0	0	1	0
5	72743370	72743689	1	shRunx3	0	0	0	0	0	1
5	72759166	72759391	1	shCd19	0	0	0	0	1	0
5	72771227	72771626	1	terminal	0	0	1	0	0	0
5	72812779	72813136	1	late	0	1	0	0	0	0
5	72971594	72971816	1	shRunx3	0	0	0	0	0	1
5	73193834	73194226	1	shRunx3	0	0	0	0	0	1
5	73366045	73366281	1	shCd19	0	0	0	0	1	0
5	73417913	73418212	1	shRunx3	0	0	0	0	0	1
5	73543707	73543933	1	shCd19	0	0	0	0	1	0
5	73565046	73565327	1	terminal	0	0	1	0	0	0
5	73990508	73990769	1	terminal	0	0	1	0	0	0
5	74031789	74032151	1	late	0	1	0	0	0	0
5	74237980	74238310	1	shRunx3	0	0	0	0	0	1
5	74273222	74273497	1	shCd19	0	0	0	0	1	0
5	74536438	74536730	1	memory	0	0	0	1	0	0
5	74676071	74676316	1	terminal	0	0	1	0	0	0
5	74826943	74827366	1	memory	0	0	0	1	0	0
5	74844788	74845017	1	terminal	0	0	1	0	0	0
5	75250726	75251386	1	terminal	0	0	1	0	0	0
5	75370452	75370788	1	shRunx3	0	0	0	0	0	1
5	75856022	75856430	1	shRunx3	0	0	0	0	0	1
5	76136592	76136708	1	terminal	0	0	1	0	0	0
5	76136708	76136936	2	terminal,memory	0	0	1	1	0	0
5	76136936	76137116	1	memory	0	0	0	1	0	0
5	76316167	76316398	1	shCd19	0	0	0	0	1	0
5	76385837	76386253	1	early	1	0	0	0	0	0
5	76419769	76420057	1	shRunx3	0	0	0	0	0	1
5	76468364	76468582	1	shRunx3	0	0	0	0	0	1
5	76522820	76523081	1	terminal	0	0	1	0	0	0
5	76585878	76586150	1	terminal	0	0	1	0	0	0
5	76692555	76692837	1	terminal	0	0	1	0	0	0
5	76879673	76879906	1	memory	0	0	0	1	0	0
5	76970545	76970892	1	shRunx3	0	0	0	0	0	1
5	77116299	77116704	1	terminal	0	0	1	0	0	0
5	77130285	77130544	1	terminal	0	0	1	0	0	0
5	77189026	77189266	1	terminal	0	0	1	0	0	0
5	77252080	77252699	1	shRunx3	0	0	0	0	0	1
5	77388800	77389222	1	shCd19	0	0	0	0	1	0
5	77548897	77549316	1	shRunx3	0	0	0	0	0	1
5	78023949	78024299	1	memory	0	0	0	1	0	0
5	78428060	78428403	1	terminal	0	0	1	0	0	0
5	78660621	78661007	1	shCd19	0	0	0	0	1	0
5	79332502	79332725	1	shCd19	0	0	0	0	1	0
5	79762010	79762533	1	terminal	0	0	1	0	0	0
5	80085907	80086172	1	memory	0	0	0	1	0	0
5	80276726	80276970	1	terminal	0	0	1	0	0	0
5	80465787	80466036	1	terminal	0	0	1	0	0	0
5	80555962	80556412	1	terminal	0	0	1	0	0	0
5	80611662	80612022	1	terminal	0	0	1	0	0	0
5	80709530	80709843	1	early	1	0	0	0	0	0
5	80711015	80711242	1	terminal	0	0	1	0	0	0
5	80737514	80737760	1	shCd19	0	0	0	0	1	0
5	80797814	80798158	1	late	0	1	0	0	0	0
5	80840486	80840679	1	shRunx3	0	0	0	0	0	1
5	81255012	81255260	1	memory	0	0	0	1	0	0
5	81264347	81264827	1	terminal	0	0	1	0	0	0
5	81411492	81411968	1	late	0	1	0	0	0	0
5	81550811	81551090	1	shRunx3	0	0	0	0	0	1
5	81568434	81568705	1	terminal	0	0	1	0	0	0
5	82275087	82275434	1	early	1	0	0	0	0	0
5	82422209	82422928	1	shCd19	0	0	0	0	1	0
5	82442598	82442870	1	terminal	0	0	1	0	0	0
5	83174781	83175046	1	terminal	0	0	1	0	0	0
5	83693317	83693523	1	shRunx3	0	0	0	0	0	1
5	83730063	83730522	1	shCd19	0	0	0	0	1	0
5	83942343	83942618	1	late	0	1	0	0	0	0
5	84080664	84080995	1	memory	0	0	0	1	0	0
5	84411599	84411845	1	early	1	0	0	0	0	0
5	84421832	84422049	1	shCd19	0	0	0	0	1	0
5	84606646	84607161	1	terminal	0	0	1	0	0	0
5	84767003	84767698	1	terminal	0	0	1	0	0	0
5	84918030	84918314	1	terminal	0	0	1	0	0	0
5	84941724	84942053	1	early	1	0	0	0	0	0
5	85025887	85026308	1	late	0	1	0	0	0	0
5	85174159	85174554	1	memory	0	0	0	1	0	0
5	85713655	85713949	1	terminal	0	0	1	0	0	0
5	85866556	85867063	1	early	1	0	0	0	0	0
5	85913032	85913300	1	shCd19	0	0	0	0	1	0
5	85920588	85920882	1	shRunx3	0	0	0	0	0	1
5	86065264	86065723	1	shCd19	0	0	0	0	1	0
5	86065871	86066069	1	shRunx3	0	0	0	0	0	1
5	86213480	86213752	1	memory	0	0	0	1	0	0
5	86509181	86509465	1	memory	0	0	0	1	0	0
5	86513875	86514158	1	shRunx3	0	0	0	0	0	1
5	86517445	86517787	1	early	1	0	0	0	0	0
5	87063855	87064196	1	terminal	0	0	1	0	0	0
5	87131996	87132472	1	shRunx3	0	0	0	0	0	1
5	87250467	87251503	1	late	0	1	0	0	0	0
5	87780267	87780545	1	memory	0	0	0	1	0	0
5	87785096	87785448	1	late	0	1	0	0	0	0
5	88073073	88073446	1	shRunx3	0	0	0	0	0	1
5	88287174	88287422	1	early	1	0	0	0	0	0
5	88668113	88668630	1	shCd19	0	0	0	0	1	0
5	89054216	89054673	1	late	0	1	0	0	0	0
5	89098877	89099229	1	shCd19	0	0	0	0	1	0
5	89186724	89186969	1	shCd19	0	0	0	0	1	0
5	89412985	89413531	1	terminal	0	0	1	0	0	0
5	89519946	89520564	1	memory	0	0	0	1	0	0
5	89823338	89823590	1	shCd19	0	0	0	0	1	0
5	90032992	90033316	1	terminal	0	0	1	0	0	0
5	90255202	90255658	1	terminal	0	0	1	0	0	0
5	90598588	90599035	1	shCd19	0	0	0	0	1	0
5	91017595	91018017	1	early	1	0	0	0	0	0
5	91281553	91281758	1	shCd19	0	0	0	0	1	0
5	91361454	91361734	1	shRunx3	0	0	0	0	0	1
5	91404132	91404438	1	early	1	0	0	0	0	0
5	91432521	91432802	1	terminal	0	0	1	0	0	0
5	91441437	91441810	1	late	0	1	0	0	0	0
5	91861612	91861838	1	memory	0	0	0	1	0	0
5	92081941	92082293	1	early	1	0	0	0	0	0
5	92173176	92173474	1	memory	0	0	0	1	0	0
5	92274117	92274350	1	memory	0	0	0	1	0	0
5	92359199	92359601	1	shRunx3	0	0	0	0	0	1
5	92444985	92445277	1	terminal	0	0	1	0	0	0
5	92589064	92589429	1	shRunx3	0	0	0	0	0	1
5	92827066	92827394	1	memory	0	0	0	1	0	0
5	92860800	92861508	1	shRunx3	0	0	0	0	0	1
5	93205219	93205559	1	terminal	0	0	1	0	0	0
5	93206574	93206795	1	shRunx3	0	0	0	0	0	1
5	93268161	93268450	1	shCd19	0	0	0	0	1	0
5	93392616	93392987	1	memory	0	0	0	1	0	0
5	96115335	96115577	1	shCd19	0	0	0	0	1	0
5	96246678	96246928	1	early	1	0	0	0	0	0
5	96250008	96250500	1	shCd19	0	0	0	0	1	0
5	96408762	96409080	1	late	0	1	0	0	0	0
5	96448955	96449260	1	shCd19	0	0	0	0	1	0
5	96539601	96539916	1	memory	0	0	0	1	0	0
5	97297243	97297795	1	terminal	0	0	1	0	0	0
5	97432395	97432647	1	memory	0	0	0	1	0	0
5	97439332	97439577	1	memory	0	0	0	1	0	0
5	97513624	97513929	1	early	1	0	0	0	0	0
5	97755409	97755656	1	shRunx3	0	0	0	0	0	1
5	98079838	98080253	1	terminal	0	0	1	0	0	0
5	98153831	98154065	1	shRunx3	0	0	0	0	0	1
5	98169068	98169330	1	late	0	1	0	0	0	0
5	98468604	98469162	1	early	1	0	0	0	0	0
5	98658120	98658374	1	memory	0	0	0	1	0	0
5	98720541	98720928	1	shRunx3	0	0	0	0	0	1
5	98917943	98918455	1	shCd19	0	0	0	0	1	0
5	99244652	99245122	1	early	1	0	0	0	0	0
5	99346246	99346546	1	shRunx3	0	0	0	0	0	1
5	99425778	99426034	1	late	0	1	0	0	0	0
5	99537546	99537924	1	late	0	1	0	0	0	0
5	99673117	99673392	1	terminal	0	0	1	0	0	0
5	99732707	99733071	1	shCd19	0	0	0	0	1	0
5	99809853	99810135	1	terminal	0	0	1	0	0	0
5	100301602	100301854	1	shRunx3	0	0	0	0	0	1
5	100429377	100429874	1	shCd19	0	0	0	0	1	0
5	100570716	100571023	1	early	1	0	0	0	0	0
5	100585080	100585538	1	shCd19	0	0	0	0	1	0
5	100787710	100788106	1	memory	0	0	0	1	0	0
5	100912156	100912962	1	shCd19	0	0	0	0	1	0
5	100988417	100989145	1	shCd19	0	0	0	0	1	0
5	101006964	101007574	1	early	1	0	0	0	0	0
5	101175478	101175706	1	shCd19	0	0	0	0	1	0
5	101297265	101297782	1	terminal	0	0	1	0	0	0
5	101414434	101414936	1	terminal	0	0	1	0	0	0
5	101682620	101683008	1	early	1	0	0	0	0	0
5	101808298	101808599	1	shCd19	0	0	0	0	1	0
5	102617266	102617544	1	memory	0	0	0	1	0	0
5	102791588	102791976	1	shRunx3	0	0	0	0	0	1
5	102998776	102998992	1	shRunx3	0	0	0	0	0	1
5	103072795	103073140	1	memory	0	0	0	1	0	0
5	103081534	103081850	1	shCd19	0	0	0	0	1	0
5	103580727	103580961	1	shCd19	0	0	0	0	1	0
5	103759761	103759980	1	shRunx3	0	0	0	0	0	1
5	103824140	103824500	1	terminal	0	0	1	0	0	0
5	104044649	104044925	1	terminal	0	0	1	0	0	0
5	104261863	104262225	1	shRunx3	0	0	0	0	0	1
5	104418373	104418913	1	terminal	0	0	1	0	0	0
5	104563049	104563518	1	terminal	0	0	1	0	0	0
5	104589465	104589775	1	memory	0	0	0	1	0	0
5	105148699	105148938	1	shCd19	0	0	0	0	1	0
5	105181787	105182049	1	terminal	0	0	1	0	0	0
5	105236824	105237133	1	terminal	0	0	1	0	0	0
5	105649610	105649931	1	shRunx3	0	0	0	0	0	1
5	105651966	105652247	1	shCd19	0	0	0	0	1	0
5	105775119	105775417	1	shRunx3	0	0	0	0	0	1
5	105840114	105840491	1	shRunx3	0	0	0	0	0	1
5	105907676	105908066	1	late	0	1	0	0	0	0
5	105978248	105978640	1	early	1	0	0	0	0	0
5	106203906	106204121	1	shCd19	0	0	0	0	1	0
5	106279229	106279584	1	shCd19	0	0	0	0	1	0
5	106480054	106480369	1	terminal	0	0	1	0	0	0
5	106487684	106487918	1	memory	0	0	0	1	0	0
5	107177117	107177314	1	shCd19	0	0	0	0	1	0
5	107354598	107354845	1	shCd19	0	0	0	0	1	0
5	107451609	107451917	1	early	1	0	0	0	0	0
5	107726030	107726281	1	terminal	0	0	1	0	0	0
5	107926741	107927037	1	late	0	1	0	0	0	0
5	107960878	107961174	1	shCd19	0	0	0	0	1	0
5	107972765	107972985	1	shCd19	0	0	0	0	1	0
5	107986356	107986778	1	shCd19	0	0	0	0	1	0
5	108012171	108012477	1	shCd19	0	0	0	0	1	0
5	108164977	108165221	1	shRunx3	0	0	0	0	0	1
5	108352767	108353122	1	memory	0	0	0	1	0	0
5	108667637	108668026	1	terminal	0	0	1	0	0	0
5	108690687	108691223	1	shCd19	0	0	0	0	1	0
5	108871712	108872017	1	shRunx3	0	0	0	0	0	1
5	108959284	108959483	1	shRunx3	0	0	0	0	0	1
5	109137727	109138000	1	shRunx3	0	0	0	0	0	1
5	109696668	109697210	1	terminal	0	0	1	0	0	0
5	109866412	109866715	1	shCd19	0	0	0	0	1	0
5	110356987	110357259	1	shRunx3	0	0	0	0	0	1
5	110557128	110557339	1	shRunx3	0	0	0	0	0	1
5	110644185	110644724	1	shCd19	0	0	0	0	1	0
5	110815454	110815721	1	shRunx3	0	0	0	0	0	1
5	111111170	111111424	1	terminal	0	0	1	0	0	0
5	111178171	111178418	1	shRunx3	0	0	0	0	0	1
5	111178418	111178684	2	memory,shRunx3	0	0	0	1	0	1
5	111178684	111178756	1	shRunx3	0	0	0	0	0	1
5	111441938	111442426	1	early	1	0	0	0	0	0
5	111543823	111544064	1	terminal	0	0	1	0	0	0
5	111652888	111653307	1	memory	0	0	0	1	0	0
5	111691711	111691972	1	terminal	0	0	1	0	0	0
5	111696583	111696801	1	shRunx3	0	0	0	0	0	1
5	111722743	111723491	1	late	0	1	0	0	0	0
5	111826003	111826386	1	terminal	0	0	1	0	0	0
5	112272871	112273101	1	shRunx3	0	0	0	0	0	1
5	112296174	112296411	1	shCd19	0	0	0	0	1	0
5	112309746	112310012	1	terminal	0	0	1	0	0	0
5	112760261	112760580	1	shRunx3	0	0	0	0	0	1
5	112995228	112995473	1	shRunx3	0	0	0	0	0	1
5	113208871	113209116	1	shRunx3	0	0	0	0	0	1
5	113306339	113306592	1	terminal	0	0	1	0	0	0
5	113338589	113338806	1	shRunx3	0	0	0	0	0	1
5	113539290	113539824	1	shCd19	0	0	0	0	1	0
5	113639382	113639690	1	shRunx3	0	0	0	0	0	1
5	113908983	113909225	1	shRunx3	0	0	0	0	0	1
5	113962674	113962946	1	late	0	1	0	0	0	0
5	114257170	114257663	1	terminal	0	0	1	0	0	0
5	114296366	114296678	1	shCd19	0	0	0	0	1	0
5	114359116	114359473	1	shRunx3	0	0	0	0	0	1
5	114771570	114771786	1	shRunx3	0	0	0	0	0	1
5	114857978	114858280	1	shRunx3	0	0	0	0	0	1
5	114896894	114897443	1	terminal	0	0	1	0	0	0
5	115068842	115069402	1	shRunx3	0	0	0	0	0	1
5	115161314	115161676	1	shRunx3	0	0	0	0	0	1
5	115489562	115489689	1	shRunx3	0	0	0	0	0	1
5	115489689	115489958	2	late,shRunx3	0	1	0	0	0	1
5	115489958	115490282	1	shRunx3	0	0	0	0	0	1
5	115833610	115833917	1	early	1	0	0	0	0	0
5	115930452	115930843	1	shCd19	0	0	0	0	1	0
5	115990654	115991175	1	late	0	1	0	0	0	0
5	116006167	116006458	1	terminal	0	0	1	0	0	0
5	116594230	116594470	1	shRunx3	0	0	0	0	0	1
5	116596079	116596322	1	shCd19	0	0	0	0	1	0
5	116736891	116737193	1	late	0	1	0	0	0	0
5	116846987	116847267	1	shRunx3	0	0	0	0	0	1
5	116851716	116852007	1	terminal	0	0	1	0	0	0
5	116970559	116970860	1	memory	0	0	0	1	0	0
5	117034105	117034445	1	late	0	1	0	0	0	0
5	117127393	117127781	1	memory	0	0	0	1	0	0
5	117137879	117138250	1	terminal	0	0	1	0	0	0
5	117512874	117513119	1	shCd19	0	0	0	0	1	0
5	117710243	117710555	1	shRunx3	0	0	0	0	0	1
5	117935713	117936238	1	terminal	0	0	1	0	0	0
5	118245014	118245222	1	shCd19	0	0	0	0	1	0
5	118266368	118266617	1	memory	0	0	0	1	0	0
5	118271856	118271897	1	shRunx3	0	0	0	0	0	1
5	118271897	118272093	2	terminal,shRunx3	0	0	1	0	0	1
5	118272093	118272159	1	terminal	0	0	1	0	0	0
5	118273362	118273660	1	memory	0	0	0	1	0	0
5	118404396	118405108	1	shRunx3	0	0	0	0	0	1
5	118753987	118754267	1	early	1	0	0	0	0	0
5	118898445	118898710	1	terminal	0	0	1	0	0	0
5	118929295	118929473	1	memory	0	0	0	1	0	0
5	118929473	118929562	2	memory,shRunx3	0	0	0	1	0	1
5	118929562	118929684	1	shRunx3	0	0	0	0	0	1
5	119063583	119063816	1	terminal	0	0	1	0	0	0
5	119351795	119352049	1	terminal	0	0	1	0	0	0
5	119382284	119382568	1	terminal	0	0	1	0	0	0
5	119802417	119802962	1	shRunx3	0	0	0	0	0	1
5	120402738	120403052	1	terminal	0	0	1	0	0	0
5	120590800	120591126	1	terminal	0	0	1	0	0	0
5	120612601	120612909	1	terminal	0	0	1	0	0	0
5	120625130	120625425	1	shCd19	0	0	0	0	1	0
5	120831186	120831512	1	shRunx3	0	0	0	0	0	1
5	121222995	121223334	1	shCd19	0	0	0	0	1	0
5	121784591	121784802	1	shRunx3	0	0	0	0	0	1
5	121949890	121950155	1	shRunx3	0	0	0	0	0	1
5	122145580	122145887	1	shRunx3	0	0	0	0	0	1
5	122163183	122163557	1	late	0	1	0	0	0	0
5	122357999	122358521	1	shCd19	0	0	0	0	1	0
5	122469672	122469915	1	early	1	0	0	0	0	0
5	122645205	122645457	1	shRunx3	0	0	0	0	0	1
5	122719095	122719427	1	memory	0	0	0	1	0	0
5	123128749	123129444	1	shRunx3	0	0	0	0	0	1
5	123132410	123132713	1	shCd19	0	0	0	0	1	0
5	123285819	123286198	1	shCd19	0	0	0	0	1	0
5	123508998	123509290	1	terminal	0	0	1	0	0	0
5	123684580	123685022	1	memory	0	0	0	1	0	0
5	123720906	123721200	1	late	0	1	0	0	0	0
5	123782480	123782893	1	terminal	0	0	1	0	0	0
5	123974712	123974990	1	shCd19	0	0	0	0	1	0
5	124034391	124034653	1	shCd19	0	0	0	0	1	0
5	124075859	124076193	1	shRunx3	0	0	0	0	0	1
5	124078581	124079347	1	shRunx3	0	0	0	0	0	1
5	124113073	124113339	1	memory	0	0	0	1	0	0
5	124327788	124328081	1	shCd19	0	0	0	0	1	0
5	124439731	124440191	1	shCd19	0	0	0	0	1	0
5	124475294	124475540	1	shCd19	0	0	0	0	1	0
5	124570911	124571287	1	terminal	0	0	1	0	0	0
5	124742991	124743268	1	terminal	0	0	1	0	0	0
5	124958967	124959275	1	late	0	1	0	0	0	0
5	124983258	124983633	1	shCd19	0	0	0	0	1	0
5	125428748	125429098	1	terminal	0	0	1	0	0	0
5	125820753	125821079	1	memory	0	0	0	1	0	0
5	126621716	126622068	1	late	0	1	0	0	0	0
5	127239029	127239259	1	terminal	0	0	1	0	0	0
5	127279750	127280020	1	shRunx3	0	0	0	0	0	1
5	127387743	127387962	1	shRunx3	0	0	0	0	0	1
5	127697482	127698116	1	terminal	0	0	1	0	0	0
5	128239890	128240311	1	terminal	0	0	1	0	0	0
5	128262744	128263098	1	terminal	0	0	1	0	0	0
5	128506156	128506455	1	terminal	0	0	1	0	0	0
5	128735958	128736209	1	memory	0	0	0	1	0	0
5	128774663	128774918	1	terminal	0	0	1	0	0	0
5	128847793	128848326	1	terminal	0	0	1	0	0	0
5	128861372	128861984	1	shCd19	0	0	0	0	1	0
5	129194259	129194471	1	shRunx3	0	0	0	0	0	1
5	129199016	129199300	1	late	0	1	0	0	0	0
5	129608849	129609082	1	shRunx3	0	0	0	0	0	1
5	129615033	129615484	1	shCd19	0	0	0	0	1	0
5	129787373	129787655	1	shRunx3	0	0	0	0	0	1
5	129941294	129941562	1	shCd19	0	0	0	0	1	0
5	129941562	129941796	2	shCd19,shRunx3	0	0	0	0	1	1
5	129941796	129941932	1	shCd19	0	0	0	0	1	0
5	130149305	130149753	1	late	0	1	0	0	0	0
5	130172435	130172784	1	shRunx3	0	0	0	0	0	1
5	130938289	130938496	1	shCd19	0	0	0	0	1	0
5	131280383	131280806	1	shRunx3	0	0	0	0	0	1
5	131326234	131326625	1	shRunx3	0	0	0	0	0	1
5	131425172	131425392	1	shCd19	0	0	0	0	1	0
5	131580745	131581027	1	early	1	0	0	0	0	0
5	131938082	131938379	1	shRunx3	0	0	0	0	0	1
5	132376612	132376883	1	shCd19	0	0	0	0	1	0
5	132544459	132544759	1	shCd19	0	0	0	0	1	0
5	132817926	132818196	1	terminal	0	0	1	0	0	0
5	133056917	133057346	1	shRunx3	0	0	0	0	0	1
5	133131619	133131972	1	terminal	0	0	1	0	0	0
5	133430165	133430457	1	early	1	0	0	0	0	0
5	133432155	133432502	1	memory	0	0	0	1	0	0
5	133779528	133779723	1	shRunx3	0	0	0	0	0	1
5	133784320	133784675	1	shCd19	0	0	0	0	1	0
5	134110223	134110496	1	late	0	1	0	0	0	0
5	134126016	134126228	1	shRunx3	0	0	0	0	0	1
5	134269280	134269833	1	shRunx3	0	0	0	0	0	1
5	134269833	134269972	2	terminal,shRunx3	0	0	1	0	0	1
5	134269972	134270164	1	terminal	0	0	1	0	0	0
5	134356304	134356528	1	shCd19	0	0	0	0	1	0
5	134920247	134920674	1	memory	0	0	0	1	0	0
5	134940775	134941109	1	shCd19	0	0	0	0	1	0
5	135009684	135009915	1	shRunx3	0	0	0	0	0	1
5	135050664	135050906	1	terminal	0	0	1	0	0	0
5	135064168	135064455	1	terminal	0	0	1	0	0	0
5	135097071	135097308	1	terminal	0	0	1	0	0	0
5	135186756	135187185	1	shRunx3	0	0	0	0	0	1
5	135272625	135273001	1	late	0	1	0	0	0	0
5	135537335	135537725	1	terminal	0	0	1	0	0	0
5	135537725	135538170	2	terminal,shRunx3	0	0	1	0	0	1
5	135538170	135538306	1	shRunx3	0	0	0	0	0	1
5	135618514	135618735	1	shCd19	0	0	0	0	1	0
5	136136056	136136419	1	shRunx3	0	0	0	0	0	1
5	136186641	136186986	1	early	1	0	0	0	0	0
5	136686272	136686462	1	shRunx3	0	0	0	0	0	1
5	136962056	136962319	1	shRunx3	0	0	0	0	0	1
5	137056123	137056373	1	shCd19	0	0	0	0	1	0
5	137085018	137085217	1	shCd19	0	0	0	0	1	0
5	137108002	137108256	1	memory	0	0	0	1	0	0
5	137170755	137171057	1	early	1	0	0	0	0	0
5	137323905	137324335	1	terminal	0	0	1	0	0	0
5	137352158	137352399	1	terminal	0	0	1	0	0	0
5	137533280	137533612	1	shRunx3	0	0	0	0	0	1
5	137535264	137535569	1	shRunx3	0	0	0	0	0	1
5	137600792	137601082	1	shRunx3	0	0	0	0	0	1
5	137618984	137619381	1	shCd19	0	0	0	0	1	0
5	137639830	137640092	1	shRunx3	0	0	0	0	0	1
5	137722723	137723206	1	terminal	0	0	1	0	0	0
5	137745656	137745992	1	shRunx3	0	0	0	0	0	1
5	137799379	137799740	1	terminal	0	0	1	0	0	0
5	137908360	137908741	1	late	0	1	0	0	0	0
5	137921213	137921810	1	shRunx3	0	0	0	0	0	1
5	137929023	137929369	1	memory	0	0	0	1	0	0
5	138085511	138085815	1	shCd19	0	0	0	0	1	0
5	138295548	138295968	1	late	0	1	0	0	0	0
5	138308463	138308849	1	late	0	1	0	0	0	0
5	138343582	138343896	1	shRunx3	0	0	0	0	0	1
5	138562219	138562499	1	late	0	1	0	0	0	0
5	139021132	139021576	1	late	0	1	0	0	0	0
5	139050440	139050861	1	shRunx3	0	0	0	0	0	1
5	139166928	139167169	1	terminal	0	0	1	0	0	0
5	139252403	139252698	1	terminal	0	0	1	0	0	0
5	139363896	139364280	1	late	0	1	0	0	0	0
5	139465276	139465536	1	memory	0	0	0	1	0	0
5	139483171	139483562	1	shCd19	0	0	0	0	1	0
5	139518676	139519005	1	shRunx3	0	0	0	0	0	1
5	139840325	139840922	1	terminal	0	0	1	0	0	0
5	139956989	139957285	1	shRunx3	0	0	0	0	0	1
5	139995549	139995999	1	terminal	0	0	1	0	0	0
5	140015989	140016322	1	shRunx3	0	0	0	0	0	1
5	140099333	140099824	1	shCd19	0	0	0	0	1	0
5	140259604	140259970	1	terminal	0	0	1	0	0	0
5	140452864	140453274	1	terminal	0	0	1	0	0	0
5	140517064	140518016	1	shCd19	0	0	0	0	1	0
5	140567305	140567537	1	terminal	0	0	1	0	0	0
5	140596700	140596901	1	shRunx3	0	0	0	0	0	1
5	140614939	140615309	1	shCd19	0	0	0	0	1	0
5	140616367	140617010	1	shCd19	0	0	0	0	1	0
5	140617010	140617241	2	late,shCd19	0	1	0	0	1	0
5	140617241	140617324	1	late	0	1	0	0	0	0
5	140679033	140679402	1	terminal	0	0	1	0	0	0
5	140872299	140873021	1	shRunx3	0	0	0	0	0	1
5	140923546	140923857	1	terminal	0	0	1	0	0	0
5	140966729	140967095	1	terminal	0	0	1	0	0	0
5	140967661	140967893	1	terminal	0	0	1	0	0	0
5	141097952	141098347	1	early	1	0	0	0	0	0
5	141134520	141134892	1	early	1	0	0	0	0	0
5	141342614	141342991	1	shRunx3	0	0	0	0	0	1
5	141443327	141443618	1	terminal	0	0	1	0	0	0
5	141475072	141475356	1	late	0	1	0	0	0	0
5	141563700	141563956	1	shRunx3	0	0	0	0	0	1
5	141611332	141611684	1	shRunx3	0	0	0	0	0	1
5	141630629	141631043	1	shCd19	0	0	0	0	1	0
5	141776238	141776610	1	terminal	0	0	1	0	0	0
5	142309572	142309926	1	shCd19	0	0	0	0	1	0
5	142346288	142346619	1	late	0	1	0	0	0	0
5	142489201	142489437	1	memory	0	0	0	1	0	0
5	142811567	142811905	1	terminal	0	0	1	0	0	0
5	142822266	142822499	1	terminal	0	0	1	0	0	0
5	142852792	142853349	1	terminal	0	0	1	0	0	0
5	142920283	142921045	1	shRunx3	0	0	0	0	0	1
5	143686525	143686827	1	memory	0	0	0	1	0	0
5	143739108	143739342	1	shRunx3	0	0	0	0	0	1
5	143920116	143920622	1	shRunx3	0	0	0	0	0	1
5	144171033	144171346	1	shRunx3	0	0	0	0	0	1
5	144574313	144574558	1	memory	0	0	0	1	0	0
5	145204156	145204401	1	shRunx3	0	0	0	0	0	1
5	145204401	145204458	2	shCd19,shRunx3	0	0	0	0	1	1
5	145204458	145204832	1	shCd19	0	0	0	0	1	0
5	145215666	145216219	1	shRunx3	0	0	0	0	0	1
5	145551829	145552204	1	early	1	0	0	0	0	0
5	145761077	145761388	1	late	0	1	0	0	0	0
5	146004389	146004607	1	shRunx3	0	0	0	0	0	1
5	146220763	146220974	1	shRunx3	0	0	0	0	0	1
5	146344644	146344894	1	terminal	0	0	1	0	0	0
5	146354979	146355193	1	shRunx3	0	0	0	0	0	1
5	146459807	146460126	1	terminal	0	0	1	0	0	0
5	146832647	146833120	1	shCd19	0	0	0	0	1	0
5	146940920	146941220	1	late	0	1	0	0	0	0
5	147032582	147032820	1	memory	0	0	0	1	0	0
5	147062880	147063473	1	shCd19	0	0	0	0	1	0
5	147131107	147131415	1	early	1	0	0	0	0	0
5	147606198	147606547	1	shCd19	0	0	0	0	1	0
5	147623424	147623855	1	shRunx3	0	0	0	0	0	1
5	147818259	147818505	1	shCd19	0	0	0	0	1	0
5	147946978	147947259	1	terminal	0	0	1	0	0	0
5	147971765	147971979	1	shRunx3	0	0	0	0	0	1
5	147998382	147998645	1	terminal	0	0	1	0	0	0
5	148296699	148296982	1	early	1	0	0	0	0	0
5	148374379	148374658	1	terminal	0	0	1	0	0	0
5	148398819	148399167	1	shCd19	0	0	0	0	1	0
5	148501468	148501771	1	shRunx3	0	0	0	0	0	1
5	148774965	148775514	1	late	0	1	0	0	0	0
5	148874290	148874553	1	shCd19	0	0	0	0	1	0
5	148896355	148896686	1	terminal	0	0	1	0	0	0
5	149053244	149054019	1	shRunx3	0	0	0	0	0	1
5	149355111	149355551	1	shCd19	0	0	0	0	1	0
5	149636420	149636768	1	shCd19	0	0	0	0	1	0
5	149658154	149658387	1	terminal	0	0	1	0	0	0
5	149736315	149736620	1	shCd19	0	0	0	0	1	0
5	149886186	149886430	1	early	1	0	0	0	0	0
5	150075237	150075636	1	late	0	1	0	0	0	0
5	150261361	150261811	1	shRunx3	0	0	0	0	0	1
5	150508367	150508607	1	shRunx3	0	0	0	0	0	1
5	150522615	150522831	1	shRunx3	0	0	0	0	0	1
5	150562255	150562537	1	early	1	0	0	0	0	0
5	150719480	150719757	1	memory	0	0	0	1	0	0
5	150841802	150842520	1	early	1	0	0	0	0	0
5	150856428	150856781	1	late	0	1	0	0	0	0
5	151150897	151151165	1	terminal	0	0	1	0	0	0
5	151167122	151167405	1	shRunx3	0	0	0	0	0	1
5	151244408	151244668	1	shRunx3	0	0	0	0	0	1
5	151277315	151277774	1	shRunx3	0	0	0	0	0	1
5	151368667	151368944	1	shCd19	0	0	0	0	1	0
5	151649309	151649883	1	shRunx3	0	0	0	0	0	1
5	151685995	151686336	1	shRunx3	0	0	0	0	0	1
5	151708902	151709096	1	shRunx3	0	0	0	0	0	1
6	3441215	3441423	1	shCd19	0	0	0	0	1	0
6	3586105	3586388	1	early	1	0	0	0	0	0
6	3624757	3624957	1	shCd19	0	0	0	0	1	0
6	3703786	3704135	1	memory	0	0	0	1	0	0
6	3745913	3746103	1	shRunx3	0	0	0	0	0	1
6	3889613	3889923	1	terminal	0	0	1	0	0	0
6	3935204	3935519	1	memory	0	0	0	1	0	0
6	4077189	4077532	1	memory	0	0	0	1	0	0
6	4086485	4086930	1	shCd19	0	0	0	0	1	0
6	4183137	4183426	1	shCd19	0	0	0	0	1	0
6	4681507	4681816	1	terminal	0	0	1	0	0	0
6	4760461	4760757	1	shCd19	0	0	0	0	1	0
6	5054291	5054648	1	shCd19	0	0	0	0	1	0
6	5422307	5422567	1	shCd19	0	0	0	0	1	0
6	5981083	5981354	1	shCd19	0	0	0	0	1	0
6	6247760	6248172	1	late	0	1	0	0	0	0
6	6554076	6554388	1	shCd19	0	0	0	0	1	0
6	6775910	6776125	1	shRunx3	0	0	0	0	0	1
6	6821058	6821367	1	early	1	0	0	0	0	0
6	7042075	7042296	1	shCd19	0	0	0	0	1	0
6	7096305	7096573	1	memory	0	0	0	1	0	0
6	7558265	7558538	1	memory	0	0	0	1	0	0
6	7787946	7788205	1	early	1	0	0	0	0	0
6	7865832	7866176	1	shRunx3	0	0	0	0	0	1
6	8386912	8387152	1	shRunx3	0	0	0	0	0	1
6	8398025	8398278	1	shCd19	0	0	0	0	1	0
6	8416517	8416794	1	shCd19	0	0	0	0	1	0
6	8494896	8495140	1	terminal	0	0	1	0	0	0
6	8507878	8508147	1	early	1	0	0	0	0	0
6	8834221	8834477	1	shCd19	0	0	0	0	1	0
6	9085038	9085365	1	memory	0	0	0	1	0	0
6	9099439	9099726	1	shRunx3	0	0	0	0	0	1
6	9103210	9103446	1	shRunx3	0	0	0	0	0	1
6	9189458	9189853	1	terminal	0	0	1	0	0	0
6	9242651	9242847	1	shCd19	0	0	0	0	1	0
6	9418468	9418801	1	memory	0	0	0	1	0	0
6	9691048	9691509	1	early	1	0	0	0	0	0
6	9757599	9757857	1	memory	0	0	0	1	0	0
6	9777153	9777521	1	terminal	0	0	1	0	0	0
6	9920308	9920542	1	shCd19	0	0	0	0	1	0
6	10332769	10333422	1	late	0	1	0	0	0	0
6	11227631	11227825	1	shCd19	0	0	0	0	1	0
6	11368541	11368739	1	shRunx3	0	0	0	0	0	1
6	11629293	11629722	1	shRunx3	0	0	0	0	0	1
6	12054104	12054588	1	early	1	0	0	0	0	0
6	12266617	12266912	1	late	0	1	0	0	0	0
6	12307363	12307578	1	shCd19	0	0	0	0	1	0
6	12428282	12428552	1	shRunx3	0	0	0	0	0	1
6	12697120	12697318	1	shRunx3	0	0	0	0	0	1
6	12770985	12771365	1	late	0	1	0	0	0	0
6	12915435	12915795	1	late	0	1	0	0	0	0
6	13171694	13172178	1	terminal	0	0	1	0	0	0
6	13348644	13348885	1	shRunx3	0	0	0	0	0	1
6	13494258	13494816	1	terminal	0	0	1	0	0	0
6	13915163	13915422	1	terminal	0	0	1	0	0	0
6	14259408	14259692	1	shCd19	0	0	0	0	1	0
6	14435129	14435431	1	shRunx3	0	0	0	0	0	1
6	14552968	14553258	1	terminal	0	0	1	0	0	0
6	15070504	15070919	1	early	1	0	0	0	0	0
6	15147222	15147539	1	shCd19	0	0	0	0	1	0
6	15194539	15194863	1	early	1	0	0	0	0	0
6	15346859	15347135	1	early	1	0	0	0	0	0
6	15402315	15402512	1	shRunx3	0	0	0	0	0	1
6	15511462	15511822	1	terminal	0	0	1	0	0	0
6	15759721	15760784	1	terminal	0	0	1	0	0	0
6	16036189	16036782	1	shCd19	0	0	0	0	1	0
6	16078972	16079199	1	memory	0	0	0	1	0	0
6	16089249	16089751	1	late	0	1	0	0	0	0
6	16319196	16319787	1	terminal	0	0	1	0	0	0
6	16349008	16349293	1	terminal	0	0	1	0	0	0
6	16493770	16493968	1	shCd19	0	0	0	0	1	0
6	16633357	16633673	1	terminal	0	0	1	0	0	0
6	16661748	16662050	1	terminal	0	0	1	0	0	0
6	16691465	16691805	1	terminal	0	0	1	0	0	0
6	16865581	16865957	1	terminal	0	0	1	0	0	0
6	16891893	16892099	1	shRunx3	0	0	0	0	0	1
6	17314639	17314952	1	memory	0	0	0	1	0	0
6	18220807	18221077	1	shRunx3	0	0	0	0	0	1
6	18511146	18511411	1	shCd19	0	0	0	0	1	0
6	18710516	18711020	1	memory	0	0	0	1	0	0
6	18973567	18973861	1	early	1	0	0	0	0	0
6	19064291	19064738	1	memory	0	0	0	1	0	0
6	19366530	19366781	1	terminal	0	0	1	0	0	0
6	19659378	19659608	1	shCd19	0	0	0	0	1	0
6	20479557	20479903	1	early	1	0	0	0	0	0
6	20941580	20941920	1	memory	0	0	0	1	0	0
6	21392249	21392862	1	terminal	0	0	1	0	0	0
6	21458507	21458705	1	shCd19	0	0	0	0	1	0
6	21473224	21473433	1	shCd19	0	0	0	0	1	0
6	21655087	21655383	1	early	1	0	0	0	0	0
6	21896843	21897092	1	terminal	0	0	1	0	0	0
6	22294717	22294972	1	shCd19	0	0	0	0	1	0
6	22324672	22324908	1	memory	0	0	0	1	0	0
6	22622886	22623077	1	shRunx3	0	0	0	0	0	1
6	22722586	22722858	1	shRunx3	0	0	0	0	0	1
6	22907431	22907833	1	early	1	0	0	0	0	0
6	22938969	22939738	1	terminal	0	0	1	0	0	0
6	23057211	23057450	1	shCd19	0	0	0	0	1	0
6	23245049	23245587	1	memory	0	0	0	1	0	0
6	23574930	23575414	1	late	0	1	0	0	0	0
6	23724490	23724842	1	terminal	0	0	1	0	0	0
6	23733740	23734079	1	terminal	0	0	1	0	0	0
6	24110525	24110892	1	terminal	0	0	1	0	0	0
6	24138804	24139068	1	shRunx3	0	0	0	0	0	1
6	24384765	24385192	1	terminal	0	0	1	0	0	0
6	24663143	24663444	1	memory	0	0	0	1	0	0
6	24663822	24664158	1	early	1	0	0	0	0	0
6	24761948	24762193	1	memory	0	0	0	1	0	0
6	24888079	24888435	1	late	0	1	0	0	0	0
6	24997133	24997535	1	memory	0	0	0	1	0	0
6	25460197	25460453	1	memory	0	0	0	1	0	0
6	25501077	25501283	1	shRunx3	0	0	0	0	0	1
6	25626816	25627320	1	early	1	0	0	0	0	0
6	25976650	25977062	1	shRunx3	0	0	0	0	0	1
6	26018055	26018344	1	terminal	0	0	1	0	0	0
6	26079328	26080202	1	terminal	0	0	1	0	0	0
6	26126163	26126437	1	shRunx3	0	0	0	0	0	1
6	26442753	26442998	1	early	1	0	0	0	0	0
6	26465239	26466001	1	terminal	0	0	1	0	0	0
6	26726847	26727082	1	shCd19	0	0	0	0	1	0
6	27407602	27408043	1	late	0	1	0	0	0	0
6	27408329	27408539	1	shCd19	0	0	0	0	1	0
6	27487094	27487377	1	late	0	1	0	0	0	0
6	27499187	27499515	1	shRunx3	0	0	0	0	0	1
6	27534758	27535156	1	terminal	0	0	1	0	0	0
6	27658264	27658654	1	shRunx3	0	0	0	0	0	1
6	27702652	27702917	1	shRunx3	0	0	0	0	0	1
6	27704279	27704534	1	early	1	0	0	0	0	0
6	27938723	27938964	1	shCd19	0	0	0	0	1	0
6	28423385	28423726	1	memory	0	0	0	1	0	0
6	28458126	28458336	1	shRunx3	0	0	0	0	0	1
6	28538109	28538745	1	terminal	0	0	1	0	0	0
6	28562080	28562345	1	shCd19	0	0	0	0	1	0
6	28971185	28971499	1	shRunx3	0	0	0	0	0	1
6	29046096	29046437	1	shCd19	0	0	0	0	1	0
6	29167362	29167604	1	shRunx3	0	0	0	0	0	1
6	29245616	29245956	1	shCd19	0	0	0	0	1	0
6	29271159	29271432	1	late	0	1	0	0	0	0
6	29276451	29276929	1	late	0	1	0	0	0	0
6	29348180	29348472	1	shCd19	0	0	0	0	1	0
6	29640837	29641204	1	early	1	0	0	0	0	0
6	29681558	29681838	1	shCd19	0	0	0	0	1	0
6	29841548	29841744	1	shRunx3	0	0	0	0	0	1
6	29864228	29864509	1	shCd19	0	0	0	0	1	0
6	29986458	29986872	1	memory	0	0	0	1	0	0
6	30021691	30021948	1	early	1	0	0	0	0	0
6	30065263	30065474	1	shRunx3	0	0	0	0	0	1
6	30074802	30074994	1	shRunx3	0	0	0	0	0	1
6	30346633	30347009	1	shRunx3	0	0	0	0	0	1
6	30635423	30635649	1	shRunx3	0	0	0	0	0	1
6	30661281	30661604	1	shCd19	0	0	0	0	1	0
6	31034173	31034450	1	terminal	0	0	1	0	0	0
6	31131879	31132199	1	shCd19	0	0	0	0	1	0
6	31714342	31714694	1	terminal	0	0	1	0	0	0
6	31866882	31867130	1	shRunx3	0	0	0	0	0	1
6	31987623	31988085	1	shCd19	0	0	0	0	1	0
6	32176109	32176501	1	late	0	1	0	0	0	0
6	32251361	32251569	1	shCd19	0	0	0	0	1	0
6	32564689	32564955	1	shRunx3	0	0	0	0	0	1
6	32889471	32889886	1	shRunx3	0	0	0	0	0	1
6	33130748	33131020	1	terminal	0	0	1	0	0	0
6	33506190	33506548	1	late	0	1	0	0	0	0
6	33577032	33577680	1	shCd19	0	0	0	0	1	0
6	33781075	33781331	1	late	0	1	0	0	0	0
6	33859595	33859821	1	shRunx3	0	0	0	0	0	1
6	33861682	33862128	1	terminal	0	0	1	0	0	0
6	34057938	34058211	1	memory	0	0	0	1	0	0
6	34350583	34350929	1	shCd19	0	0	0	0	1	0
6	34588410	34588890	1	terminal	0	0	1	0	0	0
6	34649466	34649767	1	late	0	1	0	0	0	0
6	34846341	34846569	1	terminal	0	0	1	0	0	0
6	35133724	35134307	1	shRunx3	0	0	0	0	0	1
6	35318916	35319243	1	memory	0	0	0	1	0	0
6	35542955	35543502	1	terminal	0	0	1	0	0	0
6	35841000	35841203	1	shCd19	0	0	0	0	1	0
6	36130487	36130732	1	memory	0	0	0	1	0	0
6	36447514	36447753	1	early	1	0	0	0	0	0
6	36453126	36453386	1	late	0	1	0	0	0	0
6	36625387	36625644	1	terminal	0	0	1	0	0	0
6	36723315	36723578	1	late	0	1	0	0	0	0
6	36906337	36906809	1	shRunx3	0	0	0	0	0	1
6	37086813	37087099	1	memory	0	0	0	1	0	0
6	37735329	37735627	1	shCd19	0	0	0	0	1	0
6	37821780	37822160	1	shCd19	0	0	0	0	1	0
6	37870322	37870942	1	shRunx3	0	0	0	0	0	1
6	37909417	37909667	1	memory	0	0	0	1	0	0
6	37993342	37993575	1	terminal	0	0	1	0	0	0
6	38075954	38076184	1	memory	0	0	0	1	0	0
6	38352303	38352715	1	terminal	0	0	1	0	0	0
6	38354393	38355102	1	shCd19	0	0	0	0	1	0
6	38442226	38442822	1	late	0	1	0	0	0	0
6	38671221	38671525	1	terminal	0	0	1	0	0	0
6	38752639	38752953	1	memory	0	0	0	1	0	0
6	38784741	38785088	1	shRunx3	0	0	0	0	0	1
6	38810028	38810233	1	shRunx3	0	0	0	0	0	1
6	39139644	39139973	1	memory	0	0	0	1	0	0
6	39360953	39361156	1	shCd19	0	0	0	0	1	0
6	39422782	39423349	1	late	0	1	0	0	0	0
6	39465193	39465501	1	late	0	1	0	0	0	0
6	39870444	39870805	1	early	1	0	0	0	0	0
6	39989957	39990321	1	memory	0	0	0	1	0	0
6	40059512	40059745	1	shRunx3	0	0	0	0	0	1
6	40186294	40186572	1	memory	0	0	0	1	0	0
6	40241662	40241858	1	shCd19	0	0	0	0	1	0
6	40279619	40279832	1	memory	0	0	0	1	0	0
6	40279832	40279899	2	terminal,memory	0	0	1	1	0	0
6	40279899	40280212	1	terminal	0	0	1	0	0	0
6	40310207	40310465	1	shCd19	0	0	0	0	1	0
6	40374952	40375247	1	terminal	0	0	1	0	0	0
6	40471048	40471336	1	shRunx3	0	0	0	0	0	1
6	40653783	40654185	1	early	1	0	0	0	0	0
6	40731868	40732208	1	early	1	0	0	0	0	0
6	40847080	40847340	1	terminal	0	0	1	0	0	0
6	40854775	40855129	1	shCd19	0	0	0	0	1	0
6	40961446	40961692	1	terminal	0	0	1	0	0	0
6	41291189	41291489	1	shCd19	0	0	0	0	1	0
6	41474934	41475147	1	shRunx3	0	0	0	0	0	1
6	41591229	41591523	1	terminal	0	0	1	0	0	0
6	41773136	41773608	1	shCd19	0	0	0	0	1	0
6	41863282	41863513	1	memory	0	0	0	1	0	0
6	42025274	42025871	1	shRunx3	0	0	0	0	0	1
6	42068198	42068462	1	early	1	0	0	0	0	0
6	42343592	42343838	1	early	1	0	0	0	0	0
6	42349430	42349959	1	shCd19	0	0	0	0	1	0
6	42370896	42371132	1	shRunx3	0	0	0	0	0	1
6	42589788	42590146	1	shCd19	0	0	0	0	1	0
6	42631235	42631676	1	memory	0	0	0	1	0	0
6	43194807	43195126	1	terminal	0	0	1	0	0	0
6	43488407	43488680	1	terminal	0	0	1	0	0	0
6	43669524	43669766	1	terminal	0	0	1	0	0	0
6	43733730	43734102	1	terminal	0	0	1	0	0	0
6	44010675	44010961	1	shRunx3	0	0	0	0	0	1
6	44218146	44218417	1	terminal	0	0	1	0	0	0
6	44421759	44422010	1	terminal	0	0	1	0	0	0
6	44536610	44536832	1	shCd19	0	0	0	0	1	0
6	44582631	44583096	1	terminal	0	0	1	0	0	0
6	45333411	45333627	1	shCd19	0	0	0	0	1	0
6	46080430	46080725	1	shRunx3	0	0	0	0	0	1
6	46340790	46341150	1	shRunx3	0	0	0	0	0	1
6	46407315	46407670	1	shCd19	0	0	0	0	1	0
6	46843664	46844015	1	late	0	1	0	0	0	0
6	46962292	46962525	1	terminal	0	0	1	0	0	0
6	46971861	46972172	1	memory	0	0	0	1	0	0
6	47178856	47179202	1	shRunx3	0	0	0	0	0	1
6	47221407	47221668	1	terminal	0	0	1	0	0	0
6	47283137	47283378	1	shCd19	0	0	0	0	1	0
6	47298997	47299267	1	memory	0	0	0	1	0	0
6	47440235	47440655	1	shRunx3	0	0	0	0	0	1
6	47611008	47611300	1	shRunx3	0	0	0	0	0	1
6	47636614	47636666	1	shRunx3	0	0	0	0	0	1
6	47636666	47636971	2	shCd19,shRunx3	0	0	0	0	1	1
6	47636971	47637196	1	shCd19	0	0	0	0	1	0
6	47992622	47992834	1	shRunx3	0	0	0	0	0	1
6	48507694	48508600	1	terminal	0	0	1	0	0	0
6	48745604	48746057	1	shRunx3	0	0	0	0	0	1
6	49070238	49070489	1	terminal	0	0	1	0	0	0
6	49182609	49182904	1	terminal	0	0	1	0	0	0
6	49218014	49218239	1	shCd19	0	0	0	0	1	0
6	49638503	49638702	1	shCd19	0	0	0	0	1	0
6	50011331	50011568	1	memory	0	0	0	1	0	0
6	50394164	50394756	1	shCd19	0	0	0	0	1	0
6	50416593	50416900	1	shRunx3	0	0	0	0	0	1
6	50416900	50417459	2	shCd19,shRunx3	0	0	0	0	1	1
6	50417459	50417461	1	shCd19	0	0	0	0	1	0
6	50481298	50481648	1	terminal	0	0	1	0	0	0
6	50482533	50482803	1	early	1	0	0	0	0	0
6	50493348	50493653	1	early	1	0	0	0	0	0
6	50561008	50561237	1	shCd19	0	0	0	0	1	0
6	50596673	50596983	1	shCd19	0	0	0	0	1	0
6	50792806	50793151	1	early	1	0	0	0	0	0
6	51291684	51292185	1	late	0	1	0	0	0	0
6	51424500	51424831	1	memory	0	0	0	1	0	0
6	51481724	51481986	1	terminal	0	0	1	0	0	0
6	51744897	51745126	1	shCd19	0	0	0	0	1	0
6	52024330	52024613	1	shCd19	0	0	0	0	1	0
6	52179648	52180065	1	terminal	0	0	1	0	0	0
6	52236572	52236916	1	late	0	1	0	0	0	0
6	52600685	52600953	1	late	0	1	0	0	0	0
6	52909412	52909654	1	memory	0	0	0	1	0	0
6	52917690	52917930	1	shRunx3	0	0	0	0	0	1
6	52992253	52992577	1	memory	0	0	0	1	0	0
6	53273605	53273885	1	shRunx3	0	0	0	0	0	1
6	53396630	53397007	1	late	0	1	0	0	0	0
6	53572848	53573261	1	early	1	0	0	0	0	0
6	53910564	53910835	1	shRunx3	0	0	0	0	0	1
6	53984106	53984339	1	terminal	0	0	1	0	0	0
6	54203215	54203576	1	early	1	0	0	0	0	0
6	54269023	54269315	1	terminal	0	0	1	0	0	0
6	54354040	54354460	1	shRunx3	0	0	0	0	0	1
6	54465435	54465706	1	late	0	1	0	0	0	0
6	54633338	54633683	1	late	0	1	0	0	0	0
6	54638948	54639342	1	shCd19	0	0	0	0	1	0
6	54646417	54646685	1	terminal	0	0	1	0	0	0
6	54955788	54956434	1	shRunx3	0	0	0	0	0	1
6	55048570	55048816	1	terminal	0	0	1	0	0	0
6	55305693	55305904	1	shCd19	0	0	0	0	1	0
6	55905027	55905360	1	shRunx3	0	0	0	0	0	1
6	56420526	56420852	1	shRunx3	0	0	0	0	0	1
6	56447879	56448184	1	shRunx3	0	0	0	0	0	1
6	56631960	56632260	1	early	1	0	0	0	0	0
6	56661814	56662072	1	shCd19	0	0	0	0	1	0
6	56825893	56826523	1	terminal	0	0	1	0	0	0
6	56828643	56828932	1	shRunx3	0	0	0	0	0	1
6	56862475	56862746	1	early	1	0	0	0	0	0
6	57422310	57422566	1	shCd19	0	0	0	0	1	0
6	57541941	57542667	1	shCd19	0	0	0	0	1	0
6	57680822	57681124	1	shCd19	0	0	0	0	1	0
6	58041573	58041922	1	early	1	0	0	0	0	0
6	58237129	58237349	1	shRunx3	0	0	0	0	0	1
6	58779265	58779562	1	shRunx3	0	0	0	0	0	1
6	58799404	58800113	1	late	0	1	0	0	0	0
6	58860987	58861182	1	shRunx3	0	0	0	0	0	1
6	58862639	58862946	1	terminal	0	0	1	0	0	0
6	58880765	58881241	1	early	1	0	0	0	0	0
6	58896765	58897021	1	terminal	0	0	1	0	0	0
6	59043521	59043836	1	shCd19	0	0	0	0	1	0
6	59149157	59149452	1	terminal	0	0	1	0	0	0
6	59486728	59486986	1	memory	0	0	0	1	0	0
6	59624975	59625273	1	shRunx3	0	0	0	0	0	1
6	60094248	60094461	1	shRunx3	0	0	0	0	0	1
6	60113412	60113662	1	shRunx3	0	0	0	0	0	1
6	60163997	60164237	1	shCd19	0	0	0	0	1	0
6	60409270	60409618	1	terminal	0	0	1	0	0	0
6	60416159	60416563	1	late	0	1	0	0	0	0
6	60701719	60701995	1	shRunx3	0	0	0	0	0	1
6	61083591	61083865	1	memory	0	0	0	1	0	0
6	61109411	61109807	1	late	0	1	0	0	0	0
6	61201882	61202555	1	terminal	0	0	1	0	0	0
6	61224125	61224607	1	shRunx3	0	0	0	0	0	1
6	61672423	61672633	1	shRunx3	0	0	0	0	0	1
6	61747172	61747466	1	terminal	0	0	1	0	0	0
6	61803317	61803557	1	terminal	0	0	1	0	0	0
6	61978695	61978984	1	shCd19	0	0	0	0	1	0
6	62551652	62552201	1	memory	0	0	0	1	0	0
6	62852672	62853102	1	memory	0	0	0	1	0	0
6	62938978	62939643	1	shCd19	0	0	0	0	1	0
6	63121440	63121745	1	memory	0	0	0	1	0	0
6	63555813	63556047	1	shCd19	0	0	0	0	1	0
6	63778802	63779056	1	early	1	0	0	0	0	0
6	64198015	64198253	1	memory	0	0	0	1	0	0
6	64240252	64240500	1	early	1	0	0	0	0	0
6	64324701	64325033	1	late	0	1	0	0	0	0
6	64477251	64477471	1	shRunx3	0	0	0	0	0	1
6	64630247	64630529	1	early	1	0	0	0	0	0
6	64940900	64941176	1	memory	0	0	0	1	0	0
6	65055059	65055258	1	shCd19	0	0	0	0	1	0
6	65549102	65549400	1	shRunx3	0	0	0	0	0	1
6	65727573	65727899	1	early	1	0	0	0	0	0
6	65923335	65923611	1	memory	0	0	0	1	0	0
6	66139500	66139788	1	terminal	0	0	1	0	0	0
6	66168376	66168628	1	memory	0	0	0	1	0	0
6	66490895	66491408	1	shCd19	0	0	0	0	1	0
6	66535149	66535742	1	shRunx3	0	0	0	0	0	1
6	66620411	66620779	1	shCd19	0	0	0	0	1	0
6	66681555	66681825	1	shRunx3	0	0	0	0	0	1
6	66733823	66734069	1	shRunx3	0	0	0	0	0	1
6	66797374	66797661	1	late	0	1	0	0	0	0
6	66904476	66904682	1	shCd19	0	0	0	0	1	0
6	66938802	66938996	1	shCd19	0	0	0	0	1	0
6	67154368	67154615	1	terminal	0	0	1	0	0	0
6	67988205	67988434	1	terminal	0	0	1	0	0	0
6	68038961	68039167	1	shRunx3	0	0	0	0	0	1
6	68096227	68096643	1	shCd19	0	0	0	0	1	0
6	68126480	68126758	1	memory	0	0	0	1	0	0
6	68186152	68186380	1	terminal	0	0	1	0	0	0
6	68367656	68368030	1	terminal	0	0	1	0	0	0
6	68448551	68448914	1	early	1	0	0	0	0	0
6	68712638	68712963	1	terminal	0	0	1	0	0	0
6	68831557	68831823	1	shRunx3	0	0	0	0	0	1
6	69331120	69331510	1	memory	0	0	0	1	0	0
6	69378256	69378572	1	memory	0	0	0	1	0	0
6	69679485	69679745	1	late	0	1	0	0	0	0
6	70521159	70521950	1	terminal	0	0	1	0	0	0
6	70824874	70824876	1	shCd19	0	0	0	0	1	0
6	70824876	70825122	2	terminal,shCd19	0	0	1	0	1	0
6	70825122	70825130	1	shCd19	0	0	0	0	1	0
6	71032211	71032922	1	terminal	0	0	1	0	0	0
6	71096590	71096865	1	shCd19	0	0	0	0	1	0
6	71147269	71147552	1	shRunx3	0	0	0	0	0	1
6	71153114	71153715	1	terminal	0	0	1	0	0	0
6	71352012	71352303	1	shRunx3	0	0	0	0	0	1
6	71618767	71619069	1	shCd19	0	0	0	0	1	0
6	71632685	71633022	1	terminal	0	0	1	0	0	0
6	71636746	71636963	1	shCd19	0	0	0	0	1	0
6	71854716	71854987	1	shCd19	0	0	0	0	1	0
6	72028627	72028817	1	shRunx3	0	0	0	0	0	1
6	72195532	72195850	1	memory	0	0	0	1	0	0
6	72424471	72424757	1	terminal	0	0	1	0	0	0
6	72503123	72503562	1	shRunx3	0	0	0	0	0	1
6	72598346	72598625	1	shRunx3	0	0	0	0	0	1
6	73098570	73098800	1	shRunx3	0	0	0	0	0	1
6	73306183	73306408	1	shRunx3	0	0	0	0	0	1
6	73322230	73322423	1	shRunx3	0	0	0	0	0	1
6	74407624	74408002	1	terminal	0	0	1	0	0	0
6	74740183	74740498	1	shRunx3	0	0	0	0	0	1
6	74860706	74860932	1	memory	0	0	0	1	0	0
6	75316616	75316851	1	terminal	0	0	1	0	0	0
6	75801279	75801529	1	terminal	0	0	1	0	0	0
6	76195859	76196065	1	shCd19	0	0	0	0	1	0
6	76263387	76263745	1	shCd19	0	0	0	0	1	0
6	76367445	76368004	1	terminal	0	0	1	0	0	0
6	77074153	77074432	1	memory	0	0	0	1	0	0
6	77648247	77648617	1	late	0	1	0	0	0	0
6	77660248	77660531	1	terminal	0	0	1	0	0	0
6	78100386	78100628	1	shCd19	0	0	0	0	1	0
6	78147722	78148210	1	shRunx3	0	0	0	0	0	1
6	78296629	78296825	1	shCd19	0	0	0	0	1	0
6	78349321	78349693	1	shCd19	0	0	0	0	1	0
6	78739707	78740026	1	late	0	1	0	0	0	0
6	78977671	78977930	1	terminal	0	0	1	0	0	0
6	79242389	79242710	1	terminal	0	0	1	0	0	0
6	79367190	79367470	1	shRunx3	0	0	0	0	0	1
6	79937068	79937308	1	terminal	0	0	1	0	0	0
6	80302554	80303057	1	memory	0	0	0	1	0	0
6	80902906	80903192	1	shCd19	0	0	0	0	1	0
6	80914265	80914492	1	terminal	0	0	1	0	0	0
6	81162586	81162819	1	terminal	0	0	1	0	0	0
6	81308447	81308901	1	terminal	0	0	1	0	0	0
6	81553574	81553876	1	early	1	0	0	0	0	0
6	81666205	81666486	1	late	0	1	0	0	0	0
6	81784514	81784887	1	shRunx3	0	0	0	0	0	1
6	81785593	81786043	1	terminal	0	0	1	0	0	0
6	81882121	81882328	1	shRunx3	0	0	0	0	0	1
6	82144774	82145063	1	memory	0	0	0	1	0	0
6	82381193	82381546	1	shRunx3	0	0	0	0	0	1
6	82382273	82382474	1	shCd19	0	0	0	0	1	0
6	82655148	82655538	1	early	1	0	0	0	0	0
6	82765238	82765498	1	early	1	0	0	0	0	0
6	82821348	82821659	1	terminal	0	0	1	0	0	0
6	82922170	82922402	1	shCd19	0	0	0	0	1	0
6	82945997	82946401	1	shRunx3	0	0	0	0	0	1
6	83240413	83240689	1	shCd19	0	0	0	0	1	0
6	83268321	83268564	1	shRunx3	0	0	0	0	0	1
6	83325684	83325910	1	memory	0	0	0	1	0	0
6	83493859	83494238	1	early	1	0	0	0	0	0
6	83596052	83596294	1	early	1	0	0	0	0	0
6	83714998	83715406	1	late	0	1	0	0	0	0
6	83775775	83776189	1	shCd19	0	0	0	0	1	0
6	83808739	83809146	1	shRunx3	0	0	0	0	0	1
6	83831768	83832008	1	shCd19	0	0	0	0	1	0
6	84092867	84093090	1	shRunx3	0	0	0	0	0	1
6	84207323	84207589	1	shRunx3	0	0	0	0	0	1
6	84229253	84229641	1	shRunx3	0	0	0	0	0	1
6	84387076	84388159	1	terminal	0	0	1	0	0	0
6	84542250	84542523	1	memory	0	0	0	1	0	0
6	84705244	84705553	1	terminal	0	0	1	0	0	0
6	84972024	84972345	1	terminal	0	0	1	0	0	0
6	85143699	85144036	1	late	0	1	0	0	0	0
6	85227271	85227801	1	shCd19	0	0	0	0	1	0
6	85374476	85375032	1	shRunx3	0	0	0	0	0	1
6	85446597	85446935	1	shRunx3	0	0	0	0	0	1
6	85530960	85531260	1	early	1	0	0	0	0	0
6	86189240	86189516	1	terminal	0	0	1	0	0	0
6	86532396	86532608	1	shRunx3	0	0	0	0	0	1
6	86708936	86709204	1	memory	0	0	0	1	0	0
6	87194714	87195065	1	shCd19	0	0	0	0	1	0
6	87502606	87502638	1	shCd19	0	0	0	0	1	0
6	87502638	87502933	2	shCd19,shRunx3	0	0	0	0	1	1
6	87502933	87503231	1	shRunx3	0	0	0	0	0	1
6	87838787	87839195	1	shRunx3	0	0	0	0	0	1
6	87865717	87865911	1	shRunx3	0	0	0	0	0	1
6	87885183	87885466	1	shCd19	0	0	0	0	1	0
6	87943518	87944020	1	memory	0	0	0	1	0	0
6	88046383	88046610	1	shCd19	0	0	0	0	1	0
6	88188172	88188471	1	late	0	1	0	0	0	0
6	88454710	88455024	1	shCd19	0	0	0	0	1	0
6	88697284	88697841	1	terminal	0	0	1	0	0	0
6	88708698	88708944	1	terminal	0	0	1	0	0	0
6	88735539	88736064	1	terminal	0	0	1	0	0	0
6	88918851	88919605	1	terminal	0	0	1	0	0	0
6	89443076	89443376	1	shCd19	0	0	0	0	1	0
6	89661343	89661575	1	terminal	0	0	1	0	0	0
6	89796165	89796818	1	terminal	0	0	1	0	0	0
6	89854865	89855177	1	shRunx3	0	0	0	0	0	1
6	90120659	90121014	1	memory	0	0	0	1	0	0
6	90365390	90365783	1	terminal	0	0	1	0	0	0
6	90618017	90618440	1	terminal	0	0	1	0	0	0
6	90988688	90989171	1	shCd19	0	0	0	0	1	0
6	91001762	91002112	1	shRunx3	0	0	0	0	0	1
6	91109000	91109224	1	shCd19	0	0	0	0	1	0
6	91170520	91171253	1	shRunx3	0	0	0	0	0	1
6	91271786	91272140	1	terminal	0	0	1	0	0	0
6	91376880	91377462	1	late	0	1	0	0	0	0
6	91628971	91629375	1	late	0	1	0	0	0	0
6	91746127	91746553	1	shRunx3	0	0	0	0	0	1
6	91764019	91764216	1	shCd19	0	0	0	0	1	0
6	91855784	91856325	1	memory	0	0	0	1	0	0
6	92069303	92069571	1	terminal	0	0	1	0	0	0
6	92786336	92786617	1	late	0	1	0	0	0	0
6	93094979	93095325	1	terminal	0	0	1	0	0	0
6	93658624	93658875	1	shCd19	0	0	0	0	1	0
6	93920627	93920948	1	shRunx3	0	0	0	0	0	1
6	93983820	93984056	1	terminal	0	0	1	0	0	0
6	94650954	94651345	1	late	0	1	0	0	0	0
6	94827575	94828245	1	shCd19	0	0	0	0	1	0
6	94896487	94896731	1	shCd19	0	0	0	0	1	0
6	95545750	95546089	1	terminal	0	0	1	0	0	0
6	95667995	95668362	1	shRunx3	0	0	0	0	0	1
6	95712376	95712399	1	shCd19	0	0	0	0	1	0
6	95712399	95712586	2	shCd19,shRunx3	0	0	0	0	1	1
6	95712586	95712630	1	shRunx3	0	0	0	0	0	1
6	95738891	95739299	1	shCd19	0	0	0	0	1	0
6	95874861	95875282	1	shCd19	0	0	0	0	1	0
6	95885499	95885735	1	memory	0	0	0	1	0	0
6	96039656	96039969	1	memory	0	0	0	1	0	0
6	96265949	96266288	1	shCd19	0	0	0	0	1	0
6	97159717	97159982	1	shCd19	0	0	0	0	1	0
6	97221507	97221833	1	memory	0	0	0	1	0	0
6	97294211	97294456	1	shCd19	0	0	0	0	1	0
6	97404281	97404526	1	shRunx3	0	0	0	0	0	1
6	97562994	97563300	1	terminal	0	0	1	0	0	0
6	97702307	97702627	1	shRunx3	0	0	0	0	0	1
6	97845752	97846497	1	memory	0	0	0	1	0	0
6	98417947	98418140	1	shRunx3	0	0	0	0	0	1
6	98703720	98704114	1	memory	0	0	0	1	0	0
6	98886996	98887375	1	terminal	0	0	1	0	0	0
6	99246294	99246506	1	shCd19	0	0	0	0	1	0
6	99274485	99275023	1	shCd19	0	0	0	0	1	0
6	99283386	99283641	1	shCd19	0	0	0	0	1	0
6	99375692	99375888	1	shRunx3	0	0	0	0	0	1
6	99422289	99422565	1	shRunx3	0	0	0	0	0	1
6	99455304	99455711	1	early	1	0	0	0	0	0
6	99488302	99488589	1	shCd19	0	0	0	0	1	0
6	99722242	99722622	1	terminal	0	0	1	0	0	0
6	99781505	99781790	1	shCd19	0	0	0	0	1	0
6	99791119	99791486	1	terminal	0	0	1	0	0	0
6	99967277	99967686	1	terminal	0	0	1	0	0	0
6	100152161	100152370	1	shCd19	0	0	0	0	1	0
6	100197042	100197456	1	early	1	0	0	0	0	0
6	100217810	100218308	1	late	0	1	0	0	0	0
6	100379112	100379557	1	terminal	0	0	1	0	0	0
6	100496694	100496906	1	shCd19	0	0	0	0	1	0
6	100516829	100517066	1	shRunx3	0	0	0	0	0	1
6	100540237	100540582	1	terminal	0	0	1	0	0	0
6	100682824	100683168	1	memory	0	0	0	1	0	0
6	100684556	100684775	1	shCd19	0	0	0	0	1	0
6	100824093	100824744	1	shRunx3	0	0	0	0	0	1
6	100836662	100836991	1	terminal	0	0	1	0	0	0
6	101005140	101005431	1	memory	0	0	0	1	0	0
6	101257579	101257855	1	memory	0	0	0	1	0	0
6	101869524	101869953	1	terminal	0	0	1	0	0	0
6	102409193	102409608	1	terminal	0	0	1	0	0	0
6	102473633	102474067	1	terminal	0	0	1	0	0	0
6	102586761	102587057	1	late	0	1	0	0	0	0
6	103156829	103157239	1	shCd19	0	0	0	0	1	0
6	103270529	103270816	1	shRunx3	0	0	0	0	0	1
6	103456676	103457034	1	terminal	0	0	1	0	0	0
6	103753077	103753351	1	terminal	0	0	1	0	0	0
6	103826683	103827304	1	shCd19	0	0	0	0	1	0
6	103941837	103942086	1	terminal	0	0	1	0	0	0
6	104050801	104051008	1	shRunx3	0	0	0	0	0	1
6	104426331	104426762	1	terminal	0	0	1	0	0	0
6	104482911	104483358	1	early	1	0	0	0	0	0
6	104525457	104525651	1	shRunx3	0	0	0	0	0	1
6	105352471	105352689	1	shCd19	0	0	0	0	1	0
6	106006693	106006978	1	shCd19	0	0	0	0	1	0
6	106068683	106069051	1	shRunx3	0	0	0	0	0	1
6	106987980	106988216	1	terminal	0	0	1	0	0	0
6	107349602	107349798	1	shRunx3	0	0	0	0	0	1
6	107429234	107429501	1	memory	0	0	0	1	0	0
6	107437919	107438277	1	memory	0	0	0	1	0	0
6	107968702	107968936	1	shCd19	0	0	0	0	1	0
6	108098716	108098947	1	shCd19	0	0	0	0	1	0
6	108212776	108213012	1	terminal	0	0	1	0	0	0
6	108244511	108244711	1	shRunx3	0	0	0	0	0	1
6	108535598	108536229	1	shRunx3	0	0	0	0	0	1
6	108626994	108627300	1	shRunx3	0	0	0	0	0	1
6	108630921	108631230	1	shRunx3	0	0	0	0	0	1
6	108965213	108965534	1	late	0	1	0	0	0	0
6	108999013	108999258	1	shCd19	0	0	0	0	1	0
6	109435285	109435497	1	shRunx3	0	0	0	0	0	1
6	110427380	110427704	1	terminal	0	0	1	0	0	0
6	110442500	110442694	1	shRunx3	0	0	0	0	0	1
6	110466326	110466650	1	terminal	0	0	1	0	0	0
6	110592110	110592444	1	memory	0	0	0	1	0	0
6	110622097	110622320	1	shCd19	0	0	0	0	1	0
6	110762346	110762692	1	shRunx3	0	0	0	0	0	1
6	110766594	110766953	1	terminal	0	0	1	0	0	0
6	110883668	110884119	1	memory	0	0	0	1	0	0
6	111135364	111135746	1	memory	0	0	0	1	0	0
6	111210035	111210315	1	terminal	0	0	1	0	0	0
6	111831033	111831236	1	shCd19	0	0	0	0	1	0
6	112080242	112080487	1	early	1	0	0	0	0	0
6	112097908	112098237	1	terminal	0	0	1	0	0	0
6	112113470	112113672	1	shRunx3	0	0	0	0	0	1
6	112290224	112290509	1	shRunx3	0	0	0	0	0	1
6	112325118	112325515	1	shCd19	0	0	0	0	1	0
6	112402895	112403244	1	shCd19	0	0	0	0	1	0
6	112909796	112910151	1	shCd19	0	0	0	0	1	0
6	113306449	113307176	1	shRunx3	0	0	0	0	0	1
6	113318221	113318459	1	memory	0	0	0	1	0	0
6	113326938	113327241	1	memory	0	0	0	1	0	0
6	113377577	113378111	1	shCd19	0	0	0	0	1	0
6	113557075	113557479	1	memory	0	0	0	1	0	0
6	113661396	113661669	1	shRunx3	0	0	0	0	0	1
6	113661669	113662001	2	shCd19,shRunx3	0	0	0	0	1	1
6	113662001	113662029	1	shRunx3	0	0	0	0	0	1
6	113703504	113703780	1	shRunx3	0	0	0	0	0	1
6	113799316	113799652	1	early	1	0	0	0	0	0
6	113960687	113960983	1	memory	0	0	0	1	0	0
6	114151266	114151680	1	early	1	0	0	0	0	0
6	114411533	114412024	1	terminal	0	0	1	0	0	0
6	114452646	114452883	1	shRunx3	0	0	0	0	0	1
6	114660237	114660594	1	shRunx3	0	0	0	0	0	1
6	114767081	114767322	1	early	1	0	0	0	0	0
6	114918350	114918578	1	shRunx3	0	0	0	0	0	1
6	114969690	114969987	1	terminal	0	0	1	0	0	0
6	115134742	115135060	1	terminal	0	0	1	0	0	0
6	115269814	115270067	1	shCd19	0	0	0	0	1	0
6	115294213	115294529	1	shRunx3	0	0	0	0	0	1
6	115508913	115509242	1	memory	0	0	0	1	0	0
6	115512851	115513088	1	shCd19	0	0	0	0	1	0
6	115676530	115676930	1	shRunx3	0	0	0	0	0	1
6	115677726	115678100	1	shCd19	0	0	0	0	1	0
6	116365515	116365865	1	terminal	0	0	1	0	0	0
6	116883949	116884328	1	shRunx3	0	0	0	0	0	1
6	116969673	116970198	1	early	1	0	0	0	0	0
6	116977309	116977516	1	shCd19	0	0	0	0	1	0
6	117181539	117181808	1	shRunx3	0	0	0	0	0	1
6	117542396	117542762	1	memory	0	0	0	1	0	0
6	117543155	117543462	1	shCd19	0	0	0	0	1	0
6	117778341	117778638	1	terminal	0	0	1	0	0	0
6	117839359	117839630	1	shCd19	0	0	0	0	1	0
6	117844126	117844364	1	shRunx3	0	0	0	0	0	1
6	117879261	117880180	1	shCd19	0	0	0	0	1	0
6	118028301	118028543	1	terminal	0	0	1	0	0	0
6	118110998	118111232	1	terminal	0	0	1	0	0	0
6	118256829	118257104	1	memory	0	0	0	1	0	0
6	118271155	118271457	1	terminal	0	0	1	0	0	0
6	118345631	118345892	1	shRunx3	0	0	0	0	0	1
6	118485526	118485940	1	early	1	0	0	0	0	0
6	118528620	118529007	1	shRunx3	0	0	0	0	0	1
6	118684884	118685228	1	shRunx3	0	0	0	0	0	1
6	118707746	118708081	1	terminal	0	0	1	0	0	0
6	118743581	118744086	1	terminal	0	0	1	0	0	0
6	118831240	118831477	1	terminal	0	0	1	0	0	0
6	119018548	119019073	1	terminal	0	0	1	0	0	0
6	119056882	119057140	1	shCd19	0	0	0	0	1	0
6	119154217	119154585	1	memory	0	0	0	1	0	0
6	119165434	119165931	1	shRunx3	0	0	0	0	0	1
6	119359590	119360301	1	terminal	0	0	1	0	0	0
6	119816596	119817064	1	memory	0	0	0	1	0	0
6	119818142	119818589	1	terminal	0	0	1	0	0	0
6	119885895	119886320	1	terminal	0	0	1	0	0	0
6	119891862	119892084	1	shCd19	0	0	0	0	1	0
6	120225230	120225510	1	memory	0	0	0	1	0	0
6	120363810	120364326	1	shRunx3	0	0	0	0	0	1
6	120371712	120372030	1	terminal	0	0	1	0	0	0
6	120453168	120453429	1	shCd19	0	0	0	0	1	0
6	120496085	120496505	1	shCd19	0	0	0	0	1	0
6	120543408	120543659	1	early	1	0	0	0	0	0
6	120644930	120645140	1	shCd19	0	0	0	0	1	0
6	120835719	120835981	1	shRunx3	0	0	0	0	0	1
6	120999832	121000127	1	memory	0	0	0	1	0	0
6	121302443	121302698	1	shRunx3	0	0	0	0	0	1
6	121425173	121425517	1	terminal	0	0	1	0	0	0
6	121707442	121707739	1	terminal	0	0	1	0	0	0
6	122395693	122396028	1	shRunx3	0	0	0	0	0	1
6	122425051	122425431	1	memory	0	0	0	1	0	0
6	122527756	122527994	1	shCd19	0	0	0	0	1	0
6	122555375	122555611	1	terminal	0	0	1	0	0	0
6	122899020	122899227	1	shCd19	0	0	0	0	1	0
6	123057587	123057923	1	shRunx3	0	0	0	0	0	1
6	123187513	123187737	1	shRunx3	0	0	0	0	0	1
6	124064629	124064926	1	shCd19	0	0	0	0	1	0
6	124068128	124068454	1	shRunx3	0	0	0	0	0	1
6	124138362	124138705	1	shCd19	0	0	0	0	1	0
6	124703268	124703540	1	late	0	1	0	0	0	0
6	124740971	124741477	1	shCd19	0	0	0	0	1	0
6	124981969	124982212	1	shCd19	0	0	0	0	1	0
6	125165005	125165334	1	shCd19	0	0	0	0	1	0
6	125291020	125291322	1	terminal	0	0	1	0	0	0
6	125437842	125438148	1	terminal	0	0	1	0	0	0
6	125489788	125490220	1	memory	0	0	0	1	0	0
6	125731630	125731970	1	memory	0	0	0	1	0	0
6	125865930	125866382	1	terminal	0	0	1	0	0	0
6	125880040	125880289	1	shRunx3	0	0	0	0	0	1
6	125951928	125952305	1	memory	0	0	0	1	0	0
6	126009937	126010213	1	memory	0	0	0	1	0	0
6	126042439	126042697	1	shRunx3	0	0	0	0	0	1
6	126111628	126111995	1	late	0	1	0	0	0	0
6	126496377	126496920	1	terminal	0	0	1	0	0	0
6	126721287	126721580	1	terminal	0	0	1	0	0	0
6	126848465	126848797	1	terminal	0	0	1	0	0	0
6	126940733	126940958	1	shCd19	0	0	0	0	1	0
6	127056664	127056917	1	terminal	0	0	1	0	0	0
6	127238969	127239167	1	shCd19	0	0	0	0	1	0
6	127246232	127246747	1	shCd19	0	0	0	0	1	0
6	127511709	127511966	1	late	0	1	0	0	0	0
6	127582560	127583023	1	shRunx3	0	0	0	0	0	1
6	127893235	127893513	1	terminal	0	0	1	0	0	0
6	128105047	128105706	1	shRunx3	0	0	0	0	0	1
6	128206915	128207146	1	terminal	0	0	1	0	0	0
6	128705483	128705748	1	terminal	0	0	1	0	0	0
6	128836364	128836389	1	shCd19	0	0	0	0	1	0
6	128836389	128836632	2	shCd19,shRunx3	0	0	0	0	1	1
6	128836632	128836795	1	shRunx3	0	0	0	0	0	1
6	128855057	128855412	1	shCd19	0	0	0	0	1	0
6	128945574	128946135	1	late	0	1	0	0	0	0
6	129034525	129034826	1	memory	0	0	0	1	0	0
6	129426748	129426998	1	memory	0	0	0	1	0	0
6	129583803	129584203	1	shCd19	0	0	0	0	1	0
6	129703670	129704058	1	shCd19	0	0	0	0	1	0
6	129747064	129747831	1	shRunx3	0	0	0	0	0	1
6	130308453	130308719	1	memory	0	0	0	1	0	0
6	130467716	130467983	1	shCd19	0	0	0	0	1	0
6	130527455	130527712	1	terminal	0	0	1	0	0	0
6	131174086	131174410	1	late	0	1	0	0	0	0
6	131271639	131272003	1	terminal	0	0	1	0	0	0
6	131293814	131294119	1	early	1	0	0	0	0	0
6	131319116	131319486	1	early	1	0	0	0	0	0
6	131375187	131375479	1	shRunx3	0	0	0	0	0	1
6	131448825	131449115	1	shRunx3	0	0	0	0	0	1
6	131712017	131712426	1	terminal	0	0	1	0	0	0
6	131935314	131935727	1	early	1	0	0	0	0	0
6	131950404	131950701	1	shCd19	0	0	0	0	1	0
6	132004343	132004628	1	early	1	0	0	0	0	0
6	132430546	132430801	1	memory	0	0	0	1	0	0
6	132936583	132936880	1	early	1	0	0	0	0	0
6	132956636	132956916	1	shRunx3	0	0	0	0	0	1
6	133022102	133022403	1	terminal	0	0	1	0	0	0
6	133586282	133586546	1	shCd19	0	0	0	0	1	0
6	133618656	133618913	1	shCd19	0	0	0	0	1	0
6	133706626	133707133	1	shCd19	0	0	0	0	1	0
6	133910350	133910552	1	shCd19	0	0	0	0	1	0
6	133962418	133962690	1	shCd19	0	0	0	0	1	0
6	134034237	134034482	1	memory	0	0	0	1	0	0
6	134047907	134048167	1	terminal	0	0	1	0	0	0
6	134067071	134067382	1	shRunx3	0	0	0	0	0	1
6	134384572	134385252	1	early	1	0	0	0	0	0
6	134480554	134480840	1	shCd19	0	0	0	0	1	0
6	134490459	134490664	1	shCd19	0	0	0	0	1	0
6	134502456	134502763	1	memory	0	0	0	1	0	0
6	134790138	134790375	1	shRunx3	0	0	0	0	0	1
6	134964988	134965226	1	shCd19	0	0	0	0	1	0
6	134986857	134987126	1	late	0	1	0	0	0	0
6	135264625	135264957	1	shCd19	0	0	0	0	1	0
6	135341813	135342008	1	shRunx3	0	0	0	0	0	1
6	135363927	135364509	1	shRunx3	0	0	0	0	0	1
6	135419412	135419768	1	terminal	0	0	1	0	0	0
6	135496259	135496621	1	terminal	0	0	1	0	0	0
6	135964961	135965255	1	memory	0	0	0	1	0	0
6	136415571	136416009	1	terminal	0	0	1	0	0	0
6	136448286	136448633	1	late	0	1	0	0	0	0
6	136518654	136519101	1	shRunx3	0	0	0	0	0	1
6	136828218	136828427	1	shRunx3	0	0	0	0	0	1
6	136849987	136850415	1	terminal	0	0	1	0	0	0
6	137036642	137036944	1	early	1	0	0	0	0	0
6	137097870	137098152	1	shCd19	0	0	0	0	1	0
6	137656853	137657106	1	memory	0	0	0	1	0	0
6	137795168	137795511	1	late	0	1	0	0	0	0
6	138040703	138040964	1	shRunx3	0	0	0	0	0	1
6	138358599	138359037	1	shCd19	0	0	0	0	1	0
6	138729526	138729763	1	shRunx3	0	0	0	0	0	1
6	138731182	138731400	1	shCd19	0	0	0	0	1	0
6	138799517	138799727	1	shCd19	0	0	0	0	1	0
6	138937688	138938069	1	memory	0	0	0	1	0	0
6	139208377	139208754	1	late	0	1	0	0	0	0
6	139385852	139386623	1	shCd19	0	0	0	0	1	0
6	139426797	139427135	1	shRunx3	0	0	0	0	0	1
6	139528322	139528534	1	shRunx3	0	0	0	0	0	1
6	139592796	139593197	1	shCd19	0	0	0	0	1	0
6	139601587	139602077	1	shRunx3	0	0	0	0	0	1
6	139805219	139805557	1	terminal	0	0	1	0	0	0
6	139968193	139968429	1	terminal	0	0	1	0	0	0
6	140066507	140066704	1	shRunx3	0	0	0	0	0	1
6	140236087	140236283	1	shCd19	0	0	0	0	1	0
6	140581434	140581699	1	terminal	0	0	1	0	0	0
6	140621948	140622328	1	shCd19	0	0	0	0	1	0
6	140767118	140767340	1	shRunx3	0	0	0	0	0	1
6	140922746	140923373	1	late	0	1	0	0	0	0
6	140948460	140948753	1	memory	0	0	0	1	0	0
6	140992139	140992385	1	terminal	0	0	1	0	0	0
6	141326243	141326822	1	terminal	0	0	1	0	0	0
6	141661970	141662266	1	late	0	1	0	0	0	0
6	141920648	141920845	1	shCd19	0	0	0	0	1	0
6	142035928	142036162	1	shRunx3	0	0	0	0	0	1
6	142090622	142090817	1	shRunx3	0	0	0	0	0	1
6	142161181	142161470	1	terminal	0	0	1	0	0	0
6	142212766	142213024	1	memory	0	0	0	1	0	0
6	142245403	142245700	1	shRunx3	0	0	0	0	0	1
6	142584660	142584858	1	shCd19	0	0	0	0	1	0
6	142653221	142653859	1	late	0	1	0	0	0	0
6	142829445	142829759	1	shRunx3	0	0	0	0	0	1
6	142848191	142848436	1	shRunx3	0	0	0	0	0	1
6	142862170	142862406	1	shCd19	0	0	0	0	1	0
6	143086022	143086309	1	shRunx3	0	0	0	0	0	1
6	143130794	143131155	1	early	1	0	0	0	0	0
6	143451162	143451490	1	shCd19	0	0	0	0	1	0
6	143786368	143786746	1	late	0	1	0	0	0	0
6	143794695	143794920	1	memory	0	0	0	1	0	0
6	143854979	143855274	1	early	1	0	0	0	0	0
6	143878733	143879316	1	memory	0	0	0	1	0	0
6	143907001	143907563	1	shCd19	0	0	0	0	1	0
6	144066611	144066845	1	terminal	0	0	1	0	0	0
6	144480252	144480615	1	terminal	0	0	1	0	0	0
6	144643717	144643959	1	terminal	0	0	1	0	0	0
6	144670573	144670582	1	late	0	1	0	0	0	0
6	144670582	144670916	2	late,shCd19	0	1	0	0	1	0
6	144670916	144671011	1	shCd19	0	0	0	0	1	0
6	145115511	145115880	1	shCd19	0	0	0	0	1	0
6	145120773	145121043	1	terminal	0	0	1	0	0	0
6	145315645	145315965	1	terminal	0	0	1	0	0	0
6	145365875	145366168	1	terminal	0	0	1	0	0	0
6	145640852	145641173	1	memory	0	0	0	1	0	0
6	145803459	145803738	1	late	0	1	0	0	0	0
6	145999378	145999755	1	memory	0	0	0	1	0	0
6	146004195	146004469	1	memory	0	0	0	1	0	0
6	146080910	146081137	1	shRunx3	0	0	0	0	0	1
6	146196684	146197317	1	shRunx3	0	0	0	0	0	1
6	146599917	146600174	1	memory	0	0	0	1	0	0
6	146614613	146615070	1	terminal	0	0	1	0	0	0
6	146746572	146746783	1	shCd19	0	0	0	0	1	0
6	146858931	146859225	1	late	0	1	0	0	0	0
6	147119849	147120347	1	terminal	0	0	1	0	0	0
6	147298319	147298599	1	shCd19	0	0	0	0	1	0
6	147410076	147410358	1	shRunx3	0	0	0	0	0	1
6	147453692	147453886	1	shCd19	0	0	0	0	1	0
6	147634319	147634691	1	late	0	1	0	0	0	0
6	147649542	147649777	1	terminal	0	0	1	0	0	0
6	147784437	147785034	1	memory	0	0	0	1	0	0
6	148542879	148543089	1	shRunx3	0	0	0	0	0	1
6	148545334	148545884	1	shRunx3	0	0	0	0	0	1
6	148824740	148825104	1	terminal	0	0	1	0	0	0
6	148827185	148827465	1	shRunx3	0	0	0	0	0	1
6	148879997	148880277	1	early	1	0	0	0	0	0
6	149215428	149215921	1	early	1	0	0	0	0	0
6	149309436	149309451	1	shCd19	0	0	0	0	1	0
6	149309451	149309738	2	shCd19,shRunx3	0	0	0	0	1	1
6	149309738	149310024	1	shRunx3	0	0	0	0	0	1
6	149409208	149409521	1	shRunx3	0	0	0	0	0	1
6	149427395	149427650	1	shRunx3	0	0	0	0	0	1
6	149577421	149577876	1	shRunx3	0	0	0	0	0	1
7	3292477	3292966	1	terminal	0	0	1	0	0	0
7	3693284	3694521	1	shCd19	0	0	0	0	1	0
7	3701029	3701304	1	shRunx3	0	0	0	0	0	1
7	3703971	3704339	1	shCd19	0	0	0	0	1	0
7	4168336	4168975	1	terminal	0	0	1	0	0	0
7	4173351	4173605	1	memory	0	0	0	1	0	0
7	4499334	4500183	1	shCd19	0	0	0	0	1	0
7	4501801	4502006	1	shRunx3	0	0	0	0	0	1
7	4665582	4665947	1	shCd19	0	0	0	0	1	0
7	4725278	4725554	1	shCd19	0	0	0	0	1	0
7	4821581	4821879	1	terminal	0	0	1	0	0	0
7	4865990	4866258	1	shCd19	0	0	0	0	1	0
7	5003603	5003897	1	memory	0	0	0	1	0	0
7	5014819	5015097	1	shRunx3	0	0	0	0	0	1
7	5298470	5298830	1	early	1	0	0	0	0	0
7	5670232	5670531	1	terminal	0	0	1	0	0	0
7	5734764	5735110	1	late	0	1	0	0	0	0
7	5754544	5754981	1	memory	0	0	0	1	0	0
7	5782481	5782736	1	shRunx3	0	0	0	0	0	1
7	5885162	5885432	1	late	0	1	0	0	0	0
7	6068757	6069310	1	shCd19	0	0	0	0	1	0
7	6172151	6172608	1	terminal	0	0	1	0	0	0
7	6227820	6228076	1	terminal	0	0	1	0	0	0
7	6252342	6252569	1	shRunx3	0	0	0	0	0	1
7	6283717	6283940	1	shCd19	0	0	0	0	1	0
7	6745698	6745932	1	shRunx3	0	0	0	0	0	1
7	6834356	6834676	1	terminal	0	0	1	0	0	0
7	6974845	6975417	1	terminal	0	0	1	0	0	0
7	7038687	7039036	1	shRunx3	0	0	0	0	0	1
7	7130762	7131079	1	shRunx3	0	0	0	0	0	1
7	10128738	10129058	1	terminal	0	0	1	0	0	0
7	10312980	10313218	1	shRunx3	0	0	0	0	0	1
7	10712016	10712393	1	terminal	0	0	1	0	0	0
7	11052559	11052834	1	early	1	0	0	0	0	0
7	11808070	11808409	1	memory	0	0	0	1	0	0
7	12264957	12265213	1	terminal	0	0	1	0	0	0
7	12360377	12360575	1	shRunx3	0	0	0	0	0	1
7	12728481	12728730	1	memory	0	0	0	1	0	0
7	12961979	12962263	1	shRunx3	0	0	0	0	0	1
7	12977823	12978113	1	shCd19	0	0	0	0	1	0
7	13023869	13024082	1	shRunx3	0	0	0	0	0	1
7	13024082	13024410	2	shCd19,shRunx3	0	0	0	0	1	1
7	13024410	13024441	1	shCd19	0	0	0	0	1	0
7	13041357	13041838	1	terminal	0	0	1	0	0	0
7	13382272	13382610	1	terminal	0	0	1	0	0	0
7	14123360	14123617	1	late	0	1	0	0	0	0
7	14170236	14170530	1	shRunx3	0	0	0	0	0	1
7	14349189	14349610	1	terminal	0	0	1	0	0	0
7	14539900	14540227	1	shRunx3	0	0	0	0	0	1
7	14913265	14913554	1	shRunx3	0	0	0	0	0	1
7	16053022	16053581	1	shRunx3	0	0	0	0	0	1
7	16055809	16056107	1	shRunx3	0	0	0	0	0	1
7	16160480	16160799	1	terminal	0	0	1	0	0	0
7	16192000	16192234	1	terminal	0	0	1	0	0	0
7	16203815	16204102	1	terminal	0	0	1	0	0	0
7	16207279	16207717	1	shRunx3	0	0	0	0	0	1
7	16286091	16286526	1	shCd19	0	0	0	0	1	0
7	16318930	16319304	1	early	1	0	0	0	0	0
7	16453356	16453613	1	shRunx3	0	0	0	0	0	1
7	16589496	16589717	1	shRunx3	0	0	0	0	0	1
7	16589717	16589729	2	late,shRunx3	0	1	0	0	0	1
7	16589729	16590115	1	late	0	1	0	0	0	0
7	16708647	16708892	1	shCd19	0	0	0	0	1	0
7	16786277	16786661	1	terminal	0	0	1	0	0	0
7	16795052	16795303	1	shRunx3	0	0	0	0	0	1
7	16924287	16924583	1	shRunx3	0	0	0	0	0	1
7	16942031	16942301	1	shCd19	0	0	0	0	1	0
7	17060983	17061583	1	memory	0	0	0	1	0	0
7	17744593	17744950	1	early	1	0	0	0	0	0
7	18230070	18230347	1	terminal	0	0	1	0	0	0
7	18862477	18862833	1	memory	0	0	0	1	0	0
7	18995259	18995542	1	memory	0	0	0	1	0	0
7	18996329	18996607	1	shCd19	0	0	0	0	1	0
7	19321577	19321834	1	terminal	0	0	1	0	0	0
7	19345039	19345296	1	shCd19	0	0	0	0	1	0
7	19923489	19923716	1	shRunx3	0	0	0	0	0	1
7	20027853	20028205	1	terminal	0	0	1	0	0	0
7	21112026	21112361	1	shRunx3	0	0	0	0	0	1
7	23775996	23776240	1	early	1	0	0	0	0	0
7	23954151	23954390	1	shCd19	0	0	0	0	1	0
7	24251327	24251691	1	late	0	1	0	0	0	0
7	24258235	24258639	1	terminal	0	0	1	0	0	0
7	24550386	24550676	1	early	1	0	0	0	0	0
7	24564408	24564813	1	shCd19	0	0	0	0	1	0
7	24709866	24710212	1	shRunx3	0	0	0	0	0	1
7	24907320	24907597	1	shRunx3	0	0	0	0	0	1
7	24930553	24930762	1	shRunx3	0	0	0	0	0	1
7	25267552	25267893	1	terminal	0	0	1	0	0	0
7	25367451	25367707	1	memory	0	0	0	1	0	0
7	25402256	25402651	1	shCd19	0	0	0	0	1	0
7	25754918	25755390	1	terminal	0	0	1	0	0	0
7	26241884	26242204	1	shRunx3	0	0	0	0	0	1
7	26473634	26473990	1	terminal	0	0	1	0	0	0
7	27195909	27196253	1	shRunx3	0	0	0	0	0	1
7	27473360	27473456	1	shRunx3	0	0	0	0	0	1
7	27473456	27473680	2	terminal,shRunx3	0	0	1	0	0	1
7	27473680	27473939	1	terminal	0	0	1	0	0	0
7	27487080	27487428	1	late	0	1	0	0	0	0
7	27507821	27508342	1	shRunx3	0	0	0	0	0	1
7	27642631	27642864	1	memory	0	0	0	1	0	0
7	27933377	27933932	1	shCd19	0	0	0	0	1	0
7	28125210	28125490	1	shRunx3	0	0	0	0	0	1
7	28380984	28381265	1	shCd19	0	0	0	0	1	0
7	28382831	28382987	1	shCd19	0	0	0	0	1	0
7	28382987	28383160	2	shCd19,shRunx3	0	0	0	0	1	1
7	28383160	28383510	1	shRunx3	0	0	0	0	0	1
7	28392687	28392719	1	shRunx3	0	0	0	0	0	1
7	28392719	28392965	2	shCd19,shRunx3	0	0	0	0	1	1
7	28392965	28393133	1	shRunx3	0	0	0	0	0	1
7	28436384	28436598	1	shRunx3	0	0	0	0	0	1
7	28473046	28473581	1	terminal	0	0	1	0	0	0
7	28781142	28781358	1	shRunx3	0	0	0	0	0	1
7	28941649	28941926	1	terminal	0	0	1	0	0	0
7	29248684	29249379	1	terminal	0	0	1	0	0	0
7	29419180	29419507	1	memory	0	0	0	1	0	0
7	29450891	29451271	1	shRunx3	0	0	0	0	0	1
7	29492026	29492486	1	shRunx3	0	0	0	0	0	1
7	29704307	29704573	1	shRunx3	0	0	0	0	0	1
7	29744406	29744848	1	memory	0	0	0	1	0	0
7	29813370	29813715	1	late	0	1	0	0	0	0
7	29854454	29854844	1	shRunx3	0	0	0	0	0	1
7	30050193	30050522	1	terminal	0	0	1	0	0	0
7	30090211	30090921	1	shCd19	0	0	0	0	1	0
7	30169695	30170121	1	shCd19	0	0	0	0	1	0
7	30356521	30356819	1	terminal	0	0	1	0	0	0
7	30592985	30593607	1	shCd19	0	0	0	0	1	0
7	30794073	30794275	1	shCd19	0	0	0	0	1	0
7	31153411	31154340	1	shRunx3	0	0	0	0	0	1
7	31156633	31156875	1	memory	0	0	0	1	0	0
7	31161801	31162081	1	shCd19	0	0	0	0	1	0
7	31236021	31236299	1	late	0	1	0	0	0	0
7	31274609	31274880	1	early	1	0	0	0	0	0
7	31470435	31470825	1	early	1	0	0	0	0	0
7	31582668	31583084	1	memory	0	0	0	1	0	0
7	31633851	31634091	1	shCd19	0	0	0	0	1	0
7	33688098	33688405	1	shRunx3	0	0	0	0	0	1
7	34166619	34166943	1	shCd19	0	0	0	0	1	0
7	34197819	34198072	1	shRunx3	0	0	0	0	0	1
7	34363241	34363551	1	shCd19	0	0	0	0	1	0
7	34398236	34398592	1	terminal	0	0	1	0	0	0
7	34607855	34608574	1	late	0	1	0	0	0	0
7	35163192	35163597	1	memory	0	0	0	1	0	0
7	35333975	35334296	1	shRunx3	0	0	0	0	0	1
7	36028503	36028815	1	memory	0	0	0	1	0	0
7	36923913	36924151	1	terminal	0	0	1	0	0	0
7	36996721	36997226	1	memory	0	0	0	1	0	0
7	37073066	37073572	1	shCd19	0	0	0	0	1	0
7	37790630	37790927	1	terminal	0	0	1	0	0	0
7	37922738	37923025	1	terminal	0	0	1	0	0	0
7	38122123	38122392	1	terminal	0	0	1	0	0	0
7	38214822	38215094	1	shCd19	0	0	0	0	1	0
7	38215094	38215348	2	shCd19,shRunx3	0	0	0	0	1	1
7	38215348	38215687	1	shCd19	0	0	0	0	1	0
7	39682547	39682909	1	memory	0	0	0	1	0	0
7	39757748	39757961	1	shRunx3	0	0	0	0	0	1
7	39851163	39851461	1	shCd19	0	0	0	0	1	0
7	40146198	40146468	1	shCd19	0	0	0	0	1	0
7	40184151	40184475	1	memory	0	0	0	1	0	0
7	40187845	40188350	1	late	0	1	0	0	0	0
7	40519378	40519678	1	early	1	0	0	0	0	0
7	40716509	40716980	1	shCd19	0	0	0	0	1	0
7	40973040	40973429	1	memory	0	0	0	1	0	0
7	41374820	41375029	1	shCd19	0	0	0	0	1	0
7	41674742	41675287	1	terminal	0	0	1	0	0	0
7	41690247	41690507	1	shCd19	0	0	0	0	1	0
7	42098346	42098583	1	memory	0	0	0	1	0	0
7	42577620	42577991	1	early	1	0	0	0	0	0
7	43378038	43378330	1	shRunx3	0	0	0	0	0	1
7	43436493	43436538	1	shRunx3	0	0	0	0	0	1
7	43436538	43437141	2	shCd19,shRunx3	0	0	0	0	1	1
7	43437141	43437175	1	shCd19	0	0	0	0	1	0
7	43444130	43444363	1	shRunx3	0	0	0	0	0	1
7	43547060	43547485	1	shCd19	0	0	0	0	1	0
7	43971134	43971417	1	shCd19	0	0	0	0	1	0
7	44010534	44010821	1	shCd19	0	0	0	0	1	0
7	44111466	44111802	1	late	0	1	0	0	0	0
7	44362365	44362749	1	shRunx3	0	0	0	0	0	1
7	44380645	44380920	1	terminal	0	0	1	0	0	0
7	44488582	44488808	1	memory	0	0	0	1	0	0
7	44496160	44496438	1	shRunx3	0	0	0	0	0	1
7	44512759	44512999	1	terminal	0	0	1	0	0	0
7	44559784	44560105	1	terminal	0	0	1	0	0	0
7	44706345	44706551	1	shRunx3	0	0	0	0	0	1
7	44733907	44734201	1	shCd19	0	0	0	0	1	0
7	44753779	44754200	1	shRunx3	0	0	0	0	0	1
7	44815973	44816337	1	shCd19	0	0	0	0	1	0
7	44848627	44849125	1	shRunx3	0	0	0	0	0	1
7	44895786	44896050	1	shRunx3	0	0	0	0	0	1
7	44995835	44996071	1	shCd19	0	0	0	0	1	0
7	44997329	44997619	1	shRunx3	0	0	0	0	0	1
7	45082777	45083458	1	shRunx3	0	0	0	0	0	1
7	45194674	45195012	1	shRunx3	0	0	0	0	0	1
7	45236056	45236335	1	late	0	1	0	0	0	0
7	45662446	45662772	1	memory	0	0	0	1	0	0
7	45970795	45970997	1	shRunx3	0	0	0	0	0	1
7	46081615	46081912	1	shCd19	0	0	0	0	1	0
7	46262071	46262309	1	terminal	0	0	1	0	0	0
7	46738514	46738760	1	shRunx3	0	0	0	0	0	1
7	47019478	47019993	1	shRunx3	0	0	0	0	0	1
7	47112440	47112672	1	terminal	0	0	1	0	0	0
7	47150273	47151037	1	shCd19	0	0	0	0	1	0
7	47522171	47522410	1	terminal	0	0	1	0	0	0
7	47569154	47569398	1	memory	0	0	0	1	0	0
7	47807248	47807583	1	terminal	0	0	1	0	0	0
7	47887560	47887811	1	shCd19	0	0	0	0	1	0
7	48087518	48087980	1	early	1	0	0	0	0	0
7	48445089	48445383	1	memory	0	0	0	1	0	0
7	48480844	48481242	1	shRunx3	0	0	0	0	0	1
7	48535786	48536091	1	shRunx3	0	0	0	0	0	1
7	48696580	48696790	1	shCd19	0	0	0	0	1	0
7	48902736	48903276	1	terminal	0	0	1	0	0	0
7	48937476	48937685	1	shRunx3	0	0	0	0	0	1
7	49246395	49246677	1	early	1	0	0	0	0	0
7	49364398	49364731	1	memory	0	0	0	1	0	0
7	49472565	49472925	1	shCd19	0	0	0	0	1	0
7	49495095	49495651	1	terminal	0	0	1	0	0	0
7	49630955	49631391	1	shCd19	0	0	0	0	1	0
7	49684250	49684930	1	terminal	0	0	1	0	0	0
7	50218170	50218406	1	shRunx3	0	0	0	0	0	1
7	50267619	50267967	1	shCd19	0	0	0	0	1	0
7	50458489	50458710	1	shCd19	0	0	0	0	1	0
7	50462749	50463039	1	memory	0	0	0	1	0	0
7	50515767	50516135	1	shCd19	0	0	0	0	1	0
7	50834602	50834982	1	shCd19	0	0	0	0	1	0
7	51172468	51172697	1	terminal	0	0	1	0	0	0
7	51302784	51303060	1	memory	0	0	0	1	0	0
7	51448229	51448776	1	memory	0	0	0	1	0	0
7	51563507	51563863	1	early	1	0	0	0	0	0
7	51879078	51879557	1	shRunx3	0	0	0	0	0	1
7	51888283	51888556	1	terminal	0	0	1	0	0	0
7	52089644	52089920	1	memory	0	0	0	1	0	0
7	52165977	52166258	1	shCd19	0	0	0	0	1	0
7	52174421	52174811	1	early	1	0	0	0	0	0
7	52359235	52359437	1	shRunx3	0	0	0	0	0	1
7	52614932	52615207	1	shRunx3	0	0	0	0	0	1
7	52696060	52696450	1	shCd19	0	0	0	0	1	0
7	52988915	52989275	1	terminal	0	0	1	0	0	0
7	53766110	53766390	1	shRunx3	0	0	0	0	0	1
7	53806336	53806552	1	shRunx3	0	0	0	0	0	1
7	54078169	54078428	1	shRunx3	0	0	0	0	0	1
7	54241638	54241948	1	terminal	0	0	1	0	0	0
7	54356019	54356235	1	shRunx3	0	0	0	0	0	1
7	54384910	54385284	1	terminal	0	0	1	0	0	0
7	54575334	54575656	1	shCd19	0	0	0	0	1	0
7	54690758	54691030	1	terminal	0	0	1	0	0	0
7	54883639	54883937	1	shRunx3	0	0	0	0	0	1
7	54892741	54892985	1	shRunx3	0	0	0	0	0	1
7	55112977	55113304	1	terminal	0	0	1	0	0	0
7	55563129	55563376	1	terminal	0	0	1	0	0	0
7	55737735	55737945	1	shRunx3	0	0	0	0	0	1
7	55908606	55908883	1	early	1	0	0	0	0	0
7	56008798	56009793	1	shCd19	0	0	0	0	1	0
7	56235930	56236254	1	late	0	1	0	0	0	0
7	56357802	56358239	1	shCd19	0	0	0	0	1	0
7	56377698	56377908	1	shCd19	0	0	0	0	1	0
7	56585821	56586296	1	terminal	0	0	1	0	0	0
7	57318157	57318355	1	shRunx3	0	0	0	0	0	1
7	57420146	57420478	1	terminal	0	0	1	0	0	0
7	57597314	57597659	1	shRunx3	0	0	0	0	0	1
7	57846670	57846937	1	shRunx3	0	0	0	0	0	1
7	58144145	58144558	1	terminal	0	0	1	0	0	0
7	58224802	58225144	1	shRunx3	0	0	0	0	0	1
7	58466179	58466430	1	memory	0	0	0	1	0	0
7	58561820	58562356	1	terminal	0	0	1	0	0	0
7	58635518	58635900	1	late	0	1	0	0	0	0
7	58749848	58750393	1	shRunx3	0	0	0	0	0	1
7	58979669	58980041	1	memory	0	0	0	1	0	0
7	60008512	60008843	1	terminal	0	0	1	0	0	0
7	60110836	60111285	1	terminal	0	0	1	0	0	0
7	60153072	60153463	1	shRunx3	0	0	0	0	0	1
7	60167231	60167487	1	early	1	0	0	0	0	0
7	60551459	60551839	1	shCd19	0	0	0	0	1	0
7	60926297	60926593	1	terminal	0	0	1	0	0	0
7	60927832	60928116	1	shRunx3	0	0	0	0	0	1
7	60968627	60968880	1	terminal	0	0	1	0	0	0
7	61116132	61116408	1	shCd19	0	0	0	0	1	0
7	61396852	61397367	1	late	0	1	0	0	0	0
7	61741037	61741312	1	memory	0	0	0	1	0	0
7	61828776	61829327	1	shRunx3	0	0	0	0	0	1
7	62216926	62217298	1	shCd19	0	0	0	0	1	0
7	63234431	63234717	1	shCd19	0	0	0	0	1	0
7	63468662	63468898	1	early	1	0	0	0	0	0
7	63579301	63579616	1	memory	0	0	0	1	0	0
7	63600128	63600411	1	terminal	0	0	1	0	0	0
7	63666511	63666771	1	shCd19	0	0	0	0	1	0
7	64036429	64036757	1	terminal	0	0	1	0	0	0
7	64298157	64298413	1	shCd19	0	0	0	0	1	0
7	64316664	64316948	1	memory	0	0	0	1	0	0
7	64392324	64392342	1	shCd19	0	0	0	0	1	0
7	64392342	64392627	2	shCd19,shRunx3	0	0	0	0	1	1
7	64392627	64392642	1	shRunx3	0	0	0	0	0	1
7	64446469	64447007	1	terminal	0	0	1	0	0	0
7	64650519	64650782	1	shCd19	0	0	0	0	1	0
7	64657182	64657557	1	late	0	1	0	0	0	0
7	64903829	64904038	1	shRunx3	0	0	0	0	0	1
7	65041883	65042283	1	early	1	0	0	0	0	0
7	65180653	65180985	1	terminal	0	0	1	0	0	0
7	65390647	65390844	1	shCd19	0	0	0	0	1	0
7	66197133	66197760	1	shRunx3	0	0	0	0	0	1
7	66383674	66384077	1	terminal	0	0	1	0	0	0
7	66708746	66709116	1	late	0	1	0	0	0	0
7	67026918	67027190	1	terminal	0	0	1	0	0	0
7	67152625	67152891	1	memory	0	0	0	1	0	0
7	67172695	67173052	1	terminal	0	0	1	0	0	0
7	67194562	67194852	1	late	0	1	0	0	0	0
7	67304944	67305404	1	shRunx3	0	0	0	0	0	1
7	67458192	67458385	1	shRunx3	0	0	0	0	0	1
7	67466635	67466875	1	memory	0	0	0	1	0	0
7	67478884	67479250	1	late	0	1	0	0	0	0
7	67799127	67799340	1	shRunx3	0	0	0	0	0	1
7	67804567	67804922	1	late	0	1	0	0	0	0
7	67810301	67810618	1	shCd19	0	0	0	0	1	0
7	67831225	67831428	1	shCd19	0	0	0	0	1	0
7	67900056	67900290	1	terminal	0	0	1	0	0	0
7	68261467	68261756	1	late	0	1	0	0	0	0
7	68290298	68290647	1	shCd19	0	0	0	0	1	0
7	68526857	68527160	1	early	1	0	0	0	0	0
7	68640876	68641167	1	terminal	0	0	1	0	0	0
7	68823461	68823837	1	late	0	1	0	0	0	0
7	68912041	68912304	1	late	0	1	0	0	0	0
7	69202207	69202712	1	shRunx3	0	0	0	0	0	1
7	69212256	69212481	1	shCd19	0	0	0	0	1	0
7	69537692	69538099	1	early	1	0	0	0	0	0
7	69906513	69906790	1	terminal	0	0	1	0	0	0
7	70030129	70030333	1	shCd19	0	0	0	0	1	0
7	70089009	70089366	1	shRunx3	0	0	0	0	0	1
7	70100033	70100491	1	memory	0	0	0	1	0	0
7	70222565	70222936	1	terminal	0	0	1	0	0	0
7	70584541	70584888	1	terminal	0	0	1	0	0	0
7	70651535	70651775	1	shCd19	0	0	0	0	1	0
7	70716893	70717214	1	memory	0	0	0	1	0	0
7	71122949	71123222	1	terminal	0	0	1	0	0	0
7	71180100	71180563	1	shRunx3	0	0	0	0	0	1
7	71342495	71342982	1	terminal	0	0	1	0	0	0
7	71355854	71356083	1	terminal	0	0	1	0	0	0
7	71472882	71473419	1	shRunx3	0	0	0	0	0	1
7	71483181	71483458	1	shRunx3	0	0	0	0	0	1
7	71526317	71526555	1	shRunx3	0	0	0	0	0	1
7	71909770	71910088	1	memory	0	0	0	1	0	0
7	71934406	71934961	1	shRunx3	0	0	0	0	0	1
7	71957961	71958405	1	memory	0	0	0	1	0	0
7	72261187	72261385	1	shCd19	0	0	0	0	1	0
7	72314492	72314595	1	shRunx3	0	0	0	0	0	1
7	72314595	72314816	2	shCd19,shRunx3	0	0	0	0	1	1
7	72314816	72314860	1	shCd19	0	0	0	0	1	0
7	72494210	72494701	1	terminal	0	0	1	0	0	0
7	72502464	72502837	1	shCd19	0	0	0	0	1	0
7	73171987	73172370	1	terminal	0	0	1	0	0	0
7	73368122	73368356	1	shRunx3	0	0	0	0	0	1
7	73376549	73376863	1	memory	0	0	0	1	0	0
7	73552222	73552554	1	shRunx3	0	0	0	0	0	1
7	73556064	73556370	1	shRunx3	0	0	0	0	0	1
7	73557479	73557709	1	shCd19	0	0	0	0	1	0
7	73558290	73559033	1	shRunx3	0	0	0	0	0	1
7	73559817	73560111	1	memory	0	0	0	1	0	0
7	73913794	73914177	1	late	0	1	0	0	0	0
7	73945240	73945762	1	shRunx3	0	0	0	0	0	1
7	73952253	73952542	1	shCd19	0	0	0	0	1	0
7	74146689	74146959	1	memory	0	0	0	1	0	0
7	74295189	74295542	1	terminal	0	0	1	0	0	0
7	74328515	74328730	1	shCd19	0	0	0	0	1	0
7	74354258	74354537	1	shCd19	0	0	0	0	1	0
7	74535675	74535930	1	terminal	0	0	1	0	0	0
7	74690614	74690967	1	shCd19	0	0	0	0	1	0
7	75067479	75067773	1	terminal	0	0	1	0	0	0
7	75117691	75117899	1	shRunx3	0	0	0	0	0	1
7	75290827	75291091	1	early	1	0	0	0	0	0
7	75600618	75600924	1	early	1	0	0	0	0	0
7	75655950	75656787	1	shRunx3	0	0	0	0	0	1
7	75788348	75788587	1	shCd19	0	0	0	0	1	0
7	75804472	75805001	1	terminal	0	0	1	0	0	0
7	75913899	75914152	1	shCd19	0	0	0	0	1	0
7	75926853	75927176	1	memory	0	0	0	1	0	0
7	76052723	76053032	1	shRunx3	0	0	0	0	0	1
7	76101200	76101436	1	early	1	0	0	0	0	0
7	76378862	76379221	1	late	0	1	0	0	0	0
7	76736163	76736412	1	shRunx3	0	0	0	0	0	1
7	76803789	76804022	1	terminal	0	0	1	0	0	0
7	77140774	77141096	1	terminal	0	0	1	0	0	0
7	77312828	77313164	1	terminal	0	0	1	0	0	0
7	77320626	77320993	1	late	0	1	0	0	0	0
7	77920721	77920959	1	early	1	0	0	0	0	0
7	78172379	78172610	1	terminal	0	0	1	0	0	0
7	78407257	78407620	1	shRunx3	0	0	0	0	0	1
7	78837656	78837911	1	terminal	0	0	1	0	0	0
7	79272828	79273066	1	terminal	0	0	1	0	0	0
7	79305552	79305784	1	memory	0	0	0	1	0	0
7	79392030	79392282	1	shRunx3	0	0	0	0	0	1
7	79446743	79446973	1	memory	0	0	0	1	0	0
7	79472817	79473138	1	shRunx3	0	0	0	0	0	1
7	79584585	79584793	1	shRunx3	0	0	0	0	0	1
7	79945537	79945824	1	shRunx3	0	0	0	0	0	1
7	79980107	79980439	1	shRunx3	0	0	0	0	0	1
7	80449888	80450353	1	shCd19	0	0	0	0	1	0
7	81201692	81202007	1	late	0	1	0	0	0	0
7	81368806	81369456	1	late	0	1	0	0	0	0
7	81584655	81585040	1	terminal	0	0	1	0	0	0
7	81685227	81685502	1	memory	0	0	0	1	0	0
7	81751435	81751695	1	shCd19	0	0	0	0	1	0
7	81793567	81794012	1	late	0	1	0	0	0	0
7	82285202	82285560	1	terminal	0	0	1	0	0	0
7	82311494	82311794	1	shRunx3	0	0	0	0	0	1
7	82391036	82391288	1	terminal	0	0	1	0	0	0
7	82397130	82397339	1	shRunx3	0	0	0	0	0	1
7	82866226	82866617	1	shRunx3	0	0	0	0	0	1
7	83199195	83199462	1	shRunx3	0	0	0	0	0	1
7	83478412	83478701	1	terminal	0	0	1	0	0	0
7	84560869	84561209	1	late	0	1	0	0	0	0
7	84822823	84823135	1	shRunx3	0	0	0	0	0	1
7	84963342	84963603	1	terminal	0	0	1	0	0	0
7	84981801	84982477	1	late	0	1	0	0	0	0
7	85163115	85163349	1	shCd19	0	0	0	0	1	0
7	85321252	85321508	1	terminal	0	0	1	0	0	0
7	85346888	85347164	1	terminal	0	0	1	0	0	0
7	85622553	85622821	1	shCd19	0	0	0	0	1	0
7	86600278	86600487	1	shCd19	0	0	0	0	1	0
7	86735553	86735904	1	terminal	0	0	1	0	0	0
7	87369013	87369332	1	terminal	0	0	1	0	0	0
7	87562549	87562793	1	memory	0	0	0	1	0	0
7	87797300	87797509	1	shCd19	0	0	0	0	1	0
7	87814207	87814626	1	late	0	1	0	0	0	0
7	87934830	87935117	1	late	0	1	0	0	0	0
7	88236613	88236931	1	shCd19	0	0	0	0	1	0
7	88588525	88588815	1	terminal	0	0	1	0	0	0
7	88793043	88793397	1	shCd19	0	0	0	0	1	0
7	88816774	88817245	1	shRunx3	0	0	0	0	0	1
7	88820025	88820264	1	shRunx3	0	0	0	0	0	1
7	89168846	89169082	1	memory	0	0	0	1	0	0
7	89225050	89225353	1	early	1	0	0	0	0	0
7	89365198	89365434	1	memory	0	0	0	1	0	0
7	89713227	89713534	1	terminal	0	0	1	0	0	0
7	89814479	89814749	1	terminal	0	0	1	0	0	0
7	90007215	90007498	1	shCd19	0	0	0	0	1	0
7	90391757	90392198	1	terminal	0	0	1	0	0	0
7	90508997	90509471	1	shCd19	0	0	0	0	1	0
7	90520794	90521101	1	shRunx3	0	0	0	0	0	1
7	90548883	90549389	1	terminal	0	0	1	0	0	0
7	90703499	90703980	1	terminal	0	0	1	0	0	0
7	90971593	90972016	1	early	1	0	0	0	0	0
7	91169441	91169753	1	terminal	0	0	1	0	0	0
7	91206086	91206563	1	terminal	0	0	1	0	0	0
7	91287479	91287777	1	memory	0	0	0	1	0	0
7	91546652	91546886	1	shRunx3	0	0	0	0	0	1
7	91712167	91712492	1	memory	0	0	0	1	0	0
7	92131079	92131361	1	terminal	0	0	1	0	0	0
7	92266122	92266383	1	shRunx3	0	0	0	0	0	1
7	92288138	92288395	1	terminal	0	0	1	0	0	0
7	92369585	92369813	1	shRunx3	0	0	0	0	0	1
7	92633492	92633697	1	shCd19	0	0	0	0	1	0
7	92637204	92637550	1	shCd19	0	0	0	0	1	0
7	92723537	92724131	1	terminal	0	0	1	0	0	0
7	92910615	92911001	1	shCd19	0	0	0	0	1	0
7	92961559	92961847	1	terminal	0	0	1	0	0	0
7	93174396	93174660	1	early	1	0	0	0	0	0
7	93284504	93284949	1	terminal	0	0	1	0	0	0
7	93345495	93346134	1	shCd19	0	0	0	0	1	0
7	93582097	93582320	1	shRunx3	0	0	0	0	0	1
7	93629760	93630206	1	terminal	0	0	1	0	0	0
7	93914446	93914730	1	terminal	0	0	1	0	0	0
7	94137068	94137397	1	early	1	0	0	0	0	0
7	94141472	94141675	1	shRunx3	0	0	0	0	0	1
7	94205499	94205783	1	memory	0	0	0	1	0	0
7	94457402	94457675	1	terminal	0	0	1	0	0	0
7	94489478	94490091	1	late	0	1	0	0	0	0
7	94533177	94533411	1	terminal	0	0	1	0	0	0
7	94750487	94751087	1	shCd19	0	0	0	0	1	0
7	94981731	94982085	1	shCd19	0	0	0	0	1	0
7	95496244	95496464	1	shRunx3	0	0	0	0	0	1
7	95573526	95574161	1	late	0	1	0	0	0	0
7	95702687	95703063	1	shRunx3	0	0	0	0	0	1
7	95811368	95811593	1	memory	0	0	0	1	0	0
7	96105912	96106236	1	shCd19	0	0	0	0	1	0
7	96146201	96146581	1	memory	0	0	0	1	0	0
7	96183088	96183378	1	terminal	0	0	1	0	0	0
7	96307561	96307983	1	shRunx3	0	0	0	0	0	1
7	96364412	96364737	1	late	0	1	0	0	0	0
7	96422746	96423371	1	early	1	0	0	0	0	0
7	96477835	96478298	1	shRunx3	0	0	0	0	0	1
7	96880869	96881097	1	memory	0	0	0	1	0	0
7	96892267	96892561	1	shRunx3	0	0	0	0	0	1
7	96987120	96987499	1	shRunx3	0	0	0	0	0	1
7	97025797	97025994	1	shCd19	0	0	0	0	1	0
7	97068773	97069000	1	shRunx3	0	0	0	0	0	1
7	97138347	97138537	1	shRunx3	0	0	0	0	0	1
7	97186867	97187177	1	terminal	0	0	1	0	0	0
7	97331745	97332131	1	memory	0	0	0	1	0	0
7	98048831	98049097	1	late	0	1	0	0	0	0
7	98164233	98164492	1	terminal	0	0	1	0	0	0
7	98191063	98191449	1	shRunx3	0	0	0	0	0	1
7	98200839	98201061	1	shCd19	0	0	0	0	1	0
7	98550531	98550829	1	memory	0	0	0	1	0	0
7	98622462	98622730	1	memory	0	0	0	1	0	0
7	98644995	98645314	1	shCd19	0	0	0	0	1	0
7	98816354	98816698	1	memory	0	0	0	1	0	0
7	98990174	98990374	1	shCd19	0	0	0	0	1	0
7	99104872	99105386	1	shRunx3	0	0	0	0	0	1
7	99213998	99214270	1	memory	0	0	0	1	0	0
7	99295914	99296193	1	shRunx3	0	0	0	0	0	1
7	99449115	99449363	1	shRunx3	0	0	0	0	0	1
7	99536156	99536417	1	shRunx3	0	0	0	0	0	1
7	99856185	99856449	1	early	1	0	0	0	0	0
7	99944254	99944828	1	terminal	0	0	1	0	0	0
7	100253064	100253505	1	terminal	0	0	1	0	0	0
7	100424552	100424784	1	shCd19	0	0	0	0	1	0
7	100448811	100449460	1	late	0	1	0	0	0	0
7	100495744	100496070	1	shCd19	0	0	0	0	1	0
7	100590913	100591396	1	shCd19	0	0	0	0	1	0
7	100838725	100839069	1	shCd19	0	0	0	0	1	0
7	100852119	100852454	1	shRunx3	0	0	0	0	0	1
7	100892912	100893304	1	terminal	0	0	1	0	0	0
7	101352149	101352526	1	shRunx3	0	0	0	0	0	1
7	101466378	101466722	1	shRunx3	0	0	0	0	0	1
7	101542907	101543241	1	terminal	0	0	1	0	0	0
7	101614005	101614235	1	shCd19	0	0	0	0	1	0
7	101627150	101627373	1	shRunx3	0	0	0	0	0	1
7	101809131	101809426	1	terminal	0	0	1	0	0	0
7	101834399	101834743	1	memory	0	0	0	1	0	0
7	101839140	101839407	1	late	0	1	0	0	0	0
7	101935806	101936073	1	shCd19	0	0	0	0	1	0
7	102065253	102065469	1	shCd19	0	0	0	0	1	0
7	102138389	102138698	1	terminal	0	0	1	0	0	0
7	102250203	102250569	1	shRunx3	0	0	0	0	0	1
7	102266837	102267320	1	shRunx3	0	0	0	0	0	1
7	102297137	102297580	1	late	0	1	0	0	0	0
7	102348535	102349364	1	terminal	0	0	1	0	0	0
7	102443778	102444161	1	late	0	1	0	0	0	0
7	102475864	102476414	1	terminal	0	0	1	0	0	0
7	103441470	103441736	1	shRunx3	0	0	0	0	0	1
7	103468874	103469195	1	shRunx3	0	0	0	0	0	1
7	104585219	104585357	1	shCd19	0	0	0	0	1	0
7	104585357	104585553	2	shCd19,shRunx3	0	0	0	0	1	1
7	104585553	104585719	1	shRunx3	0	0	0	0	0	1
7	104866930	104867175	1	shCd19	0	0	0	0	1	0
7	105548254	105548672	1	shCd19	0	0	0	0	1	0
7	105585333	105585903	1	late	0	1	0	0	0	0
7	105720264	105720553	1	memory	0	0	0	1	0	0
7	106546067	106546390	1	memory	0	0	0	1	0	0
7	107550966	107551361	1	terminal	0	0	1	0	0	0
7	107650731	107650974	1	shCd19	0	0	0	0	1	0
7	107686269	107686745	1	terminal	0	0	1	0	0	0
7	108210490	108210829	1	late	0	1	0	0	0	0
7	108283452	108283691	1	terminal	0	0	1	0	0	0
7	108936527	108936810	1	shCd19	0	0	0	0	1	0
7	109054120	109054507	1	terminal	0	0	1	0	0	0
7	109433078	109433323	1	terminal	0	0	1	0	0	0
7	109517911	109518258	1	early	1	0	0	0	0	0
7	109790142	109790515	1	late	0	1	0	0	0	0
7	109915048	109915341	1	memory	0	0	0	1	0	0
7	110121613	110121919	1	shRunx3	0	0	0	0	0	1
7	111012113	111012466	1	terminal	0	0	1	0	0	0
7	111319271	111319531	1	early	1	0	0	0	0	0
7	111883582	111884062	1	shRunx3	0	0	0	0	0	1
7	111901791	111902046	1	shRunx3	0	0	0	0	0	1
7	112201444	112201640	1	shCd19	0	0	0	0	1	0
7	112248698	112248951	1	shRunx3	0	0	0	0	0	1
7	112429079	112429470	1	shRunx3	0	0	0	0	0	1
7	112444996	112445289	1	memory	0	0	0	1	0	0
7	112562042	112562432	1	terminal	0	0	1	0	0	0
7	112581870	112582080	1	shRunx3	0	0	0	0	0	1
7	112903878	112904125	1	shRunx3	0	0	0	0	0	1
7	113163109	113163312	1	shCd19	0	0	0	0	1	0
7	113294081	113294305	1	shRunx3	0	0	0	0	0	1
7	113362761	113363118	1	memory	0	0	0	1	0	0
7	113383913	113384177	1	late	0	1	0	0	0	0
7	113717166	113717527	1	shCd19	0	0	0	0	1	0
7	113846784	113847270	1	shCd19	0	0	0	0	1	0
7	114002084	114002363	1	terminal	0	0	1	0	0	0
7	114069246	114069536	1	shCd19	0	0	0	0	1	0
7	114469188	114469424	1	terminal	0	0	1	0	0	0
7	114801710	114802125	1	late	0	1	0	0	0	0
7	114803179	114803552	1	late	0	1	0	0	0	0
7	114911644	114912042	1	late	0	1	0	0	0	0
7	115074940	115075296	1	terminal	0	0	1	0	0	0
7	115115187	115115447	1	terminal	0	0	1	0	0	0
7	115160434	115160726	1	memory	0	0	0	1	0	0
7	115358337	115358652	1	shCd19	0	0	0	0	1	0
7	115534177	115534564	1	shCd19	0	0	0	0	1	0
7	115956125	115956554	1	late	0	1	0	0	0	0
7	115995935	115996206	1	shCd19	0	0	0	0	1	0
7	116407576	116407820	1	shCd19	0	0	0	0	1	0
7	116408555	116409035	1	shCd19	0	0	0	0	1	0
7	116745790	116746177	1	shCd19	0	0	0	0	1	0
7	116806423	116806742	1	early	1	0	0	0	0	0
7	116848842	116849259	1	shCd19	0	0	0	0	1	0
7	116880291	116880534	1	shRunx3	0	0	0	0	0	1
7	117187161	117187606	1	early	1	0	0	0	0	0
7	117219996	117220417	1	terminal	0	0	1	0	0	0
7	117306230	117306542	1	terminal	0	0	1	0	0	0
7	117404424	117404634	1	shRunx3	0	0	0	0	0	1
7	117413853	117414440	1	memory	0	0	0	1	0	0
7	117441371	117441700	1	memory	0	0	0	1	0	0
7	117545718	117546065	1	early	1	0	0	0	0	0
7	117650726	117650965	1	early	1	0	0	0	0	0
7	117694517	117694865	1	terminal	0	0	1	0	0	0
7	117800855	117801120	1	memory	0	0	0	1	0	0
7	118038604	118038998	1	memory	0	0	0	1	0	0
7	118040672	118041064	1	early	1	0	0	0	0	0
7	118243802	118244238	1	shCd19	0	0	0	0	1	0
7	118294725	118295050	1	shRunx3	0	0	0	0	0	1
7	118338975	118339283	1	shRunx3	0	0	0	0	0	1
7	118531818	118532047	1	memory	0	0	0	1	0	0
7	118739276	118739577	1	memory	0	0	0	1	0	0
7	118935587	118935812	1	shCd19	0	0	0	0	1	0
7	118989777	118990027	1	memory	0	0	0	1	0	0
7	119025933	119026341	1	shRunx3	0	0	0	0	0	1
7	119426527	119426864	1	early	1	0	0	0	0	0
7	119430997	119431221	1	shCd19	0	0	0	0	1	0
7	119758318	119758623	1	memory	0	0	0	1	0	0
7	119791623	119792323	1	terminal	0	0	1	0	0	0
7	119836250	119836489	1	shCd19	0	0	0	0	1	0
7	119936482	119936801	1	early	1	0	0	0	0	0
7	119952115	119952838	1	terminal	0	0	1	0	0	0
7	120454406	120454752	1	shRunx3	0	0	0	0	0	1
7	120635707	120636111	1	shRunx3	0	0	0	0	0	1
7	120940295	120940671	1	shRunx3	0	0	0	0	0	1
7	120979918	120980459	1	late	0	1	0	0	0	0
7	121026678	121026957	1	shCd19	0	0	0	0	1	0
7	121157825	121158235	1	shCd19	0	0	0	0	1	0
7	121246006	121246357	1	shCd19	0	0	0	0	1	0
7	121324248	121324483	1	shRunx3	0	0	0	0	0	1
7	121394523	121395060	1	shRunx3	0	0	0	0	0	1
7	121625855	121626200	1	early	1	0	0	0	0	0
7	121939620	121939983	1	memory	0	0	0	1	0	0
7	121998964	121999327	1	shCd19	0	0	0	0	1	0
7	122066670	122067105	1	shCd19	0	0	0	0	1	0
7	122095536	122095797	1	shRunx3	0	0	0	0	0	1
7	122132684	122132895	1	shCd19	0	0	0	0	1	0
7	122139609	122139835	1	shCd19	0	0	0	0	1	0
7	122216003	122216342	1	early	1	0	0	0	0	0
7	122376061	122376473	1	shCd19	0	0	0	0	1	0
7	122583882	122584112	1	terminal	0	0	1	0	0	0
7	122632175	122632743	1	shCd19	0	0	0	0	1	0
7	122754112	122754488	1	late	0	1	0	0	0	0
7	122861274	122861701	1	shRunx3	0	0	0	0	0	1
7	122997093	122997406	1	shCd19	0	0	0	0	1	0
7	123170433	123170712	1	shCd19	0	0	0	0	1	0
7	123225613	123225858	1	memory	0	0	0	1	0	0
7	123238943	123239138	1	shRunx3	0	0	0	0	0	1
7	123266996	123267283	1	memory	0	0	0	1	0	0
7	123322409	123322927	1	shCd19	0	0	0	0	1	0
7	123485179	123485424	1	shRunx3	0	0	0	0	0	1
7	123487035	123487499	1	shCd19	0	0	0	0	1	0
7	123488150	123488433	1	late	0	1	0	0	0	0
7	123504245	123504508	1	early	1	0	0	0	0	0
7	123714465	123714666	1	shRunx3	0	0	0	0	0	1
7	123780539	123780824	1	shCd19	0	0	0	0	1	0
7	123912596	123912855	1	terminal	0	0	1	0	0	0
7	124082592	124082911	1	terminal	0	0	1	0	0	0
7	124305032	124305296	1	terminal	0	0	1	0	0	0
7	124340070	124340761	1	late	0	1	0	0	0	0
7	124376144	124376401	1	early	1	0	0	0	0	0
7	124581820	124582083	1	shCd19	0	0	0	0	1	0
7	124697922	124698618	1	memory	0	0	0	1	0	0
7	124946675	124946950	1	terminal	0	0	1	0	0	0
7	125056843	125057147	1	shCd19	0	0	0	0	1	0
7	125189836	125190076	1	shCd19	0	0	0	0	1	0
7	125584351	125584722	1	shCd19	0	0	0	0	1	0
7	125590318	125590657	1	memory	0	0	0	1	0	0
7	125603432	125603630	1	shRunx3	0	0	0	0	0	1
7	125714237	125714467	1	shRunx3	0	0	0	0	0	1
7	126455390	126455776	1	late	0	1	0	0	0	0
7	126475174	126475469	1	shCd19	0	0	0	0	1	0
7	126517426	126517838	1	early	1	0	0	0	0	0
7	126519839	126520049	1	shCd19	0	0	0	0	1	0
7	126629782	126629976	1	shCd19	0	0	0	0	1	0
7	126685723	126685986	1	memory	0	0	0	1	0	0
7	126787218	126787654	1	memory	0	0	0	1	0	0
7	126798895	126799248	1	shCd19	0	0	0	0	1	0
7	126884614	126885002	1	terminal	0	0	1	0	0	0
7	127042200	127042424	1	shCd19	0	0	0	0	1	0
7	127113008	127113270	1	early	1	0	0	0	0	0
7	127253896	127254422	1	shCd19	0	0	0	0	1	0
7	127421819	127422039	1	shRunx3	0	0	0	0	0	1
7	127471023	127471372	1	shCd19	0	0	0	0	1	0
7	127616436	127616726	1	terminal	0	0	1	0	0	0
7	127686093	127686497	1	early	1	0	0	0	0	0
7	127755538	127755908	1	shCd19	0	0	0	0	1	0
7	127838836	127839099	1	memory	0	0	0	1	0	0
7	127943238	127943625	1	terminal	0	0	1	0	0	0
7	128079572	128080065	1	terminal	0	0	1	0	0	0
7	128158932	128159184	1	shRunx3	0	0	0	0	0	1
7	128284938	128285439	1	terminal	0	0	1	0	0	0
7	128405283	128405763	1	memory	0	0	0	1	0	0
7	128538542	128538920	1	early	1	0	0	0	0	0
7	128754996	128755352	1	late	0	1	0	0	0	0
7	128913350	128913740	1	shRunx3	0	0	0	0	0	1
7	129002137	129002468	1	late	0	1	0	0	0	0
7	129028553	129028762	1	shRunx3	0	0	0	0	0	1
7	129222924	129223291	1	terminal	0	0	1	0	0	0
7	129285203	129285655	1	terminal	0	0	1	0	0	0
7	129443396	129443783	1	memory	0	0	0	1	0	0
7	129657642	129657938	1	terminal	0	0	1	0	0	0
7	130008750	130008995	1	terminal	0	0	1	0	0	0
7	130238889	130239142	1	memory	0	0	0	1	0	0
7	130625185	130625466	1	late	0	1	0	0	0	0
7	130808068	130808331	1	memory	0	0	0	1	0	0
7	131093760	131094085	1	memory	0	0	0	1	0	0
7	131121958	131122186	1	memory	0	0	0	1	0	0
7	131150806	131151138	1	early	1	0	0	0	0	0
7	131175261	131175935	1	terminal	0	0	1	0	0	0
7	131645732	131646033	1	terminal	0	0	1	0	0	0
7	131929369	131929799	1	early	1	0	0	0	0	0
7	131986295	131986659	1	late	0	1	0	0	0	0
7	132010546	132010808	1	terminal	0	0	1	0	0	0
7	132214085	132214324	1	memory	0	0	0	1	0	0
7	132264358	132264651	1	shCd19	0	0	0	0	1	0
7	132267757	132268045	1	memory	0	0	0	1	0	0
7	132351741	132352134	1	shCd19	0	0	0	0	1	0
7	132449584	132450175	1	shCd19	0	0	0	0	1	0
7	132495696	132496257	1	shRunx3	0	0	0	0	0	1
7	132614695	132615092	1	memory	0	0	0	1	0	0
7	133045521	133045741	1	shRunx3	0	0	0	0	0	1
7	133222548	133222871	1	early	1	0	0	0	0	0
7	133331655	133332053	1	shCd19	0	0	0	0	1	0
7	133433844	133434064	1	shRunx3	0	0	0	0	0	1
7	133462176	133462445	1	memory	0	0	0	1	0	0
7	133487256	133487657	1	early	1	0	0	0	0	0
7	133564148	133564503	1	early	1	0	0	0	0	0
7	133709059	133709350	1	shRunx3	0	0	0	0	0	1
7	133989244	133989513	1	memory	0	0	0	1	0	0
7	134166832	134167132	1	early	1	0	0	0	0	0
7	134561210	134561486	1	late	0	1	0	0	0	0
7	134577703	134577970	1	terminal	0	0	1	0	0	0
7	134785685	134785762	1	early	1	0	0	0	0	0
7	134785762	134785961	2	early,shCd19	1	0	0	0	1	0
7	134785961	134786128	1	shCd19	0	0	0	0	1	0
7	135002971	135003274	1	late	0	1	0	0	0	0
7	135095675	135095942	1	terminal	0	0	1	0	0	0
7	135175923	135176256	1	shCd19	0	0	0	0	1	0
7	135255553	135255809	1	memory	0	0	0	1	0	0
7	135540953	135541246	1	shCd19	0	0	0	0	1	0
7	136045275	136045686	1	shCd19	0	0	0	0	1	0
7	136245600	136246060	1	terminal	0	0	1	0	0	0
7	136263824	136264085	1	early	1	0	0	0	0	0
7	136266391	136266778	1	shRunx3	0	0	0	0	0	1
7	136697251	136697484	1	terminal	0	0	1	0	0	0
7	137029071	137029516	1	terminal	0	0	1	0	0	0
7	137185622	137185953	1	shCd19	0	0	0	0	1	0
7	137191359	137191654	1	early	1	0	0	0	0	0
7	137323097	137323757	1	shRunx3	0	0	0	0	0	1
7	137344834	137345065	1	shRunx3	0	0	0	0	0	1
7	137348419	137348713	1	terminal	0	0	1	0	0	0
7	137815690	137815997	1	terminal	0	0	1	0	0	0
7	138268269	138268580	1	terminal	0	0	1	0	0	0
7	138845739	138846206	1	shCd19	0	0	0	0	1	0
7	138862049	138862317	1	shCd19	0	0	0	0	1	0
7	139241856	139242145	1	memory	0	0	0	1	0	0
7	139896093	139896418	1	memory	0	0	0	1	0	0
7	140119626	140119957	1	memory	0	0	0	1	0	0
7	140369687	140370080	1	shCd19	0	0	0	0	1	0
7	140710880	140711108	1	terminal	0	0	1	0	0	0
7	140781774	140782078	1	shCd19	0	0	0	0	1	0
7	140795716	140795922	1	shRunx3	0	0	0	0	0	1
7	140807045	140807375	1	shRunx3	0	0	0	0	0	1
7	140824625	140824882	1	terminal	0	0	1	0	0	0
7	140841601	140842096	1	shRunx3	0	0	0	0	0	1
7	140865736	140866224	1	late	0	1	0	0	0	0
7	140882130	140882671	1	shCd19	0	0	0	0	1	0
7	141221698	141221968	1	memory	0	0	0	1	0	0
7	141266656	141266941	1	shCd19	0	0	0	0	1	0
7	141447293	141447557	1	shCd19	0	0	0	0	1	0
7	141477937	141478165	1	memory	0	0	0	1	0	0
7	141533944	141534282	1	shCd19	0	0	0	0	1	0
7	141613668	141613865	1	shCd19	0	0	0	0	1	0
7	142212781	142213277	1	shRunx3	0	0	0	0	0	1
7	142310239	142310594	1	late	0	1	0	0	0	0
7	142354039	142354365	1	shCd19	0	0	0	0	1	0
7	142897486	142898013	1	terminal	0	0	1	0	0	0
7	143096960	143097336	1	shRunx3	0	0	0	0	0	1
7	143146035	143146512	1	shCd19	0	0	0	0	1	0
7	143259713	143259976	1	shRunx3	0	0	0	0	0	1
7	143695143	143695439	1	memory	0	0	0	1	0	0
7	143753205	143753576	1	shCd19	0	0	0	0	1	0
7	143757127	143757381	1	memory	0	0	0	1	0	0
7	144365490	144365785	1	terminal	0	0	1	0	0	0
7	144451947	144452228	1	shRunx3	0	0	0	0	0	1
7	145021316	145021557	1	memory	0	0	0	1	0	0
7	145110866	145111093	1	shCd19	0	0	0	0	1	0
7	145162836	145163369	1	shCd19	0	0	0	0	1	0
7	145201822	145202048	1	shCd19	0	0	0	0	1	0
8	3129502	3129866	1	early	1	0	0	0	0	0
8	3355335	3355814	1	shRunx3	0	0	0	0	0	1
8	3470611	3470990	1	late	0	1	0	0	0	0
8	3516575	3516868	1	shCd19	0	0	0	0	1	0
8	3632553	3632795	1	terminal	0	0	1	0	0	0
8	3861349	3861724	1	shCd19	0	0	0	0	1	0
8	4213958	4214213	1	shRunx3	0	0	0	0	0	1
8	4214213	4214448	2	terminal,shRunx3	0	0	1	0	0	1
8	4214448	4214489	1	terminal	0	0	1	0	0	0
8	4596099	4596333	1	terminal	0	0	1	0	0	0
8	4615309	4615683	1	shRunx3	0	0	0	0	0	1
8	4702698	4703301	1	terminal	0	0	1	0	0	0
8	5095487	5095873	1	shRunx3	0	0	0	0	0	1
8	5483213	5483556	1	early	1	0	0	0	0	0
8	5524363	5524589	1	memory	0	0	0	1	0	0
8	5666151	5666402	1	terminal	0	0	1	0	0	0
8	5675440	5675873	1	shCd19	0	0	0	0	1	0
8	6043968	6044276	1	terminal	0	0	1	0	0	0
8	6117652	6118000	1	late	0	1	0	0	0	0
8	6409073	6409507	1	memory	0	0	0	1	0	0
8	6415269	6415752	1	terminal	0	0	1	0	0	0
8	6564701	6565036	1	terminal	0	0	1	0	0	0
8	6816520	6816991	1	terminal	0	0	1	0	0	0
8	7480998	7481415	1	late	0	1	0	0	0	0
8	7725434	7725736	1	early	1	0	0	0	0	0
8	7732305	7732635	1	early	1	0	0	0	0	0
8	8189068	8189384	1	early	1	0	0	0	0	0
8	8191612	8192162	1	shRunx3	0	0	0	0	0	1
8	8220456	8220673	1	shRunx3	0	0	0	0	0	1
8	8558561	8558780	1	shCd19	0	0	0	0	1	0
8	8702668	8702931	1	terminal	0	0	1	0	0	0
8	8839713	8840242	1	shCd19	0	0	0	0	1	0
8	8871468	8871790	1	shCd19	0	0	0	0	1	0
8	8960190	8960469	1	shCd19	0	0	0	0	1	0
8	9021804	9022258	1	terminal	0	0	1	0	0	0
8	9410044	9410398	1	terminal	0	0	1	0	0	0
8	9652410	9652677	1	shCd19	0	0	0	0	1	0
8	9775512	9775712	1	shCd19	0	0	0	0	1	0
8	10186890	10187167	1	early	1	0	0	0	0	0
8	10295253	10295568	1	terminal	0	0	1	0	0	0
8	10654278	10654533	1	shRunx3	0	0	0	0	0	1
8	10803279	10803675	1	terminal	0	0	1	0	0	0
8	10977980	10978275	1	memory	0	0	0	1	0	0
8	11005039	11005381	1	shRunx3	0	0	0	0	0	1
8	11012012	11012513	1	late	0	1	0	0	0	0
8	11053641	11054280	1	terminal	0	0	1	0	0	0
8	11066835	11067078	1	shCd19	0	0	0	0	1	0
8	11218030	11218482	1	memory	0	0	0	1	0	0
8	11255902	11256126	1	shRunx3	0	0	0	0	0	1
8	11265849	11266138	1	shCd19	0	0	0	0	1	0
8	11385123	11385321	1	shRunx3	0	0	0	0	0	1
8	11448454	11448926	1	terminal	0	0	1	0	0	0
8	11484586	11484845	1	shCd19	0	0	0	0	1	0
8	11550282	11550561	1	shRunx3	0	0	0	0	0	1
8	11625922	11626199	1	memory	0	0	0	1	0	0
8	11939044	11939407	1	shRunx3	0	0	0	0	0	1
8	12004013	12004308	1	shCd19	0	0	0	0	1	0
8	12084308	12084716	1	early	1	0	0	0	0	0
8	12167420	12167816	1	memory	0	0	0	1	0	0
8	12984818	12985055	1	terminal	0	0	1	0	0	0
8	12985116	12985357	1	shCd19	0	0	0	0	1	0
8	13156494	13156754	1	late	0	1	0	0	0	0
8	13213303	13213965	1	shRunx3	0	0	0	0	0	1
8	13298557	13298951	1	late	0	1	0	0	0	0
8	13639915	13640149	1	terminal	0	0	1	0	0	0
8	13656575	13656892	1	terminal	0	0	1	0	0	0
8	14162638	14162936	1	memory	0	0	0	1	0	0
8	14237779	14238141	1	late	0	1	0	0	0	0
8	14708526	14709210	1	early	1	0	0	0	0	0
8	14795825	14796291	1	shRunx3	0	0	0	0	0	1
8	14938719	14939116	1	shRunx3	0	0	0	0	0	1
8	14985330	14985646	1	shRunx3	0	0	0	0	0	1
8	15525466	15525727	1	terminal	0	0	1	0	0	0
8	15644724	15644955	1	memory	0	0	0	1	0	0
8	15900413	15900655	1	memory	0	0	0	1	0	0
8	15977885	15978185	1	early	1	0	0	0	0	0
8	16534099	16534405	1	shRunx3	0	0	0	0	0	1
8	16843535	16843922	1	terminal	0	0	1	0	0	0
8	16965670	16965954	1	terminal	0	0	1	0	0	0
8	17028240	17028684	1	terminal	0	0	1	0	0	0
8	17103703	17103990	1	shRunx3	0	0	0	0	0	1
8	17145847	17146119	1	memory	0	0	0	1	0	0
8	17204330	17204641	1	early	1	0	0	0	0	0
8	17267178	17267426	1	shCd19	0	0	0	0	1	0
8	17413203	17413579	1	late	0	1	0	0	0	0
8	17773553	17773826	1	terminal	0	0	1	0	0	0
8	18479344	18479691	1	late	0	1	0	0	0	0
8	19167015	19167386	1	early	1	0	0	0	0	0
8	19656790	19657077	1	memory	0	0	0	1	0	0
8	21990508	21990956	1	memory	0	0	0	1	0	0
8	22096671	22096878	1	shRunx3	0	0	0	0	0	1
8	22127227	22127443	1	shCd19	0	0	0	0	1	0
8	22634302	22634702	1	late	0	1	0	0	0	0
8	22774655	22774977	1	memory	0	0	0	1	0	0
8	22824552	22824828	1	shCd19	0	0	0	0	1	0
8	22843493	22843760	1	memory	0	0	0	1	0	0
8	23180178	23180407	1	shCd19	0	0	0	0	1	0
8	23199239	23199554	1	memory	0	0	0	1	0	0
8	23427683	23428098	1	terminal	0	0	1	0	0	0
8	23517753	23518513	1	terminal	0	0	1	0	0	0
8	23750191	23750532	1	memory	0	0	0	1	0	0
8	23930939	23931186	1	memory	0	0	0	1	0	0
8	24003945	24004200	1	shRunx3	0	0	0	0	0	1
8	24268521	24268833	1	terminal	0	0	1	0	0	0
8	24416849	24417324	1	terminal	0	0	1	0	0	0
8	24938700	24938986	1	shRunx3	0	0	0	0	0	1
8	24959486	24960028	1	shCd19	0	0	0	0	1	0
8	24960565	24960786	1	shCd19	0	0	0	0	1	0
8	25273984	25274389	1	shCd19	0	0	0	0	1	0
8	25274389	25274484	2	terminal,shCd19	0	0	1	0	1	0
8	25274484	25274698	3	terminal,shCd19,shRunx3	0	0	1	0	1	1
8	25274698	25274849	2	shCd19,shRunx3	0	0	0	0	1	1
8	25274849	25275236	1	shRunx3	0	0	0	0	0	1
8	25669035	25669553	1	terminal	0	0	1	0	0	0
8	25916975	25917279	1	terminal	0	0	1	0	0	0
8	25948959	25949449	1	shRunx3	0	0	0	0	0	1
8	26493487	26493803	1	terminal	0	0	1	0	0	0
8	26609343	26609765	1	shRunx3	0	0	0	0	0	1
8	26678103	26678477	1	late	0	1	0	0	0	0
8	26959189	26959541	1	shRunx3	0	0	0	0	0	1
8	26978801	26979007	1	shRunx3	0	0	0	0	0	1
8	27457449	27457679	1	memory	0	0	0	1	0	0
8	27533630	27533841	1	shRunx3	0	0	0	0	0	1
8	27558446	27558687	1	shRunx3	0	0	0	0	0	1
8	27601581	27601856	1	memory	0	0	0	1	0	0
8	27719624	27719888	1	shRunx3	0	0	0	0	0	1
8	27739622	27739918	1	shRunx3	0	0	0	0	0	1
8	27783134	27783361	1	memory	0	0	0	1	0	0
8	27822580	27822905	1	shRunx3	0	0	0	0	0	1
8	27881880	27882231	1	memory	0	0	0	1	0	0
8	28122219	28122611	1	late	0	1	0	0	0	0
8	28234962	28235188	1	shRunx3	0	0	0	0	0	1
8	28360516	28360771	1	early	1	0	0	0	0	0
8	28447975	28448228	1	shRunx3	0	0	0	0	0	1
8	29042736	29043127	1	shCd19	0	0	0	0	1	0
8	29403995	29404454	1	terminal	0	0	1	0	0	0
8	29754536	29755244	1	shCd19	0	0	0	0	1	0
8	29903144	29903342	1	shCd19	0	0	0	0	1	0
8	30214381	30214713	1	shCd19	0	0	0	0	1	0
8	30392714	30392980	1	shCd19	0	0	0	0	1	0
8	31017205	31017452	1	memory	0	0	0	1	0	0
8	31063888	31064153	1	terminal	0	0	1	0	0	0
8	31074389	31074672	1	terminal	0	0	1	0	0	0
8	31110783	31111035	1	shCd19	0	0	0	0	1	0
8	31149949	31150198	1	shRunx3	0	0	0	0	0	1
8	31592547	31592889	1	early	1	0	0	0	0	0
8	31829507	31829930	1	shCd19	0	0	0	0	1	0
8	32829562	32829812	1	terminal	0	0	1	0	0	0
8	32865197	32866186	1	terminal	0	0	1	0	0	0
8	32908912	32909356	1	terminal	0	0	1	0	0	0
8	32950013	32950309	1	shRunx3	0	0	0	0	0	1
8	33214980	33215364	1	shRunx3	0	0	0	0	0	1
8	33403483	33403828	1	memory	0	0	0	1	0	0
8	33484289	33484752	1	terminal	0	0	1	0	0	0
8	33841494	33841743	1	shRunx3	0	0	0	0	0	1
8	33850600	33850898	1	terminal	0	0	1	0	0	0
8	34107979	34108317	1	memory	0	0	0	1	0	0
8	34231889	34232085	1	shCd19	0	0	0	0	1	0
8	34388585	34388854	1	shCd19	0	0	0	0	1	0
8	34651648	34652135	1	late	0	1	0	0	0	0
8	34807091	34807538	1	shRunx3	0	0	0	0	0	1
8	34951819	34952228	1	terminal	0	0	1	0	0	0
8	35105613	35105901	1	late	0	1	0	0	0	0
8	35810534	35810878	1	shRunx3	0	0	0	0	0	1
8	36010401	36010865	1	late	0	1	0	0	0	0
8	37156853	37157211	1	shRunx3	0	0	0	0	0	1
8	37159029	37159225	1	shCd19	0	0	0	0	1	0
8	38114366	38114666	1	late	0	1	0	0	0	0
8	38325971	38326278	1	late	0	1	0	0	0	0
8	38708094	38708326	1	terminal	0	0	1	0	0	0
8	38733732	38734049	1	shCd19	0	0	0	0	1	0
8	39111184	39111479	1	shCd19	0	0	0	0	1	0
8	39303278	39303598	1	memory	0	0	0	1	0	0
8	39364200	39365007	1	terminal	0	0	1	0	0	0
8	39400457	39400804	1	memory	0	0	0	1	0	0
8	39508084	39508402	1	terminal	0	0	1	0	0	0
8	39556009	39556275	1	terminal	0	0	1	0	0	0
8	39771563	39771917	1	terminal	0	0	1	0	0	0
8	40174891	40175093	1	shCd19	0	0	0	0	1	0
8	40360075	40360285	1	shRunx3	0	0	0	0	0	1
8	40481996	40482508	1	shCd19	0	0	0	0	1	0
8	40634187	40634450	1	memory	0	0	0	1	0	0
8	40958770	40959082	1	shRunx3	0	0	0	0	0	1
8	41105108	41105320	1	shRunx3	0	0	0	0	0	1
8	41270581	41270872	1	terminal	0	0	1	0	0	0
8	41706973	41707212	1	shRunx3	0	0	0	0	0	1
8	42193068	42193406	1	memory	0	0	0	1	0	0
8	42445014	42445311	1	shCd19	0	0	0	0	1	0
8	42499367	42499640	1	terminal	0	0	1	0	0	0
8	42662944	42663301	1	shCd19	0	0	0	0	1	0
8	42742222	42742447	1	shRunx3	0	0	0	0	0	1
8	42892395	42893059	1	shCd19	0	0	0	0	1	0
8	42958707	42958980	1	terminal	0	0	1	0	0	0
8	43208296	43208540	1	memory	0	0	0	1	0	0
8	43295055	43295399	1	late	0	1	0	0	0	0
8	44014871	44015148	1	terminal	0	0	1	0	0	0
8	44191780	44192101	1	shCd19	0	0	0	0	1	0
8	44216685	44216927	1	terminal	0	0	1	0	0	0
8	44343809	44344208	1	late	0	1	0	0	0	0
8	44444141	44444389	1	memory	0	0	0	1	0	0
8	44593391	44593587	1	shCd19	0	0	0	0	1	0
8	44763001	44763271	1	terminal	0	0	1	0	0	0
8	44790016	44790287	1	memory	0	0	0	1	0	0
8	44866047	44866332	1	shRunx3	0	0	0	0	0	1
8	45730358	45730599	1	shRunx3	0	0	0	0	0	1
8	45959128	45959420	1	terminal	0	0	1	0	0	0
8	45991380	45991590	1	shRunx3	0	0	0	0	0	1
8	46158538	46158938	1	shRunx3	0	0	0	0	0	1
8	46228698	46229135	1	memory	0	0	0	1	0	0
8	46505864	46506101	1	shRunx3	0	0	0	0	0	1
8	46616955	46617444	1	shCd19	0	0	0	0	1	0
8	46722421	46722725	1	shRunx3	0	0	0	0	0	1
8	46724593	46725089	1	shCd19	0	0	0	0	1	0
8	46992005	46992607	1	shRunx3	0	0	0	0	0	1
8	47080384	47080606	1	shRunx3	0	0	0	0	0	1
8	47714209	47714502	1	shCd19	0	0	0	0	1	0
8	48597759	48598231	1	terminal	0	0	1	0	0	0
8	49019580	49019837	1	shRunx3	0	0	0	0	0	1
8	49046258	49046617	1	terminal	0	0	1	0	0	0
8	49547321	49547514	1	shRunx3	0	0	0	0	0	1
8	50946863	50947178	1	memory	0	0	0	1	0	0
8	51066291	51066552	1	late	0	1	0	0	0	0
8	51320156	51320464	1	late	0	1	0	0	0	0
8	51876203	51876480	1	terminal	0	0	1	0	0	0
8	51938641	51938796	1	terminal	0	0	1	0	0	0
8	51938796	51938998	2	early,terminal	1	0	1	0	0	0
8	51938998	51939086	1	early	1	0	0	0	0	0
8	52198903	52199188	1	shRunx3	0	0	0	0	0	1
8	52341372	52341876	1	shCd19	0	0	0	0	1	0
8	52414977	52415185	1	shCd19	0	0	0	0	1	0
8	52483981	52484316	1	terminal	0	0	1	0	0	0
8	52553067	52553379	1	memory	0	0	0	1	0	0
8	52709676	52709900	1	shRunx3	0	0	0	0	0	1
8	52713131	52713325	1	shCd19	0	0	0	0	1	0
8	52751362	52751747	1	terminal	0	0	1	0	0	0
8	53241035	53241343	1	memory	0	0	0	1	0	0
8	53726921	53727276	1	late	0	1	0	0	0	0
8	54371697	54371916	1	shCd19	0	0	0	0	1	0
8	55874031	55874280	1	terminal	0	0	1	0	0	0
8	56448264	56448699	1	memory	0	0	0	1	0	0
8	56477977	56478331	1	shRunx3	0	0	0	0	0	1
8	56602653	56602917	1	shRunx3	0	0	0	0	0	1
8	56764803	56765040	1	shRunx3	0	0	0	0	0	1
8	56811662	56811897	1	shCd19	0	0	0	0	1	0
8	56872366	56872608	1	shRunx3	0	0	0	0	0	1
8	57207802	57208090	1	shRunx3	0	0	0	0	0	1
8	57247175	57247445	1	shCd19	0	0	0	0	1	0
8	57429367	57429799	1	memory	0	0	0	1	0	0
8	57579819	57580260	1	shRunx3	0	0	0	0	0	1
8	57737426	57738028	1	terminal	0	0	1	0	0	0
8	58307527	58307865	1	terminal	0	0	1	0	0	0
8	58684854	58685076	1	shRunx3	0	0	0	0	0	1
8	58930086	58930341	1	memory	0	0	0	1	0	0
8	59005472	59005825	1	shRunx3	0	0	0	0	0	1
8	59279452	59279735	1	terminal	0	0	1	0	0	0
8	60025023	60025251	1	shRunx3	0	0	0	0	0	1
8	60137039	60137239	1	shRunx3	0	0	0	0	0	1
8	60156878	60157204	1	terminal	0	0	1	0	0	0
8	60307630	60307901	1	terminal	0	0	1	0	0	0
8	60316753	60317073	1	late	0	1	0	0	0	0
8	60723002	60723342	1	terminal	0	0	1	0	0	0
8	60887700	60887988	1	shCd19	0	0	0	0	1	0
8	60905110	60905429	1	shRunx3	0	0	0	0	0	1
8	60983407	60983872	1	terminal	0	0	1	0	0	0
8	60992539	60993076	1	shRunx3	0	0	0	0	0	1
8	61118892	61119124	1	terminal	0	0	1	0	0	0
8	61151392	61151851	1	late	0	1	0	0	0	0
8	61187562	61187800	1	early	1	0	0	0	0	0
8	61611464	61611769	1	memory	0	0	0	1	0	0
8	61985746	61986296	1	terminal	0	0	1	0	0	0
8	62150942	62151258	1	shRunx3	0	0	0	0	0	1
8	62251254	62251587	1	shCd19	0	0	0	0	1	0
8	62827415	62827687	1	shCd19	0	0	0	0	1	0
8	62840154	62840395	1	shCd19	0	0	0	0	1	0
8	63335061	63335322	1	memory	0	0	0	1	0	0
8	63408670	63408988	1	terminal	0	0	1	0	0	0
8	63440858	63441052	1	shCd19	0	0	0	0	1	0
8	63462365	63462639	1	early	1	0	0	0	0	0
8	63521797	63522032	1	memory	0	0	0	1	0	0
8	63593576	63593823	1	shCd19	0	0	0	0	1	0
8	63666652	63667017	1	terminal	0	0	1	0	0	0
8	63790300	63790564	1	terminal	0	0	1	0	0	0
8	63856887	63857147	1	memory	0	0	0	1	0	0
8	63942764	63943022	1	terminal	0	0	1	0	0	0
8	64576276	64576587	1	shCd19	0	0	0	0	1	0
8	64690707	64690997	1	terminal	0	0	1	0	0	0
8	64691644	64691853	1	shRunx3	0	0	0	0	0	1
8	64804911	64805408	1	shCd19	0	0	0	0	1	0
8	64947095	64947632	1	shRunx3	0	0	0	0	0	1
8	65119109	65119338	1	shRunx3	0	0	0	0	0	1
8	65276072	65276361	1	shRunx3	0	0	0	0	0	1
8	65446195	65446452	1	memory	0	0	0	1	0	0
8	65552667	65553035	1	shRunx3	0	0	0	0	0	1
8	65782048	65782256	1	shRunx3	0	0	0	0	0	1
8	65794002	65794265	1	shCd19	0	0	0	0	1	0
8	66133291	66133645	1	memory	0	0	0	1	0	0
8	66208773	66209305	1	early	1	0	0	0	0	0
8	66317778	66317972	1	shCd19	0	0	0	0	1	0
8	66425135	66425471	1	terminal	0	0	1	0	0	0
8	66530466	66530909	1	late	0	1	0	0	0	0
8	66723718	66723922	1	shRunx3	0	0	0	0	0	1
8	67343124	67343368	1	terminal	0	0	1	0	0	0
8	67662450	67662686	1	shRunx3	0	0	0	0	0	1
8	67693926	67694120	1	shRunx3	0	0	0	0	0	1
8	68373783	68374370	1	terminal	0	0	1	0	0	0
8	68767221	68767469	1	terminal	0	0	1	0	0	0
8	68830467	68831392	1	terminal	0	0	1	0	0	0
8	68883380	68883571	1	shRunx3	0	0	0	0	0	1
8	68896987	68897268	1	shRunx3	0	0	0	0	0	1
8	68955145	68955472	1	memory	0	0	0	1	0	0
8	68976543	68977020	1	terminal	0	0	1	0	0	0
8	69047865	69048231	1	terminal	0	0	1	0	0	0
8	69389380	69389707	1	terminal	0	0	1	0	0	0
8	69625294	69625531	1	shRunx3	0	0	0	0	0	1
8	69749616	69749970	1	shRunx3	0	0	0	0	0	1
8	69774643	69774891	1	shCd19	0	0	0	0	1	0
8	69832362	69832646	1	shRunx3	0	0	0	0	0	1
8	69899938	69900325	1	shCd19	0	0	0	0	1	0
8	69937856	69938132	1	shRunx3	0	0	0	0	0	1
8	70139370	70139726	1	shRunx3	0	0	0	0	0	1
8	70212389	70212758	1	shCd19	0	0	0	0	1	0
8	70311275	70311585	1	shCd19	0	0	0	0	1	0
8	70491456	70491709	1	memory	0	0	0	1	0	0
8	70506100	70506446	1	shRunx3	0	0	0	0	0	1
8	70538911	70539590	1	shRunx3	0	0	0	0	0	1
8	70615013	70615343	1	shCd19	0	0	0	0	1	0
8	70754330	70754664	1	shRunx3	0	0	0	0	0	1
8	70760915	70761171	1	shRunx3	0	0	0	0	0	1
8	70761171	70761361	2	terminal,shRunx3	0	0	1	0	0	1
8	70761361	70761423	1	terminal	0	0	1	0	0	0
8	70797319	70797580	1	shRunx3	0	0	0	0	0	1
8	70811821	70812096	1	shRunx3	0	0	0	0	0	1
8	70865554	70865813	1	shCd19	0	0	0	0	1	0
8	70991882	70992125	1	early	1	0	0	0	0	0
8	71289800	71290161	1	memory	0	0	0	1	0	0
8	71482996	71483405	1	shCd19	0	0	0	0	1	0
8	71590724	71590994	1	terminal	0	0	1	0	0	0
8	71731274	71731701	1	terminal	0	0	1	0	0	0
8	71906902	71907227	1	late	0	1	0	0	0	0
8	71922539	71922834	1	shRunx3	0	0	0	0	0	1
8	72105272	72105515	1	memory	0	0	0	1	0	0
8	72160697	72161330	1	shCd19	0	0	0	0	1	0
8	72214887	72215135	1	memory	0	0	0	1	0	0
8	72330980	72331229	1	terminal	0	0	1	0	0	0
8	72456650	72456901	1	shCd19	0	0	0	0	1	0
8	72457331	72457672	1	late	0	1	0	0	0	0
8	72570776	72571116	1	shCd19	0	0	0	0	1	0
8	72793631	72794413	1	terminal	0	0	1	0	0	0
8	72987496	72987833	1	early	1	0	0	0	0	0
8	73476507	73476700	1	shRunx3	0	0	0	0	0	1
8	73722157	73722384	1	shCd19	0	0	0	0	1	0
8	74038079	74038364	1	shRunx3	0	0	0	0	0	1
8	74186424	74186757	1	terminal	0	0	1	0	0	0
8	74461377	74461575	1	shRunx3	0	0	0	0	0	1
8	74698342	74698620	1	shRunx3	0	0	0	0	0	1
8	74761696	74762032	1	early	1	0	0	0	0	0
8	74919173	74919576	1	terminal	0	0	1	0	0	0
8	75033627	75034037	1	shCd19	0	0	0	0	1	0
8	75707125	75707403	1	shCd19	0	0	0	0	1	0
8	75739487	75739997	1	late	0	1	0	0	0	0
8	76555746	76556000	1	shRunx3	0	0	0	0	0	1
8	76586813	76587140	1	late	0	1	0	0	0	0
8	76717861	76718145	1	memory	0	0	0	1	0	0
8	76884026	76884290	1	early	1	0	0	0	0	0
8	76887476	76887783	1	early	1	0	0	0	0	0
8	76954404	76954658	1	shCd19	0	0	0	0	1	0
8	76957264	76957658	1	terminal	0	0	1	0	0	0
8	77239656	77240002	1	shCd19	0	0	0	0	1	0
8	77339810	77340035	1	shRunx3	0	0	0	0	0	1
8	77709414	77709725	1	memory	0	0	0	1	0	0
8	77787606	77788015	1	terminal	0	0	1	0	0	0
8	77790070	77790332	1	late	0	1	0	0	0	0
8	77819724	77819965	1	shRunx3	0	0	0	0	0	1
8	78469880	78470075	1	shRunx3	0	0	0	0	0	1
8	78589683	78590031	1	terminal	0	0	1	0	0	0
8	78849362	78849799	1	shCd19	0	0	0	0	1	0
8	79085645	79085969	1	shCd19	0	0	0	0	1	0
8	79202555	79202851	1	terminal	0	0	1	0	0	0
8	79380781	79381013	1	shRunx3	0	0	0	0	0	1
8	79647951	79648250	1	shRunx3	0	0	0	0	0	1
8	79648516	79648834	1	terminal	0	0	1	0	0	0
8	79946709	79946985	1	memory	0	0	0	1	0	0
8	80037106	80037477	1	shCd19	0	0	0	0	1	0
8	80105634	80105913	1	terminal	0	0	1	0	0	0
8	80420868	80421105	1	memory	0	0	0	1	0	0
8	80499284	80499494	1	shCd19	0	0	0	0	1	0
8	80695089	80695556	1	late	0	1	0	0	0	0
8	80742709	80743034	1	shCd19	0	0	0	0	1	0
8	81117931	81118434	1	terminal	0	0	1	0	0	0
8	81246810	81247220	1	terminal	0	0	1	0	0	0
8	81322391	81322673	1	shCd19	0	0	0	0	1	0
8	81425126	81425382	1	late	0	1	0	0	0	0
8	81671846	81672070	1	shCd19	0	0	0	0	1	0
8	82492812	82493078	1	early	1	0	0	0	0	0
8	82877695	82877975	1	early	1	0	0	0	0	0
8	82975835	82976392	1	shCd19	0	0	0	0	1	0
8	83332433	83332694	1	shRunx3	0	0	0	0	0	1
8	83349423	83349799	1	shRunx3	0	0	0	0	0	1
8	83478846	83479119	1	late	0	1	0	0	0	0
8	83566622	83566937	1	shRunx3	0	0	0	0	0	1
8	83594313	83594734	1	shCd19	0	0	0	0	1	0
8	83715080	83715496	1	shCd19	0	0	0	0	1	0
8	83739742	83740251	1	late	0	1	0	0	0	0
8	83908722	83909293	1	memory	0	0	0	1	0	0
8	83972677	83972878	1	shRunx3	0	0	0	0	0	1
8	84127045	84127431	1	shRunx3	0	0	0	0	0	1
8	84127431	84127745	2	shCd19,shRunx3	0	0	0	0	1	1
8	84127745	84127819	1	shCd19	0	0	0	0	1	0
8	84190817	84191242	1	memory	0	0	0	1	0	0
8	84306017	84306466	1	shRunx3	0	0	0	0	0	1
8	84347801	84348056	1	terminal	0	0	1	0	0	0
8	84686076	84686513	1	shCd19	0	0	0	0	1	0
8	84846845	84847069	1	shCd19	0	0	0	0	1	0
8	84973226	84973780	1	late	0	1	0	0	0	0
8	84979667	84980010	1	shRunx3	0	0	0	0	0	1
8	84989074	84989303	1	terminal	0	0	1	0	0	0
8	85026785	85027107	1	shRunx3	0	0	0	0	0	1
8	85027357	85027641	1	terminal	0	0	1	0	0	0
8	85299562	85299835	1	shCd19	0	0	0	0	1	0
8	85714302	85714609	1	shCd19	0	0	0	0	1	0
8	86114586	86114925	1	shRunx3	0	0	0	0	0	1
8	86265968	86266299	1	shRunx3	0	0	0	0	0	1
8	86370525	86370810	1	shCd19	0	0	0	0	1	0
8	86454567	86454843	1	memory	0	0	0	1	0	0
8	86599095	86599409	1	late	0	1	0	0	0	0
8	86734018	86734431	1	late	0	1	0	0	0	0
8	86912834	86913174	1	shCd19	0	0	0	0	1	0
8	86931725	86932346	1	late	0	1	0	0	0	0
8	87081698	87081916	1	shCd19	0	0	0	0	1	0
8	87262202	87262549	1	shCd19	0	0	0	0	1	0
8	87328734	87329043	1	memory	0	0	0	1	0	0
8	87399306	87399657	1	shRunx3	0	0	0	0	0	1
8	87401258	87401581	1	early	1	0	0	0	0	0
8	87525408	87525708	1	shRunx3	0	0	0	0	0	1
8	87846645	87846978	1	shRunx3	0	0	0	0	0	1
8	88302875	88303091	1	shRunx3	0	0	0	0	0	1
8	88305589	88306207	1	shCd19	0	0	0	0	1	0
8	88333173	88333515	1	shCd19	0	0	0	0	1	0
8	88478184	88478471	1	shRunx3	0	0	0	0	0	1
8	88489224	88489471	1	terminal	0	0	1	0	0	0
8	88607848	88608399	1	early	1	0	0	0	0	0
8	88697106	88697385	1	terminal	0	0	1	0	0	0
8	88783838	88784275	1	shRunx3	0	0	0	0	0	1
8	88995434	88995682	1	memory	0	0	0	1	0	0
8	89014744	89015008	1	shRunx3	0	0	0	0	0	1
8	89364008	89364406	1	terminal	0	0	1	0	0	0
8	89465673	89466086	1	shCd19	0	0	0	0	1	0
8	89558472	89558741	1	shCd19	0	0	0	0	1	0
8	90259109	90259764	1	shCd19	0	0	0	0	1	0
8	90291255	90291652	1	shCd19	0	0	0	0	1	0
8	90297183	90297513	1	shCd19	0	0	0	0	1	0
8	90782084	90782322	1	memory	0	0	0	1	0	0
8	90790906	90791168	1	memory	0	0	0	1	0	0
8	90937213	90937470	1	shRunx3	0	0	0	0	0	1
8	90959487	90959731	1	shRunx3	0	0	0	0	0	1
8	90960074	90960319	1	shRunx3	0	0	0	0	0	1
8	91073240	91073527	1	memory	0	0	0	1	0	0
8	91124730	91124937	1	shRunx3	0	0	0	0	0	1
8	91468041	91468456	1	shCd19	0	0	0	0	1	0
8	91525364	91525724	1	terminal	0	0	1	0	0	0
8	91663915	91664149	1	memory	0	0	0	1	0	0
8	91872808	91873053	1	shRunx3	0	0	0	0	0	1
8	92788261	92788553	1	terminal	0	0	1	0	0	0
8	93242037	93242518	1	terminal	0	0	1	0	0	0
8	93306623	93306869	1	shCd19	0	0	0	0	1	0
8	93575729	93576126	1	shRunx3	0	0	0	0	0	1
8	93907340	93907534	1	shCd19	0	0	0	0	1	0
8	93930000	93930302	1	memory	0	0	0	1	0	0
8	93996598	93996913	1	terminal	0	0	1	0	0	0
8	94178110	94178609	1	terminal	0	0	1	0	0	0
8	94179844	94180128	1	shCd19	0	0	0	0	1	0
8	94978699	94978903	1	shRunx3	0	0	0	0	0	1
8	95381061	95381271	1	shCd19	0	0	0	0	1	0
8	95506307	95506567	1	terminal	0	0	1	0	0	0
8	95738906	95739173	1	terminal	0	0	1	0	0	0
8	95807541	95808026	1	shRunx3	0	0	0	0	0	1
8	95937158	95937534	1	terminal	0	0	1	0	0	0
8	95969373	95969680	1	terminal	0	0	1	0	0	0
8	96184095	96184771	1	terminal	0	0	1	0	0	0
8	96656284	96656648	1	terminal	0	0	1	0	0	0
8	96750713	96751210	1	shCd19	0	0	0	0	1	0
8	97014949	97015283	1	late	0	1	0	0	0	0
8	97067596	97067877	1	shRunx3	0	0	0	0	0	1
8	97381921	97382170	1	terminal	0	0	1	0	0	0
8	97387950	97388261	1	shRunx3	0	0	0	0	0	1
8	97402564	97402966	1	terminal	0	0	1	0	0	0
8	97450314	97450796	1	terminal	0	0	1	0	0	0
8	97524115	97524375	1	terminal	0	0	1	0	0	0
8	97978394	97978626	1	shCd19	0	0	0	0	1	0
8	98332836	98333316	1	terminal	0	0	1	0	0	0
8	98849084	98849320	1	terminal	0	0	1	0	0	0
8	99308627	99308992	1	late	0	1	0	0	0	0
8	99368415	99368805	1	early	1	0	0	0	0	0
8	99644692	99645075	1	memory	0	0	0	1	0	0
8	99772866	99773187	1	terminal	0	0	1	0	0	0
8	99802303	99802521	1	shRunx3	0	0	0	0	0	1
8	100422746	100423077	1	early	1	0	0	0	0	0
8	100468047	100468513	1	early	1	0	0	0	0	0
8	100638192	100638522	1	early	1	0	0	0	0	0
8	100670406	100670677	1	terminal	0	0	1	0	0	0
8	100704080	100704329	1	shRunx3	0	0	0	0	0	1
8	100720508	100721048	1	memory	0	0	0	1	0	0
8	100824079	100824495	1	shCd19	0	0	0	0	1	0
8	100886314	100886582	1	early	1	0	0	0	0	0
8	101073235	101073509	1	shRunx3	0	0	0	0	0	1
8	101234684	101234919	1	shCd19	0	0	0	0	1	0
8	101480950	101481145	1	shRunx3	0	0	0	0	0	1
8	102048536	102048954	1	shCd19	0	0	0	0	1	0
8	102214386	102214656	1	early	1	0	0	0	0	0
8	102342012	102342234	1	shCd19	0	0	0	0	1	0
8	102762608	102762872	1	terminal	0	0	1	0	0	0
8	102858246	102858612	1	memory	0	0	0	1	0	0
8	103147573	103147954	1	shRunx3	0	0	0	0	0	1
8	103370143	103370346	1	shRunx3	0	0	0	0	0	1
8	103618679	103618934	1	early	1	0	0	0	0	0
8	103648912	103649240	1	shCd19	0	0	0	0	1	0
8	103738917	103739316	1	shCd19	0	0	0	0	1	0
8	103806996	103807351	1	shRunx3	0	0	0	0	0	1
8	103825280	103825688	1	terminal	0	0	1	0	0	0
8	104063047	104063538	1	terminal	0	0	1	0	0	0
8	104246909	104247253	1	shCd19	0	0	0	0	1	0
8	104254244	104254589	1	shRunx3	0	0	0	0	0	1
8	104312640	104312874	1	memory	0	0	0	1	0	0
8	104404823	104405164	1	terminal	0	0	1	0	0	0
8	104413325	104414169	1	terminal	0	0	1	0	0	0
8	104643384	104643714	1	shCd19	0	0	0	0	1	0
8	104661895	104662244	1	early	1	0	0	0	0	0
8	104791389	104791672	1	late	0	1	0	0	0	0
8	105425872	105426234	1	shRunx3	0	0	0	0	0	1
8	105827325	105827721	1	shCd19	0	0	0	0	1	0
8	105874956	105875211	1	memory	0	0	0	1	0	0
8	106123243	106123599	1	memory	0	0	0	1	0	0
8	106304145	106304437	1	shCd19	0	0	0	0	1	0
8	106337892	106338226	1	shCd19	0	0	0	0	1	0
8	106449551	106449782	1	shRunx3	0	0	0	0	0	1
8	106797880	106798075	1	shCd19	0	0	0	0	1	0
8	106955936	106956292	1	terminal	0	0	1	0	0	0
8	106995232	106995474	1	memory	0	0	0	1	0	0
8	107030994	107031223	1	shCd19	0	0	0	0	1	0
8	107174131	107174398	1	shCd19	0	0	0	0	1	0
8	107323497	107323926	1	terminal	0	0	1	0	0	0
8	107538322	107538747	1	shRunx3	0	0	0	0	0	1
8	107865398	107865621	1	shCd19	0	0	0	0	1	0
8	108261773	108262132	1	shCd19	0	0	0	0	1	0
8	108310709	108310909	1	shRunx3	0	0	0	0	0	1
8	108310914	108311188	1	memory	0	0	0	1	0	0
8	108352593	108352888	1	late	0	1	0	0	0	0
8	108426171	108426439	1	terminal	0	0	1	0	0	0
8	108707836	108708146	1	shCd19	0	0	0	0	1	0
8	108876171	108876671	1	memory	0	0	0	1	0	0
8	109029663	109029953	1	terminal	0	0	1	0	0	0
8	109406103	109406457	1	terminal	0	0	1	0	0	0
8	109568572	109568819	1	shRunx3	0	0	0	0	0	1
8	109688137	109688479	1	terminal	0	0	1	0	0	0
8	109861195	109861612	1	shRunx3	0	0	0	0	0	1
8	109889571	109889797	1	shRunx3	0	0	0	0	0	1
8	109931810	109932088	1	terminal	0	0	1	0	0	0
8	110120149	110120472	1	memory	0	0	0	1	0	0
8	110193872	110194123	1	shRunx3	0	0	0	0	0	1
8	110683612	110683913	1	memory	0	0	0	1	0	0
8	110712563	110713266	1	terminal	0	0	1	0	0	0
8	110812791	110813092	1	late	0	1	0	0	0	0
8	110908202	110908628	1	memory	0	0	0	1	0	0
8	111509138	111509554	1	shCd19	0	0	0	0	1	0
8	111644320	111644727	1	shRunx3	0	0	0	0	0	1
8	111725671	111725922	1	memory	0	0	0	1	0	0
8	111869540	111869963	1	shRunx3	0	0	0	0	0	1
8	112026931	112027355	1	terminal	0	0	1	0	0	0
8	112029668	112029951	1	memory	0	0	0	1	0	0
8	112217376	112217676	1	terminal	0	0	1	0	0	0
8	112610436	112610806	1	late	0	1	0	0	0	0
8	112993814	112994494	1	late	0	1	0	0	0	0
8	113373183	113373476	1	terminal	0	0	1	0	0	0
8	113433944	113434175	1	memory	0	0	0	1	0	0
8	113474125	113474337	1	shCd19	0	0	0	0	1	0
8	113494758	113495050	1	shRunx3	0	0	0	0	0	1
8	113634941	113635303	1	terminal	0	0	1	0	0	0
8	113635814	113636125	1	early	1	0	0	0	0	0
8	113641067	113641278	1	shCd19	0	0	0	0	1	0
8	113662861	113663163	1	memory	0	0	0	1	0	0
8	113855370	113855657	1	terminal	0	0	1	0	0	0
8	113901965	113902365	1	memory	0	0	0	1	0	0
8	114122418	114122792	1	shRunx3	0	0	0	0	0	1
8	114523250	114523566	1	memory	0	0	0	1	0	0
8	114630561	114630872	1	terminal	0	0	1	0	0	0
8	114812960	114813191	1	terminal	0	0	1	0	0	0
8	114995168	114995510	1	late	0	1	0	0	0	0
8	115218320	115218613	1	late	0	1	0	0	0	0
8	115638877	115639119	1	terminal	0	0	1	0	0	0
8	115698560	115698827	1	shCd19	0	0	0	0	1	0
8	116281385	116281757	1	terminal	0	0	1	0	0	0
8	116395315	116395563	1	shRunx3	0	0	0	0	0	1
8	116447476	116447962	1	late	0	1	0	0	0	0
8	116608533	116608857	1	shCd19	0	0	0	0	1	0
8	116635151	116635447	1	shRunx3	0	0	0	0	0	1
8	116997170	116997379	1	shCd19	0	0	0	0	1	0
8	117074277	117074450	1	early	1	0	0	0	0	0
8	117074450	117074457	2	early,shRunx3	1	0	0	0	0	1
8	117074457	117074519	3	early,shCd19,shRunx3	1	0	0	0	1	1
8	117074519	117074685	2	shCd19,shRunx3	0	0	0	0	1	1
8	117074685	117074899	1	shCd19	0	0	0	0	1	0
8	117079565	117079929	1	terminal	0	0	1	0	0	0
8	117288190	117288490	1	shRunx3	0	0	0	0	0	1
8	117328446	117328781	1	late	0	1	0	0	0	0
8	117999003	117999312	1	terminal	0	0	1	0	0	0
8	118002320	118002608	1	shRunx3	0	0	0	0	0	1
8	118056660	118056994	1	memory	0	0	0	1	0	0
8	118230966	118231373	1	shCd19	0	0	0	0	1	0
8	118433197	118433499	1	terminal	0	0	1	0	0	0
8	118546039	118546468	1	late	0	1	0	0	0	0
8	118577163	118577404	1	shRunx3	0	0	0	0	0	1
8	119423560	119424438	1	shCd19	0	0	0	0	1	0
8	119446376	119446581	1	shCd19	0	0	0	0	1	0
8	119784300	119784528	1	shRunx3	0	0	0	0	0	1
8	120641396	120641801	1	shRunx3	0	0	0	0	0	1
8	120716517	120716828	1	shCd19	0	0	0	0	1	0
8	120749416	120749686	1	shCd19	0	0	0	0	1	0
8	121067475	121067674	1	shRunx3	0	0	0	0	0	1
8	121075552	121075800	1	terminal	0	0	1	0	0	0
8	121229682	121230055	1	memory	0	0	0	1	0	0
8	121578974	121579226	1	shCd19	0	0	0	0	1	0
8	121677515	121677930	1	shCd19	0	0	0	0	1	0
8	121950208	121950446	1	terminal	0	0	1	0	0	0
8	122402973	122403234	1	shCd19	0	0	0	0	1	0
8	122551660	122552103	1	shRunx3	0	0	0	0	0	1
8	122646758	122647041	1	shCd19	0	0	0	0	1	0
8	122701934	122702950	1	shCd19	0	0	0	0	1	0
8	122726683	122727022	1	shCd19	0	0	0	0	1	0
8	122790513	122790723	1	shRunx3	0	0	0	0	0	1
8	122985797	122986559	1	shCd19	0	0	0	0	1	0
8	123032951	123032981	1	shRunx3	0	0	0	0	0	1
8	123032981	123033179	2	shCd19,shRunx3	0	0	0	0	1	1
8	123033179	123033225	1	shRunx3	0	0	0	0	0	1
8	123064927	123065467	1	shRunx3	0	0	0	0	0	1
8	123318782	123319152	1	shRunx3	0	0	0	0	0	1
8	123433004	123433348	1	terminal	0	0	1	0	0	0
8	123536425	123536849	1	shCd19	0	0	0	0	1	0
8	123882860	123883134	1	terminal	0	0	1	0	0	0
8	124010348	124010543	1	shRunx3	0	0	0	0	0	1
8	124273665	124274113	1	shCd19	0	0	0	0	1	0
8	124319276	124319530	1	early	1	0	0	0	0	0
8	124319530	124319774	2	early,shCd19	1	0	0	0	1	0
8	124319774	124319785	1	shCd19	0	0	0	0	1	0
8	124485988	124486293	1	terminal	0	0	1	0	0	0
8	124537008	124537358	1	shRunx3	0	0	0	0	0	1
8	124722106	124722371	2	late,shRunx3	0	1	0	0	0	1
8	124722371	124722420	1	shRunx3	0	0	0	0	0	1
8	125328348	125328620	1	early	1	0	0	0	0	0
8	125436864	125437102	1	shCd19	0	0	0	0	1	0
8	125586868	125587214	1	terminal	0	0	1	0	0	0
8	125601050	125601259	1	shCd19	0	0	0	0	1	0
8	125687848	125688148	1	early	1	0	0	0	0	0
8	126147995	126148219	1	shCd19	0	0	0	0	1	0
8	126332938	126333217	1	early	1	0	0	0	0	0
8	126436674	126436944	1	late	0	1	0	0	0	0
8	126847590	126848681	1	shRunx3	0	0	0	0	0	1
8	126869150	126869407	1	shRunx3	0	0	0	0	0	1
8	126909840	126910077	1	terminal	0	0	1	0	0	0
8	127089379	127089613	1	terminal	0	0	1	0	0	0
8	127282468	127282842	1	terminal	0	0	1	0	0	0
8	127480595	127480956	1	terminal	0	0	1	0	0	0
8	127648392	127648973	1	early	1	0	0	0	0	0
8	127655773	127656123	1	terminal	0	0	1	0	0	0
8	127776159	127776711	1	shRunx3	0	0	0	0	0	1
8	127782131	127782525	1	early	1	0	0	0	0	0
8	127836145	127836417	1	terminal	0	0	1	0	0	0
8	128333611	128333869	1	terminal	0	0	1	0	0	0
8	128481688	128481999	1	shRunx3	0	0	0	0	0	1
8	128546449	128546762	1	terminal	0	0	1	0	0	0
8	128549565	128549813	1	shRunx3	0	0	0	0	0	1
8	128617838	128618201	1	memory	0	0	0	1	0	0
8	128646616	128646953	1	shCd19	0	0	0	0	1	0
8	128688045	128688353	1	shRunx3	0	0	0	0	0	1
8	128862632	128862944	1	late	0	1	0	0	0	0
8	129011166	129011515	1	terminal	0	0	1	0	0	0
9	3210486	3210926	1	terminal	0	0	1	0	0	0
9	3268882	3269207	1	shRunx3	0	0	0	0	0	1
9	3419621	3419824	1	shCd19	0	0	0	0	1	0
9	3476014	3476561	1	terminal	0	0	1	0	0	0
9	4160156	4160727	1	terminal	0	0	1	0	0	0
9	4263604	4263898	1	early	1	0	0	0	0	0
9	4416407	4416806	1	shCd19	0	0	0	0	1	0
9	4418905	4419190	1	memory	0	0	0	1	0	0
9	4710923	4711220	1	memory	0	0	0	1	0	0
9	4722410	4722609	1	shCd19	0	0	0	0	1	0
9	4942952	4943226	1	shCd19	0	0	0	0	1	0
9	4943606	4944223	1	shCd19	0	0	0	0	1	0
9	5660184	5660380	1	shRunx3	0	0	0	0	0	1
9	5747524	5747834	1	shRunx3	0	0	0	0	0	1
9	6414637	6415042	1	late	0	1	0	0	0	0
9	6593403	6593907	1	shRunx3	0	0	0	0	0	1
9	7071060	7071519	1	shRunx3	0	0	0	0	0	1
9	7193256	7193583	1	shRunx3	0	0	0	0	0	1
9	7421677	7421934	1	early	1	0	0	0	0	0
9	7662766	7663114	1	shCd19	0	0	0	0	1	0
9	7872635	7873214	1	shRunx3	0	0	0	0	0	1
9	7919420	7919715	1	early	1	0	0	0	0	0
9	8583651	8583979	1	shRunx3	0	0	0	0	0	1
9	9421701	9421959	1	terminal	0	0	1	0	0	0
9	9586287	9586739	1	terminal	0	0	1	0	0	0
9	9771332	9771662	1	terminal	0	0	1	0	0	0
9	9776244	9776728	1	late	0	1	0	0	0	0
9	9794416	9794682	1	terminal	0	0	1	0	0	0
9	10026057	10026369	1	memory	0	0	0	1	0	0
9	10061269	10061846	1	terminal	0	0	1	0	0	0
9	10149133	10149477	1	terminal	0	0	1	0	0	0
9	10337045	10337469	1	shRunx3	0	0	0	0	0	1
9	10428901	10429236	1	terminal	0	0	1	0	0	0
9	10830181	10830701	1	late	0	1	0	0	0	0
9	10848949	10849218	1	terminal	0	0	1	0	0	0
9	10865409	10865988	1	terminal	0	0	1	0	0	0
9	10921826	10922059	1	memory	0	0	0	1	0	0
9	11000955	11001188	1	shRunx3	0	0	0	0	0	1
9	11255843	11256238	1	terminal	0	0	1	0	0	0
9	11318446	11318819	1	late	0	1	0	0	0	0
9	11341629	11341928	1	shCd19	0	0	0	0	1	0
9	11588864	11589186	1	terminal	0	0	1	0	0	0
9	11877281	11877754	1	shRunx3	0	0	0	0	0	1
9	11941985	11942289	1	shCd19	0	0	0	0	1	0
9	12153724	12154153	1	terminal	0	0	1	0	0	0
9	12198183	12198490	1	terminal	0	0	1	0	0	0
9	12448566	12448796	1	shCd19	0	0	0	0	1	0
9	12570377	12570653	1	shRunx3	0	0	0	0	0	1
9	12673957	12674319	1	early	1	0	0	0	0	0
9	12699767	12700023	1	terminal	0	0	1	0	0	0
9	12761827	12762065	1	shRunx3	0	0	0	0	0	1
9	12816695	12816983	1	terminal	0	0	1	0	0	0
9	12881381	12881672	1	shRunx3	0	0	0	0	0	1
9	13519358	13519554	1	shRunx3	0	0	0	0	0	1
9	13661140	13661428	1	terminal	0	0	1	0	0	0
9	13761157	13761607	1	early	1	0	0	0	0	0
9	13952916	13953166	1	terminal	0	0	1	0	0	0
9	14093119	14093422	1	shRunx3	0	0	0	0	0	1
9	14136749	14137035	1	shCd19	0	0	0	0	1	0
9	14275806	14276659	1	shRunx3	0	0	0	0	0	1
9	14499115	14499391	1	shCd19	0	0	0	0	1	0
9	14618710	14619068	1	terminal	0	0	1	0	0	0
9	14842575	14842947	1	early	1	0	0	0	0	0
9	15357882	15358153	1	shCd19	0	0	0	0	1	0
9	15499201	15499553	1	terminal	0	0	1	0	0	0
9	15692993	15693309	1	terminal	0	0	1	0	0	0
9	15718191	15718497	1	shRunx3	0	0	0	0	0	1
9	16864712	16864980	1	memory	0	0	0	1	0	0
9	17235034	17235292	1	memory	0	0	0	1	0	0
9	17366061	17366355	1	memory	0	0	0	1	0	0
9	17687064	17687489	1	shCd19	0	0	0	0	1	0
9	17745021	17745408	1	memory	0	0	0	1	0	0
9	17877100	17877594	1	terminal	0	0	1	0	0	0
9	18470355	18470606	1	shRunx3	0	0	0	0	0	1
9	18783455	18783864	1	shCd19	0	0	0	0	1	0
9	18815674	18815936	1	memory	0	0	0	1	0	0
9	18997610	18998141	1	early	1	0	0	0	0	0
9	19031776	19032123	1	terminal	0	0	1	0	0	0
9	19192809	19193227	1	memory	0	0	0	1	0	0
9	19347314	19347589	1	terminal	0	0	1	0	0	0
9	19418626	19418862	1	terminal	0	0	1	0	0	0
9	19422721	19423086	1	shCd19	0	0	0	0	1	0
9	19484214	19484604	1	terminal	0	0	1	0	0	0
9	19734583	19735064	1	terminal	0	0	1	0	0	0
9	20263664	20263969	1	memory	0	0	0	1	0	0
9	20298018	20298393	1	memory	0	0	0	1	0	0
9	20494131	20494390	1	shCd19	0	0	0	0	1	0
9	20651733	20651743	1	shCd19	0	0	0	0	1	0
9	20651743	20652016	2	shCd19,shRunx3	0	0	0	0	1	1
9	20652016	20652042	1	shCd19	0	0	0	0	1	0
9	21091694	21091757	1	shCd19	0	0	0	0	1	0
9	21091757	21092100	2	shCd19,shRunx3	0	0	0	0	1	1
9	21092100	21092395	1	shCd19	0	0	0	0	1	0
9	21142427	21142981	1	late	0	1	0	0	0	0
9	21168750	21169008	1	shRunx3	0	0	0	0	0	1
9	21287697	21289051	1	shRunx3	0	0	0	0	0	1
9	21318709	21318958	1	shRunx3	0	0	0	0	0	1
9	21365376	21365615	1	memory	0	0	0	1	0	0
9	21592483	21592841	1	shRunx3	0	0	0	0	0	1
9	21765584	21765854	1	shCd19	0	0	0	0	1	0
9	22038587	22038798	1	shRunx3	0	0	0	0	0	1
9	22085357	22085653	1	terminal	0	0	1	0	0	0
9	22089782	22090082	1	late	0	1	0	0	0	0
9	22436066	22436432	1	late	0	1	0	0	0	0
9	23059761	23060061	1	memory	0	0	0	1	0	0
9	23121144	23121485	1	early	1	0	0	0	0	0
9	23617319	23617552	1	memory	0	0	0	1	0	0
9	24509119	24509433	1	shCd19	0	0	0	0	1	0
9	24871127	24871442	1	shCd19	0	0	0	0	1	0
9	25373371	25373670	1	memory	0	0	0	1	0	0
9	25410117	25410841	1	terminal	0	0	1	0	0	0
9	25478865	25479206	1	terminal	0	0	1	0	0	0
9	25640340	25640530	1	shRunx3	0	0	0	0	0	1
9	25933231	25933563	1	terminal	0	0	1	0	0	0
9	25973852	25974128	1	terminal	0	0	1	0	0	0
9	26066086	26066556	1	shRunx3	0	0	0	0	0	1
9	26308402	26308662	1	late	0	1	0	0	0	0
9	26347091	26347392	1	late	0	1	0	0	0	0
9	26418535	26418824	1	terminal	0	0	1	0	0	0
9	26463461	26463712	1	terminal	0	0	1	0	0	0
9	26599681	26600046	1	shRunx3	0	0	0	0	0	1
9	26664133	26664635	1	terminal	0	0	1	0	0	0
9	26851638	26851904	1	terminal	0	0	1	0	0	0
9	26987044	26987477	1	shRunx3	0	0	0	0	0	1
9	27406933	27407242	1	shRunx3	0	0	0	0	0	1
9	27499301	27499536	1	memory	0	0	0	1	0	0
9	27949080	27949399	1	late	0	1	0	0	0	0
9	28226430	28226946	1	terminal	0	0	1	0	0	0
9	28687918	28688179	1	terminal	0	0	1	0	0	0
9	28773448	28773727	1	terminal	0	0	1	0	0	0
9	28777797	28778036	1	terminal	0	0	1	0	0	0
9	28908284	28908649	1	shRunx3	0	0	0	0	0	1
9	28951848	28952133	1	late	0	1	0	0	0	0
9	29236179	29236409	1	shCd19	0	0	0	0	1	0
9	29700509	29700758	1	terminal	0	0	1	0	0	0
9	29982655	29983033	1	memory	0	0	0	1	0	0
9	30319301	30319594	1	terminal	0	0	1	0	0	0
9	30445057	30445665	1	shCd19	0	0	0	0	1	0
9	31068596	31068901	1	shCd19	0	0	0	0	1	0
9	31133192	31133412	1	shCd19	0	0	0	0	1	0
9	31195240	31195472	1	terminal	0	0	1	0	0	0
9	31601799	31602122	1	early	1	0	0	0	0	0
9	31620073	31620403	1	shRunx3	0	0	0	0	0	1
9	31836783	31836974	1	shRunx3	0	0	0	0	0	1
9	31965890	31966091	1	shRunx3	0	0	0	0	0	1
9	32001217	32001490	1	memory	0	0	0	1	0	0
9	32036415	32036646	1	memory	0	0	0	1	0	0
9	32347863	32348142	1	shRunx3	0	0	0	0	0	1
9	32401681	32402057	1	late	0	1	0	0	0	0
9	32482318	32482666	1	terminal	0	0	1	0	0	0
9	32506263	32506485	1	shCd19	0	0	0	0	1	0
9	32552264	32552631	1	shCd19	0	0	0	0	1	0
9	32725654	32725906	1	terminal	0	0	1	0	0	0
9	32855993	32856343	1	memory	0	0	0	1	0	0
9	32863909	32864174	1	late	0	1	0	0	0	0
9	32874279	32874659	1	shRunx3	0	0	0	0	0	1
9	32926101	32926488	1	shCd19	0	0	0	0	1	0
9	32940483	32940722	1	terminal	0	0	1	0	0	0
9	33060286	33060615	1	shRunx3	0	0	0	0	0	1
9	33060615	33060807	2	terminal,shRunx3	0	0	1	0	0	1
9	33060807	33061046	3	early,terminal,shRunx3	1	0	1	0	0	1
9	33061046	33061084	2	early,terminal	1	0	1	0	0	0
9	33061084	33061092	1	early	1	0	0	0	0	0
9	33572690	33572985	1	shRunx3	0	0	0	0	0	1
9	33867110	33867492	1	shCd19	0	0	0	0	1	0
9	34180706	34180933	1	shRunx3	0	0	0	0	0	1
9	34465198	34465564	1	shRunx3	0	0	0	0	0	1
9	34591506	34591874	1	terminal	0	0	1	0	0	0
9	34640602	34640835	1	shCd19	0	0	0	0	1	0
9	35117544	35117852	1	shCd19	0	0	0	0	1	0
9	35122809	35123086	1	shCd19	0	0	0	0	1	0
9	35124057	35124134	1	terminal	0	0	1	0	0	0
9	35124134	35124298	2	terminal,shCd19	0	0	1	0	1	0
9	35124298	35124513	1	shCd19	0	0	0	0	1	0
9	35183631	35184051	1	terminal	0	0	1	0	0	0
9	35266679	35267229	1	memory	0	0	0	1	0	0
9	35315931	35316144	1	shRunx3	0	0	0	0	0	1
9	35479476	35479789	1	early	1	0	0	0	0	0
9	35557264	35557615	1	late	0	1	0	0	0	0
9	35649591	35649794	1	shRunx3	0	0	0	0	0	1
9	35953886	35954169	1	shRunx3	0	0	0	0	0	1
9	36010357	36010844	1	shRunx3	0	0	0	0	0	1
9	36095562	36095850	1	memory	0	0	0	1	0	0
9	36225288	36225538	1	shRunx3	0	0	0	0	0	1
9	36317543	36317758	1	shRunx3	0	0	0	0	0	1
9	36626483	36626841	1	early	1	0	0	0	0	0
9	36727066	36727249	1	shRunx3	0	0	0	0	0	1
9	36727249	36727527	2	shCd19,shRunx3	0	0	0	0	1	1
9	36727527	36727548	1	shCd19	0	0	0	0	1	0
9	36811594	36812012	1	terminal	0	0	1	0	0	0
9	37018971	37019257	1	early	1	0	0	0	0	0
9	37070139	37070584	1	memory	0	0	0	1	0	0
9	37233119	37233491	1	terminal	0	0	1	0	0	0
9	37398889	37399218	1	shCd19	0	0	0	0	1	0
9	37622892	37623174	1	terminal	0	0	1	0	0	0
9	37858988	37859362	1	shCd19	0	0	0	0	1	0
9	38326345	38326550	1	shCd19	0	0	0	0	1	0
9	38521262	38521606	1	late	0	1	0	0	0	0
9	38577174	38577509	1	memory	0	0	0	1	0	0
9	38755208	38755691	1	terminal	0	0	1	0	0	0
9	39213773	39214027	1	terminal	0	0	1	0	0	0
9	39410181	39410562	1	shCd19	0	0	0	0	1	0
9	39457854	39458083	1	shCd19	0	0	0	0	1	0
9	39467539	39467734	1	shCd19	0	0	0	0	1	0
9	39487954	39488179	1	memory	0	0	0	1	0	0
9	39786523	39786812	1	late	0	1	0	0	0	0
9	40265239	40265571	1	terminal	0	0	1	0	0	0
9	40334540	40334876	1	memory	0	0	0	1	0	0
9	40423512	40423730	1	shRunx3	0	0	0	0	0	1
9	40583654	40583886	1	memory	0	0	0	1	0	0
9	40810914	40811300	1	late	0	1	0	0	0	0
9	40853974	40854362	1	memory	0	0	0	1	0	0
9	41143903	41144310	1	late	0	1	0	0	0	0
9	41750865	41751105	1	shRunx3	0	0	0	0	0	1
9	41968914	41969228	1	shCd19	0	0	0	0	1	0
9	42076166	42076373	1	shRunx3	0	0	0	0	0	1
9	42079456	42079766	1	early	1	0	0	0	0	0
9	42175387	42175610	1	shCd19	0	0	0	0	1	0
9	42197559	42197914	1	early	1	0	0	0	0	0
9	42554383	42554815	1	shRunx3	0	0	0	0	0	1
9	42565616	42566036	1	terminal	0	0	1	0	0	0
9	42893011	42893253	1	early	1	0	0	0	0	0
9	43158309	43158665	1	late	0	1	0	0	0	0
9	43357546	43357753	1	shCd19	0	0	0	0	1	0
9	43969034	43969503	1	late	0	1	0	0	0	0
9	44067105	44067387	1	terminal	0	0	1	0	0	0
9	44106139	44106415	1	terminal	0	0	1	0	0	0
9	44118230	44118556	1	shCd19	0	0	0	0	1	0
9	44648964	44649168	1	shRunx3	0	0	0	0	0	1
9	44986262	44986345	1	shCd19	0	0	0	0	1	0
9	44986345	44986644	2	shCd19,shRunx3	0	0	0	0	1	1
9	44986644	44986673	1	shRunx3	0	0	0	0	0	1
9	45009437	45009861	1	late	0	1	0	0	0	0
9	45171193	45171659	1	shRunx3	0	0	0	0	0	1
9	45284454	45284722	1	terminal	0	0	1	0	0	0
9	45294199	45294629	1	shCd19	0	0	0	0	1	0
9	45309480	45309740	1	shCd19	0	0	0	0	1	0
9	45358934	45359355	1	shRunx3	0	0	0	0	0	1
9	45367735	45368030	1	shCd19	0	0	0	0	1	0
9	45585756	45586153	1	shCd19	0	0	0	0	1	0
9	45853390	45853675	1	early	1	0	0	0	0	0
9	46006805	46007103	1	shRunx3	0	0	0	0	0	1
9	46148309	46148666	1	terminal	0	0	1	0	0	0
9	46606581	46606819	1	early	1	0	0	0	0	0
9	47382589	47382905	1	shRunx3	0	0	0	0	0	1
9	47521720	47522048	1	terminal	0	0	1	0	0	0
9	47540565	47540867	1	shRunx3	0	0	0	0	0	1
9	47575937	47576473	1	late	0	1	0	0	0	0
9	47588331	47588728	1	late	0	1	0	0	0	0
9	47765072	47765366	1	early	1	0	0	0	0	0
9	47774569	47774906	1	terminal	0	0	1	0	0	0
9	48058593	48059006	1	shCd19	0	0	0	0	1	0
9	48109264	48109562	1	shCd19	0	0	0	0	1	0
9	48349890	48350085	1	shCd19	0	0	0	0	1	0
9	48374033	48374299	1	shRunx3	0	0	0	0	0	1
9	48524779	48525012	1	terminal	0	0	1	0	0	0
9	49199974	49200238	1	shCd19	0	0	0	0	1	0
9	49399796	49400001	1	shRunx3	0	0	0	0	0	1
9	49568860	49569246	1	shCd19	0	0	0	0	1	0
9	49845284	49845778	1	late	0	1	0	0	0	0
9	49849916	49850159	1	terminal	0	0	1	0	0	0
9	49948979	49949175	1	shRunx3	0	0	0	0	0	1
9	50318254	50318590	1	late	0	1	0	0	0	0
9	50324577	50324954	1	shCd19	0	0	0	0	1	0
9	50405302	50405551	1	shRunx3	0	0	0	0	0	1
9	50433641	50433877	1	shRunx3	0	0	0	0	0	1
9	50528463	50528744	1	shCd19	0	0	0	0	1	0
9	50952668	50953395	1	shCd19	0	0	0	0	1	0
9	51203141	51203711	1	memory	0	0	0	1	0	0
9	51344709	51345086	1	memory	0	0	0	1	0	0
9	51826964	51827316	1	shRunx3	0	0	0	0	0	1
9	52397550	52397912	1	terminal	0	0	1	0	0	0
9	52435558	52436168	1	shRunx3	0	0	0	0	0	1
9	52449395	52449778	1	shRunx3	0	0	0	0	0	1
9	52474749	52475004	1	shCd19	0	0	0	0	1	0
9	52954278	52954592	1	terminal	0	0	1	0	0	0
9	53385526	53385965	1	late	0	1	0	0	0	0
9	53452199	53452659	1	shCd19	0	0	0	0	1	0
9	53706712	53707031	1	terminal	0	0	1	0	0	0
9	53738368	53738683	1	shCd19	0	0	0	0	1	0
9	53929698	53929955	1	memory	0	0	0	1	0	0
9	54194333	54194595	1	shRunx3	0	0	0	0	0	1
9	54305275	54305528	1	memory	0	0	0	1	0	0
9	54375275	54375473	1	shRunx3	0	0	0	0	0	1
9	54415180	54415374	1	shCd19	0	0	0	0	1	0
9	54487677	54487904	1	terminal	0	0	1	0	0	0
9	54535405	54535898	1	shRunx3	0	0	0	0	0	1
9	54612524	54612872	1	shRunx3	0	0	0	0	0	1
9	54819305	54819694	1	late	0	1	0	0	0	0
9	54929961	54930454	1	terminal	0	0	1	0	0	0
9	55249862	55250163	1	shCd19	0	0	0	0	1	0
9	55351712	55352057	1	shCd19	0	0	0	0	1	0
9	55427514	55427866	1	terminal	0	0	1	0	0	0
9	55700563	55700943	1	terminal	0	0	1	0	0	0
9	55893735	55894097	1	shRunx3	0	0	0	0	0	1
9	56075103	56075384	1	terminal	0	0	1	0	0	0
9	56104460	56104466	1	shCd19	0	0	0	0	1	0
9	56104466	56104739	2	shCd19,shRunx3	0	0	0	0	1	1
9	56104739	56104835	1	shRunx3	0	0	0	0	0	1
9	56465084	56465171	1	shRunx3	0	0	0	0	0	1
9	56465171	56465525	2	shCd19,shRunx3	0	0	0	0	1	1
9	56465525	56465543	1	shCd19	0	0	0	0	1	0
9	56509415	56509679	1	terminal	0	0	1	0	0	0
9	56517742	56518127	1	late	0	1	0	0	0	0
9	56593381	56593633	1	memory	0	0	0	1	0	0
9	56629783	56630054	1	shCd19	0	0	0	0	1	0
9	57167013	57167409	1	shRunx3	0	0	0	0	0	1
9	57339693	57339720	1	shCd19	0	0	0	0	1	0
9	57339720	57339766	2	shCd19,shRunx3	0	0	0	0	1	1
9	57339766	57340016	3	terminal,shCd19,shRunx3	0	0	1	0	1	1
9	57340016	57340159	2	shCd19,shRunx3	0	0	0	0	1	1
9	57340159	57340240	1	shCd19	0	0	0	0	1	0
9	57438677	57438938	1	shCd19	0	0	0	0	1	0
9	57569504	57569825	1	shRunx3	0	0	0	0	0	1
9	57702471	57702759	1	shRunx3	0	0	0	0	0	1
9	57751756	57752089	1	terminal	0	0	1	0	0	0
9	58339747	58340250	1	late	0	1	0	0	0	0
9	58458084	58458480	1	shCd19	0	0	0	0	1	0
9	58465582	58465846	1	shRunx3	0	0	0	0	0	1
9	58560816	58561040	1	shRunx3	0	0	0	0	0	1
9	58591671	58592000	1	shCd19	0	0	0	0	1	0
9	58595249	58595443	1	shCd19	0	0	0	0	1	0
9	58611874	58612133	1	late	0	1	0	0	0	0
9	58981043	58981591	1	shCd19	0	0	0	0	1	0
9	59041632	59041980	1	memory	0	0	0	1	0	0
9	59147775	59148029	1	shCd19	0	0	0	0	1	0
9	59225692	59226009	1	shRunx3	0	0	0	0	0	1
9	59472718	59472974	1	shCd19	0	0	0	0	1	0
9	59550964	59551312	1	shRunx3	0	0	0	0	0	1
9	60084470	60084664	1	shRunx3	0	0	0	0	0	1
9	60203858	60204118	1	memory	0	0	0	1	0	0
9	60310344	60310758	1	terminal	0	0	1	0	0	0
9	60404977	60405235	1	memory	0	0	0	1	0	0
9	60468561	60468948	1	memory	0	0	0	1	0	0
9	60998429	60999464	1	shRunx3	0	0	0	0	0	1
9	61546499	61546767	1	early	1	0	0	0	0	0
9	61606223	61606668	1	terminal	0	0	1	0	0	0
9	61667672	61668000	1	shRunx3	0	0	0	0	0	1
9	61669777	61670312	1	shCd19	0	0	0	0	1	0
9	61702408	61702488	1	shRunx3	0	0	0	0	0	1
9	61702488	61702778	2	shCd19,shRunx3	0	0	0	0	1	1
9	61702778	61703145	1	shCd19	0	0	0	0	1	0
9	61746162	61746397	1	memory	0	0	0	1	0	0
9	61965398	61966003	1	shRunx3	0	0	0	0	0	1
9	62304852	62305471	1	early	1	0	0	0	0	0
9	62458237	62458552	1	shRunx3	0	0	0	0	0	1
9	63001296	63001719	1	shRunx3	0	0	0	0	0	1
9	63124055	63124485	1	memory	0	0	0	1	0	0
9	63159451	63159876	1	shRunx3	0	0	0	0	0	1
9	63540093	63540372	1	shRunx3	0	0	0	0	0	1
9	63596756	63597038	1	terminal	0	0	1	0	0	0
9	63657639	63657843	1	shRunx3	0	0	0	0	0	1
9	63730903	63731131	1	shRunx3	0	0	0	0	0	1
9	63826435	63826779	1	terminal	0	0	1	0	0	0
9	63873638	63873945	1	shCd19	0	0	0	0	1	0
9	64030269	64030582	1	terminal	0	0	1	0	0	0
9	64179319	64179578	1	shCd19	0	0	0	0	1	0
9	64507832	64508217	1	terminal	0	0	1	0	0	0
9	64539592	64539802	1	shRunx3	0	0	0	0	0	1
9	64565074	64565705	1	early	1	0	0	0	0	0
9	64582309	64582763	1	early	1	0	0	0	0	0
9	64592901	64593106	1	shCd19	0	0	0	0	1	0
9	64735259	64735496	1	shCd19	0	0	0	0	1	0
9	64766579	64766971	1	memory	0	0	0	1	0	0
9	64797228	64797296	1	terminal	0	0	1	0	0	0
9	64797296	64797306	2	terminal,shRunx3	0	0	1	0	0	1
9	64797306	64797589	3	terminal,shCd19,shRunx3	0	0	1	0	1	1
9	64797589	64797608	2	shCd19,shRunx3	0	0	0	0	1	1
9	64797608	64797677	1	shRunx3	0	0	0	0	0	1
9	65120315	65120602	1	memory	0	0	0	1	0	0
9	65406567	65406778	1	shRunx3	0	0	0	0	0	1
9	65639005	65639409	1	shCd19	0	0	0	0	1	0
9	66018750	66019200	1	memory	0	0	0	1	0	0
9	66019404	66019665	1	shRunx3	0	0	0	0	0	1
9	66126240	66126595	1	shCd19	0	0	0	0	1	0
9	66198756	66199002	1	shCd19	0	0	0	0	1	0
9	66255337	66255604	1	terminal	0	0	1	0	0	0
9	66275772	66276108	1	shCd19	0	0	0	0	1	0
9	66508517	66508713	1	shRunx3	0	0	0	0	0	1
9	66593191	66593418	1	shCd19	0	0	0	0	1	0
9	66644875	66645107	1	shRunx3	0	0	0	0	0	1
9	66740150	66740428	1	shRunx3	0	0	0	0	0	1
9	66856482	66856691	1	shCd19	0	0	0	0	1	0
9	66946041	66946310	1	shCd19	0	0	0	0	1	0
9	67043650	67044018	1	shRunx3	0	0	0	0	0	1
9	67145860	67146351	1	terminal	0	0	1	0	0	0
9	67186081	67186486	1	late	0	1	0	0	0	0
9	67534137	67534499	1	shRunx3	0	0	0	0	0	1
9	67885098	67885398	1	shRunx3	0	0	0	0	0	1
9	67938613	67938870	1	shRunx3	0	0	0	0	0	1
9	68261250	68261650	1	shRunx3	0	0	0	0	0	1
9	68263028	68263660	1	shCd19	0	0	0	0	1	0
9	68695945	68696147	1	shRunx3	0	0	0	0	0	1
9	68928890	68929243	1	shRunx3	0	0	0	0	0	1
9	69020365	69020675	1	shRunx3	0	0	0	0	0	1
9	69034428	69034710	1	shRunx3	0	0	0	0	0	1
9	69126929	69127332	1	shRunx3	0	0	0	0	0	1
9	69358594	69358947	1	terminal	0	0	1	0	0	0
9	69654684	69654883	1	shRunx3	0	0	0	0	0	1
9	69901545	69901782	1	shRunx3	0	0	0	0	0	1
9	70490099	70490465	1	memory	0	0	0	1	0	0
9	70503601	70504021	1	memory	0	0	0	1	0	0
9	70593321	70593823	1	shRunx3	0	0	0	0	0	1
9	70704615	70704996	1	terminal	0	0	1	0	0	0
9	70763369	70763828	1	memory	0	0	0	1	0	0
9	70897877	70898368	1	shRunx3	0	0	0	0	0	1
9	70968334	70968592	1	late	0	1	0	0	0	0
9	70992315	70992548	1	shRunx3	0	0	0	0	0	1
9	71259038	71259294	1	shRunx3	0	0	0	0	0	1
9	71477143	71477434	1	shCd19	0	0	0	0	1	0
9	71747525	71747756	1	shCd19	0	0	0	0	1	0
9	72823502	72823811	1	memory	0	0	0	1	0	0
9	73062232	73062475	1	early	1	0	0	0	0	0
9	73128795	73129327	1	memory	0	0	0	1	0	0
9	73473761	73474125	1	shCd19	0	0	0	0	1	0
9	73483326	73483935	1	shCd19	0	0	0	0	1	0
9	73486925	73487208	1	terminal	0	0	1	0	0	0
9	73535614	73535868	1	shRunx3	0	0	0	0	0	1
9	73792044	73792330	1	shCd19	0	0	0	0	1	0
9	73911559	73911965	1	terminal	0	0	1	0	0	0
9	74177800	74178097	1	early	1	0	0	0	0	0
9	74181500	74181737	1	memory	0	0	0	1	0	0
9	74520936	74521591	1	shRunx3	0	0	0	0	0	1
9	74556593	74557006	1	early	1	0	0	0	0	0
9	74792940	74793381	1	terminal	0	0	1	0	0	0
9	75012947	75013172	1	shRunx3	0	0	0	0	0	1
9	75334627	75334930	1	shRunx3	0	0	0	0	0	1
9	75434278	75434620	1	shRunx3	0	0	0	0	0	1
9	76320935	76321408	1	terminal	0	0	1	0	0	0
9	76324387	76324602	1	shCd19	0	0	0	0	1	0
9	77033295	77033530	1	shRunx3	0	0	0	0	0	1
9	77292725	77293011	1	memory	0	0	0	1	0	0
9	77747430	77747663	1	terminal	0	0	1	0	0	0
9	77890420	77890621	1	shCd19	0	0	0	0	1	0
9	77909557	77909888	1	terminal	0	0	1	0	0	0
9	78169090	78169390	1	terminal	0	0	1	0	0	0
9	78391785	78392116	1	shCd19	0	0	0	0	1	0
9	78427010	78427200	1	shRunx3	0	0	0	0	0	1
9	78611850	78612192	1	memory	0	0	0	1	0	0
9	78620200	78620559	1	terminal	0	0	1	0	0	0
9	78798095	78798556	1	terminal	0	0	1	0	0	0
9	79064010	79064383	1	memory	0	0	0	1	0	0
9	79138617	79138879	1	shRunx3	0	0	0	0	0	1
9	79335123	79335631	1	early	1	0	0	0	0	0
9	79702721	79703044	1	terminal	0	0	1	0	0	0
9	80067807	80068040	1	shCd19	0	0	0	0	1	0
9	80164649	80164926	1	shRunx3	0	0	0	0	0	1
9	80641571	80641879	1	shRunx3	0	0	0	0	0	1
9	80754727	80755018	1	memory	0	0	0	1	0	0
9	81037994	81038312	1	terminal	0	0	1	0	0	0
9	81404570	81404866	1	shRunx3	0	0	0	0	0	1
9	81701354	81701587	1	shCd19	0	0	0	0	1	0
9	82043911	82044173	1	memory	0	0	0	1	0	0
9	82116999	82117264	1	terminal	0	0	1	0	0	0
9	82157121	82157449	1	memory	0	0	0	1	0	0
9	82256237	82256456	1	shCd19	0	0	0	0	1	0
9	82517212	82517520	1	early	1	0	0	0	0	0
9	82841908	82842180	1	late	0	1	0	0	0	0
9	83077790	83078304	1	memory	0	0	0	1	0	0
9	83505833	83506193	1	memory	0	0	0	1	0	0
9	83529782	83529980	1	shCd19	0	0	0	0	1	0
9	83631435	83631994	1	terminal	0	0	1	0	0	0
9	83650624	83650865	1	shRunx3	0	0	0	0	0	1
9	84133943	84134153	1	shRunx3	0	0	0	0	0	1
9	84449537	84450045	1	terminal	0	0	1	0	0	0
9	84456033	84456240	1	shRunx3	0	0	0	0	0	1
9	84480157	84480467	1	early	1	0	0	0	0	0
9	84632966	84633277	1	shCd19	0	0	0	0	1	0
9	84741263	84741586	1	shRunx3	0	0	0	0	0	1
9	84912613	84912896	1	terminal	0	0	1	0	0	0
9	84998383	84998630	1	memory	0	0	0	1	0	0
9	85123940	85124263	1	shCd19	0	0	0	0	1	0
9	85182986	85183256	1	early	1	0	0	0	0	0
9	85883846	85884464	1	shCd19	0	0	0	0	1	0
9	86143323	86143609	1	shCd19	0	0	0	0	1	0
9	86448393	86448726	1	terminal	0	0	1	0	0	0
9	86467683	86467997	1	terminal	0	0	1	0	0	0
9	86890718	86891164	1	terminal	0	0	1	0	0	0
9	86970906	86971378	1	shCd19	0	0	0	0	1	0
9	87025749	87025978	1	shRunx3	0	0	0	0	0	1
9	87343620	87343834	1	shCd19	0	0	0	0	1	0
9	88140606	88140841	1	memory	0	0	0	1	0	0
9	88227874	88228068	1	shRunx3	0	0	0	0	0	1
9	88284570	88285189	1	shRunx3	0	0	0	0	0	1
9	89198853	89199090	1	shCd19	0	0	0	0	1	0
9	89277265	89277508	1	shRunx3	0	0	0	0	0	1
9	89436912	89437333	1	terminal	0	0	1	0	0	0
9	89925592	89925937	1	early	1	0	0	0	0	0
9	90047155	90047395	1	shCd19	0	0	0	0	1	0
9	90471522	90471805	1	shRunx3	0	0	0	0	0	1
9	90484077	90484339	1	terminal	0	0	1	0	0	0
9	90669240	90669559	1	memory	0	0	0	1	0	0
9	90908943	90909318	1	memory	0	0	0	1	0	0
9	90956972	90957330	1	terminal	0	0	1	0	0	0
9	91115346	91115582	1	shRunx3	0	0	0	0	0	1
9	91510543	91510917	1	shCd19	0	0	0	0	1	0
9	91528430	91528657	1	memory	0	0	0	1	0	0
9	91747988	91748378	1	late	0	1	0	0	0	0
9	91833025	91833275	1	early	1	0	0	0	0	0
9	92453974	92454343	1	terminal	0	0	1	0	0	0
9	92684359	92684746	1	terminal	0	0	1	0	0	0
9	92779777	92780049	1	terminal	0	0	1	0	0	0
9	94114701	94114907	1	shRunx3	0	0	0	0	0	1
9	94227088	94227388	1	terminal	0	0	1	0	0	0
9	94290305	94290506	1	shCd19	0	0	0	0	1	0
9	94364461	94365018	1	late	0	1	0	0	0	0
9	94374193	94374466	1	early	1	0	0	0	0	0
9	94454849	94455115	1	memory	0	0	0	1	0	0
9	94593554	94593943	1	shRunx3	0	0	0	0	0	1
9	94680149	94680423	1	shRunx3	0	0	0	0	0	1
9	94794875	94795185	1	shCd19	0	0	0	0	1	0
9	94880159	94880439	1	shRunx3	0	0	0	0	0	1
9	95068921	95069246	1	late	0	1	0	0	0	0
9	95094693	95094894	1	shRunx3	0	0	0	0	0	1
9	95155980	95156175	1	shCd19	0	0	0	0	1	0
9	95208616	95208892	1	shCd19	0	0	0	0	1	0
9	95419288	95419643	1	shCd19	0	0	0	0	1	0
9	95601186	95601470	1	memory	0	0	0	1	0	0
9	95838608	95838824	1	shRunx3	0	0	0	0	0	1
9	95959660	95959952	1	shRunx3	0	0	0	0	0	1
9	96181215	96181500	1	terminal	0	0	1	0	0	0
9	96230512	96230762	1	early	1	0	0	0	0	0
9	96351369	96351560	1	shRunx3	0	0	0	0	0	1
9	96582887	96583159	1	shRunx3	0	0	0	0	0	1
9	96714181	96714217	1	shRunx3	0	0	0	0	0	1
9	96714217	96714545	2	shCd19,shRunx3	0	0	0	0	1	1
9	96714545	96714567	1	shCd19	0	0	0	0	1	0
9	96761103	96761428	1	terminal	0	0	1	0	0	0
9	96889522	96889534	1	shRunx3	0	0	0	0	0	1
9	96889534	96889547	2	shCd19,shRunx3	0	0	0	0	1	1
9	96889547	96889991	3	terminal,shCd19,shRunx3	0	0	1	0	1	1
9	96889991	96890110	2	shCd19,shRunx3	0	0	0	0	1	1
9	96890110	96890212	1	shRunx3	0	0	0	0	0	1
9	96896617	96896907	1	shCd19	0	0	0	0	1	0
9	97057698	97057903	1	shCd19	0	0	0	0	1	0
9	97285032	97285462	1	late	0	1	0	0	0	0
9	97609790	97610214	1	shCd19	0	0	0	0	1	0
9	97923939	97924369	1	shCd19	0	0	0	0	1	0
9	98044116	98044378	1	shRunx3	0	0	0	0	0	1
9	98228968	98229203	1	terminal	0	0	1	0	0	0
9	98296523	98297120	1	shRunx3	0	0	0	0	0	1
9	98313405	98313711	1	terminal	0	0	1	0	0	0
9	99136265	99136651	1	shCd19	0	0	0	0	1	0
9	99243410	99243669	1	shRunx3	0	0	0	0	0	1
9	99481700	99482144	1	memory	0	0	0	1	0	0
9	99774762	99775129	1	shCd19	0	0	0	0	1	0
9	99867665	99868015	1	late	0	1	0	0	0	0
9	99948745	99949080	1	memory	0	0	0	1	0	0
9	100195279	100195558	1	shRunx3	0	0	0	0	0	1
9	100443269	100443687	1	shCd19	0	0	0	0	1	0
9	100459970	100460709	1	shCd19	0	0	0	0	1	0
9	100610519	100610778	1	memory	0	0	0	1	0	0
9	100913950	100914417	1	shCd19	0	0	0	0	1	0
9	101034612	101034622	1	shRunx3	0	0	0	0	0	1
9	101034622	101034922	2	shCd19,shRunx3	0	0	0	0	1	1
9	101034922	101035360	1	shCd19	0	0	0	0	1	0
9	101073112	101073470	1	shRunx3	0	0	0	0	0	1
9	101156949	101157287	1	shCd19	0	0	0	0	1	0
9	101764815	101765041	1	shRunx3	0	0	0	0	0	1
9	101792581	101792811	1	terminal	0	0	1	0	0	0
9	102060666	102060873	1	shRunx3	0	0	0	0	0	1
9	102187045	102187302	1	terminal	0	0	1	0	0	0
9	102500897	102501194	1	late	0	1	0	0	0	0
9	102536258	102536508	1	memory	0	0	0	1	0	0
9	102581900	102582092	1	shRunx3	0	0	0	0	0	1
9	102626326	102626732	1	shRunx3	0	0	0	0	0	1
9	102646247	102646702	1	early	1	0	0	0	0	0
9	103187232	103187535	1	memory	0	0	0	1	0	0
9	103439565	103439895	1	early	1	0	0	0	0	0
9	103455807	103456040	1	memory	0	0	0	1	0	0
9	103576494	103576746	1	shCd19	0	0	0	0	1	0
9	103743775	103744173	1	memory	0	0	0	1	0	0
9	104001738	104001957	1	shCd19	0	0	0	0	1	0
9	104196177	104196425	1	memory	0	0	0	1	0	0
9	104514034	104514305	1	shCd19	0	0	0	0	1	0
9	104545339	104545600	1	late	0	1	0	0	0	0
9	104591252	104591725	1	terminal	0	0	1	0	0	0
9	104665164	104665398	1	terminal	0	0	1	0	0	0
9	104702218	104702701	1	early	1	0	0	0	0	0
9	104975748	104975981	1	terminal	0	0	1	0	0	0
9	105071717	105071923	1	shRunx3	0	0	0	0	0	1
9	105472945	105473260	1	shCd19	0	0	0	0	1	0
9	105553998	105554281	1	terminal	0	0	1	0	0	0
9	105952225	105952541	1	shCd19	0	0	0	0	1	0
9	106161560	106161874	1	terminal	0	0	1	0	0	0
9	106215277	106215557	1	late	0	1	0	0	0	0
9	106390982	106391444	1	shCd19	0	0	0	0	1	0
9	106822333	106822825	1	terminal	0	0	1	0	0	0
9	106891767	106892424	1	shRunx3	0	0	0	0	0	1
9	107280186	107281396	1	shRunx3	0	0	0	0	0	1
9	107474745	107475006	1	shRunx3	0	0	0	0	0	1
9	107568578	107569090	1	shRunx3	0	0	0	0	0	1
9	107912912	107913230	1	terminal	0	0	1	0	0	0
9	108022222	108022519	1	shRunx3	0	0	0	0	0	1
9	108424441	108424831	1	shCd19	0	0	0	0	1	0
9	108505674	108506261	1	shCd19	0	0	0	0	1	0
9	108507714	108508088	1	shCd19	0	0	0	0	1	0
9	108633443	108633999	1	late	0	1	0	0	0	0
9	108821032	108821373	1	shCd19	0	0	0	0	1	0
9	109756318	109756526	1	shRunx3	0	0	0	0	0	1
9	109889979	109890252	1	memory	0	0	0	1	0	0
9	109903347	109903671	1	early	1	0	0	0	0	0
9	109931522	109931841	1	shRunx3	0	0	0	0	0	1
9	109976558	109976986	1	memory	0	0	0	1	0	0
9	110024470	110024669	1	shCd19	0	0	0	0	1	0
9	110357415	110357742	1	shCd19	0	0	0	0	1	0
9	110650253	110650479	1	memory	0	0	0	1	0	0
9	110657763	110658304	1	late	0	1	0	0	0	0
9	110677456	110677822	1	terminal	0	0	1	0	0	0
9	110815676	110815941	1	memory	0	0	0	1	0	0
9	110822331	110822688	1	shRunx3	0	0	0	0	0	1
9	111003285	111003541	1	late	0	1	0	0	0	0
9	111038726	111039128	1	shRunx3	0	0	0	0	0	1
9	111437462	111437933	1	terminal	0	0	1	0	0	0
9	111507226	111507522	1	memory	0	0	0	1	0	0
9	111744474	111744721	1	shCd19	0	0	0	0	1	0
9	111844373	111844700	1	shRunx3	0	0	0	0	0	1
9	112199115	112199394	1	terminal	0	0	1	0	0	0
9	112200165	112200449	1	terminal	0	0	1	0	0	0
9	112273722	112274030	1	shRunx3	0	0	0	0	0	1
9	112857280	112857610	1	memory	0	0	0	1	0	0
9	113639149	113639380	1	shRunx3	0	0	0	0	0	1
9	113652609	113652934	1	late	0	1	0	0	0	0
9	113717468	113717680	1	shRunx3	0	0	0	0	0	1
9	113754509	113754863	1	shCd19	0	0	0	0	1	0
9	113875369	113875590	1	shRunx3	0	0	0	0	0	1
9	113930645	113930981	1	shRunx3	0	0	0	0	0	1
9	113936045	113936376	1	terminal	0	0	1	0	0	0
9	114026364	114026694	1	terminal	0	0	1	0	0	0
9	114159724	114160004	1	early	1	0	0	0	0	0
9	114439662	114439852	1	shRunx3	0	0	0	0	0	1
9	114696827	114697045	1	shRunx3	0	0	0	0	0	1
9	115032092	115032366	1	late	0	1	0	0	0	0
9	115310613	115310907	1	shCd19	0	0	0	0	1	0
9	115337018	115337373	1	shRunx3	0	0	0	0	0	1
9	115638585	115638854	1	early	1	0	0	0	0	0
9	115864799	115865542	1	shRunx3	0	0	0	0	0	1
9	115986053	115986305	1	memory	0	0	0	1	0	0
9	116023962	116024335	1	late	0	1	0	0	0	0
9	116130697	116130976	1	terminal	0	0	1	0	0	0
9	116333844	116334042	1	shCd19	0	0	0	0	1	0
9	116369228	116369509	1	shCd19	0	0	0	0	1	0
9	116475975	116476290	1	shCd19	0	0	0	0	1	0
9	116584804	116585069	1	memory	0	0	0	1	0	0
9	116592943	116593246	1	memory	0	0	0	1	0	0
9	116942228	116942635	1	terminal	0	0	1	0	0	0
9	117282476	117282833	1	shCd19	0	0	0	0	1	0
9	117744641	117744985	1	shCd19	0	0	0	0	1	0
9	117889515	117890044	1	shCd19	0	0	0	0	1	0
9	117926896	117927282	1	shRunx3	0	0	0	0	0	1
9	118040451	118040465	1	shCd19	0	0	0	0	1	0
9	118040465	118040753	2	shCd19,shRunx3	0	0	0	0	1	1
9	118040753	118040813	1	shRunx3	0	0	0	0	0	1
9	118223392	118223740	1	memory	0	0	0	1	0	0
9	118284263	118284687	1	shCd19	0	0	0	0	1	0
9	118357453	118357826	1	shRunx3	0	0	0	0	0	1
9	118406027	118406485	1	shCd19	0	0	0	0	1	0
9	118664528	118664923	1	memory	0	0	0	1	0	0
9	118788241	118788479	1	terminal	0	0	1	0	0	0
9	118827110	118827478	1	late	0	1	0	0	0	0
9	119153214	119153818	1	shRunx3	0	0	0	0	0	1
9	119249713	119250211	1	terminal	0	0	1	0	0	0
9	119332792	119333084	1	shCd19	0	0	0	0	1	0
9	119373780	119374246	1	shCd19	0	0	0	0	1	0
9	119588412	119588675	1	terminal	0	0	1	0	0	0
9	119694027	119694257	1	shRunx3	0	0	0	0	0	1
9	119901796	119902084	1	shCd19	0	0	0	0	1	0
9	119915452	119915765	1	shRunx3	0	0	0	0	0	1
9	119921570	119921888	1	shRunx3	0	0	0	0	0	1
9	119955165	119955809	1	shCd19	0	0	0	0	1	0
9	120467693	120467991	1	shCd19	0	0	0	0	1	0
9	120832102	120832309	1	shCd19	0	0	0	0	1	0
9	121007278	121007524	1	memory	0	0	0	1	0	0
9	121059811	121060174	1	shRunx3	0	0	0	0	0	1
9	121426837	121427128	1	shCd19	0	0	0	0	1	0
9	121488599	121488829	1	shCd19	0	0	0	0	1	0
9	121543207	121543561	1	terminal	0	0	1	0	0	0
9	121690927	121691259	1	shCd19	0	0	0	0	1	0
9	122156997	122157378	1	shRunx3	0	0	0	0	0	1
9	122233146	122233413	1	shCd19	0	0	0	0	1	0
9	122400097	122400644	1	late	0	1	0	0	0	0
9	122464506	122464951	1	terminal	0	0	1	0	0	0
9	123020787	123021387	1	late	0	1	0	0	0	0
9	123048259	123048507	1	shCd19	0	0	0	0	1	0
9	123068628	123068863	1	memory	0	0	0	1	0	0
9	123509896	123510165	1	shCd19	0	0	0	0	1	0
9	123631866	123632242	1	late	0	1	0	0	0	0
9	123688533	123688770	1	early	1	0	0	0	0	0
9	123733966	123734333	1	shRunx3	0	0	0	0	0	1
9	123796831	123797119	1	terminal	0	0	1	0	0	0
9	124146228	124146428	1	shCd19	0	0	0	0	1	0
9	124414190	124414448	1	memory	0	0	0	1	0	0
9	124422775	124423333	1	shRunx3	0	0	0	0	0	1
9	124424746	124425366	1	terminal	0	0	1	0	0	0
9	124429187	124429494	1	late	0	1	0	0	0	0
9	124475963	124476334	1	terminal	0	0	1	0	0	0
X	5743010	5743432	1	shRunx3	0	0	0	0	0	1
X	5937728	5938024	1	shRunx3	0	0	0	0	0	1
X	5988492	5989382	1	terminal	0	0	1	0	0	0
X	6087261	6087669	1	late	0	1	0	0	0	0
X	6255914	6256210	1	memory	0	0	0	1	0	0
X	6622705	6622930	1	shCd19	0	0	0	0	1	0
X	6727301	6727600	1	early	1	0	0	0	0	0
X	6980303	6980938	1	shCd19	0	0	0	0	1	0
X	7124766	7125080	1	late	0	1	0	0	0	0
X	7347259	7347485	1	memory	0	0	0	1	0	0
X	7439759	7440026	1	shRunx3	0	0	0	0	0	1
X	7618090	7618354	1	shRunx3	0	0	0	0	0	1
X	7618869	7619289	1	shCd19	0	0	0	0	1	0
X	7722054	7722325	1	memory	0	0	0	1	0	0
X	7779562	7779860	1	memory	0	0	0	1	0	0
X	7789707	7789971	1	terminal	0	0	1	0	0	0
X	7865615	7865914	1	shCd19	0	0	0	0	1	0
X	8128581	8128964	1	shRunx3	0	0	0	0	0	1
X	8182214	8182461	1	shCd19	0	0	0	0	1	0
X	8299067	8299334	1	shCd19	0	0	0	0	1	0
X	8402823	8403165	1	terminal	0	0	1	0	0	0
X	8619177	8619606	1	terminal	0	0	1	0	0	0
X	9177869	9178122	1	terminal	0	0	1	0	0	0
X	9994374	9994632	1	shCd19	0	0	0	0	1	0
X	10153767	10153968	1	shCd19	0	0	0	0	1	0
X	10343176	10343573	1	late	0	1	0	0	0	0
X	10346162	10346493	1	terminal	0	0	1	0	0	0
X	10617098	10617412	1	early	1	0	0	0	0	0
X	10915356	10915574	1	shCd19	0	0	0	0	1	0
X	10943846	10944093	1	terminal	0	0	1	0	0	0
X	11072704	11072964	1	late	0	1	0	0	0	0
X	11558059	11558352	1	memory	0	0	0	1	0	0
X	11588983	11589246	1	terminal	0	0	1	0	0	0
X	12155943	12156221	1	shRunx3	0	0	0	0	0	1
X	12761529	12761822	1	shRunx3	0	0	0	0	0	1
X	13255799	13256107	1	memory	0	0	0	1	0	0
X	13375779	13376155	1	shRunx3	0	0	0	0	0	1
X	13783039	13783363	1	early	1	0	0	0	0	0
X	14054578	14055211	1	terminal	0	0	1	0	0	0
X	14107923	14108330	1	late	0	1	0	0	0	0
X	14159185	14159459	1	early	1	0	0	0	0	0
X	14185201	14185555	1	shRunx3	0	0	0	0	0	1
X	14247930	14248441	1	memory	0	0	0	1	0	0
X	14483907	14484129	1	shRunx3	0	0	0	0	0	1
X	16420138	16420446	1	early	1	0	0	0	0	0
X	16503598	16503960	1	early	1	0	0	0	0	0
X	16808897	16809255	1	terminal	0	0	1	0	0	0
X	16957377	16957904	1	terminal	0	0	1	0	0	0
X	17194676	17195244	1	terminal	0	0	1	0	0	0
X	17271135	17271467	1	shCd19	0	0	0	0	1	0
X	17512163	17512484	1	early	1	0	0	0	0	0
X	17527263	17527629	1	terminal	0	0	1	0	0	0
X	17738300	17738630	1	memory	0	0	0	1	0	0
X	18165433	18165914	1	shCd19	0	0	0	0	1	0
X	18166381	18166584	1	shRunx3	0	0	0	0	0	1
X	18283725	18283927	1	shRunx3	0	0	0	0	0	1
X	18774417	18774655	1	shCd19	0	0	0	0	1	0
X	18808565	18808886	1	shCd19	0	0	0	0	1	0
X	19160536	19160730	1	shRunx3	0	0	0	0	0	1
X	19679052	19679365	1	terminal	0	0	1	0	0	0
X	19763274	19763644	1	shRunx3	0	0	0	0	0	1
X	19886166	19886749	1	shRunx3	0	0	0	0	0	1
X	20100067	20100301	1	shCd19	0	0	0	0	1	0
X	20122726	20122988	1	late	0	1	0	0	0	0
X	20214491	20214955	1	memory	0	0	0	1	0	0
X	20226443	20226768	1	late	0	1	0	0	0	0
X	20617320	20617613	1	shRunx3	0	0	0	0	0	1
X	20801382	20801588	1	shRunx3	0	0	0	0	0	1
X	20980452	20980803	1	shRunx3	0	0	0	0	0	1
X	21006249	21006455	1	shCd19	0	0	0	0	1	0
X	21160729	21160969	1	shRunx3	0	0	0	0	0	1
X	21164085	21164729	1	terminal	0	0	1	0	0	0
X	21348535	21348806	1	early	1	0	0	0	0	0
X	21708780	21709008	1	memory	0	0	0	1	0	0
X	21902406	21902617	1	shCd19	0	0	0	0	1	0
X	22275991	22276720	1	shRunx3	0	0	0	0	0	1
X	22364045	22364393	1	shRunx3	0	0	0	0	0	1
X	22782224	22782560	1	shCd19	0	0	0	0	1	0
X	23680893	23681123	1	shRunx3	0	0	0	0	0	1
X	23761599	23761900	1	shCd19	0	0	0	0	1	0
X	23834810	23835108	1	memory	0	0	0	1	0	0
X	23909306	23909532	1	shRunx3	0	0	0	0	0	1
X	24316367	24316587	1	shCd19	0	0	0	0	1	0
X	35591321	35591594	1	terminal	0	0	1	0	0	0
X	36103109	36103324	1	shRunx3	0	0	0	0	0	1
X	36203869	36204326	1	memory	0	0	0	1	0	0
X	36221600	36221853	1	memory	0	0	0	1	0	0
X	36285304	36285846	1	shCd19	0	0	0	0	1	0
X	36933906	36934188	1	memory	0	0	0	1	0	0
X	36985371	36985585	1	shRunx3	0	0	0	0	0	1
X	37155402	37155722	1	shCd19	0	0	0	0	1	0
X	38124407	38124722	1	late	0	1	0	0	0	0
X	38317115	38317466	1	terminal	0	0	1	0	0	0
X	38329895	38330206	1	early	1	0	0	0	0	0
X	38337308	38337587	1	terminal	0	0	1	0	0	0
X	38565090	38565573	1	shCd19	0	0	0	0	1	0
X	38652487	38652800	1	memory	0	0	0	1	0	0
X	38841241	38841467	1	memory	0	0	0	1	0	0
X	38853266	38853497	1	shCd19	0	0	0	0	1	0
X	38965211	38965466	1	shCd19	0	0	0	0	1	0
X	38972479	38972760	1	terminal	0	0	1	0	0	0
X	39465853	39466162	1	terminal	0	0	1	0	0	0
X	39518234	39518608	1	late	0	1	0	0	0	0
X	39716772	39717172	1	terminal	0	0	1	0	0	0
X	39986483	39986677	1	shCd19	0	0	0	0	1	0
X	40265201	40265477	1	memory	0	0	0	1	0	0
X	40442647	40443075	1	late	0	1	0	0	0	0
X	40489178	40489373	1	shRunx3	0	0	0	0	0	1
X	41244042	41244434	1	late	0	1	0	0	0	0
X	41539172	41539555	1	shRunx3	0	0	0	0	0	1
X	41579124	41579329	1	shRunx3	0	0	0	0	0	1
X	41733606	41733924	1	shRunx3	0	0	0	0	0	1
X	41941076	41941488	1	terminal	0	0	1	0	0	0
X	41975120	41975514	1	shCd19	0	0	0	0	1	0
X	42102109	42102350	1	terminal	0	0	1	0	0	0
X	42134373	42134820	1	terminal	0	0	1	0	0	0
X	42986292	42986727	1	shCd19	0	0	0	0	1	0
X	42993947	42994228	1	late	0	1	0	0	0	0
X	43006614	43006961	1	terminal	0	0	1	0	0	0
X	43008690	43008922	1	shCd19	0	0	0	0	1	0
X	43123453	43123798	1	shCd19	0	0	0	0	1	0
X	43258847	43259287	1	late	0	1	0	0	0	0
X	44474524	44474880	1	terminal	0	0	1	0	0	0
X	45064225	45064567	1	early	1	0	0	0	0	0
X	45313826	45314115	1	shRunx3	0	0	0	0	0	1
X	45452505	45452881	1	terminal	0	0	1	0	0	0
X	46039299	46039706	1	terminal	0	0	1	0	0	0
X	46325596	46325977	1	late	0	1	0	0	0	0
X	47161312	47161607	1	shRunx3	0	0	0	0	0	1
X	47606830	47607168	1	late	0	1	0	0	0	0
X	47688728	47688935	1	shRunx3	0	0	0	0	0	1
X	47851841	47852085	1	terminal	0	0	1	0	0	0
X	47858517	47858750	1	terminal	0	0	1	0	0	0
X	48189679	48189882	1	shCd19	0	0	0	0	1	0
X	48447820	48448463	1	terminal	0	0	1	0	0	0
X	48623443	48623783	1	shRunx3	0	0	0	0	0	1
X	48816429	48816644	1	shCd19	0	0	0	0	1	0
X	49127645	49127877	1	shCd19	0	0	0	0	1	0
X	49148652	49148993	1	late	0	1	0	0	0	0
X	49973486	49973767	1	terminal	0	0	1	0	0	0
X	50122947	50123174	1	shRunx3	0	0	0	0	0	1
X	50126205	50126481	1	memory	0	0	0	1	0	0
X	50255363	50255709	1	late	0	1	0	0	0	0
X	50310885	50311094	1	shCd19	0	0	0	0	1	0
X	50455685	50455880	1	shRunx3	0	0	0	0	0	1
X	50794085	50794476	1	late	0	1	0	0	0	0
X	50874490	50874821	1	shRunx3	0	0	0	0	0	1
X	51285594	51286192	1	shCd19	0	0	0	0	1	0
X	51604816	51605071	1	memory	0	0	0	1	0	0
X	52168042	52168308	1	terminal	0	0	1	0	0	0
X	52168315	52168988	1	shCd19	0	0	0	0	1	0
X	52420535	52420901	1	terminal	0	0	1	0	0	0
X	52446503	52446946	1	early	1	0	0	0	0	0
X	52459294	52459569	1	terminal	0	0	1	0	0	0
X	52556832	52557511	1	shRunx3	0	0	0	0	0	1
X	52747599	52747919	1	early	1	0	0	0	0	0
X	52927096	52927473	1	late	0	1	0	0	0	0
X	53195982	53196402	1	shCd19	0	0	0	0	1	0
X	53431537	53431784	1	shCd19	0	0	0	0	1	0
X	53442666	53443080	1	terminal	0	0	1	0	0	0
X	53701453	53701665	1	shCd19	0	0	0	0	1	0
X	54200769	54201118	1	terminal	0	0	1	0	0	0
X	55672911	55673112	1	shRunx3	0	0	0	0	0	1
X	55703048	55703591	1	terminal	0	0	1	0	0	0
X	55911341	55911592	1	shRunx3	0	0	0	0	0	1
X	56482738	56483059	1	late	0	1	0	0	0	0
X	56765611	56765850	1	memory	0	0	0	1	0	0
X	56860349	56860715	1	shRunx3	0	0	0	0	0	1
X	56940229	56940546	1	shCd19	0	0	0	0	1	0
X	56957652	56958020	1	shRunx3	0	0	0	0	0	1
X	57093474	57093922	1	shCd19	0	0	0	0	1	0
X	57355748	57356012	1	terminal	0	0	1	0	0	0
X	57377198	57377572	1	terminal	0	0	1	0	0	0
X	57413139	57413506	1	memory	0	0	0	1	0	0
X	57735210	57735489	1	shRunx3	0	0	0	0	0	1
X	57776874	57777099	1	memory	0	0	0	1	0	0
X	57876339	57876788	1	terminal	0	0	1	0	0	0
X	57991334	57991873	1	shCd19	0	0	0	0	1	0
X	58233701	58234101	1	shCd19	0	0	0	0	1	0
X	58288063	58288307	1	terminal	0	0	1	0	0	0
X	58432297	58432811	1	shCd19	0	0	0	0	1	0
X	58557821	58558296	1	memory	0	0	0	1	0	0
X	58615892	58616175	1	shCd19	0	0	0	0	1	0
X	58621542	58621876	1	shRunx3	0	0	0	0	0	1
X	58829263	58829929	1	shCd19	0	0	0	0	1	0
X	59006884	59007148	1	memory	0	0	0	1	0	0
X	59096243	59096454	1	shCd19	0	0	0	0	1	0
X	59145243	59145484	1	terminal	0	0	1	0	0	0
X	60062394	60062622	1	terminal	0	0	1	0	0	0
X	60248658	60248915	1	terminal	0	0	1	0	0	0
X	60724661	60724920	1	terminal	0	0	1	0	0	0
X	60803963	60804269	1	late	0	1	0	0	0	0
X	60859114	60859526	1	late	0	1	0	0	0	0
X	60976590	60976818	1	memory	0	0	0	1	0	0
X	61002233	61002724	1	terminal	0	0	1	0	0	0
X	61166234	61166578	1	memory	0	0	0	1	0	0
X	61347379	61347738	1	shCd19	0	0	0	0	1	0
X	61466703	61466896	1	shRunx3	0	0	0	0	0	1
X	61593076	61593320	1	terminal	0	0	1	0	0	0
X	62189537	62189902	1	memory	0	0	0	1	0	0
X	62358617	62358944	1	terminal	0	0	1	0	0	0
X	62563840	62564086	1	shCd19	0	0	0	0	1	0
X	62671164	62671491	1	terminal	0	0	1	0	0	0
X	63189770	63190056	1	shRunx3	0	0	0	0	0	1
X	63350152	63350725	1	shRunx3	0	0	0	0	0	1
X	64063808	64064114	1	shCd19	0	0	0	0	1	0
X	64156707	64156977	1	terminal	0	0	1	0	0	0
X	64433154	64433404	1	memory	0	0	0	1	0	0
X	64806396	64806825	1	memory	0	0	0	1	0	0
X	65176707	65176984	1	shRunx3	0	0	0	0	0	1
X	65231287	65231679	1	late	0	1	0	0	0	0
X	65449625	65450320	1	terminal	0	0	1	0	0	0
X	65523879	65524119	1	memory	0	0	0	1	0	0
X	65579510	65579740	1	terminal	0	0	1	0	0	0
X	65697910	65698201	1	shCd19	0	0	0	0	1	0
X	65837411	65837773	1	shRunx3	0	0	0	0	0	1
X	66001437	66001698	1	terminal	0	0	1	0	0	0
X	66051057	66051310	1	terminal	0	0	1	0	0	0
X	66056391	66056797	1	terminal	0	0	1	0	0	0
X	66361185	66361423	1	shCd19	0	0	0	0	1	0
X	66468873	66469151	1	terminal	0	0	1	0	0	0
X	66591903	66592129	1	memory	0	0	0	1	0	0
X	67196460	67196717	1	shCd19	0	0	0	0	1	0
X	67472930	67473545	1	shRunx3	0	0	0	0	0	1
X	67643369	67643560	1	shRunx3	0	0	0	0	0	1
X	67750024	67750289	1	late	0	1	0	0	0	0
X	67891614	67891883	1	shCd19	0	0	0	0	1	0
X	68159011	68159335	1	shRunx3	0	0	0	0	0	1
X	68425673	68425882	1	shCd19	0	0	0	0	1	0
X	68613529	68613974	1	shCd19	0	0	0	0	1	0
X	68652345	68652691	1	shCd19	0	0	0	0	1	0
X	69129815	69130117	1	memory	0	0	0	1	0	0
X	69347685	69347983	1	shCd19	0	0	0	0	1	0
X	69367750	69368175	1	terminal	0	0	1	0	0	0
X	69454775	69455279	1	shCd19	0	0	0	0	1	0
X	69457179	69457562	1	late	0	1	0	0	0	0
X	69649283	69649558	1	terminal	0	0	1	0	0	0
X	69821706	69821997	1	shCd19	0	0	0	0	1	0
X	69849816	69850249	1	terminal	0	0	1	0	0	0
X	70683961	70684241	1	shRunx3	0	0	0	0	0	1
X	70793371	70793759	1	terminal	0	0	1	0	0	0
X	70826409	70826793	1	terminal	0	0	1	0	0	0
X	70945952	70946195	1	terminal	0	0	1	0	0	0
X	71080934	71081313	1	late	0	1	0	0	0	0
X	71087501	71087896	1	late	0	1	0	0	0	0
X	71421765	71422032	1	late	0	1	0	0	0	0
X	72253487	72253999	1	shCd19	0	0	0	0	1	0
X	72365418	72365915	1	shCd19	0	0	0	0	1	0
X	72371886	72372195	1	memory	0	0	0	1	0	0
X	72993896	72994139	1	memory	0	0	0	1	0	0
X	73652024	73652279	1	shCd19	0	0	0	0	1	0
X	73716286	73716506	1	shCd19	0	0	0	0	1	0
X	73914837	73914962	1	late	0	1	0	0	0	0
X	73914962	73915177	2	late,shRunx3	0	1	0	0	0	1
X	73915177	73915214	1	late	0	1	0	0	0	0
X	74066793	74067129	1	shCd19	0	0	0	0	1	0
X	74216602	74216853	1	memory	0	0	0	1	0	0
X	74243838	74244143	1	shRunx3	0	0	0	0	0	1
X	74270393	74270666	1	shCd19	0	0	0	0	1	0
X	74273536	74273778	1	terminal	0	0	1	0	0	0
X	74373412	74373821	1	terminal	0	0	1	0	0	0
X	74383390	74383593	1	shRunx3	0	0	0	0	0	1
X	74424685	74424884	1	shCd19	0	0	0	0	1	0
X	75055403	75055646	1	memory	0	0	0	1	0	0
X	75163448	75163822	1	late	0	1	0	0	0	0
X	75287931	75288295	1	early	1	0	0	0	0	0
X	75423983	75424282	1	early	1	0	0	0	0	0
X	75753800	75754093	1	shRunx3	0	0	0	0	0	1
X	75795951	75796438	1	memory	0	0	0	1	0	0
X	75860858	75861204	1	terminal	0	0	1	0	0	0
X	76305623	76306082	1	terminal	0	0	1	0	0	0
X	76314216	76314603	1	shRunx3	0	0	0	0	0	1
X	76439587	76439925	1	early	1	0	0	0	0	0
X	76611295	76611686	1	terminal	0	0	1	0	0	0
X	76831251	76831585	1	terminal	0	0	1	0	0	0
X	77690942	77691196	1	early	1	0	0	0	0	0
X	77759905	77760395	1	terminal	0	0	1	0	0	0
X	77848577	77848822	1	early	1	0	0	0	0	0
X	78672394	78672588	1	shRunx3	0	0	0	0	0	1
X	78726173	78726521	1	early	1	0	0	0	0	0
X	78993386	78993791	1	terminal	0	0	1	0	0	0
X	80043141	80043497	1	shCd19	0	0	0	0	1	0
X	80277416	80277706	1	late	0	1	0	0	0	0
X	80290888	80291139	1	shRunx3	0	0	0	0	0	1
X	80422490	80422710	1	shRunx3	0	0	0	0	0	1
X	80632049	80632289	1	memory	0	0	0	1	0	0
X	81479580	81479846	1	late	0	1	0	0	0	0
X	81774787	81775176	1	shCd19	0	0	0	0	1	0
X	81903937	81904308	1	early	1	0	0	0	0	0
X	82557969	82558199	1	terminal	0	0	1	0	0	0
X	82614396	82614619	1	shCd19	0	0	0	0	1	0
X	82958582	82958808	1	shRunx3	0	0	0	0	0	1
X	84278442	84278632	1	shRunx3	0	0	0	0	0	1
X	84482065	84482329	1	terminal	0	0	1	0	0	0
X	84941322	84941548	1	memory	0	0	0	1	0	0
X	85099587	85100325	1	memory	0	0	0	1	0	0
X	85256176	85256559	1	memory	0	0	0	1	0	0
X	85275657	85275855	1	shCd19	0	0	0	0	1	0
X	85383670	85384286	1	terminal	0	0	1	0	0	0
X	85798136	85798346	1	shCd19	0	0	0	0	1	0
X	85799635	85800014	1	terminal	0	0	1	0	0	0
X	85850807	85851071	1	early	1	0	0	0	0	0
X	85960344	85960571	1	terminal	0	0	1	0	0	0
X	86888561	86888894	1	early	1	0	0	0	0	0
X	86890600	86890980	1	early	1	0	0	0	0	0
X	87116094	87116543	1	terminal	0	0	1	0	0	0
X	87160964	87161258	1	early	1	0	0	0	0	0
X	87288255	87288493	1	shRunx3	0	0	0	0	0	1
X	87473737	87474152	1	terminal	0	0	1	0	0	0
X	87515378	87515617	1	shCd19	0	0	0	0	1	0
X	87905138	87905347	1	shCd19	0	0	0	0	1	0
X	88280651	88280941	1	late	0	1	0	0	0	0
X	88658761	88659048	1	terminal	0	0	1	0	0	0
X	88675096	88675448	1	memory	0	0	0	1	0	0
X	88831966	88832250	1	memory	0	0	0	1	0	0
X	89041959	89042297	1	late	0	1	0	0	0	0
X	89722559	89722855	1	terminal	0	0	1	0	0	0
X	89767755	89767968	1	shCd19	0	0	0	0	1	0
X	90196819	90197143	1	shRunx3	0	0	0	0	0	1
X	90372795	90373084	1	shRunx3	0	0	0	0	0	1
X	90754358	90754681	1	shCd19	0	0	0	0	1	0
X	90852571	90853042	1	late	0	1	0	0	0	0
X	91314231	91314598	1	late	0	1	0	0	0	0
X	91348580	91348793	1	shCd19	0	0	0	0	1	0
X	91873371	91873593	1	shCd19	0	0	0	0	1	0
X	92013355	92013708	1	shRunx3	0	0	0	0	0	1
X	92381250	92381594	1	memory	0	0	0	1	0	0
X	92399464	92399845	1	shCd19	0	0	0	0	1	0
X	93024555	93024924	1	terminal	0	0	1	0	0	0
X	93271133	93271514	1	late	0	1	0	0	0	0
X	93327486	93327879	1	terminal	0	0	1	0	0	0
X	93556787	93557115	1	shRunx3	0	0	0	0	0	1
X	93857801	93858174	1	memory	0	0	0	1	0	0
X	93983127	93983511	1	terminal	0	0	1	0	0	0
X	94009235	94009818	1	memory	0	0	0	1	0	0
X	94097170	94097600	1	shRunx3	0	0	0	0	0	1
X	94548740	94549056	1	terminal	0	0	1	0	0	0
X	94555768	94556156	1	memory	0	0	0	1	0	0
X	95021601	95021975	1	early	1	0	0	0	0	0
X	95117683	95117920	1	terminal	0	0	1	0	0	0
X	95166486	95166752	1	shCd19	0	0	0	0	1	0
X	95198904	95199161	1	late	0	1	0	0	0	0
X	95228701	95229071	1	late	0	1	0	0	0	0
X	95306597	95306856	1	shCd19	0	0	0	0	1	0
X	95424457	95424834	1	memory	0	0	0	1	0	0
X	95450167	95450689	1	memory	0	0	0	1	0	0
X	95742948	95743165	1	shRunx3	0	0	0	0	0	1
X	95782545	95782846	1	early	1	0	0	0	0	0
X	95785434	95785737	1	shRunx3	0	0	0	0	0	1
X	95803960	95804234	1	terminal	0	0	1	0	0	0
X	95992428	95992836	1	terminal	0	0	1	0	0	0
X	96135229	96135650	1	terminal	0	0	1	0	0	0
X	96663772	96664015	1	early	1	0	0	0	0	0
X	97374807	97375067	1	early	1	0	0	0	0	0
X	97411022	97411592	1	early	1	0	0	0	0	0
X	97871793	97872298	1	shRunx3	0	0	0	0	0	1
X	97991450	97991781	1	terminal	0	0	1	0	0	0
X	98290618	98290903	1	terminal	0	0	1	0	0	0
X	98306286	98306624	1	terminal	0	0	1	0	0	0
X	98540506	98540719	1	shRunx3	0	0	0	0	0	1
X	98751910	98752232	1	shCd19	0	0	0	0	1	0
X	99002051	99002424	1	terminal	0	0	1	0	0	0
X	99418223	99418536	1	early	1	0	0	0	0	0
X	99529526	99529782	1	terminal	0	0	1	0	0	0
X	100134235	100134581	1	memory	0	0	0	1	0	0
X	100149852	100150138	1	memory	0	0	0	1	0	0
X	100277235	100277564	1	shCd19	0	0	0	0	1	0
X	100499924	100500216	1	early	1	0	0	0	0	0
X	100559413	100559823	1	late	0	1	0	0	0	0
X	100597149	100597416	1	early	1	0	0	0	0	0
X	100687242	100687904	1	late	0	1	0	0	0	0
X	100719148	100719433	1	memory	0	0	0	1	0	0
X	100921120	100921468	1	terminal	0	0	1	0	0	0
X	101379757	101380086	1	terminal	0	0	1	0	0	0
X	101406943	101407176	1	shCd19	0	0	0	0	1	0
X	101499848	101500266	1	shRunx3	0	0	0	0	0	1
X	102326824	102327159	1	shCd19	0	0	0	0	1	0
X	102347326	102347581	1	terminal	0	0	1	0	0	0
X	102901964	102902244	1	early	1	0	0	0	0	0
X	103047942	103048422	1	memory	0	0	0	1	0	0
X	103262375	103263222	1	terminal	0	0	1	0	0	0
X	103457608	103457933	1	shRunx3	0	0	0	0	0	1
X	103463080	103463826	1	terminal	0	0	1	0	0	0
X	103573465	103573735	1	late	0	1	0	0	0	0
X	103748902	103749291	1	terminal	0	0	1	0	0	0
X	103838267	103838519	1	early	1	0	0	0	0	0
X	103988379	103988584	1	shCd19	0	0	0	0	1	0
X	104284340	104284571	1	memory	0	0	0	1	0	0
X	104426932	104427127	1	shRunx3	0	0	0	0	0	1
X	104733877	104734082	1	shCd19	0	0	0	0	1	0
X	104776626	104777001	1	shCd19	0	0	0	0	1	0
X	105079804	105080005	1	shRunx3	0	0	0	0	0	1
X	105217586	105217868	1	shRunx3	0	0	0	0	0	1
X	105411886	105412170	1	early	1	0	0	0	0	0
X	105593531	105594049	1	shCd19	0	0	0	0	1	0
X	105696694	105696890	1	shRunx3	0	0	0	0	0	1
X	106185397	106185631	1	memory	0	0	0	1	0	0
X	106186786	106187445	1	terminal	0	0	1	0	0	0
X	106242518	106242931	1	terminal	0	0	1	0	0	0
X	106405523	106405805	1	memory	0	0	0	1	0	0
X	106469477	106469911	1	terminal	0	0	1	0	0	0
X	106598386	106598667	1	terminal	0	0	1	0	0	0
X	106628519	106628798	1	shRunx3	0	0	0	0	0	1
X	106775880	106776107	1	terminal	0	0	1	0	0	0
X	106994279	106994552	1	shRunx3	0	0	0	0	0	1
X	107034204	107034525	1	terminal	0	0	1	0	0	0
X	107137974	107138465	1	shCd19	0	0	0	0	1	0
X	107150872	107151078	1	shRunx3	0	0	0	0	0	1
X	107259151	107259448	1	memory	0	0	0	1	0	0
X	107524453	107524674	1	shCd19	0	0	0	0	1	0
X	107913993	107914344	1	shCd19	0	0	0	0	1	0
X	108508585	108508859	1	terminal	0	0	1	0	0	0
X	109017189	109017673	1	shRunx3	0	0	0	0	0	1
X	110364565	110364836	1	shCd19	0	0	0	0	1	0
X	111066095	111066331	1	shRunx3	0	0	0	0	0	1
X	111210667	111210904	1	shRunx3	0	0	0	0	0	1
X	111429995	111430221	1	memory	0	0	0	1	0	0
X	111745504	111746004	1	late	0	1	0	0	0	0
X	112015147	112015394	1	terminal	0	0	1	0	0	0
X	112266964	112267157	1	shRunx3	0	0	0	0	0	1
X	112348960	112349507	1	memory	0	0	0	1	0	0
X	112474633	112474982	1	shCd19	0	0	0	0	1	0
X	112987062	112987303	1	early	1	0	0	0	0	0
X	113051501	113051833	1	terminal	0	0	1	0	0	0
X	113280808	113281061	1	early	1	0	0	0	0	0
X	113369595	113369820	1	shCd19	0	0	0	0	1	0
X	113716629	113716991	1	terminal	0	0	1	0	0	0
X	113875173	113875494	1	terminal	0	0	1	0	0	0
X	114742403	114742830	1	memory	0	0	0	1	0	0
X	114795091	114795353	1	shCd19	0	0	0	0	1	0
X	115212422	115212762	1	shRunx3	0	0	0	0	0	1
X	115392574	115393004	1	shRunx3	0	0	0	0	0	1
X	115433766	115434023	1	shCd19	0	0	0	0	1	0
X	115473086	115473394	1	late	0	1	0	0	0	0
X	115741546	115741796	1	terminal	0	0	1	0	0	0
X	115974815	115975114	1	terminal	0	0	1	0	0	0
X	116149273	116149604	1	late	0	1	0	0	0	0
X	116260386	116260670	1	memory	0	0	0	1	0	0
X	116344226	116344580	1	terminal	0	0	1	0	0	0
X	117622177	117622377	1	shRunx3	0	0	0	0	0	1
X	117732245	117732538	1	terminal	0	0	1	0	0	0
X	118547466	118547674	1	shCd19	0	0	0	0	1	0
X	118569594	118569921	1	memory	0	0	0	1	0	0
X	118599100	118599493	1	shCd19	0	0	0	0	1	0
X	118654812	118655054	1	shCd19	0	0	0	0	1	0
X	119233003	119233463	1	late	0	1	0	0	0	0
X	119843573	119843823	1	terminal	0	0	1	0	0	0
X	120214774	120214988	1	shRunx3	0	0	0	0	0	1
X	120444738	120445010	1	terminal	0	0	1	0	0	0
X	121135150	121135451	1	memory	0	0	0	1	0	0
X	121324702	121324990	1	memory	0	0	0	1	0	0
X	121580595	121580830	1	memory	0	0	0	1	0	0
X	121686330	121686600	1	early	1	0	0	0	0	0
X	126152898	126153109	1	shCd19	0	0	0	0	1	0
X	126370923	126371169	1	memory	0	0	0	1	0	0
X	126453274	126453582	1	shRunx3	0	0	0	0	0	1
X	127066710	127066970	1	early	1	0	0	0	0	0
X	127199719	127199989	1	memory	0	0	0	1	0	0
X	127350884	127351168	1	terminal	0	0	1	0	0	0
X	127403451	127403736	1	terminal	0	0	1	0	0	0
X	127656099	127656390	1	shCd19	0	0	0	0	1	0
X	128084457	128084662	1	shRunx3	0	0	0	0	0	1
X	128133376	128133713	1	shCd19	0	0	0	0	1	0
X	128439803	128440057	1	terminal	0	0	1	0	0	0
X	128842239	128842616	1	memory	0	0	0	1	0	0
X	128866395	128866760	1	shCd19	0	0	0	0	1	0
X	128916240	128916511	1	late	0	1	0	0	0	0
X	129045203	129045491	1	early	1	0	0	0	0	0
X	129468857	129469047	1	shRunx3	0	0	0	0	0	1
X	129560107	129560359	1	memory	0	0	0	1	0	0
X	129603634	129603830	1	shCd19	0	0	0	0	1	0
X	129705287	129705673	1	shCd19	0	0	0	0	1	0
X	129947046	129947287	1	terminal	0	0	1	0	0	0
X	129952178	129952452	1	shCd19	0	0	0	0	1	0
X	130120458	130120803	1	shRunx3	0	0	0	0	0	1
X	130211149	130211365	1	shRunx3	0	0	0	0	0	1
X	130247794	130248385	1	memory	0	0	0	1	0	0
X	130518306	130518550	1	terminal	0	0	1	0	0	0
X	130635187	130635488	1	terminal	0	0	1	0	0	0
X	130641761	130642065	1	memory	0	0	0	1	0	0
X	130886450	130886695	1	terminal	0	0	1	0	0	0
X	131020613	131021016	1	early	1	0	0	0	0	0
X	131056846	131057160	1	shRunx3	0	0	0	0	0	1
X	131080245	131080776	1	late	0	1	0	0	0	0
X	131273580	131273939	1	memory	0	0	0	1	0	0
X	131352622	131352889	1	terminal	0	0	1	0	0	0
X	131378326	131378593	1	memory	0	0	0	1	0	0
X	131551116	131551495	1	shRunx3	0	0	0	0	0	1
X	132036470	132036697	1	terminal	0	0	1	0	0	0
X	132118991	132119251	1	terminal	0	0	1	0	0	0
X	132136004	132136262	1	shCd19	0	0	0	0	1	0
X	132219772	132220045	1	terminal	0	0	1	0	0	0
X	132237042	132237395	1	terminal	0	0	1	0	0	0
X	132525670	132526046	1	terminal	0	0	1	0	0	0
X	132546876	132547331	1	terminal	0	0	1	0	0	0
X	132762130	132762402	1	terminal	0	0	1	0	0	0
X	132898437	132898711	1	terminal	0	0	1	0	0	0
X	132905596	132905945	1	terminal	0	0	1	0	0	0
X	133109785	133110010	1	memory	0	0	0	1	0	0
X	133319566	133319840	1	early	1	0	0	0	0	0
X	133325843	133326175	1	memory	0	0	0	1	0	0
X	133623678	133623930	1	early	1	0	0	0	0	0
X	133625692	133626045	1	shCd19	0	0	0	0	1	0
X	133755885	133756254	1	early	1	0	0	0	0	0
X	133961746	133962494	1	terminal	0	0	1	0	0	0
X	134096716	134097030	1	early	1	0	0	0	0	0
X	134107325	134107678	1	shCd19	0	0	0	0	1	0
X	134161706	134161940	1	shRunx3	0	0	0	0	0	1
X	134192155	134192406	1	shRunx3	0	0	0	0	0	1
X	134253778	134254123	1	terminal	0	0	1	0	0	0
X	134319372	134319673	1	late	0	1	0	0	0	0
X	134734603	134735048	1	memory	0	0	0	1	0	0
X	134865808	134866092	1	shRunx3	0	0	0	0	0	1
X	135285597	135285906	1	shRunx3	0	0	0	0	0	1
X	135742410	135742635	1	shRunx3	0	0	0	0	0	1
X	136194435	136194685	1	memory	0	0	0	1	0	0
X	136258854	136259238	1	early	1	0	0	0	0	0
X	136895355	136895692	1	terminal	0	0	1	0	0	0
X	137049313	137049592	1	terminal	0	0	1	0	0	0
X	137152891	137153269	1	shRunx3	0	0	0	0	0	1
X	137561857	137562148	1	shCd19	0	0	0	0	1	0
X	137702003	137702229	1	shRunx3	0	0	0	0	0	1
X	137705692	137705905	1	shCd19	0	0	0	0	1	0
X	137849070	137849265	1	shCd19	0	0	0	0	1	0
X	138257359	138257597	1	shRunx3	0	0	0	0	0	1
X	138719636	138719885	1	shCd19	0	0	0	0	1	0
X	138778823	138779136	1	terminal	0	0	1	0	0	0
X	138928008	138928316	1	terminal	0	0	1	0	0	0
X	139370393	139370596	1	shCd19	0	0	0	0	1	0
X	139374913	139375222	1	early	1	0	0	0	0	0
X	139436997	139437258	1	shCd19	0	0	0	0	1	0
X	139474955	139475378	1	shCd19	0	0	0	0	1	0
X	139552699	139552949	1	shCd19	0	0	0	0	1	0
X	139651113	139651442	1	terminal	0	0	1	0	0	0
X	139943513	139943900	1	memory	0	0	0	1	0	0
X	140201739	140202166	1	memory	0	0	0	1	0	0
X	140470810	140471007	1	shRunx3	0	0	0	0	0	1
X	140489373	140489668	1	shCd19	0	0	0	0	1	0
X	140509517	140509868	1	shRunx3	0	0	0	0	0	1
X	140616095	140616368	1	shCd19	0	0	0	0	1	0
X	140854017	140854446	1	early	1	0	0	0	0	0
X	141264604	141264980	1	late	0	1	0	0	0	0
X	141397019	141397537	1	terminal	0	0	1	0	0	0
X	141424259	141424525	1	terminal	0	0	1	0	0	0
X	141779561	141779882	1	shRunx3	0	0	0	0	0	1
X	142052971	142053379	1	memory	0	0	0	1	0	0
X	142077828	142078269	1	shRunx3	0	0	0	0	0	1
X	142993074	142993502	1	shRunx3	0	0	0	0	0	1
X	143036732	143036972	1	shCd19	0	0	0	0	1	0
X	143193826	143194125	1	memory	0	0	0	1	0	0
X	143245344	143245917	1	shCd19	0	0	0	0	1	0
X	143389493	143390215	1	early	1	0	0	0	0	0
X	143491868	143492248	1	shRunx3	0	0	0	0	0	1
X	144310466	144310709	1	memory	0	0	0	1	0	0
X	144393262	144393649	1	terminal	0	0	1	0	0	0
X	144424618	144425023	1	memory	0	0	0	1	0	0
X	144437541	144437789	1	early	1	0	0	0	0	0
X	144566137	144566381	1	terminal	0	0	1	0	0	0
X	144577148	144577390	1	terminal	0	0	1	0	0	0
X	144670131	144670331	1	shCd19	0	0	0	0	1	0
X	145216306	145216538	1	shCd19	0	0	0	0	1	0
X	145222597	145222946	1	terminal	0	0	1	0	0	0
X	145666681	145667042	1	memory	0	0	0	1	0	0
X	145806628	145806847	1	shCd19	0	0	0	0	1	0
X	145887977	145888219	1	memory	0	0	0	1	0	0
X	146031557	146031893	1	late	0	1	0	0	0	0
X	146048055	146048325	1	early	1	0	0	0	0	0
X	146385220	146385467	1	terminal	0	0	1	0	0	0
X	147138628	147138927	1	memory	0	0	0	1	0	0
X	147254038	147254418	1	late	0	1	0	0	0	0
X	147265260	147265479	1	shCd19	0	0	0	0	1	0
X	147499549	147499879	1	early	1	0	0	0	0	0
X	147661551	147662309	1	early	1	0	0	0	0	0
X	150184534	150184734	1	shRunx3	0	0	0	0	0	1
X	150611403	150611796	1	late	0	1	0	0	0	0
X	150748736	150749072	1	memory	0	0	0	1	0	0
X	150927649	150928136	1	early	1	0	0	0	0	0
X	151322397	151322656	1	early	1	0	0	0	0	0
X	151486880	151487205	1	shRunx3	0	0	0	0	0	1
X	151781883	151782180	1	shCd19	0	0	0	0	1	0
X	151808176	151808480	1	shCd19	0	0	0	0	1	0
X	151851393	151851621	1	terminal	0	0	1	0	0	0
X	152045842	152046036	1	shRunx3	0	0	0	0	0	1
X	152084479	152084883	1	late	0	1	0	0	0	0
X	152559222	152559686	1	shCd19	0	0	0	0	1	0
X	152969723	152969953	1	terminal	0	0	1	0	0	0
X	153061847	153062107	1	shRunx3	0	0	0	0	0	1
X	153274917	153275241	1	memory	0	0	0	1	0	0
X	153357091	153357283	1	shRunx3	0	0	0	0	0	1
X	153650295	153650694	1	terminal	0	0	1	0	0	0
X	153756279	153756896	1	memory	0	0	0	1	0	0
X	153760576	153761074	1	early	1	0	0	0	0	0
X	153764653	153764992	1	memory	0	0	0	1	0	0
X	153795645	153795933	1	late	0	1	0	0	0	0
X	153874893	153875282	1	shCd19	0	0	0	0	1	0
X	154211704	154212110	1	terminal	0	0	1	0	0	0
X	154259685	154259973	1	memory	0	0	0	1	0	0
X	154496959	154497499	1	shCd19	0	0	0	0	1	0
X	154524298	154524695	1	shRunx3	0	0	0	0	0	1
X	154798520	154798852	1	early	1	0	0	0	0	0
X	154801457	154801847	1	terminal	0	0	1	0	0	0
X	154837753	154838159	1	shCd19	0	0	0	0	1	0
X	155187433	155187726	1	shCd19	0	0	0	0	1	0
X	155358522	155358811	1	early	1	0	0	0	0	0
X	155431146	155431448	1	terminal	0	0	1	0	0	0
X	155741709	155741961	1	shRunx3	0	0	0	0	0	1
X	156256046	156256842	1	memory	0	0	0	1	0	0
X	156540682	156540980	1	terminal	0	0	1	0	0	0
X	156560709	156561134	1	early	1	0	0	0	0	0
X	156972087	156972659	1	early	1	0	0	0	0	0
X	157490448	157490802	1	shRunx3	0	0	0	0	0	1
X	157605211	157605603	1	terminal	0	0	1	0	0	0
X	157649506	157649816	1	terminal	0	0	1	0	0	0
X	157714443	157714795	1	shRunx3	0	0	0	0	0	1
X	158607936	158608173	1	early	1	0	0	0	0	0
X	158691786	158692007	1	shRunx3	0	0	0	0	0	1
X	158998337	158998606	1	late	0	1	0	0	0	0
X	159363391	159363757	1	late	0	1	0	0	0	0
X	159503962	159504205	1	memory	0	0	0	1	0	0
X	159945859	159946106	1	memory	0	0	0	1	0	0
X	159989408	159989663	1	early	1	0	0	0	0	0
X	160018522	160018716	1	shCd19	0	0	0	0	1	0
X	160209590	160209886	1	shCd19	0	0	0	0	1	0
X	160475722	160475974	1	shCd19	0	0	0	0	1	0
X	160615736	160616027	1	shRunx3	0	0	0	0	0	1
X	160665896	160666125	1	memory	0	0	0	1	0	0
X	160897374	160897608	1	memory	0	0	0	1	0	0
X	160994283	160994832	1	terminal	0	0	1	0	0	0
X	161518350	161518618	1	early	1	0	0	0	0	0
X	161595330	161595860	1	memory	0	0	0	1	0	0
X	161806799	161807080	1	late	0	1	0	0	0	0
X	161822181	161822437	1	memory	0	0	0	1	0	0
X	162651388	162651624	1	memory	0	0	0	1	0	0
X	162675997	162676251	1	terminal	0	0	1	0	0	0
X	162901412	162902002	1	late	0	1	0	0	0	0
X	162919457	162919983	1	shRunx3	0	0	0	0	0	1
X	162976443	162976841	1	shRunx3	0	0	0	0	0	1
X	163007309	163007597	1	terminal	0	0	1	0	0	0
X	163036645	163037099	1	terminal	0	0	1	0	0	0
X	163388840	163389076	1	memory	0	0	0	1	0	0
X	163494780	163495200	1	shRunx3	0	0	0	0	0	1
X	163593020	163593566	1	terminal	0	0	1	0	0	0
X	164013560	164013883	1	shRunx3	0	0	0	0	0	1
X	164034441	164034728	1	memory	0	0	0	1	0	0
X	164039377	164039781	1	terminal	0	0	1	0	0	0
X	164075926	164076482	1	shRunx3	0	0	0	0	0	1
X	164517220	164517546	1	shCd19	0	0	0	0	1	0
X	164540614	164540839	1	shRunx3	0	0	0	0	0	1
X	164854498	164854758	1	terminal	0	0	1	0	0	0
X	164912813	164913167	1	shCd19	0	0	0	0	1	0
X	164994896	164995448	1	terminal	0	0	1	0	0	0
X	165850361	165850647	1	early	1	0	0	0	0	0
X	166155979	166156306	1	terminal	0	0	1	0	0	0
X	166340467	166340735	1	shRunx3	0	0	0	0	0	1
X	166691292	166691552	1	memory	0	0	0	1	0	0
X	166765595	166765833	1	shRunx3	0	0	0	0	0	1
X	166782874	166783081	1	shCd19	0	0	0	0	1	0
X	166995598	166995952	1	shRunx3	0	0	0	0	0	1
X	167025123	167025530	1	memory	0	0	0	1	0	0
X	167106270	167106670	1	shCd19	0	0	0	0	1	0
X	167143959	167144198	1	early	1	0	0	0	0	0
X	167178600	167178894	1	shCd19	0	0	0	0	1	0
X	167209696	167210046	1	late	0	1	0	0	0	0
X	167238035	167238350	1	shRunx3	0	0	0	0	0	1
X	167295495	167295730	1	shCd19	0	0	0	0	1	0
X	167307784	167308278	1	terminal	0	0	1	0	0	0
X	167479272	167479659	1	late	0	1	0	0	0	0
X	167826232	167826576	1	late	0	1	0	0	0	0
X	168221869	168222142	1	early	1	0	0	0	0	0
X	168353843	168354044	1	shRunx3	0	0	0	0	0	1
X	168935648	168935838	1	shRunx3	0	0	0	0	0	1
X	169016918	169017230	1	terminal	0	0	1	0	0	0
X	169187146	169187518	1	late	0	1	0	0	0	0
X	169425229	169425910	1	shCd19	0	0	0	0	1	0
X	169519051	169519295	1	terminal	0	0	1	0	0	0
X	169585524	169585992	1	terminal	0	0	1	0	0	0
