chrom	start	end	num	list	early	late	terminal	memory	shCd19	shRunx3
1	3422155	3422367	1	shRunx3	0	0	0	0	0	1
1	3425101	3425356	1	shRunx3	0	0	0	0	0	1
1	4859958	4860225	1	memory	0	0	0	1	0	0
1	6845472	6845715	1	shCd19	0	0	0	0	1	0
1	7264422	7264771	1	memory	0	0	0	1	0	0
1	7454450	7454694	1	shRunx3	0	0	0	0	0	1
1	7570836	7571170	1	shRunx3	0	0	0	0	0	1
1	7816923	7817396	1	memory	0	0	0	1	0	0
1	8024793	8025030	1	shCd19	0	0	0	0	1	0
1	8485845	8486193	1	shRunx3	0	0	0	0	0	1
1	8737770	8738108	1	shRunx3	0	0	0	0	0	1
1	8785414	8785635	1	shRunx3	0	0	0	0	0	1
1	8844034	8844307	1	shRunx3	0	0	0	0	0	1
1	9257666	9258004	1	memory	0	0	0	1	0	0
1	9568031	9568531	1	memory	0	0	0	1	0	0
1	9675018	9675350	1	shRunx3	0	0	0	0	0	1
1	9847924	9848665	1	shCd19	0	0	0	0	1	0
1	10037919	10038417	1	shCd19	0	0	0	0	1	0
1	11315803	11316210	1	late	0	1	0	0	0	0
1	11557531	11557883	1	shRunx3	0	0	0	0	0	1
1	11946483	11946682	1	shRunx3	0	0	0	0	0	1
1	12919834	12920094	1	shRunx3	0	0	0	0	0	1
1	13593120	13593820	1	shCd19	0	0	0	0	1	0
1	13609887	13610525	1	terminal	0	0	1	0	0	0
1	13659703	13660843	1	shCd19	0	0	0	0	1	0
1	14447089	14447395	1	shRunx3	0	0	0	0	0	1
1	14486694	14486986	1	early	1	0	0	0	0	0
1	14661110	14661598	1	early	1	0	0	0	0	0
1	15400311	15400700	1	memory	0	0	0	1	0	0
1	15686547	15686815	1	terminal	0	0	1	0	0	0
1	15802857	15803227	1	late	0	1	0	0	0	0
1	16461593	16461906	1	shRunx3	0	0	0	0	0	1
1	16993673	16994094	1	memory	0	0	0	1	0	0
1	17156370	17156725	1	shRunx3	0	0	0	0	0	1
1	17408104	17408449	1	memory	0	0	0	1	0	0
1	17662120	17662555	1	memory	0	0	0	1	0	0
1	17806157	17806396	1	shRunx3	0	0	0	0	0	1
1	17856379	17856615	1	shRunx3	0	0	0	0	0	1
1	18305397	18305811	1	early	1	0	0	0	0	0
1	18845493	18845946	1	late	0	1	0	0	0	0
1	19118392	19118993	1	early	1	0	0	0	0	0
1	19494761	19495029	1	memory	0	0	0	1	0	0
1	19823410	19823761	1	early	1	0	0	0	0	0
1	19864670	19864947	1	memory	0	0	0	1	0	0
1	20920389	20920832	1	memory	0	0	0	1	0	0
1	21530842	21531236	1	early	1	0	0	0	0	0
1	22365477	22365830	1	shRunx3	0	0	0	0	0	1
1	22694724	22694978	1	memory	0	0	0	1	0	0
1	22837851	22838440	1	shRunx3	0	0	0	0	0	1
1	22865001	22865461	1	terminal	0	0	1	0	0	0
1	23679713	23679994	1	memory	0	0	0	1	0	0
1	23923906	23923973	1	shCd19	0	0	0	0	1	0
1	23923973	23924289	2	shCd19,shRunx3	0	0	0	0	1	1
1	23924289	23924579	1	shCd19	0	0	0	0	1	0
1	24105979	24106590	1	shRunx3	0	0	0	0	0	1
1	24371686	24371947	1	early	1	0	0	0	0	0
1	24974297	24974586	1	memory	0	0	0	1	0	0
1	26093557	26093836	1	late	0	1	0	0	0	0
1	26498733	26499172	1	shCd19	0	0	0	0	1	0
1	26582259	26582627	1	memory	0	0	0	1	0	0
1	26840994	26841397	1	terminal	0	0	1	0	0	0
1	27970850	27971159	1	late	0	1	0	0	0	0
1	28445104	28445404	1	late	0	1	0	0	0	0
1	28477077	28477360	1	memory	0	0	0	1	0	0
1	28757045	28757762	1	shRunx3	0	0	0	0	0	1
1	29065277	29065709	1	late	0	1	0	0	0	0
1	29491807	29492205	1	shRunx3	0	0	0	0	0	1
1	30467782	30468037	1	early	1	0	0	0	0	0
1	30949753	30950238	1	shCd19	0	0	0	0	1	0
1	32053146	32053453	1	shRunx3	0	0	0	0	0	1
1	32675876	32676116	1	shRunx3	0	0	0	0	0	1
1	32676696	32677264	1	terminal	0	0	1	0	0	0
1	32715329	32715668	1	memory	0	0	0	1	0	0
1	32774455	32774908	1	terminal	0	0	1	0	0	0
1	33156143	33156598	1	terminal	0	0	1	0	0	0
1	33339340	33339853	1	shRunx3	0	0	0	0	0	1
1	33531459	33531775	1	memory	0	0	0	1	0	0
1	34439451	34439776	1	shRunx3	0	0	0	0	0	1
1	34610004	34610269	1	shRunx3	0	0	0	0	0	1
1	35222236	35222561	1	shRunx3	0	0	0	0	0	1
1	35227526	35227822	1	early	1	0	0	0	0	0
1	35311801	35312393	1	shCd19	0	0	0	0	1	0
1	36104476	36104797	1	late	0	1	0	0	0	0
1	36274486	36274794	1	shCd19	0	0	0	0	1	0
1	36293602	36293725	1	shCd19	0	0	0	0	1	0
1	36293725	36293976	2	terminal,shCd19	0	0	1	0	1	0
1	36293976	36294033	1	terminal	0	0	1	0	0	0
1	36307582	36308071	1	shRunx3	0	0	0	0	0	1
1	36368327	36368725	1	shRunx3	0	0	0	0	0	1
1	36766786	36767107	1	shCd19	0	0	0	0	1	0
1	36767107	36767154	2	shCd19,shRunx3	0	0	0	0	1	1
1	36767154	36767391	3	terminal,shCd19,shRunx3	0	0	1	0	1	1
1	36767391	36767400	2	terminal,shRunx3	0	0	1	0	0	1
1	36767400	36767531	1	shRunx3	0	0	0	0	0	1
1	36939622	36939952	1	shCd19	0	0	0	0	1	0
1	36942227	36942483	1	shRunx3	0	0	0	0	0	1
1	37252130	37252416	1	memory	0	0	0	1	0	0
1	37327180	37327770	1	shCd19	0	0	0	0	1	0
1	37617764	37618008	1	shRunx3	0	0	0	0	0	1
1	37753112	37753408	1	shRunx3	0	0	0	0	0	1
1	37889182	37890225	1	shCd19	0	0	0	0	1	0
1	38712260	38712728	1	shCd19	0	0	0	0	1	0
1	38777655	38778151	1	shCd19	0	0	0	0	1	0
1	39150223	39150617	1	late	0	1	0	0	0	0
1	39180109	39180403	1	shCd19	0	0	0	0	1	0
1	39736050	39736359	1	late	0	1	0	0	0	0
1	39842395	39842442	1	shCd19	0	0	0	0	1	0
1	39842442	39842835	2	shCd19,shRunx3	0	0	0	0	1	1
1	39842835	39842974	1	shRunx3	0	0	0	0	0	1
1	39917757	39918292	1	shCd19	0	0	0	0	1	0
1	40358838	40359088	1	shCd19	0	0	0	0	1	0
1	40393073	40393337	1	terminal	0	0	1	0	0	0
1	40393337	40393505	2	terminal,shCd19	0	0	1	0	1	0
1	40393505	40393741	3	terminal,shCd19,shRunx3	0	0	1	0	1	1
1	40393741	40393889	2	shCd19,shRunx3	0	0	0	0	1	1
1	40393889	40394309	1	shRunx3	0	0	0	0	0	1
1	40465652	40465952	1	shCd19	0	0	0	0	1	0
1	40515355	40515638	1	shRunx3	0	0	0	0	0	1
1	41979116	41979614	1	terminal	0	0	1	0	0	0
1	42126552	42126791	1	terminal	0	0	1	0	0	0
1	42604402	42604693	1	early	1	0	0	0	0	0
1	42689218	42689612	1	early	1	0	0	0	0	0
1	43070581	43071002	1	shCd19	0	0	0	0	1	0
1	43133009	43133242	1	shRunx3	0	0	0	0	0	1
1	43144501	43144934	1	shCd19	0	0	0	0	1	0
1	43236784	43236989	1	shRunx3	0	0	0	0	0	1
1	43768394	43768900	1	shCd19	0	0	0	0	1	0
1	43897055	43897603	1	shCd19	0	0	0	0	1	0
1	43933616	43933628	1	shCd19	0	0	0	0	1	0
1	43933628	43933644	2	shCd19,shRunx3	0	0	0	0	1	1
1	43933644	43933922	3	terminal,shCd19,shRunx3	0	0	1	0	1	1
1	43933922	43934183	2	terminal,shCd19	0	0	1	0	1	0
1	43934183	43934377	1	shCd19	0	0	0	0	1	0
1	44438293	44438557	1	shRunx3	0	0	0	0	0	1
1	44750894	44751259	1	terminal	0	0	1	0	0	0
1	45045268	45045542	1	terminal	0	0	1	0	0	0
1	45435838	45436346	1	early	1	0	0	0	0	0
1	46065451	46066053	1	memory	0	0	0	1	0	0
1	46172535	46172856	1	terminal	0	0	1	0	0	0
1	46839545	46839809	1	early	1	0	0	0	0	0
1	47137483	47137740	1	memory	0	0	0	1	0	0
1	47283628	47283868	1	memory	0	0	0	1	0	0
1	47481588	47481847	1	terminal	0	0	1	0	0	0
1	47743147	47743344	1	shRunx3	0	0	0	0	0	1
1	48033382	48033694	1	shCd19	0	0	0	0	1	0
1	48219298	48219670	1	memory	0	0	0	1	0	0
1	48772339	48772560	1	shRunx3	0	0	0	0	0	1
1	49014119	49014476	1	shCd19	0	0	0	0	1	0
1	49019502	49019875	1	shRunx3	0	0	0	0	0	1
1	49341235	49341601	1	late	0	1	0	0	0	0
1	49447865	49448407	1	memory	0	0	0	1	0	0
1	49807765	49808111	1	terminal	0	0	1	0	0	0
1	50829668	50829966	1	early	1	0	0	0	0	0
1	51569496	51570141	1	shCd19	0	0	0	0	1	0
1	51572499	51572870	1	shRunx3	0	0	0	0	0	1
1	51584263	51584340	1	shCd19	0	0	0	0	1	0
1	51584340	51585458	2	shCd19,shRunx3	0	0	0	0	1	1
1	51585458	51585686	1	shRunx3	0	0	0	0	0	1
1	51843318	51843662	1	shRunx3	0	0	0	0	0	1
1	52019324	52019742	1	shCd19	0	0	0	0	1	0
1	52019742	52020180	2	shCd19,shRunx3	0	0	0	0	1	1
1	52020180	52020234	1	shCd19	0	0	0	0	1	0
1	52040680	52041484	1	shRunx3	0	0	0	0	0	1
1	52118965	52119713	1	shCd19	0	0	0	0	1	0
1	53145891	53146389	1	shRunx3	0	0	0	0	0	1
1	53253415	53253734	1	early	1	0	0	0	0	0
1	53285718	53286022	1	shCd19	0	0	0	0	1	0
1	53784852	53785221	1	shCd19	0	0	0	0	1	0
1	53838414	53838908	1	shRunx3	0	0	0	0	0	1
1	53845138	53846332	1	shCd19	0	0	0	0	1	0
1	53946014	53946591	1	late	0	1	0	0	0	0
1	54014976	54015444	1	late	0	1	0	0	0	0
1	54075463	54075813	1	memory	0	0	0	1	0	0
1	54660511	54660947	1	shCd19	0	0	0	0	1	0
1	54863581	54863827	1	terminal	0	0	1	0	0	0
1	54870917	54871201	1	shRunx3	0	0	0	0	0	1
1	54871201	54871543	2	shCd19,shRunx3	0	0	0	0	1	1
1	54871543	54871766	1	shRunx3	0	0	0	0	0	1
1	54913534	54914039	1	shCd19	0	0	0	0	1	0
1	55086219	55086669	1	shRunx3	0	0	0	0	0	1
1	56199062	56199513	1	shRunx3	0	0	0	0	0	1
1	56491582	56491805	1	shRunx3	0	0	0	0	0	1
1	56790629	56791009	1	shRunx3	0	0	0	0	0	1
1	57377152	57377461	1	shRunx3	0	0	0	0	0	1
1	57609692	57610114	1	terminal	0	0	1	0	0	0
1	57625842	57626163	1	memory	0	0	0	1	0	0
1	57778234	57778599	1	late	0	1	0	0	0	0
1	58445125	58445480	1	shCd19	0	0	0	0	1	0
1	58712893	58713133	1	terminal	0	0	1	0	0	0
1	59907551	59907792	1	shRunx3	0	0	0	0	0	1
1	59912520	59913014	1	shRunx3	0	0	0	0	0	1
1	60075300	60075559	1	early	1	0	0	0	0	0
1	60111759	60112065	1	memory	0	0	0	1	0	0
1	60240630	60241049	1	shCd19	0	0	0	0	1	0
1	60498551	60499141	1	shCd19	0	0	0	0	1	0
1	60569026	60569493	1	shCd19	0	0	0	0	1	0
1	60697959	60698260	1	shRunx3	0	0	0	0	0	1
1	60761548	60761948	1	shRunx3	0	0	0	0	0	1
1	60858780	60859119	1	shRunx3	0	0	0	0	0	1
1	61049730	61050758	1	shCd19	0	0	0	0	1	0
1	61054517	61054972	1	shCd19	0	0	0	0	1	0
1	61095386	61095793	1	shCd19	0	0	0	0	1	0
1	61279822	61280116	1	shRunx3	0	0	0	0	0	1
1	61697153	61697672	1	late	0	1	0	0	0	0
1	61724660	61725083	1	shRunx3	0	0	0	0	0	1
1	61926435	61926706	1	terminal	0	0	1	0	0	0
1	62038229	62038517	1	memory	0	0	0	1	0	0
1	62084955	62085384	1	terminal	0	0	1	0	0	0
1	62207238	62207464	1	shRunx3	0	0	0	0	0	1
1	62791228	62791717	1	shRunx3	0	0	0	0	0	1
1	62875643	62876213	1	shCd19	0	0	0	0	1	0
1	62980090	62980643	1	shRunx3	0	0	0	0	0	1
1	63235974	63236204	1	shCd19	0	0	0	0	1	0
1	63681536	63681933	1	terminal	0	0	1	0	0	0
1	64000600	64001247	1	shCd19	0	0	0	0	1	0
1	64202902	64203141	1	shRunx3	0	0	0	0	0	1
1	64508360	64508858	1	shRunx3	0	0	0	0	0	1
1	64531702	64531816	1	shCd19	0	0	0	0	1	0
1	64531816	64532846	2	shCd19,shRunx3	0	0	0	0	1	1
1	64532846	64532871	1	shRunx3	0	0	0	0	0	1
1	64589569	64589885	1	memory	0	0	0	1	0	0
1	64783176	64783721	1	shRunx3	0	0	0	0	0	1
1	65178008	65179102	1	shCd19	0	0	0	0	1	0
1	66116105	66116478	1	late	0	1	0	0	0	0
1	66338047	66338324	1	late	0	1	0	0	0	0
1	66475237	66475711	1	terminal	0	0	1	0	0	0
1	66931400	66932441	1	shCd19	0	0	0	0	1	0
1	67038500	67038866	1	shCd19	0	0	0	0	1	0
1	67038866	67039342	2	shCd19,shRunx3	0	0	0	0	1	1
1	67039342	67039640	1	shCd19	0	0	0	0	1	0
1	67390011	67390349	1	memory	0	0	0	1	0	0
1	67941204	67941486	1	terminal	0	0	1	0	0	0
1	67946289	67946652	1	shCd19	0	0	0	0	1	0
1	68797262	68797519	1	shRunx3	0	0	0	0	0	1
1	69007270	69007728	1	shRunx3	0	0	0	0	0	1
1	69327313	69327709	1	shCd19	0	0	0	0	1	0
1	69587769	69588031	1	shRunx3	0	0	0	0	0	1
1	69603028	69603647	1	early	1	0	0	0	0	0
1	69876371	69876675	1	late	0	1	0	0	0	0
1	70281351	70281750	1	terminal	0	0	1	0	0	0
1	70376848	70377289	1	terminal	0	0	1	0	0	0
1	70536016	70536406	1	memory	0	0	0	1	0	0
1	70570955	70571474	1	shRunx3	0	0	0	0	0	1
1	71577020	71577428	1	shCd19	0	0	0	0	1	0
1	71800329	71800679	1	shRunx3	0	0	0	0	0	1
1	72006519	72006979	1	late	0	1	0	0	0	0
1	72042741	72043153	1	shRunx3	0	0	0	0	0	1
1	72434887	72435322	1	memory	0	0	0	1	0	0
1	72578789	72579048	1	early	1	0	0	0	0	0
1	72608137	72608445	1	memory	0	0	0	1	0	0
1	73001616	73001894	1	shRunx3	0	0	0	0	0	1
1	73526344	73526678	1	shRunx3	0	0	0	0	0	1
1	74007678	74008031	1	memory	0	0	0	1	0	0
1	74201058	74201073	1	shCd19	0	0	0	0	1	0
1	74201073	74201632	2	shCd19,shRunx3	0	0	0	0	1	1
1	74201632	74201763	1	shCd19	0	0	0	0	1	0
1	74587823	74588155	1	shCd19	0	0	0	0	1	0
1	74638455	74638827	1	late	0	1	0	0	0	0
1	74863078	74863385	1	memory	0	0	0	1	0	0
1	75124582	75125212	1	shCd19	0	0	0	0	1	0
1	75142441	75142706	1	terminal	0	0	1	0	0	0
1	75878053	75878351	1	memory	0	0	0	1	0	0
1	75903339	75903540	1	shRunx3	0	0	0	0	0	1
1	76030006	76030477	1	terminal	0	0	1	0	0	0
1	76723061	76723481	1	late	0	1	0	0	0	0
1	76960922	76961267	1	terminal	0	0	1	0	0	0
1	77236822	77237170	1	memory	0	0	0	1	0	0
1	77437128	77437409	1	terminal	0	0	1	0	0	0
1	77822668	77823021	1	late	0	1	0	0	0	0
1	78250060	78250389	1	early	1	0	0	0	0	0
1	78304963	78305210	1	terminal	0	0	1	0	0	0
1	78769701	78770019	1	shRunx3	0	0	0	0	0	1
1	79161654	79162113	1	memory	0	0	0	1	0	0
1	79164117	79164372	1	memory	0	0	0	1	0	0
1	79194964	79195242	1	memory	0	0	0	1	0	0
1	79242280	79242518	1	terminal	0	0	1	0	0	0
1	79307926	79308226	1	memory	0	0	0	1	0	0
1	79572155	79572555	1	memory	0	0	0	1	0	0
1	79677924	79678120	1	shCd19	0	0	0	0	1	0
1	79899230	79899564	1	early	1	0	0	0	0	0
1	80321369	80321655	1	shCd19	0	0	0	0	1	0
1	80635904	80636159	1	terminal	0	0	1	0	0	0
1	80746919	80747195	1	shCd19	0	0	0	0	1	0
1	80755485	80755814	1	shCd19	0	0	0	0	1	0
1	81076885	81077086	1	shRunx3	0	0	0	0	0	1
1	81321909	81322492	1	memory	0	0	0	1	0	0
1	81334685	81335080	1	terminal	0	0	1	0	0	0
1	81400769	81401300	1	shRunx3	0	0	0	0	0	1
1	81475353	81475708	1	shRunx3	0	0	0	0	0	1
1	81572638	81573013	1	memory	0	0	0	1	0	0
1	82274193	82274578	1	memory	0	0	0	1	0	0
1	82303925	82304182	1	memory	0	0	0	1	0	0
1	84018832	84019085	1	terminal	0	0	1	0	0	0
1	85732176	85732702	1	shCd19	0	0	0	0	1	0
1	85735492	85736232	1	shCd19	0	0	0	0	1	0
1	85743985	85744239	1	memory	0	0	0	1	0	0
1	85751714	85752527	1	shCd19	0	0	0	0	1	0
1	85913564	85913819	1	terminal	0	0	1	0	0	0
1	85983974	85984376	1	shRunx3	0	0	0	0	0	1
1	85998110	85998719	1	shRunx3	0	0	0	0	0	1
1	86005733	86006723	1	shCd19	0	0	0	0	1	0
1	86064383	86065174	1	shCd19	0	0	0	0	1	0
1	86154232	86154967	1	shCd19	0	0	0	0	1	0
1	86440694	86440919	1	shRunx3	0	0	0	0	0	1
1	86442157	86442853	1	shCd19	0	0	0	0	1	0
1	86549558	86549874	1	memory	0	0	0	1	0	0
1	87607539	87607548	1	shRunx3	0	0	0	0	0	1
1	87607548	87608133	2	shCd19,shRunx3	0	0	0	0	1	1
1	87608133	87608279	1	shCd19	0	0	0	0	1	0
1	87636907	87637134	1	shCd19	0	0	0	0	1	0
1	87637134	87637738	2	shCd19,shRunx3	0	0	0	0	1	1
1	87637738	87637753	1	shCd19	0	0	0	0	1	0
1	87640393	87640652	1	early	1	0	0	0	0	0
1	87828262	87828697	1	late	0	1	0	0	0	0
1	88654873	88654970	1	shCd19	0	0	0	0	1	0
1	88654970	88655235	2	terminal,shCd19	0	0	1	0	1	0
1	88655235	88655293	1	shCd19	0	0	0	0	1	0
1	90437373	90437755	1	terminal	0	0	1	0	0	0
1	90458771	90459025	1	shCd19	0	0	0	0	1	0
1	90567404	90567999	1	terminal	0	0	1	0	0	0
1	90677780	90678151	1	shCd19	0	0	0	0	1	0
1	90766314	90766765	1	shRunx3	0	0	0	0	0	1
1	90772095	90772478	1	late	0	1	0	0	0	0
1	91052790	91053407	1	shCd19	0	0	0	0	1	0
1	91091480	91091770	1	shRunx3	0	0	0	0	0	1
1	91298025	91298508	1	shCd19	0	0	0	0	1	0
1	91413205	91413535	1	shRunx3	0	0	0	0	0	1
1	91526994	91527301	1	memory	0	0	0	1	0	0
1	91974594	91974947	1	terminal	0	0	1	0	0	0
1	92180444	92180490	1	shRunx3	0	0	0	0	0	1
1	92180490	92180614	2	shCd19,shRunx3	0	0	0	0	1	1
1	92180614	92180863	3	terminal,shCd19,shRunx3	0	0	1	0	1	1
1	92180863	92180911	2	shCd19,shRunx3	0	0	0	0	1	1
1	92180911	92180924	1	shCd19	0	0	0	0	1	0
1	92401967	92402190	1	shCd19	0	0	0	0	1	0
1	92518552	92518929	1	late	0	1	0	0	0	0
1	92571946	92572263	1	memory	0	0	0	1	0	0
1	92636085	92636717	1	shRunx3	0	0	0	0	0	1
1	92640295	92640553	1	memory	0	0	0	1	0	0
1	92774638	92774970	1	shCd19	0	0	0	0	1	0
1	92934353	92934705	1	shRunx3	0	0	0	0	0	1
1	93156975	93157615	1	shCd19	0	0	0	0	1	0
1	93435816	93436289	1	shRunx3	0	0	0	0	0	1
1	93478503	93478809	1	memory	0	0	0	1	0	0
1	93635520	93635778	1	shCd19	0	0	0	0	1	0
1	93635778	93636186	2	shCd19,shRunx3	0	0	0	0	1	1
1	93636186	93636566	1	shRunx3	0	0	0	0	0	1
1	94034961	94035345	1	shRunx3	0	0	0	0	0	1
1	94042311	94042523	1	shCd19	0	0	0	0	1	0
1	94528272	94528645	1	terminal	0	0	1	0	0	0
1	94734025	94734408	1	memory	0	0	0	1	0	0
1	95557085	95557348	1	early	1	0	0	0	0	0
1	95703104	95703592	1	early	1	0	0	0	0	0
1	95712483	95712883	1	shRunx3	0	0	0	0	0	1
1	96134337	96134718	1	late	0	1	0	0	0	0
1	96679964	96680355	1	terminal	0	0	1	0	0	0
1	97052621	97052936	1	shCd19	0	0	0	0	1	0
1	97125135	97125688	1	late	0	1	0	0	0	0
1	97142067	97142317	1	memory	0	0	0	1	0	0
1	97330795	97331110	1	early	1	0	0	0	0	0
1	97369427	97369767	1	late	0	1	0	0	0	0
1	97544027	97544281	1	early	1	0	0	0	0	0
1	97659377	97660031	1	shCd19	0	0	0	0	1	0
1	99342247	99342626	1	memory	0	0	0	1	0	0
1	99697030	99697359	1	shRunx3	0	0	0	0	0	1
1	100458909	100459171	1	terminal	0	0	1	0	0	0
1	100558235	100558432	1	shRunx3	0	0	0	0	0	1
1	101367616	101368033	1	shCd19	0	0	0	0	1	0
1	101636331	101636638	1	late	0	1	0	0	0	0
1	102473336	102473672	1	early	1	0	0	0	0	0
1	103107128	103107384	1	shRunx3	0	0	0	0	0	1
1	103186972	103187249	1	shRunx3	0	0	0	0	0	1
1	103364266	103364575	1	memory	0	0	0	1	0	0
1	103634304	103634584	1	shRunx3	0	0	0	0	0	1
1	104402404	104403086	1	terminal	0	0	1	0	0	0
1	104802693	104803028	1	late	0	1	0	0	0	0
1	104844520	104844747	1	shCd19	0	0	0	0	1	0
1	104880113	104880502	1	late	0	1	0	0	0	0
1	105309038	105309282	1	shRunx3	0	0	0	0	0	1
1	105411973	105412231	1	early	1	0	0	0	0	0
1	105428171	105428639	1	terminal	0	0	1	0	0	0
1	105663293	105663946	1	shCd19	0	0	0	0	1	0
1	106515675	106515934	1	shCd19	0	0	0	0	1	0
1	107156722	107156981	1	early	1	0	0	0	0	0
1	109182834	109183419	1	terminal	0	0	1	0	0	0
1	110009710	110010061	1	late	0	1	0	0	0	0
1	110193708	110193980	1	early	1	0	0	0	0	0
1	110734121	110734343	1	shRunx3	0	0	0	0	0	1
1	111353671	111354054	1	shRunx3	0	0	0	0	0	1
1	111429007	111429301	1	early	1	0	0	0	0	0
1	111782653	111783056	1	shRunx3	0	0	0	0	0	1
1	112324112	112324505	1	memory	0	0	0	1	0	0
1	113840177	113840469	1	terminal	0	0	1	0	0	0
1	116011500	116012024	1	early	1	0	0	0	0	0
1	116567780	116568179	1	shRunx3	0	0	0	0	0	1
1	116577321	116577585	1	memory	0	0	0	1	0	0
1	116587153	116587389	1	shRunx3	0	0	0	0	0	1
1	117081258	117081758	1	late	0	1	0	0	0	0
1	117150415	117150871	1	memory	0	0	0	1	0	0
1	118180009	118180323	1	shRunx3	0	0	0	0	0	1
1	118868760	118869052	1	terminal	0	0	1	0	0	0
1	118967213	118967836	1	memory	0	0	0	1	0	0
1	119251808	119252008	1	shRunx3	0	0	0	0	0	1
1	119424803	119425051	1	shRunx3	0	0	0	0	0	1
1	119708170	119708663	1	terminal	0	0	1	0	0	0
1	119837046	119837677	1	shCd19	0	0	0	0	1	0
1	119961353	119961630	1	terminal	0	0	1	0	0	0
1	120262027	120262591	1	terminal	0	0	1	0	0	0
1	120482499	120482709	1	shRunx3	0	0	0	0	0	1
1	121141005	121141327	1	shRunx3	0	0	0	0	0	1
1	121438056	121438500	1	terminal	0	0	1	0	0	0
1	121566034	121566420	1	shRunx3	0	0	0	0	0	1
1	121792790	121793155	1	terminal	0	0	1	0	0	0
1	121887064	121887420	1	terminal	0	0	1	0	0	0
1	122077674	122077972	1	early	1	0	0	0	0	0
1	123354041	123354387	1	memory	0	0	0	1	0	0
1	123834309	123834776	1	late	0	1	0	0	0	0
1	124545601	124546114	1	shRunx3	0	0	0	0	0	1
1	124641332	124641559	1	shRunx3	0	0	0	0	0	1
1	124894985	124895255	1	shCd19	0	0	0	0	1	0
1	125158006	125158351	1	late	0	1	0	0	0	0
1	125216984	125217318	1	memory	0	0	0	1	0	0
1	125350273	125350608	1	shRunx3	0	0	0	0	0	1
1	125443819	125444114	1	shRunx3	0	0	0	0	0	1
1	125467690	125467888	1	early	1	0	0	0	0	0
1	125467888	125468083	2	early,shCd19	1	0	0	0	1	0
1	125468083	125468225	1	shCd19	0	0	0	0	1	0
1	125518830	125519154	1	shRunx3	0	0	0	0	0	1
1	125784673	125784916	1	shRunx3	0	0	0	0	0	1
1	125997746	125998104	1	memory	0	0	0	1	0	0
1	126119322	126119752	1	memory	0	0	0	1	0	0
1	127239204	127239467	1	shRunx3	0	0	0	0	0	1
1	127429863	127430166	1	shRunx3	0	0	0	0	0	1
1	127646169	127646670	1	shCd19	0	0	0	0	1	0
1	127672595	127672907	1	memory	0	0	0	1	0	0
1	127773722	127774265	1	shCd19	0	0	0	0	1	0
1	128050495	128050775	1	late	0	1	0	0	0	0
1	128102806	128103559	1	shCd19	0	0	0	0	1	0
1	128446593	128447472	1	shCd19	0	0	0	0	1	0
1	128548554	128549950	1	shCd19	0	0	0	0	1	0
1	128614470	128615621	1	shCd19	0	0	0	0	1	0
1	128786954	128787030	1	shRunx3	0	0	0	0	0	1
1	128787030	128787458	2	shCd19,shRunx3	0	0	0	0	1	1
1	128787458	128787560	1	shCd19	0	0	0	0	1	0
1	128830270	128831536	1	shCd19	0	0	0	0	1	0
1	129231061	129231358	1	early	1	0	0	0	0	0
1	129245278	129245780	1	shRunx3	0	0	0	0	0	1
1	129581549	129581782	1	shRunx3	0	0	0	0	0	1
1	129584767	129585193	1	terminal	0	0	1	0	0	0
1	130355164	130355451	1	early	1	0	0	0	0	0
1	130546459	130546808	1	late	0	1	0	0	0	0
1	130749327	130749757	1	shRunx3	0	0	0	0	0	1
1	131184202	131184835	1	shCd19	0	0	0	0	1	0
1	131194988	131195435	1	terminal	0	0	1	0	0	0
1	131526999	131528008	1	shCd19	0	0	0	0	1	0
1	131607921	131608185	1	early	1	0	0	0	0	0
1	131637880	131638307	1	shCd19	0	0	0	0	1	0
1	131665358	131665727	1	shCd19	0	0	0	0	1	0
1	132010594	132010760	1	shRunx3	0	0	0	0	0	1
1	132010760	132011142	2	shCd19,shRunx3	0	0	0	0	1	1
1	132011142	132011396	1	shRunx3	0	0	0	0	0	1
1	132417102	132417382	1	shRunx3	0	0	0	0	0	1
1	132476488	132476942	1	shCd19	0	0	0	0	1	0
1	132526733	132527111	1	shRunx3	0	0	0	0	0	1
1	132657817	132658177	1	memory	0	0	0	1	0	0
1	132869533	132869914	1	terminal	0	0	1	0	0	0
1	133075281	133075759	1	memory	0	0	0	1	0	0
1	133078317	133078569	1	memory	0	0	0	1	0	0
1	133690112	133690603	1	shCd19	0	0	0	0	1	0
1	133694786	133695087	1	shRunx3	0	0	0	0	0	1
1	133801350	133801557	1	shRunx3	0	0	0	0	0	1
1	133815891	133816323	1	shCd19	0	0	0	0	1	0
1	134060675	134061351	1	shCd19	0	0	0	0	1	0
1	134063427	134063960	1	shCd19	0	0	0	0	1	0
1	134077141	134077585	1	shRunx3	0	0	0	0	0	1
1	134082618	134083619	1	shCd19	0	0	0	0	1	0
1	134092822	134093969	1	shRunx3	0	0	0	0	0	1
1	134264698	134264967	1	memory	0	0	0	1	0	0
1	134702080	134702476	1	terminal	0	0	1	0	0	0
1	134955666	134956011	1	shRunx3	0	0	0	0	0	1
1	135237395	135237650	1	memory	0	0	0	1	0	0
1	135267898	135268529	1	shCd19	0	0	0	0	1	0
1	136054942	136055181	1	shCd19	0	0	0	0	1	0
1	136121880	136122432	1	shRunx3	0	0	0	0	0	1
1	136131106	136131599	1	shCd19	0	0	0	0	1	0
1	136135245	136136289	1	shRunx3	0	0	0	0	0	1
1	136139835	136139859	1	shCd19	0	0	0	0	1	0
1	136139859	136140077	2	shCd19,shRunx3	0	0	0	0	1	1
1	136140077	136140094	3	terminal,shCd19,shRunx3	0	0	1	0	1	1
1	136140094	136140407	4	late,terminal,shCd19,shRunx3	0	1	1	0	1	1
1	136140407	136140415	2	shCd19,shRunx3	0	0	0	0	1	1
1	136140415	136140723	1	shRunx3	0	0	0	0	0	1
1	136375738	136376060	1	memory	0	0	0	1	0	0
1	136414922	136415520	1	shCd19	0	0	0	0	1	0
1	136642858	136643434	1	memory	0	0	0	1	0	0
1	137449474	137449774	1	memory	0	0	0	1	0	0
1	138135870	138136965	1	shCd19	0	0	0	0	1	0
1	138175252	138175872	1	memory	0	0	0	1	0	0
1	138191488	138191506	1	shRunx3	0	0	0	0	0	1
1	138191506	138192429	2	shCd19,shRunx3	0	0	0	0	1	1
1	138192429	138192566	1	shCd19	0	0	0	0	1	0
1	138313940	138314249	1	shRunx3	0	0	0	0	0	1
1	138503013	138503664	1	late	0	1	0	0	0	0
1	138559403	138560026	1	shCd19	0	0	0	0	1	0
1	138930818	138931337	1	shCd19	0	0	0	0	1	0
1	138939823	138940260	1	shCd19	0	0	0	0	1	0
1	139027870	139028287	1	terminal	0	0	1	0	0	0
1	139091443	139091807	1	terminal	0	0	1	0	0	0
1	139984560	139984978	1	terminal	0	0	1	0	0	0
1	140042827	140043051	1	shRunx3	0	0	0	0	0	1
1	140557004	140557424	1	late	0	1	0	0	0	0
1	140631979	140632311	1	shCd19	0	0	0	0	1	0
1	140730182	140730455	1	memory	0	0	0	1	0	0
1	141536502	141536726	1	shRunx3	0	0	0	0	0	1
1	142004918	142005292	1	terminal	0	0	1	0	0	0
1	142192202	142192672	1	memory	0	0	0	1	0	0
1	142275262	142275544	1	late	0	1	0	0	0	0
1	142337569	142337968	1	late	0	1	0	0	0	0
1	142595715	142596014	1	early	1	0	0	0	0	0
1	142634252	142634667	1	memory	0	0	0	1	0	0
1	143031866	143032220	1	shRunx3	0	0	0	0	0	1
1	143720147	143720531	1	shRunx3	0	0	0	0	0	1
1	143852322	143852645	1	late	0	1	0	0	0	0
1	144028021	144028286	1	terminal	0	0	1	0	0	0
1	144243250	144243768	1	shCd19	0	0	0	0	1	0
1	144307605	144308530	1	shCd19	0	0	0	0	1	0
1	144355794	144355801	1	shCd19	0	0	0	0	1	0
1	144355801	144356290	2	terminal,shCd19	0	0	1	0	1	0
1	144356290	144356336	1	terminal	0	0	1	0	0	0
1	144688678	144689234	1	late	0	1	0	0	0	0
1	144804775	144805099	1	shCd19	0	0	0	0	1	0
1	144840386	144840770	1	terminal	0	0	1	0	0	0
1	145107209	145107636	1	shRunx3	0	0	0	0	0	1
1	145716082	145716512	1	late	0	1	0	0	0	0
1	146069411	146069685	1	terminal	0	0	1	0	0	0
1	146618223	146618523	1	late	0	1	0	0	0	0
1	146751767	146752124	1	memory	0	0	0	1	0	0
1	147257146	147257548	1	terminal	0	0	1	0	0	0
1	147712636	147712955	1	shCd19	0	0	0	0	1	0
1	147989850	147990226	1	memory	0	0	0	1	0	0
1	148596745	148597082	1	memory	0	0	0	1	0	0
1	148771727	148772114	1	early	1	0	0	0	0	0
1	148811753	148811955	1	shRunx3	0	0	0	0	0	1
1	149129670	149130032	1	memory	0	0	0	1	0	0
1	149308904	149309341	1	early	1	0	0	0	0	0
1	149331983	149332239	1	early	1	0	0	0	0	0
1	149339216	149339438	1	shCd19	0	0	0	0	1	0
1	149356367	149356653	1	memory	0	0	0	1	0	0
1	149530361	149530708	1	shRunx3	0	0	0	0	0	1
1	149572081	149572281	1	shRunx3	0	0	0	0	0	1
1	150549449	150549807	1	early	1	0	0	0	0	0
1	151156526	151156856	1	shRunx3	0	0	0	0	0	1
1	151682879	151683499	1	shCd19	0	0	0	0	1	0
1	151878710	151879348	1	late	0	1	0	0	0	0
1	152008459	152009307	1	shCd19	0	0	0	0	1	0
1	152010436	152010884	1	shCd19	0	0	0	0	1	0
1	152511916	152512164	1	terminal	0	0	1	0	0	0
1	152720752	152721235	1	late	0	1	0	0	0	0
1	152963696	152963952	1	shRunx3	0	0	0	0	0	1
1	153084984	153084998	1	shCd19	0	0	0	0	1	0
1	153084998	153085395	2	terminal,shCd19	0	0	1	0	1	0
1	153085395	153085919	1	shCd19	0	0	0	0	1	0
1	153086744	153087116	1	memory	0	0	0	1	0	0
1	153140365	153140846	1	late	0	1	0	0	0	0
1	153320340	153320681	1	shCd19	0	0	0	0	1	0
1	153617219	153618009	1	shCd19	0	0	0	0	1	0
1	153631298	153631615	1	shCd19	0	0	0	0	1	0
1	153723186	153723434	1	shCd19	0	0	0	0	1	0
1	153723434	153723586	2	shCd19,shRunx3	0	0	0	0	1	1
1	153723586	153723821	1	shRunx3	0	0	0	0	0	1
1	155040246	155040551	1	shCd19	0	0	0	0	1	0
1	155172715	155173029	1	shRunx3	0	0	0	0	0	1
1	155173029	155173682	2	shCd19,shRunx3	0	0	0	0	1	1
1	155173682	155173970	1	shCd19	0	0	0	0	1	0
1	155214793	155215089	1	late	0	1	0	0	0	0
1	155963328	155963561	1	shRunx3	0	0	0	0	0	1
1	155972935	155973232	1	shRunx3	0	0	0	0	0	1
1	155973232	155973355	2	shCd19,shRunx3	0	0	0	0	1	1
1	155973355	155973358	3	memory,shCd19,shRunx3	0	0	0	1	1	1
1	155973358	155973676	4	terminal,memory,shCd19,shRunx3	0	0	1	1	1	1
1	155973676	155973757	3	terminal,shCd19,shRunx3	0	0	1	0	1	1
1	155973757	155974030	2	shCd19,shRunx3	0	0	0	0	1	1
1	155974030	155974235	1	shCd19	0	0	0	0	1	0
1	156615208	156615521	1	shRunx3	0	0	0	0	0	1
1	156615521	156615822	2	shCd19,shRunx3	0	0	0	0	1	1
1	156615822	156616126	1	shRunx3	0	0	0	0	0	1
1	156718654	156719064	1	shRunx3	0	0	0	0	0	1
1	156752268	156753170	1	shCd19	0	0	0	0	1	0
1	156916120	156916461	1	early	1	0	0	0	0	0
1	158234514	158234879	1	early	1	0	0	0	0	0
1	158277893	158278223	1	shRunx3	0	0	0	0	0	1
1	159269866	159270233	1	memory	0	0	0	1	0	0
1	160008217	160008524	1	memory	0	0	0	1	0	0
1	160044523	160044979	1	shCd19	0	0	0	0	1	0
1	160213038	160213349	1	shCd19	0	0	0	0	1	0
1	160657504	160657896	1	memory	0	0	0	1	0	0
1	160810601	160810811	1	shRunx3	0	0	0	0	0	1
1	160906022	160906720	1	shCd19	0	0	0	0	1	0
1	161070664	161070970	1	shRunx3	0	0	0	0	0	1
1	161250922	161251019	1	shRunx3	0	0	0	0	0	1
1	161251019	161251191	2	shCd19,shRunx3	0	0	0	0	1	1
1	161251191	161251257	3	terminal,shCd19,shRunx3	0	0	1	0	1	1
1	161251257	161251293	4	late,terminal,shCd19,shRunx3	0	1	1	0	1	1
1	161251293	161251522	5	late,terminal,memory,shCd19,shRunx3	0	1	1	1	1	1
1	161251522	161251549	4	late,terminal,memory,shCd19	0	1	1	1	1	0
1	161251549	161251561	3	late,terminal,shCd19	0	1	1	0	1	0
1	161251561	161251576	2	late,shCd19	0	1	0	0	1	0
1	161251576	161251852	1	shCd19	0	0	0	0	1	0
1	161734345	161734516	1	shRunx3	0	0	0	0	0	1
1	161734516	161734522	2	shCd19,shRunx3	0	0	0	0	1	1
1	161734522	161734918	3	terminal,shCd19,shRunx3	0	0	1	0	1	1
1	161734918	161735064	2	terminal,shCd19	0	0	1	0	1	0
1	161735064	161735623	1	shCd19	0	0	0	0	1	0
1	161744764	161745488	1	shRunx3	0	0	0	0	0	1
1	161766463	161767422	1	shCd19	0	0	0	0	1	0
1	161794601	161794738	1	shCd19	0	0	0	0	1	0
1	161794738	161795023	2	shCd19,shRunx3	0	0	0	0	1	1
1	161795023	161795050	1	shCd19	0	0	0	0	1	0
1	161804591	161805062	1	shCd19	0	0	0	0	1	0
1	161876823	161877523	1	shCd19	0	0	0	0	1	0
1	161886831	161887204	1	late	0	1	0	0	0	0
1	162612835	162613247	1	late	0	1	0	0	0	0
1	162747662	162747925	1	memory	0	0	0	1	0	0
1	163155528	163156204	1	shCd19	0	0	0	0	1	0
1	163216211	163216459	1	shRunx3	0	0	0	0	0	1
1	163310347	163310795	1	late	0	1	0	0	0	0
1	163857530	163857986	1	early	1	0	0	0	0	0
1	163930564	163930794	1	shCd19	0	0	0	0	1	0
1	164110699	164111107	1	shRunx3	0	0	0	0	0	1
1	164177988	164178384	1	early	1	0	0	0	0	0
1	164248596	164249250	1	shRunx3	0	0	0	0	0	1
1	164966193	164966450	1	terminal	0	0	1	0	0	0
1	164970106	164970475	1	memory	0	0	0	1	0	0
1	165174228	165174437	1	shCd19	0	0	0	0	1	0
1	165255112	165255454	1	shRunx3	0	0	0	0	0	1
1	165634205	165634622	1	shCd19	0	0	0	0	1	0
1	165700173	165701325	1	shCd19	0	0	0	0	1	0
1	165848945	165849302	1	shRunx3	0	0	0	0	0	1
1	166077024	166077308	1	early	1	0	0	0	0	0
1	166437355	166437760	1	early	1	0	0	0	0	0
1	166908415	166908693	1	terminal	0	0	1	0	0	0
1	168043979	168044270	1	terminal	0	0	1	0	0	0
1	168079930	168080368	1	shCd19	0	0	0	0	1	0
1	168527767	168527972	1	shRunx3	0	0	0	0	0	1
1	168923876	168924158	1	memory	0	0	0	1	0	0
1	169009987	169010315	1	early	1	0	0	0	0	0
1	169328307	169328583	1	memory	0	0	0	1	0	0
1	169458116	169459302	1	terminal	0	0	1	0	0	0
1	169467233	169467601	1	shRunx3	0	0	0	0	0	1
1	169652176	169652443	1	shCd19	0	0	0	0	1	0
1	169968997	169969616	1	shCd19	0	0	0	0	1	0
1	170125707	170125997	1	memory	0	0	0	1	0	0
1	170473355	170473561	1	shRunx3	0	0	0	0	0	1
1	170652198	170652557	1	terminal	0	0	1	0	0	0
1	170972456	170972935	1	shCd19	0	0	0	0	1	0
1	171150357	171150936	1	shCd19	0	0	0	0	1	0
1	171388356	171388877	1	shCd19	0	0	0	0	1	0
1	171503178	171503430	1	shRunx3	0	0	0	0	0	1
1	171593363	171593710	1	memory	0	0	0	1	0	0
1	171628705	171628832	1	shCd19	0	0	0	0	1	0
1	171628832	171629009	2	shCd19,shRunx3	0	0	0	0	1	1
1	171629009	171629063	3	terminal,shCd19,shRunx3	0	0	1	0	1	1
1	171629063	171629681	4	early,terminal,shCd19,shRunx3	1	0	1	0	1	1
1	171629681	171629811	3	terminal,shCd19,shRunx3	0	0	1	0	1	1
1	171629811	171629874	2	terminal,shRunx3	0	0	1	0	0	1
1	171629874	171629941	1	terminal	0	0	1	0	0	0
1	171643579	171643979	1	shCd19	0	0	0	0	1	0
1	171761732	171762092	1	shCd19	0	0	0	0	1	0
1	171762092	171762315	2	shCd19,shRunx3	0	0	0	0	1	1
1	171762315	171762400	1	shCd19	0	0	0	0	1	0
1	171778181	171778419	1	shRunx3	0	0	0	0	0	1
1	171781164	171781504	1	shRunx3	0	0	0	0	0	1
1	171974283	171974550	1	memory	0	0	0	1	0	0
1	172070236	172070642	1	memory	0	0	0	1	0	0
1	172514077	172514370	1	shRunx3	0	0	0	0	0	1
1	172515100	172515298	1	shRunx3	0	0	0	0	0	1
1	172886944	172887432	1	shCd19	0	0	0	0	1	0
1	173281772	173282178	1	memory	0	0	0	1	0	0
1	173282204	173282537	1	shRunx3	0	0	0	0	0	1
1	173437212	173437962	1	shCd19	0	0	0	0	1	0
1	173463367	173463765	1	shRunx3	0	0	0	0	0	1
1	173474210	173474727	1	late	0	1	0	0	0	0
1	173912993	173913421	1	shCd19	0	0	0	0	1	0
1	174667495	174667698	1	shRunx3	0	0	0	0	0	1
1	175496104	175496621	1	memory	0	0	0	1	0	0
1	175758657	175758903	1	memory	0	0	0	1	0	0
1	176517917	176518168	1	memory	0	0	0	1	0	0
1	176814074	176814530	1	shCd19	0	0	0	0	1	0
1	176814530	176814688	2	memory,shCd19	0	0	0	1	1	0
1	176814688	176815403	1	memory	0	0	0	1	0	0
1	177162637	177162866	1	shRunx3	0	0	0	0	0	1
1	177180595	177180988	1	memory	0	0	0	1	0	0
1	177441375	177441786	1	shRunx3	0	0	0	0	0	1
1	177864538	177864914	1	terminal	0	0	1	0	0	0
1	178572063	178572437	1	late	0	1	0	0	0	0
1	178786098	178786411	1	terminal	0	0	1	0	0	0
1	179559469	179560273	1	shRunx3	0	0	0	0	0	1
1	179688899	179689294	1	shRunx3	0	0	0	0	0	1
1	180146888	180147280	1	late	0	1	0	0	0	0
1	180365278	180365333	1	shRunx3	0	0	0	0	0	1
1	180365333	180365633	2	shCd19,shRunx3	0	0	0	0	1	1
1	180365633	180365711	1	shRunx3	0	0	0	0	0	1
1	180635002	180635395	1	late	0	1	0	0	0	0
1	180718334	180718537	1	shRunx3	0	0	0	0	0	1
1	180810497	180810866	1	late	0	1	0	0	0	0
1	180850355	180850616	1	shCd19	0	0	0	0	1	0
1	180850616	180850897	2	shCd19,shRunx3	0	0	0	0	1	1
1	180850897	180851619	1	shCd19	0	0	0	0	1	0
1	181246984	181247889	1	shCd19	0	0	0	0	1	0
1	181829926	181830134	1	shRunx3	0	0	0	0	0	1
1	181860419	181861359	1	shCd19	0	0	0	0	1	0
1	182254885	182255252	1	terminal	0	0	1	0	0	0
1	182255327	182255530	1	shRunx3	0	0	0	0	0	1
1	182308919	182309280	1	memory	0	0	0	1	0	0
1	182432285	182433194	1	shCd19	0	0	0	0	1	0
1	182668322	182668712	1	shRunx3	0	0	0	0	0	1
1	182849166	182849443	1	shRunx3	0	0	0	0	0	1
1	182989000	182989266	1	memory	0	0	0	1	0	0
1	183297027	183297289	1	shCd19	0	0	0	0	1	0
1	183908295	183908584	1	terminal	0	0	1	0	0	0
1	184005315	184005532	1	shCd19	0	0	0	0	1	0
1	184005532	184005802	2	shCd19,shRunx3	0	0	0	0	1	1
1	184005802	184006196	1	shCd19	0	0	0	0	1	0
1	184534291	184534633	1	shCd19	0	0	0	0	1	0
1	184857603	184857971	1	memory	0	0	0	1	0	0
1	185255741	185256004	1	terminal	0	0	1	0	0	0
1	185288004	185288320	1	late	0	1	0	0	0	0
1	185594149	185594418	1	shRunx3	0	0	0	0	0	1
1	186075944	186076306	1	terminal	0	0	1	0	0	0
1	186964285	186964530	1	shRunx3	0	0	0	0	0	1
1	187520521	187520830	1	terminal	0	0	1	0	0	0
1	187550253	187550509	1	shCd19	0	0	0	0	1	0
1	187614848	187615255	1	memory	0	0	0	1	0	0
1	187983315	187983667	1	shRunx3	0	0	0	0	0	1
1	188346766	188347148	1	shCd19	0	0	0	0	1	0
1	188373518	188373944	1	memory	0	0	0	1	0	0
1	188726871	188727167	1	terminal	0	0	1	0	0	0
1	188874745	188875084	1	shRunx3	0	0	0	0	0	1
1	189086366	189086670	1	terminal	0	0	1	0	0	0
1	189334543	189334799	1	terminal	0	0	1	0	0	0
1	189748611	189748977	1	early	1	0	0	0	0	0
1	189817036	189817285	1	shCd19	0	0	0	0	1	0
1	189944043	189944374	1	late	0	1	0	0	0	0
1	191026143	191026180	1	shCd19	0	0	0	0	1	0
1	191026180	191026550	2	shCd19,shRunx3	0	0	0	0	1	1
1	191026550	191026708	1	shCd19	0	0	0	0	1	0
1	191060596	191060836	1	shRunx3	0	0	0	0	0	1
1	191079076	191079573	1	terminal	0	0	1	0	0	0
1	191099631	191099963	1	terminal	0	0	1	0	0	0
1	191197936	191198685	1	early	1	0	0	0	0	0
1	191341102	191341426	1	shCd19	0	0	0	0	1	0
1	191369305	191369334	1	terminal	0	0	1	0	0	0
1	191369334	191369654	2	terminal,shCd19	0	0	1	0	1	0
1	191369654	191369656	1	shCd19	0	0	0	0	1	0
1	191575284	191576022	1	shCd19	0	0	0	0	1	0
1	192537991	192538343	1	terminal	0	0	1	0	0	0
1	192808011	192808343	1	late	0	1	0	0	0	0
1	192849087	192849353	1	terminal	0	0	1	0	0	0
1	193200842	193200863	1	shRunx3	0	0	0	0	0	1
1	193200863	193200955	2	terminal,shRunx3	0	0	1	0	0	1
1	193200955	193201474	3	terminal,shCd19,shRunx3	0	0	1	0	1	1
1	193201474	193201914	2	shCd19,shRunx3	0	0	0	0	1	1
1	193201914	193201959	1	shRunx3	0	0	0	0	0	1
1	193264137	193264429	1	shCd19	0	0	0	0	1	0
1	193329003	193329975	1	shCd19	0	0	0	0	1	0
1	194316109	194316500	1	early	1	0	0	0	0	0
1	194729392	194729590	1	shRunx3	0	0	0	0	0	1
1	194860860	194861196	1	memory	0	0	0	1	0	0
10	3466208	3466608	1	late	0	1	0	0	0	0
10	3862218	3862498	1	terminal	0	0	1	0	0	0
10	4284173	4284753	1	shCd19	0	0	0	0	1	0
10	4373425	4373680	1	shRunx3	0	0	0	0	0	1
10	4384906	4385126	1	shCd19	0	0	0	0	1	0
10	4652944	4653220	1	early	1	0	0	0	0	0
10	6423152	6423766	1	early	1	0	0	0	0	0
10	7069190	7069552	1	early	1	0	0	0	0	0
10	7079879	7080336	1	shCd19	0	0	0	0	1	0
10	7789421	7790264	1	memory	0	0	0	1	0	0
10	8019732	8020083	1	terminal	0	0	1	0	0	0
10	8517536	8518070	1	shCd19	0	0	0	0	1	0
10	8792611	8792949	1	memory	0	0	0	1	0	0
10	8929914	8930381	1	shRunx3	0	0	0	0	0	1
10	9095103	9095351	1	memory	0	0	0	1	0	0
10	9725017	9725229	1	shRunx3	0	0	0	0	0	1
10	10149850	10150206	1	shRunx3	0	0	0	0	0	1
10	10645267	10645592	1	shRunx3	0	0	0	0	0	1
10	11887327	11887754	1	early	1	0	0	0	0	0
10	12634291	12634807	1	shRunx3	0	0	0	0	0	1
10	12813074	12814011	1	shCd19	0	0	0	0	1	0
10	12952277	12952662	1	shRunx3	0	0	0	0	0	1
10	13056895	13057224	1	shRunx3	0	0	0	0	0	1
10	13213048	13213384	1	shRunx3	0	0	0	0	0	1
10	13329754	13329981	1	shRunx3	0	0	0	0	0	1
10	13602748	13603137	1	shRunx3	0	0	0	0	0	1
10	14044969	14045267	1	shCd19	0	0	0	0	1	0
10	14518247	14518831	1	shRunx3	0	0	0	0	0	1
10	14729849	14730197	1	shRunx3	0	0	0	0	0	1
10	14965697	14966030	1	early	1	0	0	0	0	0
10	14996640	14996999	1	early	1	0	0	0	0	0
10	15863708	15863955	1	shRunx3	0	0	0	0	0	1
10	16165220	16165799	1	memory	0	0	0	1	0	0
10	16279884	16280242	1	late	0	1	0	0	0	0
10	16421234	16421447	1	shRunx3	0	0	0	0	0	1
10	17175770	17176227	1	early	1	0	0	0	0	0
10	17722666	17723449	1	shCd19	0	0	0	0	1	0
10	17727556	17727961	1	late	0	1	0	0	0	0
10	17795574	17796155	1	shCd19	0	0	0	0	1	0
10	17987936	17987939	1	shCd19	0	0	0	0	1	0
10	17987939	17987941	2	terminal,shCd19	0	0	1	0	1	0
10	17987941	17988242	3	terminal,shCd19,shRunx3	0	0	1	0	1	1
10	17988242	17988471	2	terminal,shCd19	0	0	1	0	1	0
10	17988471	17988674	1	terminal	0	0	1	0	0	0
10	18220307	18220810	1	late	0	1	0	0	0	0
10	19062097	19062951	1	shCd19	0	0	0	0	1	0
10	19104440	19104804	1	shCd19	0	0	0	0	1	0
10	19104804	19104816	2	shCd19,shRunx3	0	0	0	0	1	1
10	19104816	19105102	3	memory,shCd19,shRunx3	0	0	0	1	1	1
10	19105102	19105109	2	memory,shCd19	0	0	0	1	1	0
10	19105109	19105211	1	shCd19	0	0	0	0	1	0
10	19171962	19172332	1	shCd19	0	0	0	0	1	0
10	19247771	19248078	1	late	0	1	0	0	0	0
10	19510291	19511123	1	late	0	1	0	0	0	0
10	19577810	19577848	1	shCd19	0	0	0	0	1	0
10	19577848	19578559	2	shCd19,shRunx3	0	0	0	0	1	1
10	19578559	19578577	1	shRunx3	0	0	0	0	0	1
10	19591546	19592274	1	shCd19	0	0	0	0	1	0
10	19822576	19823021	1	memory	0	0	0	1	0	0
10	19928267	19928658	1	shRunx3	0	0	0	0	0	1
10	20062057	20062543	1	shRunx3	0	0	0	0	0	1
10	20312071	20312082	1	early	1	0	0	0	0	0
10	20312082	20312383	2	early,shCd19	1	0	0	0	1	0
10	20312383	20312760	1	shCd19	0	0	0	0	1	0
10	20424359	20424612	1	shCd19	0	0	0	0	1	0
10	20835000	20835271	1	shCd19	0	0	0	0	1	0
10	21204394	21205218	1	shCd19	0	0	0	0	1	0
10	21226292	21226595	1	shCd19	0	0	0	0	1	0
10	21862127	21862476	1	memory	0	0	0	1	0	0
10	21905600	21905857	1	shRunx3	0	0	0	0	0	1
10	21905857	21905863	2	shCd19,shRunx3	0	0	0	0	1	1
10	21905863	21906123	3	terminal,shCd19,shRunx3	0	0	1	0	1	1
10	21906123	21906139	1	shCd19	0	0	0	0	1	0
10	22959994	22960275	1	memory	0	0	0	1	0	0
10	23259933	23260321	1	shRunx3	0	0	0	0	0	1
10	23597633	23598073	1	early	1	0	0	0	0	0
10	24044638	24044904	1	shRunx3	0	0	0	0	0	1
10	24158860	24159177	1	early	1	0	0	0	0	0
10	24353917	24354248	1	late	0	1	0	0	0	0
10	24754256	24754472	1	shRunx3	0	0	0	0	0	1
10	24775059	24775303	1	shRunx3	0	0	0	0	0	1
10	25162925	25163269	1	memory	0	0	0	1	0	0
10	25498858	25499429	1	early	1	0	0	0	0	0
10	26464324	26465024	1	late	0	1	0	0	0	0
10	26638880	26639194	1	shRunx3	0	0	0	0	0	1
10	26799391	26799415	1	shCd19	0	0	0	0	1	0
10	26799415	26799426	2	shCd19,shRunx3	0	0	0	0	1	1
10	26799426	26799646	3	terminal,shCd19,shRunx3	0	0	1	0	1	1
10	26799646	26799922	2	terminal,shCd19	0	0	1	0	1	0
10	27319215	27319546	1	memory	0	0	0	1	0	0
10	27480966	27481346	1	early	1	0	0	0	0	0
10	27561169	27561721	1	terminal	0	0	1	0	0	0
10	27645875	27646073	1	shRunx3	0	0	0	0	0	1
10	27925890	27926325	1	late	0	1	0	0	0	0
10	28445818	28446097	1	shCd19	0	0	0	0	1	0
10	28599293	28599672	1	late	0	1	0	0	0	0
10	29050698	29050927	1	shRunx3	0	0	0	0	0	1
10	29170236	29170550	1	shRunx3	0	0	0	0	0	1
10	29474694	29474972	1	late	0	1	0	0	0	0
10	29543376	29543721	1	shRunx3	0	0	0	0	0	1
10	29557579	29558436	1	memory	0	0	0	1	0	0
10	29644899	29645185	1	shCd19	0	0	0	0	1	0
10	29792035	29792240	1	shRunx3	0	0	0	0	0	1
10	29825533	29825802	1	shRunx3	0	0	0	0	0	1
10	30362380	30362794	1	late	0	1	0	0	0	0
10	30368267	30368535	1	terminal	0	0	1	0	0	0
10	31873860	31874308	1	early	1	0	0	0	0	0
10	32250412	32251079	1	terminal	0	0	1	0	0	0
10	32814551	32814895	1	early	1	0	0	0	0	0
10	33339659	33339928	1	shCd19	0	0	0	0	1	0
10	34054292	34054671	1	memory	0	0	0	1	0	0
10	34280949	34281216	1	terminal	0	0	1	0	0	0
10	34281785	34281841	1	terminal	0	0	1	0	0	0
10	34281841	34281853	2	terminal,shCd19	0	0	1	0	1	0
10	34281853	34282313	3	terminal,shCd19,shRunx3	0	0	1	0	1	1
10	34282313	34282459	2	terminal,shCd19	0	0	1	0	1	0
10	34282459	34282487	1	terminal	0	0	1	0	0	0
10	34297473	34297491	1	shCd19	0	0	0	0	1	0
10	34297491	34297799	2	memory,shCd19	0	0	0	1	1	0
10	34297799	34297857	1	memory	0	0	0	1	0	0
10	34322386	34322702	1	shRunx3	0	0	0	0	0	1
10	34453703	34453942	1	shCd19	0	0	0	0	1	0
10	34566242	34566515	1	shRunx3	0	0	0	0	0	1
10	34851552	34852056	1	terminal	0	0	1	0	0	0
10	35523497	35523759	1	memory	0	0	0	1	0	0
10	35581067	35581442	1	memory	0	0	0	1	0	0
10	35741801	35742199	1	late	0	1	0	0	0	0
10	36889813	36890108	1	early	1	0	0	0	0	0
10	37062902	37063433	1	memory	0	0	0	1	0	0
10	38183685	38183998	1	early	1	0	0	0	0	0
10	38359892	38360122	1	shCd19	0	0	0	0	1	0
10	38649410	38649712	1	late	0	1	0	0	0	0
10	39023474	39023759	1	late	0	1	0	0	0	0
10	39082845	39083087	1	shCd19	0	0	0	0	1	0
10	39369375	39369793	1	shCd19	0	0	0	0	1	0
10	39431056	39431347	1	shCd19	0	0	0	0	1	0
10	39468569	39468829	1	early	1	0	0	0	0	0
10	39470171	39470631	1	shCd19	0	0	0	0	1	0
10	39479267	39479917	1	shCd19	0	0	0	0	1	0
10	39612931	39613340	1	shRunx3	0	0	0	0	0	1
10	39731026	39731268	1	shCd19	0	0	0	0	1	0
10	40164903	40165525	1	shCd19	0	0	0	0	1	0
10	40302274	40302577	1	shCd19	0	0	0	0	1	0
10	40348637	40349190	1	shCd19	0	0	0	0	1	0
10	41303670	41303934	1	shRunx3	0	0	0	0	0	1
10	41390159	41390436	1	late	0	1	0	0	0	0
10	41472942	41473418	1	shCd19	0	0	0	0	1	0
10	41476887	41477065	1	shRunx3	0	0	0	0	0	1
10	41477065	41477305	2	terminal,shRunx3	0	0	1	0	0	1
10	41477305	41477576	3	early,terminal,shRunx3	1	0	1	0	0	1
10	41477576	41477610	2	early,shRunx3	1	0	0	0	0	1
10	41477610	41477671	1	shRunx3	0	0	0	0	0	1
10	41490012	41490606	1	shCd19	0	0	0	0	1	0
10	41495721	41496012	1	shRunx3	0	0	0	0	0	1
10	41518732	41519084	1	shCd19	0	0	0	0	1	0
10	41913385	41913768	1	shRunx3	0	0	0	0	0	1
10	42031115	42031538	1	early	1	0	0	0	0	0
10	42269256	42269636	1	shCd19	0	0	0	0	1	0
10	42537566	42538170	1	shRunx3	0	0	0	0	0	1
10	42838607	42838937	1	shRunx3	0	0	0	0	0	1
10	42860244	42860928	1	shCd19	0	0	0	0	1	0
10	44989544	44989910	1	late	0	1	0	0	0	0
10	45343285	45343550	1	shRunx3	0	0	0	0	0	1
10	45913949	45914231	1	late	0	1	0	0	0	0
10	46290681	46290902	1	shCd19	0	0	0	0	1	0
10	46481256	46481675	1	shRunx3	0	0	0	0	0	1
10	46642129	46642457	1	late	0	1	0	0	0	0
10	47766101	47766432	1	late	0	1	0	0	0	0
10	49220241	49220608	1	early	1	0	0	0	0	0
10	49340043	49340315	1	early	1	0	0	0	0	0
10	50219061	50219403	1	terminal	0	0	1	0	0	0
10	50574110	50574665	1	late	0	1	0	0	0	0
10	50592434	50593026	1	shRunx3	0	0	0	0	0	1
10	50604321	50604777	1	memory	0	0	0	1	0	0
10	50796087	50796711	1	late	0	1	0	0	0	0
10	51595341	51595667	1	shCd19	0	0	0	0	1	0
10	51801956	51802243	1	early	1	0	0	0	0	0
10	52307907	52308182	1	shCd19	0	0	0	0	1	0
10	52736977	52737434	1	late	0	1	0	0	0	0
10	53130309	53130633	1	early	1	0	0	0	0	0
10	53379512	53379580	1	shCd19	0	0	0	0	1	0
10	53379580	53379876	2	shCd19,shRunx3	0	0	0	0	1	1
10	53379876	53379933	1	shRunx3	0	0	0	0	0	1
10	53385874	53386198	1	shRunx3	0	0	0	0	0	1
10	53478799	53479003	1	shCd19	0	0	0	0	1	0
10	55440258	55440509	1	shRunx3	0	0	0	0	0	1
10	55936034	55936413	1	terminal	0	0	1	0	0	0
10	56058644	56059069	1	memory	0	0	0	1	0	0
10	56753790	56754218	1	early	1	0	0	0	0	0
10	57030446	57030753	1	shRunx3	0	0	0	0	0	1
10	57617326	57617599	1	shRunx3	0	0	0	0	0	1
10	58497907	58497929	1	shCd19	0	0	0	0	1	0
10	58497929	58498144	2	shCd19,shRunx3	0	0	0	0	1	1
10	58498144	58498203	1	shRunx3	0	0	0	0	0	1
10	58932144	58932553	1	memory	0	0	0	1	0	0
10	59577455	59578941	1	shCd19	0	0	0	0	1	0
10	59697621	59697838	1	shRunx3	0	0	0	0	0	1
10	59725397	59725869	1	shRunx3	0	0	0	0	0	1
10	60002488	60002620	1	shRunx3	0	0	0	0	0	1
10	60002620	60002819	2	shCd19,shRunx3	0	0	0	0	1	1
10	60002819	60003246	1	shCd19	0	0	0	0	1	0
10	60038058	60038454	1	shCd19	0	0	0	0	1	0
10	60162316	60162404	1	shRunx3	0	0	0	0	0	1
10	60162404	60162633	2	shCd19,shRunx3	0	0	0	0	1	1
10	60162633	60163067	1	shCd19	0	0	0	0	1	0
10	60277184	60277903	1	shRunx3	0	0	0	0	0	1
10	60381032	60381448	1	shCd19	0	0	0	0	1	0
10	60662186	60662628	1	late	0	1	0	0	0	0
10	60933012	60933409	1	terminal	0	0	1	0	0	0
10	60996290	60996835	1	shRunx3	0	0	0	0	0	1
10	61275103	61275923	1	shCd19	0	0	0	0	1	0
10	61300989	61301249	1	terminal	0	0	1	0	0	0
10	61305810	61306385	1	late	0	1	0	0	0	0
10	61317726	61318094	1	shCd19	0	0	0	0	1	0
10	61353763	61354220	1	shCd19	0	0	0	0	1	0
10	61680243	61680554	1	shCd19	0	0	0	0	1	0
10	62339873	62340051	1	shCd19	0	0	0	0	1	0
10	62340051	62340648	2	shCd19,shRunx3	0	0	0	0	1	1
10	62340648	62340915	1	shCd19	0	0	0	0	1	0
10	62543162	62544480	1	shCd19	0	0	0	0	1	0
10	62553709	62553980	1	shCd19	0	0	0	0	1	0
10	62601977	62602956	1	shCd19	0	0	0	0	1	0
10	62746857	62747221	1	shRunx3	0	0	0	0	0	1
10	62814986	62815526	1	shRunx3	0	0	0	0	0	1
10	63174606	63175029	1	terminal	0	0	1	0	0	0
10	63299920	63300133	1	shRunx3	0	0	0	0	0	1
10	63677129	63677364	1	shRunx3	0	0	0	0	0	1
10	63712464	63712976	1	shCd19	0	0	0	0	1	0
10	63803061	63803271	1	shRunx3	0	0	0	0	0	1
10	63930134	63930413	1	shCd19	0	0	0	0	1	0
10	64377344	64377925	1	terminal	0	0	1	0	0	0
10	65733958	65734214	1	early	1	0	0	0	0	0
10	65795314	65795874	1	terminal	0	0	1	0	0	0
10	66864391	66864432	1	shCd19	0	0	0	0	1	0
10	66864432	66864722	2	shCd19,shRunx3	0	0	0	0	1	1
10	66864722	66865084	1	shCd19	0	0	0	0	1	0
10	67133874	67134494	1	late	0	1	0	0	0	0
10	67320339	67320855	1	shRunx3	0	0	0	0	0	1
10	67497757	67498003	1	shCd19	0	0	0	0	1	0
10	67574156	67574778	1	late	0	1	0	0	0	0
10	67586078	67586731	1	shRunx3	0	0	0	0	0	1
10	67607505	67608191	1	shCd19	0	0	0	0	1	0
10	67610477	67610809	1	memory	0	0	0	1	0	0
10	67775495	67775765	1	shRunx3	0	0	0	0	0	1
10	67778254	67778465	1	shRunx3	0	0	0	0	0	1
10	68036027	68036195	1	shRunx3	0	0	0	0	0	1
10	68036195	68036735	2	shCd19,shRunx3	0	0	0	0	1	1
10	68036735	68036764	1	shRunx3	0	0	0	0	0	1
10	68039315	68039680	1	shCd19	0	0	0	0	1	0
10	68039680	68040128	2	shCd19,shRunx3	0	0	0	0	1	1
10	68040128	68040279	1	shRunx3	0	0	0	0	0	1
10	68146797	68147350	1	shCd19	0	0	0	0	1	0
10	68798830	68799111	1	memory	0	0	0	1	0	0
10	69315854	69316570	1	memory	0	0	0	1	0	0
10	69675832	69676122	1	memory	0	0	0	1	0	0
10	69966912	69967251	1	shCd19	0	0	0	0	1	0
10	70257642	70258183	1	late	0	1	0	0	0	0
10	70760762	70760993	1	shRunx3	0	0	0	0	0	1
10	71220357	71220667	1	shRunx3	0	0	0	0	0	1
10	71472239	71472530	1	shCd19	0	0	0	0	1	0
10	71501271	71501469	1	shRunx3	0	0	0	0	0	1
10	71638944	71639282	1	terminal	0	0	1	0	0	0
10	71666286	71666497	1	shRunx3	0	0	0	0	0	1
10	71801505	71801998	1	shRunx3	0	0	0	0	0	1
10	72411627	72412084	1	shRunx3	0	0	0	0	0	1
10	72513938	72514200	1	shRunx3	0	0	0	0	0	1
10	72655650	72655936	1	terminal	0	0	1	0	0	0
10	72789514	72789944	1	memory	0	0	0	1	0	0
10	73633790	73634043	1	memory	0	0	0	1	0	0
10	73974025	73974548	1	shRunx3	0	0	0	0	0	1
10	74009801	74010104	1	terminal	0	0	1	0	0	0
10	74364856	74365138	1	late	0	1	0	0	0	0
10	74680293	74680552	1	memory	0	0	0	1	0	0
10	75294174	75294461	1	early	1	0	0	0	0	0
10	75325944	75326611	1	shRunx3	0	0	0	0	0	1
10	75565495	75565987	1	shCd19	0	0	0	0	1	0
10	75591585	75591588	1	shCd19	0	0	0	0	1	0
10	75591588	75591809	2	shCd19,shRunx3	0	0	0	0	1	1
10	75591809	75591926	1	shCd19	0	0	0	0	1	0
10	75721681	75721918	1	shRunx3	0	0	0	0	0	1
10	75764065	75764358	1	shCd19	0	0	0	0	1	0
10	75838749	75839687	1	shCd19	0	0	0	0	1	0
10	75893153	75893482	1	shRunx3	0	0	0	0	0	1
10	76420514	76420786	1	shCd19	0	0	0	0	1	0
10	76442101	76442873	1	shCd19	0	0	0	0	1	0
10	76542816	76542838	1	shCd19	0	0	0	0	1	0
10	76542838	76543181	2	terminal,shCd19	0	0	1	0	1	0
10	76543181	76543216	1	shCd19	0	0	0	0	1	0
10	77334797	77335244	1	shCd19	0	0	0	0	1	0
10	77366701	77367114	1	shCd19	0	0	0	0	1	0
10	77520699	77521015	1	shRunx3	0	0	0	0	0	1
10	77522086	77522155	1	shCd19	0	0	0	0	1	0
10	77522155	77522510	2	shCd19,shRunx3	0	0	0	0	1	1
10	77522510	77522633	1	shCd19	0	0	0	0	1	0
10	77609906	77610216	1	memory	0	0	0	1	0	0
10	77693299	77693497	1	shRunx3	0	0	0	0	0	1
10	78387641	78388053	1	terminal	0	0	1	0	0	0
10	78457606	78458529	1	shCd19	0	0	0	0	1	0
10	78464791	78465199	1	memory	0	0	0	1	0	0
10	78604483	78604946	1	memory	0	0	0	1	0	0
10	78850661	78850914	1	shRunx3	0	0	0	0	0	1
10	79111604	79111876	1	terminal	0	0	1	0	0	0
10	79393429	79393751	1	shRunx3	0	0	0	0	0	1
10	79553226	79553579	1	memory	0	0	0	1	0	0
10	79767062	79767568	1	shCd19	0	0	0	0	1	0
10	79854583	79854886	1	shRunx3	0	0	0	0	0	1
10	79908424	79908984	1	shRunx3	0	0	0	0	0	1
10	80016656	80016932	1	shCd19	0	0	0	0	1	0
10	80053730	80054104	1	terminal	0	0	1	0	0	0
10	80137203	80137532	1	shCd19	0	0	0	0	1	0
10	80320079	80320833	1	shCd19	0	0	0	0	1	0
10	80329868	80330418	1	shCd19	0	0	0	0	1	0
10	80337873	80338180	1	memory	0	0	0	1	0	0
10	80398674	80399219	1	shCd19	0	0	0	0	1	0
10	80501026	80501469	1	terminal	0	0	1	0	0	0
10	80561378	80561841	1	shCd19	0	0	0	0	1	0
10	80577221	80577747	1	shCd19	0	0	0	0	1	0
10	80602646	80602870	1	shCd19	0	0	0	0	1	0
10	80602870	80602892	2	terminal,shCd19	0	0	1	0	1	0
10	80602892	80603173	3	terminal,shCd19,shRunx3	0	0	1	0	1	1
10	80603173	80603491	2	shCd19,shRunx3	0	0	0	0	1	1
10	80621747	80622075	1	shRunx3	0	0	0	0	0	1
10	80622075	80622091	2	terminal,shRunx3	0	0	1	0	0	1
10	80622091	80622392	3	terminal,shCd19,shRunx3	0	0	1	0	1	1
10	80622392	80622440	2	shCd19,shRunx3	0	0	0	0	1	1
10	80622440	80622632	1	shCd19	0	0	0	0	1	0
10	80692491	80693023	1	terminal	0	0	1	0	0	0
10	80702329	80702791	1	shRunx3	0	0	0	0	0	1
10	80763530	80764151	1	shCd19	0	0	0	0	1	0
10	80797821	80798279	1	shCd19	0	0	0	0	1	0
10	80798279	80798653	2	shCd19,shRunx3	0	0	0	0	1	1
10	80798653	80798909	1	shRunx3	0	0	0	0	0	1
10	81057556	81057852	1	shCd19	0	0	0	0	1	0
10	81253007	81253567	1	shCd19	0	0	0	0	1	0
10	81329081	81329423	1	late	0	1	0	0	0	0
10	81350498	81350595	1	shCd19	0	0	0	0	1	0
10	81350595	81350898	2	late,shCd19	0	1	0	0	1	0
10	81350898	81350968	1	late	0	1	0	0	0	0
10	81382264	81382715	1	shCd19	0	0	0	0	1	0
10	81407786	81408086	1	shCd19	0	0	0	0	1	0
10	81432617	81433139	1	shCd19	0	0	0	0	1	0
10	81507808	81508114	1	shCd19	0	0	0	0	1	0
10	81508114	81508454	2	shCd19,shRunx3	0	0	0	0	1	1
10	81508454	81508718	1	shCd19	0	0	0	0	1	0
10	82048141	82048440	1	memory	0	0	0	1	0	0
10	82858941	82859293	1	shRunx3	0	0	0	0	0	1
10	82899846	82899893	1	shCd19	0	0	0	0	1	0
10	82899893	82900231	2	terminal,shCd19	0	0	1	0	1	0
10	82900231	82900757	1	terminal	0	0	1	0	0	0
10	82982193	82982803	1	shCd19	0	0	0	0	1	0
10	83187753	83188116	1	shCd19	0	0	0	0	1	0
10	83240831	83241207	1	memory	0	0	0	1	0	0
10	83718790	83719322	1	shCd19	0	0	0	0	1	0
10	84145554	84145923	1	late	0	1	0	0	0	0
10	84959762	84960120	1	memory	0	0	0	1	0	0
10	84994281	84994593	1	memory	0	0	0	1	0	0
10	85161986	85162229	1	shRunx3	0	0	0	0	0	1
10	85574163	85574470	1	late	0	1	0	0	0	0
10	86705206	86705773	1	shCd19	0	0	0	0	1	0
10	86705773	86706051	2	late,shCd19	0	1	0	0	1	0
10	86706051	86707174	1	shCd19	0	0	0	0	1	0
10	86778548	86778551	1	shCd19	0	0	0	0	1	0
10	86778551	86778617	2	shCd19,shRunx3	0	0	0	0	1	1
10	86778617	86778918	3	terminal,shCd19,shRunx3	0	0	1	0	1	1
10	86778918	86778953	2	shCd19,shRunx3	0	0	0	0	1	1
10	86778953	86779100	1	shCd19	0	0	0	0	1	0
10	87746071	87746328	1	early	1	0	0	0	0	0
10	88214631	88215132	1	shRunx3	0	0	0	0	0	1
10	88379347	88379788	1	shCd19	0	0	0	0	1	0
10	88420518	88421276	1	shCd19	0	0	0	0	1	0
10	88427919	88428443	1	shCd19	0	0	0	0	1	0
10	88926488	88926861	1	late	0	1	0	0	0	0
10	89037881	89038619	1	shRunx3	0	0	0	0	0	1
10	89160759	89161056	1	terminal	0	0	1	0	0	0
10	89443350	89443974	1	shCd19	0	0	0	0	1	0
10	89685866	89686199	1	terminal	0	0	1	0	0	0
10	89690795	89690998	1	shCd19	0	0	0	0	1	0
10	89978669	89979295	1	shCd19	0	0	0	0	1	0
10	89994755	89995131	1	shRunx3	0	0	0	0	0	1
10	90046886	90047184	1	memory	0	0	0	1	0	0
10	90276162	90276418	1	memory	0	0	0	1	0	0
10	91182453	91182956	1	shCd19	0	0	0	0	1	0
10	91238216	91238575	1	memory	0	0	0	1	0	0
10	92637229	92637617	1	shRunx3	0	0	0	0	0	1
10	93001240	93001778	1	shCd19	0	0	0	0	1	0
10	93041722	93042205	1	shCd19	0	0	0	0	1	0
10	93159708	93160102	1	shCd19	0	0	0	0	1	0
10	93165971	93166770	1	shCd19	0	0	0	0	1	0
10	93171314	93171405	1	shCd19	0	0	0	0	1	0
10	93171405	93171686	3	terminal,shCd19,shRunx3	0	0	1	0	1	1
10	93171686	93171757	2	shCd19,shRunx3	0	0	0	0	1	1
10	93171757	93172088	1	shRunx3	0	0	0	0	0	1
10	93179864	93180143	1	shRunx3	0	0	0	0	0	1
10	93184445	93185063	1	shCd19	0	0	0	0	1	0
10	93452809	93453110	1	shCd19	0	0	0	0	1	0
10	93453110	93453362	2	shCd19,shRunx3	0	0	0	0	1	1
10	93453362	93453390	1	shRunx3	0	0	0	0	0	1
10	93720700	93720955	1	shCd19	0	0	0	0	1	0
10	94035729	94035941	1	shCd19	0	0	0	0	1	0
10	94210190	94210571	1	terminal	0	0	1	0	0	0
10	94754009	94754257	1	shRunx3	0	0	0	0	0	1
10	94942724	94942746	1	memory	0	0	0	1	0	0
10	94942746	94943090	2	memory,shCd19	0	0	0	1	1	0
10	94943090	94943175	1	shCd19	0	0	0	0	1	0
10	95008739	95009482	1	shCd19	0	0	0	0	1	0
10	95202652	95202981	1	late	0	1	0	0	0	0
10	96015462	96016019	1	shRunx3	0	0	0	0	0	1
10	96149083	96149394	1	terminal	0	0	1	0	0	0
10	96180539	96181300	1	shCd19	0	0	0	0	1	0
10	96370738	96371380	1	shCd19	0	0	0	0	1	0
10	96374357	96374442	1	shCd19	0	0	0	0	1	0
10	96374442	96374731	2	terminal,shCd19	0	0	1	0	1	0
10	96374731	96374934	1	shCd19	0	0	0	0	1	0
10	96599697	96600043	1	shCd19	0	0	0	0	1	0
10	96688222	96688458	1	shRunx3	0	0	0	0	0	1
10	96946723	96947415	1	shRunx3	0	0	0	0	0	1
10	97339884	97340251	1	late	0	1	0	0	0	0
10	98030300	98030565	1	terminal	0	0	1	0	0	0
10	98088289	98088533	1	shRunx3	0	0	0	0	0	1
10	98717501	98717993	1	shCd19	0	0	0	0	1	0
10	98779745	98780204	1	shCd19	0	0	0	0	1	0
10	98879185	98879434	1	shRunx3	0	0	0	0	0	1
10	98933844	98934234	1	terminal	0	0	1	0	0	0
10	98943463	98943913	1	late	0	1	0	0	0	0
10	98964568	98964892	1	shCd19	0	0	0	0	1	0
10	99234933	99235218	1	memory	0	0	0	1	0	0
10	99445910	99446264	1	late	0	1	0	0	0	0
10	99906253	99906507	1	terminal	0	0	1	0	0	0
10	100186980	100187269	1	shRunx3	0	0	0	0	0	1
10	101056947	101057272	1	late	0	1	0	0	0	0
10	101410513	101410803	1	shRunx3	0	0	0	0	0	1
10	101558575	101559023	1	memory	0	0	0	1	0	0
10	101760501	101760913	1	shRunx3	0	0	0	0	0	1
10	101996573	101997272	1	late	0	1	0	0	0	0
10	102407173	102407545	1	shRunx3	0	0	0	0	0	1
10	102945177	102945663	1	memory	0	0	0	1	0	0
10	103320128	103320557	1	terminal	0	0	1	0	0	0
10	103379975	103380333	1	shRunx3	0	0	0	0	0	1
10	103432607	103433141	1	shCd19	0	0	0	0	1	0
10	104350701	104351070	1	late	0	1	0	0	0	0
10	104501609	104501950	1	late	0	1	0	0	0	0
10	104711841	104712123	1	shCd19	0	0	0	0	1	0
10	104734505	104734863	1	shRunx3	0	0	0	0	0	1
10	104961837	104962221	1	shRunx3	0	0	0	0	0	1
10	105346307	105346676	1	late	0	1	0	0	0	0
10	106346361	106346752	1	memory	0	0	0	1	0	0
10	106641436	106641721	1	memory	0	0	0	1	0	0
10	106974569	106974847	1	memory	0	0	0	1	0	0
10	108315141	108315448	1	shRunx3	0	0	0	0	0	1
10	108428501	108428783	1	shRunx3	0	0	0	0	0	1
10	108692426	108692696	1	shCd19	0	0	0	0	1	0
10	108831127	108831560	1	memory	0	0	0	1	0	0
10	108970605	108970897	1	shRunx3	0	0	0	0	0	1
10	109121880	109122195	1	early	1	0	0	0	0	0
10	109419226	109419514	1	shRunx3	0	0	0	0	0	1
10	109593149	109593796	1	shCd19	0	0	0	0	1	0
10	109814106	109814362	1	shRunx3	0	0	0	0	0	1
10	110968626	110969053	1	late	0	1	0	0	0	0
10	111127013	111127347	1	late	0	1	0	0	0	0
10	111199226	111199504	1	memory	0	0	0	1	0	0
10	111213811	111215138	1	shCd19	0	0	0	0	1	0
10	111330926	111331171	1	shRunx3	0	0	0	0	0	1
10	111577743	111578395	1	shRunx3	0	0	0	0	0	1
10	111578395	111578455	2	shCd19,shRunx3	0	0	0	0	1	1
10	111578455	111579046	1	shCd19	0	0	0	0	1	0
10	111720836	111721053	1	shCd19	0	0	0	0	1	0
10	111738698	111739319	1	early	1	0	0	0	0	0
10	111743332	111743638	1	memory	0	0	0	1	0	0
10	111874963	111875364	1	memory	0	0	0	1	0	0
10	111932995	111933344	1	shRunx3	0	0	0	0	0	1
10	111995904	111996419	1	shRunx3	0	0	0	0	0	1
10	112000198	112000897	1	shCd19	0	0	0	0	1	0
10	113029809	113030066	1	shRunx3	0	0	0	0	0	1
10	113116897	113117244	1	shCd19	0	0	0	0	1	0
10	113162939	113163394	1	memory	0	0	0	1	0	0
10	114050723	114050987	1	early	1	0	0	0	0	0
10	115384539	115384934	1	shCd19	0	0	0	0	1	0
10	115467801	115468175	1	late	0	1	0	0	0	0
10	115505207	115505533	1	terminal	0	0	1	0	0	0
10	116403034	116403428	1	terminal	0	0	1	0	0	0
10	116487077	116487587	1	shCd19	0	0	0	0	1	0
10	116487883	116488364	1	terminal	0	0	1	0	0	0
10	117180444	117180782	1	terminal	0	0	1	0	0	0
10	117898322	117898689	1	shCd19	0	0	0	0	1	0
10	117918779	117919055	1	shCd19	0	0	0	0	1	0
10	117953091	117953301	1	shRunx3	0	0	0	0	0	1
10	118083088	118083521	1	shCd19	0	0	0	0	1	0
10	118193867	118194226	1	memory	0	0	0	1	0	0
10	118458906	118459211	1	shCd19	0	0	0	0	1	0
10	118470125	118471044	1	shCd19	0	0	0	0	1	0
10	118854348	118854729	1	shCd19	0	0	0	0	1	0
10	118882355	118882432	1	shCd19	0	0	0	0	1	0
10	118882432	118882914	2	shCd19,shRunx3	0	0	0	0	1	1
10	118882914	118883039	1	shRunx3	0	0	0	0	0	1
10	118936787	118937066	1	late	0	1	0	0	0	0
10	119239966	119240831	1	shCd19	0	0	0	0	1	0
10	120193191	120193695	1	shCd19	0	0	0	0	1	0
10	120616748	120617004	1	shCd19	0	0	0	0	1	0
10	120736171	120736368	1	shRunx3	0	0	0	0	0	1
10	120966868	120967273	1	late	0	1	0	0	0	0
10	121328577	121328832	1	memory	0	0	0	1	0	0
10	121880751	121881085	1	late	0	1	0	0	0	0
10	122097161	122097712	1	shCd19	0	0	0	0	1	0
10	122125052	122125419	1	shCd19	0	0	0	0	1	0
10	122383072	122383447	1	memory	0	0	0	1	0	0
10	122668877	122669171	1	shCd19	0	0	0	0	1	0
10	122892734	122893093	1	memory	0	0	0	1	0	0
10	123471082	123471414	1	memory	0	0	0	1	0	0
10	124074159	124074404	1	memory	0	0	0	1	0	0
10	124250047	124250408	1	shRunx3	0	0	0	0	0	1
10	124946379	124946706	1	memory	0	0	0	1	0	0
10	125546623	125546973	1	shRunx3	0	0	0	0	0	1
10	125591886	125592320	1	early	1	0	0	0	0	0
10	125752696	125752925	1	shCd19	0	0	0	0	1	0
10	125874069	125874266	1	shCd19	0	0	0	0	1	0
10	125991609	125991997	1	terminal	0	0	1	0	0	0
10	126160252	126160611	1	late	0	1	0	0	0	0
10	126789327	126789850	1	early	1	0	0	0	0	0
10	127135345	127135857	1	shCd19	0	0	0	0	1	0
10	127136419	127136974	1	shCd19	0	0	0	0	1	0
10	127141240	127142259	1	shCd19	0	0	0	0	1	0
10	127162745	127163726	1	shCd19	0	0	0	0	1	0
10	127533507	127533832	1	shCd19	0	0	0	0	1	0
10	127635080	127635320	1	shCd19	0	0	0	0	1	0
10	128083067	128083392	1	shCd19	0	0	0	0	1	0
10	128303241	128304036	1	shRunx3	0	0	0	0	0	1
10	128337574	128337941	1	shCd19	0	0	0	0	1	0
10	128368236	128369262	1	shCd19	0	0	0	0	1	0
10	128493849	128493965	1	shRunx3	0	0	0	0	0	1
10	128493965	128494186	2	shCd19,shRunx3	0	0	0	0	1	1
10	128494186	128494256	1	shCd19	0	0	0	0	1	0
10	128536153	128536736	1	shCd19	0	0	0	0	1	0
10	128553300	128553717	1	shCd19	0	0	0	0	1	0
10	128663683	128663704	1	shCd19	0	0	0	0	1	0
10	128663704	128663967	2	terminal,shCd19	0	0	1	0	1	0
10	128663967	128664040	1	terminal	0	0	1	0	0	0
10	128749847	128750290	1	shCd19	0	0	0	0	1	0
10	129230733	129231148	1	early	1	0	0	0	0	0
10	129368318	129368950	1	terminal	0	0	1	0	0	0
11	3559009	3559281	1	terminal	0	0	1	0	0	0
11	3745615	3745978	1	memory	0	0	0	1	0	0
11	4836817	4837133	1	terminal	0	0	1	0	0	0
11	4989871	4990129	1	terminal	0	0	1	0	0	0
11	5286049	5286372	1	memory	0	0	0	1	0	0
11	5296880	5297132	1	shRunx3	0	0	0	0	0	1
11	5432242	5432840	1	shCd19	0	0	0	0	1	0
11	5497670	5497969	1	memory	0	0	0	1	0	0
11	5674290	5674666	1	shRunx3	0	0	0	0	0	1
11	5837696	5838114	1	shRunx3	0	0	0	0	0	1
11	5967264	5967598	1	memory	0	0	0	1	0	0
11	6089837	6090044	1	shRunx3	0	0	0	0	0	1
11	6291563	6291913	1	shRunx3	0	0	0	0	0	1
11	6511049	6511442	1	memory	0	0	0	1	0	0
11	6552544	6552803	1	shRunx3	0	0	0	0	0	1
11	7534978	7535253	1	early	1	0	0	0	0	0
11	7734747	7735130	1	terminal	0	0	1	0	0	0
11	8228476	8229303	1	shRunx3	0	0	0	0	0	1
11	8845929	8846330	1	shCd19	0	0	0	0	1	0
11	10266989	10267365	1	shCd19	0	0	0	0	1	0
11	10275148	10275512	1	terminal	0	0	1	0	0	0
11	10833575	10833787	1	shRunx3	0	0	0	0	0	1
11	11553679	11554081	1	shRunx3	0	0	0	0	0	1
11	11657338	11657633	1	shRunx3	0	0	0	0	0	1
11	11695907	11696395	1	late	0	1	0	0	0	0
11	11716261	11716527	1	early	1	0	0	0	0	0
11	11808634	11809365	1	shCd19	0	0	0	0	1	0
11	11881449	11881648	1	shRunx3	0	0	0	0	0	1
11	11978730	11979081	1	late	0	1	0	0	0	0
11	12961908	12962145	1	terminal	0	0	1	0	0	0
11	13375493	13375933	1	late	0	1	0	0	0	0
11	13449766	13450174	1	memory	0	0	0	1	0	0
11	13956915	13957169	1	shRunx3	0	0	0	0	0	1
11	14241022	14241410	1	terminal	0	0	1	0	0	0
11	14365838	14366078	1	memory	0	0	0	1	0	0
11	14736978	14737426	1	early	1	0	0	0	0	0
11	14878490	14878863	1	shCd19	0	0	0	0	1	0
11	14931949	14932351	1	terminal	0	0	1	0	0	0
11	15476873	15477155	1	terminal	0	0	1	0	0	0
11	16053564	16054204	1	late	0	1	0	0	0	0
11	16321660	16321931	1	shRunx3	0	0	0	0	0	1
11	16937947	16938221	1	shRunx3	0	0	0	0	0	1
11	17211615	17211892	1	shCd19	0	0	0	0	1	0
11	17217856	17218053	1	shCd19	0	0	0	0	1	0
11	17264149	17264524	1	terminal	0	0	1	0	0	0
11	17789719	17790093	1	memory	0	0	0	1	0	0
11	18541534	18541909	1	terminal	0	0	1	0	0	0
11	18659384	18659748	1	shCd19	0	0	0	0	1	0
11	18928687	18928925	1	shCd19	0	0	0	0	1	0
11	19156035	19156312	1	memory	0	0	0	1	0	0
11	19730581	19730988	1	memory	0	0	0	1	0	0
11	19959975	19960366	1	memory	0	0	0	1	0	0
11	19978841	19979482	1	shCd19	0	0	0	0	1	0
11	20005373	20005652	1	shRunx3	0	0	0	0	0	1
11	20112964	20113324	1	shCd19	0	0	0	0	1	0
11	20192717	20193039	1	shCd19	0	0	0	0	1	0
11	20351497	20351880	1	late	0	1	0	0	0	0
11	20542728	20543429	1	shCd19	0	0	0	0	1	0
11	20632359	20632962	1	shCd19	0	0	0	0	1	0
11	20742245	20742878	1	shCd19	0	0	0	0	1	0
11	21301157	21301498	1	memory	0	0	0	1	0	0
11	21764511	21764902	1	terminal	0	0	1	0	0	0
11	21806054	21806354	1	shRunx3	0	0	0	0	0	1
11	21826983	21827253	1	shRunx3	0	0	0	0	0	1
11	21956024	21956325	1	shCd19	0	0	0	0	1	0
11	22439075	22439349	1	terminal	0	0	1	0	0	0
11	22538035	22538297	1	terminal	0	0	1	0	0	0
11	22859500	22860473	1	shCd19	0	0	0	0	1	0
11	22880818	22881178	1	terminal	0	0	1	0	0	0
11	22950424	22950664	1	shRunx3	0	0	0	0	0	1
11	23384722	23384985	1	shRunx3	0	0	0	0	0	1
11	23577437	23577740	1	shRunx3	0	0	0	0	0	1
11	23770966	23770984	1	shRunx3	0	0	0	0	0	1
11	23770984	23771284	2	shCd19,shRunx3	0	0	0	0	1	1
11	23771284	23771512	1	shCd19	0	0	0	0	1	0
11	23846281	23846889	1	shCd19	0	0	0	0	1	0
11	23894991	23895286	1	shCd19	0	0	0	0	1	0
11	24205799	24206303	1	memory	0	0	0	1	0	0
11	25320603	25321107	1	terminal	0	0	1	0	0	0
11	25384656	25384893	1	terminal	0	0	1	0	0	0
11	25462105	25462406	1	terminal	0	0	1	0	0	0
11	25601758	25601979	1	shRunx3	0	0	0	0	0	1
11	26158482	26158909	1	late	0	1	0	0	0	0
11	26327270	26327568	1	memory	0	0	0	1	0	0
11	26372883	26373501	1	late	0	1	0	0	0	0
11	26615649	26615940	1	early	1	0	0	0	0	0
11	26650699	26650921	1	shRunx3	0	0	0	0	0	1
11	26709739	26710045	1	terminal	0	0	1	0	0	0
11	27769347	27769688	1	memory	0	0	0	1	0	0
11	27796215	27796533	1	shRunx3	0	0	0	0	0	1
11	28177419	28177717	1	memory	0	0	0	1	0	0
11	28782567	28782923	1	shCd19	0	0	0	0	1	0
11	28965499	28966231	1	terminal	0	0	1	0	0	0
11	29454969	29455610	1	late	0	1	0	0	0	0
11	29692466	29692700	1	shCd19	0	0	0	0	1	0
11	29692700	29692951	2	shCd19,shRunx3	0	0	0	0	1	1
11	29692951	29693140	1	shCd19	0	0	0	0	1	0
11	29718708	29719572	1	late	0	1	0	0	0	0
11	30017213	30017577	1	shRunx3	0	0	0	0	0	1
11	30182321	30183498	1	shCd19	0	0	0	0	1	0
11	30198047	30198312	1	shCd19	0	0	0	0	1	0
11	30198312	30198337	2	shCd19,shRunx3	0	0	0	0	1	1
11	30198337	30198573	3	terminal,shCd19,shRunx3	0	0	1	0	1	1
11	30198573	30198620	2	terminal,shCd19	0	0	1	0	1	0
11	30198620	30198659	1	shCd19	0	0	0	0	1	0
11	30407106	30407445	1	shCd19	0	0	0	0	1	0
11	31030984	31031400	1	early	1	0	0	0	0	0
11	31460833	31461099	1	terminal	0	0	1	0	0	0
11	31499897	31500351	1	memory	0	0	0	1	0	0
11	31506092	31506362	1	shRunx3	0	0	0	0	0	1
11	31573460	31574008	1	shRunx3	0	0	0	0	0	1
11	32263488	32263869	1	shRunx3	0	0	0	0	0	1
11	32529857	32530208	1	shRunx3	0	0	0	0	0	1
11	32542079	32543160	1	shCd19	0	0	0	0	1	0
11	32553371	32554626	1	shCd19	0	0	0	0	1	0
11	32580450	32581136	1	shCd19	0	0	0	0	1	0
11	32642377	32643021	1	shCd19	0	0	0	0	1	0
11	32645437	32645808	1	terminal	0	0	1	0	0	0
11	32679936	32680242	1	memory	0	0	0	1	0	0
11	32727605	32728009	1	memory	0	0	0	1	0	0
11	33121669	33121967	1	early	1	0	0	0	0	0
11	33878312	33878842	1	shRunx3	0	0	0	0	0	1
11	33939438	33939847	1	shRunx3	0	0	0	0	0	1
11	34034018	34034063	1	shCd19	0	0	0	0	1	0
11	34034063	34034489	2	shCd19,shRunx3	0	0	0	0	1	1
11	34034489	34035168	1	shCd19	0	0	0	0	1	0
11	34063481	34064225	1	shRunx3	0	0	0	0	0	1
11	34247631	34247858	1	shRunx3	0	0	0	0	0	1
11	34762037	34762417	1	shCd19	0	0	0	0	1	0
11	34771257	34772037	1	shCd19	0	0	0	0	1	0
11	34807117	34807318	1	shCd19	0	0	0	0	1	0
11	35481440	35481755	1	shRunx3	0	0	0	0	0	1
11	36634883	36635113	1	shRunx3	0	0	0	0	0	1
11	36934645	36935117	1	memory	0	0	0	1	0	0
11	37009657	37010044	1	late	0	1	0	0	0	0
11	37019602	37019826	1	shRunx3	0	0	0	0	0	1
11	37357840	37358250	1	shCd19	0	0	0	0	1	0
11	37363067	37363307	1	memory	0	0	0	1	0	0
11	37449084	37449337	1	memory	0	0	0	1	0	0
11	38427761	38427983	1	shRunx3	0	0	0	0	0	1
11	38555868	38556204	1	late	0	1	0	0	0	0
11	38898491	38898707	1	shRunx3	0	0	0	0	0	1
11	38928309	38928631	1	early	1	0	0	0	0	0
11	39233347	39233658	1	terminal	0	0	1	0	0	0
11	39568602	39568818	1	shCd19	0	0	0	0	1	0
11	39633257	39633473	1	shRunx3	0	0	0	0	0	1
11	40000946	40001151	1	shRunx3	0	0	0	0	0	1
11	40077658	40077963	1	shRunx3	0	0	0	0	0	1
11	40179381	40179743	1	shCd19	0	0	0	0	1	0
11	40460294	40460822	1	terminal	0	0	1	0	0	0
11	40733242	40733884	1	shCd19	0	0	0	0	1	0
11	40767504	40767824	1	memory	0	0	0	1	0	0
11	41006904	41007407	1	late	0	1	0	0	0	0
11	41197942	41198289	1	late	0	1	0	0	0	0
11	41424737	41425370	1	memory	0	0	0	1	0	0
11	41435471	41435880	1	memory	0	0	0	1	0	0
11	42636792	42637075	1	shRunx3	0	0	0	0	0	1
11	42678417	42678844	1	shRunx3	0	0	0	0	0	1
11	42860348	42860718	1	late	0	1	0	0	0	0
11	43358567	43358624	1	shRunx3	0	0	0	0	0	1
11	43358624	43359147	2	shCd19,shRunx3	0	0	0	0	1	1
11	43359147	43359206	1	shRunx3	0	0	0	0	0	1
11	43373618	43373823	1	shRunx3	0	0	0	0	0	1
11	43396064	43396665	1	shCd19	0	0	0	0	1	0
11	43474797	43475092	1	memory	0	0	0	1	0	0
11	44019281	44019523	1	shRunx3	0	0	0	0	0	1
11	44085882	44086183	1	memory	0	0	0	1	0	0
11	44461012	44461213	1	shRunx3	0	0	0	0	0	1
11	44502546	44502857	1	late	0	1	0	0	0	0
11	44521556	44521895	1	shRunx3	0	0	0	0	0	1
11	45556125	45556496	1	shRunx3	0	0	0	0	0	1
11	46380057	46380405	1	shCd19	0	0	0	0	1	0
11	46389292	46389952	1	shCd19	0	0	0	0	1	0
11	46399094	46399404	1	shCd19	0	0	0	0	1	0
11	46421517	46421982	1	memory	0	0	0	1	0	0
11	46462097	46462630	1	shRunx3	0	0	0	0	0	1
11	46466708	46467182	1	shRunx3	0	0	0	0	0	1
11	47377945	47378237	1	terminal	0	0	1	0	0	0
11	48182133	48182520	1	shRunx3	0	0	0	0	0	1
11	48817122	48817609	1	shCd19	0	0	0	0	1	0
11	48856261	48856912	1	shCd19	0	0	0	0	1	0
11	49084735	49085321	1	shCd19	0	0	0	0	1	0
11	49203809	49204259	1	shRunx3	0	0	0	0	0	1
11	49243777	49244462	1	shRunx3	0	0	0	0	0	1
11	49981068	49981496	1	shCd19	0	0	0	0	1	0
11	50005086	50005350	1	shRunx3	0	0	0	0	0	1
11	50175075	50175472	1	late	0	1	0	0	0	0
11	50209840	50210385	1	shCd19	0	0	0	0	1	0
11	50289406	50289890	1	late	0	1	0	0	0	0
11	50325467	50325951	1	shCd19	0	0	0	0	1	0
11	50372745	50372990	1	shCd19	0	0	0	0	1	0
11	50397778	50398084	1	shCd19	0	0	0	0	1	0
11	50680452	50680786	1	shCd19	0	0	0	0	1	0
11	51503130	51503486	1	terminal	0	0	1	0	0	0
11	51619355	51619719	1	shRunx3	0	0	0	0	0	1
11	51760079	51760741	1	shCd19	0	0	0	0	1	0
11	51810834	51811108	1	shRunx3	0	0	0	0	0	1
11	51815588	51815828	1	shRunx3	0	0	0	0	0	1
11	51837505	51837943	1	shRunx3	0	0	0	0	0	1
11	51851687	51852045	1	memory	0	0	0	1	0	0
11	51874442	51874770	1	shCd19	0	0	0	0	1	0
11	51931975	51932320	1	shRunx3	0	0	0	0	0	1
11	51967506	51967865	1	shCd19	0	0	0	0	1	0
11	52004277	52004657	1	shCd19	0	0	0	0	1	0
11	52046385	52046707	1	shRunx3	0	0	0	0	0	1
11	52231678	52231716	1	shRunx3	0	0	0	0	0	1
11	52231716	52231939	2	shCd19,shRunx3	0	0	0	0	1	1
11	52231939	52231941	1	shCd19	0	0	0	0	1	0
11	52321948	52322187	1	shRunx3	0	0	0	0	0	1
11	52331472	52331862	1	shCd19	0	0	0	0	1	0
11	52450713	52451045	1	memory	0	0	0	1	0	0
11	52500936	52501220	1	shRunx3	0	0	0	0	0	1
11	52666292	52666509	1	shCd19	0	0	0	0	1	0
11	53430640	53430882	1	shCd19	0	0	0	0	1	0
11	53609460	53609748	1	shRunx3	0	0	0	0	0	1
11	53757271	53757636	1	shRunx3	0	0	0	0	0	1
11	53794674	53794983	1	shCd19	0	0	0	0	1	0
11	53794983	53795423	2	shCd19,shRunx3	0	0	0	0	1	1
11	53795423	53795462	1	shRunx3	0	0	0	0	0	1
11	53803302	53804250	1	shCd19	0	0	0	0	1	0
11	54214428	54214949	1	shCd19	0	0	0	0	1	0
11	54437778	54438457	1	shCd19	0	0	0	0	1	0
11	54492317	54492716	1	shCd19	0	0	0	0	1	0
11	54522465	54522839	1	shCd19	0	0	0	0	1	0
11	54802005	54802549	1	shCd19	0	0	0	0	1	0
11	54807997	54808351	1	shRunx3	0	0	0	0	0	1
11	54929389	54929895	1	memory	0	0	0	1	0	0
11	54948724	54949075	1	memory	0	0	0	1	0	0
11	54955823	54956102	1	shCd19	0	0	0	0	1	0
11	54972228	54972258	1	shRunx3	0	0	0	0	0	1
11	54972258	54972521	2	late,shRunx3	0	1	0	0	0	1
11	54972521	54972769	1	late	0	1	0	0	0	0
11	54973646	54973947	1	terminal	0	0	1	0	0	0
11	55031293	55031890	1	shCd19	0	0	0	0	1	0
11	55197554	55197932	1	shCd19	0	0	0	0	1	0
11	55469173	55469207	1	shRunx3	0	0	0	0	0	1
11	55469207	55469632	2	shCd19,shRunx3	0	0	0	0	1	1
11	55469632	55469706	1	shRunx3	0	0	0	0	0	1
11	55483509	55483783	1	shRunx3	0	0	0	0	0	1
11	55510069	55510349	1	late	0	1	0	0	0	0
11	56125409	56125941	1	shRunx3	0	0	0	0	0	1
11	56196309	56196587	1	memory	0	0	0	1	0	0
11	56353493	56353745	1	memory	0	0	0	1	0	0
11	56745772	56746465	1	shRunx3	0	0	0	0	0	1
11	56786085	56786369	1	terminal	0	0	1	0	0	0
11	56833640	56833937	1	shRunx3	0	0	0	0	0	1
11	56905133	56905506	1	early	1	0	0	0	0	0
11	57283096	57283450	1	early	1	0	0	0	0	0
11	57392344	57392801	1	shRunx3	0	0	0	0	0	1
11	57522028	57522307	1	late	0	1	0	0	0	0
11	57683081	57683427	1	terminal	0	0	1	0	0	0
11	57710598	57710904	1	shRunx3	0	0	0	0	0	1
11	57752540	57752999	1	terminal	0	0	1	0	0	0
11	57890112	57890403	1	shCd19	0	0	0	0	1	0
11	58116616	58117150	1	late	0	1	0	0	0	0
11	58132448	58132732	1	shRunx3	0	0	0	0	0	1
11	58168243	58168487	1	shCd19	0	0	0	0	1	0
11	58275639	58275932	1	shCd19	0	0	0	0	1	0
11	58463207	58463662	1	memory	0	0	0	1	0	0
11	58960066	58960112	1	shCd19	0	0	0	0	1	0
11	58960112	58960133	2	shCd19,shRunx3	0	0	0	0	1	1
11	58960133	58960379	3	terminal,shCd19,shRunx3	0	0	1	0	1	1
11	58960379	58960413	2	shCd19,shRunx3	0	0	0	0	1	1
11	58960413	58960696	1	shRunx3	0	0	0	0	0	1
11	59191599	59191943	1	shCd19	0	0	0	0	1	0
11	59202193	59202457	1	shRunx3	0	0	0	0	0	1
11	59226408	59226818	1	shCd19	0	0	0	0	1	0
11	59380329	59380606	1	shCd19	0	0	0	0	1	0
11	59442773	59442991	1	shRunx3	0	0	0	0	0	1
11	59817615	59817988	1	shRunx3	0	0	0	0	0	1
11	60181839	60182123	1	shRunx3	0	0	0	0	0	1
11	60352656	60353293	1	shRunx3	0	0	0	0	0	1
11	60427676	60428288	1	terminal	0	0	1	0	0	0
11	60728107	60728634	1	shCd19	0	0	0	0	1	0
11	60830367	60830905	1	shCd19	0	0	0	0	1	0
11	60862214	60862585	1	memory	0	0	0	1	0	0
11	60935484	60935543	1	shRunx3	0	0	0	0	0	1
11	60935543	60935796	2	terminal,shRunx3	0	0	1	0	0	1
11	60935796	60935834	1	shRunx3	0	0	0	0	0	1
11	60937508	60937912	1	shCd19	0	0	0	0	1	0
11	61266803	61266932	1	shCd19	0	0	0	0	1	0
11	61266932	61267512	2	shCd19,shRunx3	0	0	0	0	1	1
11	61267512	61267779	1	shCd19	0	0	0	0	1	0
11	61539206	61539559	1	memory	0	0	0	1	0	0
11	61638940	61638986	1	shCd19	0	0	0	0	1	0
11	61638986	61639243	2	shCd19,shRunx3	0	0	0	0	1	1
11	61639243	61639271	1	shCd19	0	0	0	0	1	0
11	61647336	61647339	1	terminal	0	0	1	0	0	0
11	61647339	61647371	2	terminal,shCd19	0	0	1	0	1	0
11	61647371	61647670	3	late,terminal,shCd19	0	1	1	0	1	0
11	61647670	61647749	2	late,shCd19	0	1	0	0	1	0
11	61647749	61648052	1	late	0	1	0	0	0	0
11	62268600	62268961	1	late	0	1	0	0	0	0
11	62461625	62461855	1	shRunx3	0	0	0	0	0	1
11	62872545	62872804	1	terminal	0	0	1	0	0	0
11	62948687	62949447	1	shRunx3	0	0	0	0	0	1
11	63103532	63103797	1	shRunx3	0	0	0	0	0	1
11	63484989	63485198	1	shCd19	0	0	0	0	1	0
11	64953353	64953699	1	late	0	1	0	0	0	0
11	64978820	64978921	1	shCd19	0	0	0	0	1	0
11	64978921	64979261	2	shCd19,shRunx3	0	0	0	0	1	1
11	64979261	64979636	1	shCd19	0	0	0	0	1	0
11	65331843	65332228	1	memory	0	0	0	1	0	0
11	65843701	65844098	1	shRunx3	0	0	0	0	0	1
11	65877802	65878264	1	late	0	1	0	0	0	0
11	65971752	65972094	1	shRunx3	0	0	0	0	0	1
11	66221525	66221839	1	memory	0	0	0	1	0	0
11	66601449	66601750	1	shRunx3	0	0	0	0	0	1
11	66774048	66774323	1	shRunx3	0	0	0	0	0	1
11	66777684	66778374	1	late	0	1	0	0	0	0
11	66909647	66910023	1	early	1	0	0	0	0	0
11	67327658	67328037	1	late	0	1	0	0	0	0
11	67555550	67556173	1	memory	0	0	0	1	0	0
11	67806288	67806637	1	shRunx3	0	0	0	0	0	1
11	67905660	67906075	1	memory	0	0	0	1	0	0
11	68046430	68046894	1	late	0	1	0	0	0	0
11	68229303	68229535	1	shRunx3	0	0	0	0	0	1
11	68435573	68435903	1	shCd19	0	0	0	0	1	0
11	68459772	68460187	1	shCd19	0	0	0	0	1	0
11	68853148	68854241	1	shCd19	0	0	0	0	1	0
11	68967766	68968123	1	shRunx3	0	0	0	0	0	1
11	69020740	69021121	1	terminal	0	0	1	0	0	0
11	69098737	69099214	1	shRunx3	0	0	0	0	0	1
11	69117667	69118032	1	shRunx3	0	0	0	0	0	1
11	69632482	69632888	1	shCd19	0	0	0	0	1	0
11	69919713	69920107	1	shCd19	0	0	0	0	1	0
11	69921350	69921614	1	shCd19	0	0	0	0	1	0
11	69921614	69922001	2	shCd19,shRunx3	0	0	0	0	1	1
11	69922001	69922011	1	shCd19	0	0	0	0	1	0
11	69995597	69996055	1	terminal	0	0	1	0	0	0
11	70029324	70029952	1	shCd19	0	0	0	0	1	0
11	70118784	70119099	1	terminal	0	0	1	0	0	0
11	70220704	70221415	1	shCd19	0	0	0	0	1	0
11	70432094	70432825	1	shCd19	0	0	0	0	1	0
11	70451921	70452350	1	shCd19	0	0	0	0	1	0
11	70803879	70804091	1	shRunx3	0	0	0	0	0	1
11	71003692	71003983	1	shCd19	0	0	0	0	1	0
11	72624530	72624764	1	shRunx3	0	0	0	0	0	1
11	72655734	72655971	1	shRunx3	0	0	0	0	0	1
11	72953211	72954310	1	terminal	0	0	1	0	0	0
11	73094118	73094502	1	shCd19	0	0	0	0	1	0
11	73094502	73094811	2	shCd19,shRunx3	0	0	0	0	1	1
11	73094811	73094831	1	shRunx3	0	0	0	0	0	1
11	73199093	73199132	1	terminal	0	0	1	0	0	0
11	73199132	73199448	2	late,terminal	0	1	1	0	0	0
11	73199448	73199838	1	terminal	0	0	1	0	0	0
11	74470330	74471055	1	shRunx3	0	0	0	0	0	1
11	74555603	74555812	1	shRunx3	0	0	0	0	0	1
11	74555812	74555820	2	terminal,shRunx3	0	0	1	0	0	1
11	74555820	74556181	3	terminal,shCd19,shRunx3	0	0	1	0	1	1
11	74556181	74556197	2	terminal,shCd19	0	0	1	0	1	0
11	74556197	74556305	1	shCd19	0	0	0	0	1	0
11	74559873	74560569	1	shCd19	0	0	0	0	1	0
11	74678578	74678835	1	shRunx3	0	0	0	0	0	1
11	74680666	74680945	1	terminal	0	0	1	0	0	0
11	74688140	74688355	1	shRunx3	0	0	0	0	0	1
11	74770808	74771520	1	shRunx3	0	0	0	0	0	1
11	74830395	74830834	1	shRunx3	0	0	0	0	0	1
11	74837538	74838253	1	shRunx3	0	0	0	0	0	1
11	74838726	74839307	1	shCd19	0	0	0	0	1	0
11	74959783	74959914	1	shCd19	0	0	0	0	1	0
11	74959914	74960160	2	shCd19,shRunx3	0	0	0	0	1	1
11	74960160	74960162	3	early,shCd19,shRunx3	1	0	0	0	1	1
11	74960162	74960411	4	early,terminal,shCd19,shRunx3	1	0	1	0	1	1
11	74960411	74960450	3	early,shCd19,shRunx3	1	0	0	0	1	1
11	74960450	74960456	2	early,shCd19	1	0	0	0	1	0
11	74960456	74960592	1	shCd19	0	0	0	0	1	0
11	75170321	75170622	1	shRunx3	0	0	0	0	0	1
11	75178876	75179159	1	shCd19	0	0	0	0	1	0
11	75433387	75433686	1	terminal	0	0	1	0	0	0
11	75459968	75460274	1	shCd19	0	0	0	0	1	0
11	75460274	75460612	2	shCd19,shRunx3	0	0	0	0	1	1
11	75460612	75461209	1	shRunx3	0	0	0	0	0	1
11	75461209	75461456	2	shCd19,shRunx3	0	0	0	0	1	1
11	75461456	75461601	1	shCd19	0	0	0	0	1	0
11	75615251	75615529	1	shRunx3	0	0	0	0	0	1
11	75630813	75631808	1	shCd19	0	0	0	0	1	0
11	75678799	75679500	1	shCd19	0	0	0	0	1	0
11	76249708	76250185	1	shRunx3	0	0	0	0	0	1
11	76406899	76407404	1	shCd19	0	0	0	0	1	0
11	76465949	76466154	1	shCd19	0	0	0	0	1	0
11	76572848	76573547	1	shCd19	0	0	0	0	1	0
11	76628539	76628825	1	shCd19	0	0	0	0	1	0
11	76638662	76639023	1	memory	0	0	0	1	0	0
11	77208166	77208483	1	shRunx3	0	0	0	0	0	1
11	77278805	77279211	1	early	1	0	0	0	0	0
11	77519278	77519553	1	shRunx3	0	0	0	0	0	1
11	77539758	77540116	1	shRunx3	0	0	0	0	0	1
11	77741395	77741702	1	shRunx3	0	0	0	0	0	1
11	77981370	77982165	1	shCd19	0	0	0	0	1	0
11	78065173	78065571	1	late	0	1	0	0	0	0
11	78245618	78245701	1	shRunx3	0	0	0	0	0	1
11	78245701	78246207	2	shCd19,shRunx3	0	0	0	0	1	1
11	78246207	78246225	1	shCd19	0	0	0	0	1	0
11	78343877	78344311	1	memory	0	0	0	1	0	0
11	78426197	78426434	1	terminal	0	0	1	0	0	0
11	78492769	78493203	1	late	0	1	0	0	0	0
11	78735366	78735743	1	shCd19	0	0	0	0	1	0
11	78864754	78865060	1	shCd19	0	0	0	0	1	0
11	78908195	78908477	1	shRunx3	0	0	0	0	0	1
11	79022471	79022795	1	terminal	0	0	1	0	0	0
11	79054706	79055122	1	terminal	0	0	1	0	0	0
11	79076243	79077026	1	shCd19	0	0	0	0	1	0
11	79105894	79106289	1	terminal	0	0	1	0	0	0
11	79131936	79132566	1	shCd19	0	0	0	0	1	0
11	79444755	79445176	1	late	0	1	0	0	0	0
11	79962923	79963275	1	early	1	0	0	0	0	0
11	80092485	80092764	1	late	0	1	0	0	0	0
11	81361152	81361489	1	early	1	0	0	0	0	0
11	82214357	82214774	1	shCd19	0	0	0	0	1	0
11	82285126	82285406	1	late	0	1	0	0	0	0
11	82723234	82723491	1	memory	0	0	0	1	0	0
11	82871134	82871581	1	shCd19	0	0	0	0	1	0
11	82952543	82952995	1	shCd19	0	0	0	0	1	0
11	83223119	83223483	1	shRunx3	0	0	0	0	0	1
11	83229117	83229735	1	shRunx3	0	0	0	0	0	1
11	83534899	83535621	1	shRunx3	0	0	0	0	0	1
11	83536538	83537400	1	shCd19	0	0	0	0	1	0
11	83549980	83550261	1	shCd19	0	0	0	0	1	0
11	83550261	83550726	2	shCd19,shRunx3	0	0	0	0	1	1
11	83550726	83551205	1	shCd19	0	0	0	0	1	0
11	83569009	83569650	1	shCd19	0	0	0	0	1	0
11	83636741	83637058	1	late	0	1	0	0	0	0
11	83639743	83640918	1	shCd19	0	0	0	0	1	0
11	83737453	83737715	1	shCd19	0	0	0	0	1	0
11	84352134	84353063	1	shCd19	0	0	0	0	1	0
11	84764732	84764930	1	shRunx3	0	0	0	0	0	1
11	84870789	84871485	1	shCd19	0	0	0	0	1	0
11	85037349	85037852	1	late	0	1	0	0	0	0
11	85324080	85324401	1	shRunx3	0	0	0	0	0	1
11	85428134	85428450	1	memory	0	0	0	1	0	0
11	85929530	85930299	1	shCd19	0	0	0	0	1	0
11	86291027	86291345	1	shRunx3	0	0	0	0	0	1
11	86438396	86438699	1	shRunx3	0	0	0	0	0	1
11	86593136	86593461	1	shCd19	0	0	0	0	1	0
11	86594911	86595517	1	shCd19	0	0	0	0	1	0
11	86652338	86652953	1	shRunx3	0	0	0	0	0	1
11	86925078	86925570	1	late	0	1	0	0	0	0
11	87297251	87297600	1	shCd19	0	0	0	0	1	0
11	87392798	87393038	1	memory	0	0	0	1	0	0
11	87569462	87569988	1	late	0	1	0	0	0	0
11	87591638	87591794	1	shCd19	0	0	0	0	1	0
11	87591794	87591874	2	early,shCd19	1	0	0	0	1	0
11	87591874	87592325	3	early,shCd19,shRunx3	1	0	0	0	1	1
11	87592325	87592457	2	shCd19,shRunx3	0	0	0	0	1	1
11	87592457	87592608	1	shCd19	0	0	0	0	1	0
11	87708991	87709217	1	shCd19	0	0	0	0	1	0
11	87748686	87749788	1	shCd19	0	0	0	0	1	0
11	87757937	87758118	1	shRunx3	0	0	0	0	0	1
11	87758118	87758483	2	shCd19,shRunx3	0	0	0	0	1	1
11	87758483	87758978	1	shCd19	0	0	0	0	1	0
11	88207837	88208263	1	memory	0	0	0	1	0	0
11	88584394	88584861	1	early	1	0	0	0	0	0
11	88993527	88994211	1	shRunx3	0	0	0	0	0	1
11	89417834	89418206	1	shRunx3	0	0	0	0	0	1
11	89919962	89920422	1	early	1	0	0	0	0	0
11	90021502	90021761	1	early	1	0	0	0	0	0
11	90257240	90257548	1	late	0	1	0	0	0	0
11	90468165	90468565	1	terminal	0	0	1	0	0	0
11	90688542	90688874	1	memory	0	0	0	1	0	0
11	90723807	90724462	1	memory	0	0	0	1	0	0
11	90877798	90878275	1	shRunx3	0	0	0	0	0	1
11	91101854	91102163	1	terminal	0	0	1	0	0	0
11	91317204	91317706	1	early	1	0	0	0	0	0
11	91453839	91454140	1	shRunx3	0	0	0	0	0	1
11	91956475	91956862	1	shRunx3	0	0	0	0	0	1
11	92109112	92109450	1	shRunx3	0	0	0	0	0	1
11	92182712	92183004	1	memory	0	0	0	1	0	0
11	92476152	92476367	1	shRunx3	0	0	0	0	0	1
11	92973384	92973645	1	shRunx3	0	0	0	0	0	1
11	93014166	93014535	1	memory	0	0	0	1	0	0
11	93223700	93223963	1	terminal	0	0	1	0	0	0
11	93326496	93326772	1	shRunx3	0	0	0	0	0	1
11	93328246	93328589	1	shRunx3	0	0	0	0	0	1
11	93885852	93886073	1	shRunx3	0	0	0	0	0	1
11	94053342	94053638	1	late	0	1	0	0	0	0
11	94448549	94448838	1	shCd19	0	0	0	0	1	0
11	94560488	94560856	1	shRunx3	0	0	0	0	0	1
11	95082508	95083023	1	late	0	1	0	0	0	0
11	95258821	95259686	1	shCd19	0	0	0	0	1	0
11	95484981	95485558	1	shRunx3	0	0	0	0	0	1
11	95714222	95714578	1	memory	0	0	0	1	0	0
11	96203817	96204206	1	shRunx3	0	0	0	0	0	1
11	96441332	96442044	1	shCd19	0	0	0	0	1	0
11	96454919	96455336	1	shCd19	0	0	0	0	1	0
11	96507738	96508026	1	shCd19	0	0	0	0	1	0
11	96886450	96886845	1	late	0	1	0	0	0	0
11	96966943	96967339	1	shCd19	0	0	0	0	1	0
11	97103615	97104242	1	shCd19	0	0	0	0	1	0
11	97126728	97127387	1	shCd19	0	0	0	0	1	0
11	97128901	97129384	1	shCd19	0	0	0	0	1	0
11	97143406	97144076	1	shRunx3	0	0	0	0	0	1
11	97315457	97316112	1	shCd19	0	0	0	0	1	0
11	97683785	97684762	1	shCd19	0	0	0	0	1	0
11	97728493	97728841	1	shRunx3	0	0	0	0	0	1
11	97825142	97826092	1	shCd19	0	0	0	0	1	0
11	97884217	97884498	1	shCd19	0	0	0	0	1	0
11	97955016	97955496	1	shRunx3	0	0	0	0	0	1
11	98026548	98026711	1	shCd19	0	0	0	0	1	0
11	98026711	98027158	2	terminal,shCd19	0	0	1	0	1	0
11	98027158	98027232	1	shCd19	0	0	0	0	1	0
11	98149933	98150221	1	shCd19	0	0	0	0	1	0
11	98150221	98150494	2	shCd19,shRunx3	0	0	0	0	1	1
11	98150494	98150655	1	shCd19	0	0	0	0	1	0
11	98463611	98464326	1	shCd19	0	0	0	0	1	0
11	98809765	98810228	1	shRunx3	0	0	0	0	0	1
11	98941667	98942641	1	shCd19	0	0	0	0	1	0
11	98945206	98945850	1	shCd19	0	0	0	0	1	0
11	98957839	98958062	1	shRunx3	0	0	0	0	0	1
11	99104877	99105151	1	shCd19	0	0	0	0	1	0
11	99105151	99105417	2	shCd19,shRunx3	0	0	0	0	1	1
11	99105417	99105431	1	shRunx3	0	0	0	0	0	1
11	99358953	99359150	1	shRunx3	0	0	0	0	0	1
11	99447986	99448315	1	memory	0	0	0	1	0	0
11	100026708	100027146	1	memory	0	0	0	1	0	0
11	100319460	100320246	1	shRunx3	0	0	0	0	0	1
11	100795541	100796027	1	memory	0	0	0	1	0	0
11	100804463	100804988	1	shRunx3	0	0	0	0	0	1
11	100860139	100860520	1	shCd19	0	0	0	0	1	0
11	101009138	101009525	1	shCd19	0	0	0	0	1	0
11	101082268	101082986	1	shCd19	0	0	0	0	1	0
11	101087274	101087871	1	shCd19	0	0	0	0	1	0
11	101159925	101160168	1	shRunx3	0	0	0	0	0	1
11	101442952	101443389	1	shCd19	0	0	0	0	1	0
11	101552066	101552913	1	shCd19	0	0	0	0	1	0
11	101701117	101701393	1	shRunx3	0	0	0	0	0	1
11	101879570	101879787	1	shCd19	0	0	0	0	1	0
11	101982919	101983297	1	terminal	0	0	1	0	0	0
11	102087308	102087706	1	shRunx3	0	0	0	0	0	1
11	102185001	102185649	1	shCd19	0	0	0	0	1	0
11	102332491	102332762	1	terminal	0	0	1	0	0	0
11	102925269	102925615	1	shRunx3	0	0	0	0	0	1
11	102971446	102971756	1	terminal	0	0	1	0	0	0
11	103175020	103175705	1	shRunx3	0	0	0	0	0	1
11	103267166	103268053	1	shCd19	0	0	0	0	1	0
11	103366000	103366245	1	terminal	0	0	1	0	0	0
11	103697365	103697978	1	shCd19	0	0	0	0	1	0
11	103966367	103966392	1	shCd19	0	0	0	0	1	0
11	103966392	103966963	2	shCd19,shRunx3	0	0	0	0	1	1
11	104361554	104362491	1	shCd19	0	0	0	0	1	0
11	104582236	104582859	1	shCd19	0	0	0	0	1	0
11	104582859	104583194	2	shCd19,shRunx3	0	0	0	0	1	1
11	104583194	104583486	1	shCd19	0	0	0	0	1	0
11	104622009	104623038	1	shCd19	0	0	0	0	1	0
11	105074278	105074706	1	terminal	0	0	1	0	0	0
11	105183375	105183651	1	terminal	0	0	1	0	0	0
11	105536558	105536830	1	shRunx3	0	0	0	0	0	1
11	105701173	105701605	1	shRunx3	0	0	0	0	0	1
11	105749298	105749609	1	terminal	0	0	1	0	0	0
11	105835666	105835978	1	late	0	1	0	0	0	0
11	106165100	106166265	1	shCd19	0	0	0	0	1	0
11	106167312	106167618	1	shRunx3	0	0	0	0	0	1
11	106325057	106325358	1	memory	0	0	0	1	0	0
11	106402244	106402482	1	terminal	0	0	1	0	0	0
11	106403833	106404176	1	shRunx3	0	0	0	0	0	1
11	106536007	106536608	1	shRunx3	0	0	0	0	0	1
11	106542643	106542868	1	shCd19	0	0	0	0	1	0
11	106788568	106789431	1	shCd19	0	0	0	0	1	0
11	106901597	106901796	1	shRunx3	0	0	0	0	0	1
11	107417163	107417591	1	terminal	0	0	1	0	0	0
11	107450841	107451474	1	shCd19	0	0	0	0	1	0
11	107520747	107521086	1	shRunx3	0	0	0	0	0	1
11	107997144	107997474	1	late	0	1	0	0	0	0
11	108268341	108268348	1	terminal	0	0	1	0	0	0
11	108268348	108268924	2	terminal,shCd19	0	0	1	0	1	0
11	108268924	108268957	1	shCd19	0	0	0	0	1	0
11	108795507	108795773	1	terminal	0	0	1	0	0	0
11	109103693	109104082	1	memory	0	0	0	1	0	0
11	109419654	109420035	1	shCd19	0	0	0	0	1	0
11	109420035	109420312	2	late,shCd19	0	1	0	0	1	0
11	109420312	109420382	1	late	0	1	0	0	0	0
11	109425463	109426202	1	shCd19	0	0	0	0	1	0
11	109495685	109496642	1	shCd19	0	0	0	0	1	0
11	109518696	109518971	1	shRunx3	0	0	0	0	0	1
11	109521317	109521781	1	late	0	1	0	0	0	0
11	109650042	109650446	1	shRunx3	0	0	0	0	0	1
11	109668021	109668608	1	shCd19	0	0	0	0	1	0
11	109671795	109671810	1	shCd19	0	0	0	0	1	0
11	109671810	109672104	2	shCd19,shRunx3	0	0	0	0	1	1
11	109672104	109672159	1	shCd19	0	0	0	0	1	0
11	109860032	109860387	1	shCd19	0	0	0	0	1	0
11	109860387	109860630	2	terminal,shCd19	0	0	1	0	1	0
11	109860630	109860801	1	shCd19	0	0	0	0	1	0
11	109990623	109990951	1	memory	0	0	0	1	0	0
11	110526501	110526892	1	memory	0	0	0	1	0	0
11	110985917	110986149	1	shRunx3	0	0	0	0	0	1
11	111078699	111079307	1	late	0	1	0	0	0	0
11	111452095	111452605	1	shRunx3	0	0	0	0	0	1
11	112035740	112036075	1	shRunx3	0	0	0	0	0	1
11	112452488	112452804	1	memory	0	0	0	1	0	0
11	112461563	112461943	1	memory	0	0	0	1	0	0
11	112550528	112551134	1	shRunx3	0	0	0	0	0	1
11	113036684	113037039	1	shRunx3	0	0	0	0	0	1
11	113254795	113255193	1	terminal	0	0	1	0	0	0
11	113731192	113731470	1	memory	0	0	0	1	0	0
11	114171489	114172124	1	late	0	1	0	0	0	0
11	115150723	115151042	1	terminal	0	0	1	0	0	0
11	115172932	115174164	1	shCd19	0	0	0	0	1	0
11	115188912	115189182	1	early	1	0	0	0	0	0
11	115198655	115199604	1	shCd19	0	0	0	0	1	0
11	115231341	115231749	1	shCd19	0	0	0	0	1	0
11	115407262	115407567	1	terminal	0	0	1	0	0	0
11	115564237	115564460	1	shCd19	0	0	0	0	1	0
11	116012379	116012689	1	shCd19	0	0	0	0	1	0
11	116024254	116024775	1	shCd19	0	0	0	0	1	0
11	116030012	116030178	1	shCd19	0	0	0	0	1	0
11	116030178	116030201	2	shCd19,shRunx3	0	0	0	0	1	1
11	116030201	116030214	3	early,shCd19,shRunx3	1	0	0	0	1	1
11	116030214	116030485	4	early,terminal,shCd19,shRunx3	1	0	1	0	1	1
11	116030485	116030487	3	terminal,shCd19,shRunx3	0	0	1	0	1	1
11	116030487	116030497	2	shCd19,shRunx3	0	0	0	0	1	1
11	116030497	116030532	1	shCd19	0	0	0	0	1	0
11	116086784	116087579	1	shCd19	0	0	0	0	1	0
11	116099527	116099887	1	late	0	1	0	0	0	0
11	116136319	116136903	1	shRunx3	0	0	0	0	0	1
11	116254423	116254964	2	shCd19,shRunx3	0	0	0	0	1	1
11	116254964	116255144	1	shRunx3	0	0	0	0	0	1
11	116255562	116255826	1	shCd19	0	0	0	0	1	0
11	116255826	116256110	2	terminal,shCd19	0	0	1	0	1	0
11	116256110	116256251	1	shCd19	0	0	0	0	1	0
11	116331475	116331712	1	terminal	0	0	1	0	0	0
11	116377191	116377617	1	shCd19	0	0	0	0	1	0
11	116413078	116413662	1	shRunx3	0	0	0	0	0	1
11	116433345	116433744	1	shCd19	0	0	0	0	1	0
11	116433744	116433918	2	late,shCd19	0	1	0	0	1	0
11	116433918	116434045	3	late,terminal,shCd19	0	1	1	0	1	0
11	116434045	116434253	2	terminal,shCd19	0	0	1	0	1	0
11	116434253	116434354	1	terminal	0	0	1	0	0	0
11	116617225	116618006	1	shCd19	0	0	0	0	1	0
11	116618432	116618555	1	shRunx3	0	0	0	0	0	1
11	116618555	116618958	2	shCd19,shRunx3	0	0	0	0	1	1
11	116618958	116618977	1	shRunx3	0	0	0	0	0	1
11	116843773	116844178	1	shCd19	0	0	0	0	1	0
11	116853302	116853737	1	shCd19	0	0	0	0	1	0
11	117301639	117302251	1	shCd19	0	0	0	0	1	0
11	117333774	117334446	1	shCd19	0	0	0	0	1	0
11	117348552	117348769	1	shCd19	0	0	0	0	1	0
11	117421218	117421495	1	late	0	1	0	0	0	0
11	117577151	117577582	1	shCd19	0	0	0	0	1	0
11	117654292	117655010	1	shCd19	0	0	0	0	1	0
11	117735581	117736268	1	terminal	0	0	1	0	0	0
11	117780791	117781137	1	shRunx3	0	0	0	0	0	1
11	117831710	117832967	1	shRunx3	0	0	0	0	0	1
11	117848702	117849123	1	shRunx3	0	0	0	0	0	1
11	117872095	117872158	1	shCd19	0	0	0	0	1	0
11	117872158	117872432	2	memory,shCd19	0	0	0	1	1	0
11	117872432	117872509	1	shCd19	0	0	0	0	1	0
11	117965339	117966318	1	shCd19	0	0	0	0	1	0
11	118143503	118143960	1	shCd19	0	0	0	0	1	0
11	118155236	118155683	1	shRunx3	0	0	0	0	0	1
11	118227679	118228132	1	shRunx3	0	0	0	0	0	1
11	118232246	118232783	1	shCd19	0	0	0	0	1	0
11	118236606	118237097	1	shCd19	0	0	0	0	1	0
11	118244001	118244271	1	memory	0	0	0	1	0	0
11	118337245	118338266	1	shCd19	0	0	0	0	1	0
11	119073986	119074189	1	shRunx3	0	0	0	0	0	1
11	119187137	119187443	1	shCd19	0	0	0	0	1	0
11	119411655	119411867	1	shRunx3	0	0	0	0	0	1
11	119558331	119558756	1	terminal	0	0	1	0	0	0
11	119671168	119671475	1	shCd19	0	0	0	0	1	0
11	119728712	119729069	1	shRunx3	0	0	0	0	0	1
11	119749662	119750039	1	late	0	1	0	0	0	0
11	119928342	119928355	1	shRunx3	0	0	0	0	0	1
11	119928355	119928751	2	shCd19,shRunx3	0	0	0	0	1	1
11	119928751	119928796	1	shCd19	0	0	0	0	1	0
11	120045624	120045947	1	memory	0	0	0	1	0	0
11	120078301	120079009	1	terminal	0	0	1	0	0	0
11	120672937	120673036	1	shCd19	0	0	0	0	1	0
11	120673036	120673396	2	shCd19,shRunx3	0	0	0	0	1	1
11	120673396	120673543	1	shCd19	0	0	0	0	1	0
11	121353811	121354514	1	shCd19	0	0	0	0	1	0
11	121441551	121441837	1	late	0	1	0	0	0	0
11	121500735	121501043	1	shRunx3	0	0	0	0	0	1
12	3235353	3235706	1	shCd19	0	0	0	0	1	0
12	3387661	3387987	1	early	1	0	0	0	0	0
12	4022808	4023108	1	terminal	0	0	1	0	0	0
12	4485613	4485840	1	shRunx3	0	0	0	0	0	1
12	4486768	4487010	1	shRunx3	0	0	0	0	0	1
12	4617051	4617303	1	shRunx3	0	0	0	0	0	1
12	4817195	4817459	1	shCd19	0	0	0	0	1	0
12	5177090	5177331	1	terminal	0	0	1	0	0	0
12	5209400	5209767	1	shRunx3	0	0	0	0	0	1
12	5706559	5706827	1	memory	0	0	0	1	0	0
12	5783273	5783717	1	shRunx3	0	0	0	0	0	1
12	6917097	6917384	1	early	1	0	0	0	0	0
12	7220118	7220412	1	shRunx3	0	0	0	0	0	1
12	7388094	7388510	1	terminal	0	0	1	0	0	0
12	7451403	7451766	1	shCd19	0	0	0	0	1	0
12	7718365	7718579	1	shCd19	0	0	0	0	1	0
12	7814739	7815136	1	memory	0	0	0	1	0	0
12	8316049	8316350	1	shRunx3	0	0	0	0	0	1
12	8704013	8704492	1	terminal	0	0	1	0	0	0
12	8921610	8921950	1	shCd19	0	0	0	0	1	0
12	9661952	9662252	1	shRunx3	0	0	0	0	0	1
12	9994144	9994426	1	early	1	0	0	0	0	0
12	10382250	10382597	1	memory	0	0	0	1	0	0
12	10957515	10957834	1	late	0	1	0	0	0	0
12	11208341	11208905	1	memory	0	0	0	1	0	0
12	11398267	11398545	1	late	0	1	0	0	0	0
12	11583480	11584040	1	late	0	1	0	0	0	0
12	12339331	12339694	1	terminal	0	0	1	0	0	0
12	12619096	12619395	1	shCd19	0	0	0	0	1	0
12	13358532	13358918	1	shRunx3	0	0	0	0	0	1
12	13844329	13844697	1	shRunx3	0	0	0	0	0	1
12	14113271	14113610	1	shRunx3	0	0	0	0	0	1
12	14168248	14168932	1	terminal	0	0	1	0	0	0
12	14296252	14296552	1	early	1	0	0	0	0	0
12	15555123	15555372	1	terminal	0	0	1	0	0	0
12	15655251	15655918	1	late	0	1	0	0	0	0
12	16006462	16006517	1	terminal	0	0	1	0	0	0
12	16006517	16006786	2	terminal,shCd19	0	0	1	0	1	0
12	16006786	16006816	1	shCd19	0	0	0	0	1	0
12	16489056	16489370	1	terminal	0	0	1	0	0	0
12	16532216	16532740	1	shCd19	0	0	0	0	1	0
12	16839552	16839796	1	terminal	0	0	1	0	0	0
12	17075792	17076660	1	memory	0	0	0	1	0	0
12	17239352	17239638	1	memory	0	0	0	1	0	0
12	17266354	17267002	1	shCd19	0	0	0	0	1	0
12	17690405	17690760	1	shCd19	0	0	0	0	1	0
12	18323028	18323437	1	memory	0	0	0	1	0	0
12	18557259	18557624	1	shRunx3	0	0	0	0	0	1
12	19840804	19841116	1	terminal	0	0	1	0	0	0
12	21107941	21108215	1	shRunx3	0	0	0	0	0	1
12	21134700	21134959	1	terminal	0	0	1	0	0	0
12	21192638	21192923	1	terminal	0	0	1	0	0	0
12	21417363	21417801	1	shRunx3	0	0	0	0	0	1
12	21480119	21480754	1	shCd19	0	0	0	0	1	0
12	22996030	22996453	1	shRunx3	0	0	0	0	0	1
12	24633897	24634395	1	shCd19	0	0	0	0	1	0
12	25095901	25096905	1	shCd19	0	0	0	0	1	0
12	25239823	25240544	1	shCd19	0	0	0	0	1	0
12	25338563	25339218	1	shCd19	0	0	0	0	1	0
12	25350693	25351220	1	shCd19	0	0	0	0	1	0
12	25438526	25439577	1	shCd19	0	0	0	0	1	0
12	25784486	25785013	1	memory	0	0	0	1	0	0
12	25801294	25801859	1	late	0	1	0	0	0	0
12	26108944	26109301	1	terminal	0	0	1	0	0	0
12	26537448	26537712	1	memory	0	0	0	1	0	0
12	26542936	26543136	1	shRunx3	0	0	0	0	0	1
12	27302041	27302533	1	terminal	0	0	1	0	0	0
12	27801618	27802120	1	terminal	0	0	1	0	0	0
12	27906055	27906364	1	shRunx3	0	0	0	0	0	1
12	28410304	28410611	1	terminal	0	0	1	0	0	0
12	29243351	29243581	1	shCd19	0	0	0	0	1	0
12	29488140	29488655	1	terminal	0	0	1	0	0	0
12	30866521	30866914	1	early	1	0	0	0	0	0
12	31348204	31348483	1	shRunx3	0	0	0	0	0	1
12	31551632	31552057	1	late	0	1	0	0	0	0
12	31589808	31590128	1	late	0	1	0	0	0	0
12	31817609	31818001	1	shCd19	0	0	0	0	1	0
12	32145993	32146293	1	shRunx3	0	0	0	0	0	1
12	32468488	32468950	1	late	0	1	0	0	0	0
12	32950000	32950348	1	terminal	0	0	1	0	0	0
12	32953613	32953793	1	shCd19	0	0	0	0	1	0
12	32953793	32954211	2	shCd19,shRunx3	0	0	0	0	1	1
12	32954211	32954942	1	shCd19	0	0	0	0	1	0
12	33160289	33160626	1	shCd19	0	0	0	0	1	0
12	34854239	34854701	1	terminal	0	0	1	0	0	0
12	35020019	35020257	1	shRunx3	0	0	0	0	0	1
12	35020652	35021006	1	shRunx3	0	0	0	0	0	1
12	36707848	36708181	1	memory	0	0	0	1	0	0
12	36967876	36968215	1	late	0	1	0	0	0	0
12	36983958	36984274	1	early	1	0	0	0	0	0
12	37103924	37104355	1	shRunx3	0	0	0	0	0	1
12	38660687	38661417	1	memory	0	0	0	1	0	0
12	39024915	39025313	1	shRunx3	0	0	0	0	0	1
12	39146064	39146511	1	memory	0	0	0	1	0	0
12	39417580	39417860	1	terminal	0	0	1	0	0	0
12	39510681	39511154	1	late	0	1	0	0	0	0
12	39777505	39778065	1	memory	0	0	0	1	0	0
12	39850529	39850913	1	early	1	0	0	0	0	0
12	39935618	39935823	1	shRunx3	0	0	0	0	0	1
12	40008669	40008876	1	shCd19	0	0	0	0	1	0
12	40038142	40038543	1	shCd19	0	0	0	0	1	0
12	40248634	40249233	1	shCd19	0	0	0	0	1	0
12	40445623	40446093	1	shCd19	0	0	0	0	1	0
12	41048232	41048558	1	late	0	1	0	0	0	0
12	41147202	41147646	1	late	0	1	0	0	0	0
12	41239427	41239688	1	memory	0	0	0	1	0	0
12	41408474	41408770	1	late	0	1	0	0	0	0
12	42158023	42158430	1	late	0	1	0	0	0	0
12	42845139	42845690	1	terminal	0	0	1	0	0	0
12	43282958	43283242	1	terminal	0	0	1	0	0	0
12	43570347	43570928	1	memory	0	0	0	1	0	0
12	44014364	44014627	1	memory	0	0	0	1	0	0
12	44209657	44209832	1	shRunx3	0	0	0	0	0	1
12	44209832	44210098	2	shCd19,shRunx3	0	0	0	0	1	1
12	44210098	44210344	1	shRunx3	0	0	0	0	0	1
12	44268381	44268578	1	shCd19	0	0	0	0	1	0
12	44268578	44269083	2	shCd19,shRunx3	0	0	0	0	1	1
12	44269083	44269391	1	shCd19	0	0	0	0	1	0
12	44614489	44614906	1	late	0	1	0	0	0	0
12	45154368	45154656	1	memory	0	0	0	1	0	0
12	45229520	45229896	1	shRunx3	0	0	0	0	0	1
12	45505018	45505541	1	shRunx3	0	0	0	0	0	1
12	46361449	46361801	1	early	1	0	0	0	0	0
12	46396713	46397065	1	terminal	0	0	1	0	0	0
12	46610628	46610866	1	shCd19	0	0	0	0	1	0
12	46615913	46616494	1	terminal	0	0	1	0	0	0
12	46975675	46976000	1	early	1	0	0	0	0	0
12	46978258	46978661	1	shCd19	0	0	0	0	1	0
12	47050644	47050843	1	shRunx3	0	0	0	0	0	1
12	47083129	47083420	1	late	0	1	0	0	0	0
12	48244235	48244442	1	shRunx3	0	0	0	0	0	1
12	48295701	48296003	1	memory	0	0	0	1	0	0
12	48359012	48359360	1	shRunx3	0	0	0	0	0	1
12	48447715	48448078	1	shRunx3	0	0	0	0	0	1
12	48699157	48699428	1	memory	0	0	0	1	0	0
12	48711712	48712097	1	memory	0	0	0	1	0	0
12	48891855	48892292	1	shRunx3	0	0	0	0	0	1
12	49159560	49159902	1	terminal	0	0	1	0	0	0
12	49573408	49573685	1	memory	0	0	0	1	0	0
12	49921511	49921766	1	memory	0	0	0	1	0	0
12	50046466	50046750	1	memory	0	0	0	1	0	0
12	50122448	50122774	1	terminal	0	0	1	0	0	0
12	50825175	50825414	1	terminal	0	0	1	0	0	0
12	50924260	50924646	1	terminal	0	0	1	0	0	0
12	50954738	50955018	1	shRunx3	0	0	0	0	0	1
12	51261089	51261408	1	terminal	0	0	1	0	0	0
12	51349085	51349484	1	early	1	0	0	0	0	0
12	51499793	51500067	1	memory	0	0	0	1	0	0
12	51536555	51536861	1	shRunx3	0	0	0	0	0	1
12	52448849	52449132	1	shRunx3	0	0	0	0	0	1
12	52602687	52603501	1	shCd19	0	0	0	0	1	0
12	52970067	52970384	1	memory	0	0	0	1	0	0
12	53078443	53078856	1	memory	0	0	0	1	0	0
12	53151170	53151542	1	shRunx3	0	0	0	0	0	1
12	53450269	53450570	1	memory	0	0	0	1	0	0
12	53468058	53468310	1	shRunx3	0	0	0	0	0	1
12	53503659	53503906	1	shRunx3	0	0	0	0	0	1
12	53717026	53717641	1	late	0	1	0	0	0	0
12	54291976	54292255	1	memory	0	0	0	1	0	0
12	54470318	54470516	1	shRunx3	0	0	0	0	0	1
12	54545715	54545983	1	terminal	0	0	1	0	0	0
12	55051382	55051693	1	shCd19	0	0	0	0	1	0
12	55392504	55392995	1	shCd19	0	0	0	0	1	0
12	55445125	55445386	1	shCd19	0	0	0	0	1	0
12	56228708	56228912	1	shRunx3	0	0	0	0	0	1
12	56368814	56369110	1	memory	0	0	0	1	0	0
12	56438195	56438501	1	shCd19	0	0	0	0	1	0
12	56710436	56710687	1	memory	0	0	0	1	0	0
12	57740946	57741324	1	shRunx3	0	0	0	0	0	1
12	58713692	58713908	1	shCd19	0	0	0	0	1	0
12	59214598	59214947	1	terminal	0	0	1	0	0	0
12	59285201	59285637	1	late	0	1	0	0	0	0
12	59687761	59688109	1	terminal	0	0	1	0	0	0
12	60219362	60219633	1	early	1	0	0	0	0	0
12	60256523	60256827	1	memory	0	0	0	1	0	0
12	60673152	60673430	1	memory	0	0	0	1	0	0
12	60725692	60726118	1	early	1	0	0	0	0	0
12	61207466	61207721	1	shRunx3	0	0	0	0	0	1
12	61252616	61253106	1	terminal	0	0	1	0	0	0
12	62718526	62718887	1	terminal	0	0	1	0	0	0
12	62858442	62858733	1	shRunx3	0	0	0	0	0	1
12	64530939	64531358	1	shRunx3	0	0	0	0	0	1
12	64916544	64917049	1	late	0	1	0	0	0	0
12	65073745	65074014	1	shRunx3	0	0	0	0	0	1
12	65149044	65149517	1	memory	0	0	0	1	0	0
12	65484941	65485382	1	terminal	0	0	1	0	0	0
12	65687009	65687210	1	shRunx3	0	0	0	0	0	1
12	65829550	65829845	1	early	1	0	0	0	0	0
12	66177728	66178054	1	terminal	0	0	1	0	0	0
12	66751690	66752126	1	memory	0	0	0	1	0	0
12	66763905	66764638	1	late	0	1	0	0	0	0
12	66931979	66932307	1	memory	0	0	0	1	0	0
12	66945329	66945559	1	shRunx3	0	0	0	0	0	1
12	67166866	67167645	1	early	1	0	0	0	0	0
12	67219180	67219473	1	memory	0	0	0	1	0	0
12	67656383	67656795	1	early	1	0	0	0	0	0
12	68464152	68464391	1	shRunx3	0	0	0	0	0	1
12	68985543	68985816	1	terminal	0	0	1	0	0	0
12	69472004	69472241	1	terminal	0	0	1	0	0	0
12	69579903	69580148	1	shRunx3	0	0	0	0	0	1
12	69580851	69581344	1	shCd19	0	0	0	0	1	0
12	69680566	69680917	1	shCd19	0	0	0	0	1	0
12	70302172	70302471	1	memory	0	0	0	1	0	0
12	70706955	70707269	1	memory	0	0	0	1	0	0
12	70740510	70740913	1	early	1	0	0	0	0	0
12	70825015	70825325	1	shCd19	0	0	0	0	1	0
12	70938996	70939349	1	late	0	1	0	0	0	0
12	71015613	71016129	1	shCd19	0	0	0	0	1	0
12	71095623	71096155	1	terminal	0	0	1	0	0	0
12	71215240	71215480	1	terminal	0	0	1	0	0	0
12	71219100	71219447	1	memory	0	0	0	1	0	0
12	71241149	71241436	1	memory	0	0	0	1	0	0
12	71302348	71302693	1	shCd19	0	0	0	0	1	0
12	73583615	73583992	1	late	0	1	0	0	0	0
12	73593104	73593152	1	shRunx3	0	0	0	0	0	1
12	73593152	73593259	2	shCd19,shRunx3	0	0	0	0	1	1
12	73593259	73593494	3	terminal,shCd19,shRunx3	0	0	1	0	1	1
12	73593494	73593685	2	terminal,shRunx3	0	0	1	0	0	1
12	73593685	73593969	1	shRunx3	0	0	0	0	0	1
12	73603771	73604593	1	shCd19	0	0	0	0	1	0
12	73604593	73605275	2	shCd19,shRunx3	0	0	0	0	1	1
12	73605275	73605874	1	shCd19	0	0	0	0	1	0
12	73630227	73630584	1	early	1	0	0	0	0	0
12	73633679	73633943	1	memory	0	0	0	1	0	0
12	73702173	73702458	1	shRunx3	0	0	0	0	0	1
12	73715556	73715972	1	terminal	0	0	1	0	0	0
12	73720462	73720821	1	shCd19	0	0	0	0	1	0
12	74014943	74015332	1	late	0	1	0	0	0	0
12	74196960	74197358	1	shCd19	0	0	0	0	1	0
12	74279849	74280146	1	shRunx3	0	0	0	0	0	1
12	75813522	75813893	1	late	0	1	0	0	0	0
12	75988287	75988708	1	memory	0	0	0	1	0	0
12	76254740	76255387	1	shCd19	0	0	0	0	1	0
12	77039573	77040346	1	shCd19	0	0	0	0	1	0
12	77109012	77109363	1	late	0	1	0	0	0	0
12	77112235	77112492	1	shCd19	0	0	0	0	1	0
12	77473342	77473773	1	early	1	0	0	0	0	0
12	77510239	77510918	1	shRunx3	0	0	0	0	0	1
12	77544653	77544971	1	shRunx3	0	0	0	0	0	1
12	78035120	78035418	1	shCd19	0	0	0	0	1	0
12	78765181	78765420	1	shRunx3	0	0	0	0	0	1
12	78770519	78770791	1	memory	0	0	0	1	0	0
12	78810811	78811011	1	shCd19	0	0	0	0	1	0
12	78990077	78990462	1	shRunx3	0	0	0	0	0	1
12	79070593	79070791	1	shRunx3	0	0	0	0	0	1
12	79156622	79156838	1	shRunx3	0	0	0	0	0	1
12	79237181	79237409	1	shCd19	0	0	0	0	1	0
12	79438132	79438463	1	shCd19	0	0	0	0	1	0
12	79477808	79478125	1	shRunx3	0	0	0	0	0	1
12	79528724	79528924	1	shRunx3	0	0	0	0	0	1
12	79646540	79646781	1	shCd19	0	0	0	0	1	0
12	79646781	79647162	2	shCd19,shRunx3	0	0	0	0	1	1
12	79647162	79647780	1	shCd19	0	0	0	0	1	0
12	79753190	79753716	1	shRunx3	0	0	0	0	0	1
12	80301946	80302231	1	memory	0	0	0	1	0	0
12	80643032	80643911	1	shCd19	0	0	0	0	1	0
12	80643911	80644189	2	shCd19,shRunx3	0	0	0	0	1	1
12	80644189	80644596	1	shRunx3	0	0	0	0	0	1
12	80679220	80679484	1	terminal	0	0	1	0	0	0
12	81425256	81425845	1	shCd19	0	0	0	0	1	0
12	81532562	81532998	1	shRunx3	0	0	0	0	0	1
12	81815684	81815886	1	shRunx3	0	0	0	0	0	1
12	81972148	81972625	1	shCd19	0	0	0	0	1	0
12	82208635	82208845	1	shRunx3	0	0	0	0	0	1
12	83336657	83336986	1	shRunx3	0	0	0	0	0	1
12	84049982	84050354	1	memory	0	0	0	1	0	0
12	84361561	84362008	1	shRunx3	0	0	0	0	0	1
12	84407578	84407717	1	shRunx3	0	0	0	0	0	1
12	84407717	84408427	2	shCd19,shRunx3	0	0	0	0	1	1
12	84408427	84408432	1	shRunx3	0	0	0	0	0	1
12	84409094	84409367	1	shCd19	0	0	0	0	1	0
12	84450739	84451748	1	shCd19	0	0	0	0	1	0
12	84617449	84617689	1	shCd19	0	0	0	0	1	0
12	84763742	84764064	1	shCd19	0	0	0	0	1	0
12	85228905	85229239	1	late	0	1	0	0	0	0
12	85230645	85230867	1	shRunx3	0	0	0	0	0	1
12	85279749	85281123	1	shRunx3	0	0	0	0	0	1
12	85328804	85329131	1	shRunx3	0	0	0	0	0	1
12	85446881	85447595	1	shCd19	0	0	0	0	1	0
12	85473520	85473586	1	shCd19	0	0	0	0	1	0
12	85473586	85473844	2	terminal,shCd19	0	0	1	0	1	0
12	85473844	85474370	1	shCd19	0	0	0	0	1	0
12	85629592	85630606	1	shCd19	0	0	0	0	1	0
12	85660707	85661139	1	shCd19	0	0	0	0	1	0
12	85705758	85706244	1	shRunx3	0	0	0	0	0	1
12	85744386	85744654	1	shRunx3	0	0	0	0	0	1
12	86130258	86130538	1	memory	0	0	0	1	0	0
12	86276525	86277078	1	shCd19	0	0	0	0	1	0
12	86672611	86672911	1	memory	0	0	0	1	0	0
12	86824977	86825338	1	shCd19	0	0	0	0	1	0
12	87015917	87016120	1	shRunx3	0	0	0	0	0	1
12	87360864	87361112	1	shRunx3	0	0	0	0	0	1
12	88380768	88381147	1	late	0	1	0	0	0	0
12	88645587	88645792	1	shCd19	0	0	0	0	1	0
12	88971494	88971860	1	terminal	0	0	1	0	0	0
12	89634139	89634458	1	shRunx3	0	0	0	0	0	1
12	89988680	89989023	1	early	1	0	0	0	0	0
12	90923959	90924383	1	terminal	0	0	1	0	0	0
12	90926416	90926729	1	memory	0	0	0	1	0	0
12	90998835	90999203	1	shRunx3	0	0	0	0	0	1
12	91399612	91399866	1	terminal	0	0	1	0	0	0
12	91589743	91590047	1	shRunx3	0	0	0	0	0	1
12	91765520	91765765	1	shRunx3	0	0	0	0	0	1
12	91849126	91849397	1	shCd19	0	0	0	0	1	0
12	92421180	92421732	1	shRunx3	0	0	0	0	0	1
12	92561402	92561754	1	late	0	1	0	0	0	0
12	93205943	93206323	1	shCd19	0	0	0	0	1	0
12	93405585	93405851	1	terminal	0	0	1	0	0	0
12	94419084	94419504	1	shRunx3	0	0	0	0	0	1
12	94720785	94721566	1	memory	0	0	0	1	0	0
12	95246827	95247243	1	shRunx3	0	0	0	0	0	1
12	95632951	95633178	1	shRunx3	0	0	0	0	0	1
12	96052852	96053192	1	memory	0	0	0	1	0	0
12	96057470	96058007	1	late	0	1	0	0	0	0
12	96870964	96871403	1	memory	0	0	0	1	0	0
12	96887721	96888030	1	shRunx3	0	0	0	0	0	1
12	97498277	97498648	1	terminal	0	0	1	0	0	0
12	98145895	98146280	1	late	0	1	0	0	0	0
12	98269786	98269864	1	shCd19	0	0	0	0	1	0
12	98269864	98269865	2	shCd19,shRunx3	0	0	0	0	1	1
12	98269865	98270481	3	early,shCd19,shRunx3	1	0	0	0	1	1
12	98270481	98270534	2	shCd19,shRunx3	0	0	0	0	1	1
12	98270534	98270687	1	shCd19	0	0	0	0	1	0
12	98283151	98283317	1	shRunx3	0	0	0	0	0	1
12	98283317	98283683	2	shCd19,shRunx3	0	0	0	0	1	1
12	98283683	98283734	1	shCd19	0	0	0	0	1	0
12	99081617	99081888	1	early	1	0	0	0	0	0
12	99482149	99482374	1	shRunx3	0	0	0	0	0	1
12	99642072	99643083	1	shCd19	0	0	0	0	1	0
12	99809231	99809590	1	shRunx3	0	0	0	0	0	1
12	100037680	100037987	1	shRunx3	0	0	0	0	0	1
12	100110162	100110554	1	shCd19	0	0	0	0	1	0
12	100285706	100286048	1	memory	0	0	0	1	0	0
12	100360124	100360438	1	early	1	0	0	0	0	0
12	100661709	100662064	1	terminal	0	0	1	0	0	0
12	100993984	100994273	1	shRunx3	0	0	0	0	0	1
12	100994273	100994868	2	shCd19,shRunx3	0	0	0	0	1	1
12	100994868	100994916	1	shCd19	0	0	0	0	1	0
12	101027512	101028106	1	shCd19	0	0	0	0	1	0
12	101033700	101034189	1	shRunx3	0	0	0	0	0	1
12	101390430	101390712	1	memory	0	0	0	1	0	0
12	101870550	101871166	1	shRunx3	0	0	0	0	0	1
12	101975487	101976043	1	shCd19	0	0	0	0	1	0
12	101979606	101979844	1	terminal	0	0	1	0	0	0
12	102282830	102283264	1	shCd19	0	0	0	0	1	0
12	103129797	103130050	1	shCd19	0	0	0	0	1	0
12	103169248	103169812	1	memory	0	0	0	1	0	0
12	103343725	103344016	1	shCd19	0	0	0	0	1	0
12	104056879	104057427	1	shRunx3	0	0	0	0	0	1
12	104061770	104062234	1	shCd19	0	0	0	0	1	0
12	104143806	104144069	1	memory	0	0	0	1	0	0
12	104358321	104358644	1	memory	0	0	0	1	0	0
12	104453456	104453877	1	memory	0	0	0	1	0	0
12	105001132	105001388	1	shCd19	0	0	0	0	1	0
12	105001388	105001452	2	memory,shCd19	0	0	0	1	1	0
12	105001452	105001857	1	memory	0	0	0	1	0	0
12	105032240	105032817	1	shRunx3	0	0	0	0	0	1
12	105654180	105654606	1	terminal	0	0	1	0	0	0
12	105851777	105851997	1	shRunx3	0	0	0	0	0	1
12	106189538	106189777	1	shRunx3	0	0	0	0	0	1
12	106314763	106314981	1	shRunx3	0	0	0	0	0	1
12	106435381	106435801	1	late	0	1	0	0	0	0
12	106583755	106584045	1	shRunx3	0	0	0	0	0	1
12	106877084	106877513	1	memory	0	0	0	1	0	0
12	107057502	107057940	1	late	0	1	0	0	0	0
12	107129235	107129550	1	shCd19	0	0	0	0	1	0
12	107373981	107374267	1	late	0	1	0	0	0	0
12	107526063	107526378	1	shRunx3	0	0	0	0	0	1
12	107623966	107624375	1	shCd19	0	0	0	0	1	0
12	107992927	107993267	1	shCd19	0	0	0	0	1	0
12	108179303	108179724	1	shCd19	0	0	0	0	1	0
12	108465470	108465814	1	terminal	0	0	1	0	0	0
12	108585399	108585757	1	shCd19	0	0	0	0	1	0
12	108635629	108635929	1	shCd19	0	0	0	0	1	0
12	108639458	108639855	1	late	0	1	0	0	0	0
12	109138104	109138560	1	terminal	0	0	1	0	0	0
12	109154424	109154720	1	memory	0	0	0	1	0	0
12	109915754	109916081	1	late	0	1	0	0	0	0
12	110110392	110110929	1	late	0	1	0	0	0	0
12	110120367	110120746	1	shRunx3	0	0	0	0	0	1
12	110591386	110591618	1	shCd19	0	0	0	0	1	0
12	110671283	110671579	1	shRunx3	0	0	0	0	0	1
12	110696445	110696765	1	shRunx3	0	0	0	0	0	1
12	111038844	111039366	1	shCd19	0	0	0	0	1	0
12	111295153	111295460	1	memory	0	0	0	1	0	0
12	111354542	111354805	1	memory	0	0	0	1	0	0
12	111686333	111686532	1	shRunx3	0	0	0	0	0	1
12	112074809	112075165	1	late	0	1	0	0	0	0
12	112426551	112426748	1	shRunx3	0	0	0	0	0	1
12	112588628	112589550	1	shCd19	0	0	0	0	1	0
12	112650456	112650880	1	shRunx3	0	0	0	0	0	1
12	112868163	112868512	1	shRunx3	0	0	0	0	0	1
12	112962722	112963066	1	late	0	1	0	0	0	0
12	112976141	112976646	1	shCd19	0	0	0	0	1	0
12	113167957	113168109	2	terminal,shCd19	0	0	1	0	1	0
12	113168109	113168481	3	terminal,shCd19,shRunx3	0	0	1	0	1	1
12	113168481	113168493	2	terminal,shRunx3	0	0	1	0	0	1
12	113168493	113168505	1	terminal	0	0	1	0	0	0
12	113481406	113481704	1	shCd19	0	0	0	0	1	0
12	113716643	113717081	1	shRunx3	0	0	0	0	0	1
12	114499467	114499824	1	early	1	0	0	0	0	0
12	114938556	114938972	1	shCd19	0	0	0	0	1	0
12	115802398	115803094	1	shCd19	0	0	0	0	1	0
12	116202012	116202276	1	memory	0	0	0	1	0	0
12	116218343	116218545	1	shRunx3	0	0	0	0	0	1
12	116430600	116431180	1	memory	0	0	0	1	0	0
12	116918276	116918741	1	late	0	1	0	0	0	0
12	116939731	116940140	1	terminal	0	0	1	0	0	0
12	117365116	117365430	1	memory	0	0	0	1	0	0
12	117444427	117445079	1	shCd19	0	0	0	0	1	0
12	117521682	117521957	1	memory	0	0	0	1	0	0
12	117675598	117676019	1	shRunx3	0	0	0	0	0	1
12	118301712	118302611	1	shCd19	0	0	0	0	1	0
12	118371840	118372361	1	shCd19	0	0	0	0	1	0
12	118376305	118377167	1	shCd19	0	0	0	0	1	0
12	118411101	118411412	1	shCd19	0	0	0	0	1	0
12	119162375	119162959	1	terminal	0	0	1	0	0	0
12	119345786	119346201	1	memory	0	0	0	1	0	0
12	119375423	119375894	1	late	0	1	0	0	0	0
13	3589551	3589829	1	shRunx3	0	0	0	0	0	1
13	3628835	3629133	1	shRunx3	0	0	0	0	0	1
13	4572099	4572702	1	early	1	0	0	0	0	0
13	5008936	5009227	1	early	1	0	0	0	0	0
13	5030173	5030437	1	terminal	0	0	1	0	0	0
13	5217930	5218178	1	terminal	0	0	1	0	0	0
13	5301654	5301910	1	shRunx3	0	0	0	0	0	1
13	5864401	5864415	1	terminal	0	0	1	0	0	0
13	5864415	5864730	2	terminal,shCd19	0	0	1	0	1	0
13	5864730	5864766	1	shCd19	0	0	0	0	1	0
13	6132166	6132474	1	terminal	0	0	1	0	0	0
13	6314322	6314596	1	memory	0	0	0	1	0	0
13	6663515	6663733	1	shRunx3	0	0	0	0	0	1
13	6804164	6804419	1	memory	0	0	0	1	0	0
13	6926270	6926586	1	shRunx3	0	0	0	0	0	1
13	7578523	7578951	1	terminal	0	0	1	0	0	0
13	8885522	8885543	1	memory	0	0	0	1	0	0
13	8885543	8885830	2	memory,shCd19	0	0	0	1	1	0
13	8885830	8886013	1	shCd19	0	0	0	0	1	0
13	9763215	9763500	1	shCd19	0	0	0	0	1	0
13	10112881	10113150	1	shCd19	0	0	0	0	1	0
13	10252375	10252755	1	shRunx3	0	0	0	0	0	1
13	10412259	10412521	1	shRunx3	0	0	0	0	0	1
13	10694204	10694525	1	late	0	1	0	0	0	0
13	11228872	11229071	1	shRunx3	0	0	0	0	0	1
13	11320602	11320833	1	shRunx3	0	0	0	0	0	1
13	12394943	12395370	1	shCd19	0	0	0	0	1	0
13	12678252	12678640	1	late	0	1	0	0	0	0
13	13559127	13559469	1	shCd19	0	0	0	0	1	0
13	14039376	14039654	1	late	0	1	0	0	0	0
13	14223953	14224501	1	shRunx3	0	0	0	0	0	1
13	14983048	14983357	1	late	0	1	0	0	0	0
13	15117132	15117395	1	shRunx3	0	0	0	0	0	1
13	15280362	15280574	1	shRunx3	0	0	0	0	0	1
13	15822644	15822946	1	shRunx3	0	0	0	0	0	1
13	16072747	16073116	1	late	0	1	0	0	0	0
13	16858570	16859047	1	memory	0	0	0	1	0	0
13	16983278	16983521	1	terminal	0	0	1	0	0	0
13	17263314	17263689	1	late	0	1	0	0	0	0
13	17542600	17543026	1	shRunx3	0	0	0	0	0	1
13	17615236	17615557	1	late	0	1	0	0	0	0
13	17635408	17635703	1	shCd19	0	0	0	0	1	0
13	17694952	17695402	1	shCd19	0	0	0	0	1	0
13	18794921	18795336	1	shRunx3	0	0	0	0	0	1
13	19466705	19467201	1	early	1	0	0	0	0	0
13	19854872	19855101	1	shCd19	0	0	0	0	1	0
13	19999711	20000054	1	early	1	0	0	0	0	0
13	20092416	20092665	1	shCd19	0	0	0	0	1	0
13	20177817	20178091	1	terminal	0	0	1	0	0	0
13	20184968	20185242	1	shCd19	0	0	0	0	1	0
13	21506249	21506592	1	shCd19	0	0	0	0	1	0
13	21922715	21922915	1	shCd19	0	0	0	0	1	0
13	22005785	22006272	1	shCd19	0	0	0	0	1	0
13	22215902	22216425	1	shRunx3	0	0	0	0	0	1
13	22714349	22714657	1	shCd19	0	0	0	0	1	0
13	23531146	23531721	1	shCd19	0	0	0	0	1	0
13	23543222	23543494	1	shRunx3	0	0	0	0	0	1
13	23739763	23740085	1	terminal	0	0	1	0	0	0
13	23762483	23762746	1	shRunx3	0	0	0	0	0	1
13	23843183	23843516	1	memory	0	0	0	1	0	0
13	24256770	24256988	1	shRunx3	0	0	0	0	0	1
13	24361456	24361726	1	terminal	0	0	1	0	0	0
13	24413065	24413870	1	shCd19	0	0	0	0	1	0
13	24415334	24415604	1	shRunx3	0	0	0	0	0	1
13	24415604	24416061	2	shCd19,shRunx3	0	0	0	0	1	1
13	24416061	24416896	1	shRunx3	0	0	0	0	0	1
13	24596554	24597016	1	shCd19	0	0	0	0	1	0
13	24599627	24600264	1	shCd19	0	0	0	0	1	0
13	24650737	24651042	1	late	0	1	0	0	0	0
13	25097279	25097492	1	shCd19	0	0	0	0	1	0
13	25451742	25452044	1	shRunx3	0	0	0	0	0	1
13	25649847	25650148	1	early	1	0	0	0	0	0
13	26246058	26246255	1	shCd19	0	0	0	0	1	0
13	26329506	26329888	1	shRunx3	0	0	0	0	0	1
13	26425919	26426260	1	terminal	0	0	1	0	0	0
13	26637619	26637916	1	shRunx3	0	0	0	0	0	1
13	26762906	26763176	1	memory	0	0	0	1	0	0
13	27409546	27409970	1	memory	0	0	0	1	0	0
13	27978729	27979065	1	early	1	0	0	0	0	0
13	28503126	28503349	1	shRunx3	0	0	0	0	0	1
13	29130486	29130968	1	terminal	0	0	1	0	0	0
13	29272857	29273203	1	early	1	0	0	0	0	0
13	29428380	29428876	1	shRunx3	0	0	0	0	0	1
13	30051727	30052043	1	shRunx3	0	0	0	0	0	1
13	30064430	30064752	1	late	0	1	0	0	0	0
13	30692972	30693301	1	shCd19	0	0	0	0	1	0
13	30813402	30813818	1	shCd19	0	0	0	0	1	0
13	30814396	30814739	1	shCd19	0	0	0	0	1	0
13	30929739	30929971	1	shRunx3	0	0	0	0	0	1
13	31132654	31132926	1	terminal	0	0	1	0	0	0
13	31223359	31223676	1	shRunx3	0	0	0	0	0	1
13	31357087	31357581	1	memory	0	0	0	1	0	0
13	31599635	31599919	1	shRunx3	0	0	0	0	0	1
13	32338831	32339060	1	shRunx3	0	0	0	0	0	1
13	32896484	32896912	1	early	1	0	0	0	0	0
13	32982610	32983139	1	shRunx3	0	0	0	0	0	1
13	33003346	33003893	1	shCd19	0	0	0	0	1	0
13	33046741	33046997	1	shRunx3	0	0	0	0	0	1
13	33071705	33072441	1	shCd19	0	0	0	0	1	0
13	33076993	33077223	1	shRunx3	0	0	0	0	0	1
13	33077223	33077461	2	shCd19,shRunx3	0	0	0	0	1	1
13	33077461	33077592	1	shCd19	0	0	0	0	1	0
13	33838104	33838653	1	late	0	1	0	0	0	0
13	33844754	33845010	1	terminal	0	0	1	0	0	0
13	34002128	34002406	1	shCd19	0	0	0	0	1	0
13	34034488	34034824	1	shRunx3	0	0	0	0	0	1
13	34162980	34163503	1	shRunx3	0	0	0	0	0	1
13	34661582	34661901	1	shCd19	0	0	0	0	1	0
13	34874002	34874381	1	terminal	0	0	1	0	0	0
13	35353161	35353359	1	shCd19	0	0	0	0	1	0
13	35616504	35616857	1	terminal	0	0	1	0	0	0
13	35658881	35659273	1	shRunx3	0	0	0	0	0	1
13	35716887	35717172	1	shCd19	0	0	0	0	1	0
13	35739103	35739420	1	memory	0	0	0	1	0	0
13	36117607	36118100	1	shCd19	0	0	0	0	1	0
13	36121786	36122306	1	memory	0	0	0	1	0	0
13	36328717	36329134	1	early	1	0	0	0	0	0
13	36538027	36538440	1	memory	0	0	0	1	0	0
13	36677880	36678162	1	late	0	1	0	0	0	0
13	36776393	36776641	1	memory	0	0	0	1	0	0
13	37055712	37055918	1	shRunx3	0	0	0	0	0	1
13	37184943	37185253	1	early	1	0	0	0	0	0
13	37436605	37436932	1	shRunx3	0	0	0	0	0	1
13	37612931	37613293	1	shRunx3	0	0	0	0	0	1
13	37666341	37666773	1	late	0	1	0	0	0	0
13	38443961	38444198	1	shRunx3	0	0	0	0	0	1
13	39571287	39571811	1	early	1	0	0	0	0	0
13	40759727	40760103	1	memory	0	0	0	1	0	0
13	41015963	41016502	1	late	0	1	0	0	0	0
13	41367248	41367926	1	shCd19	0	0	0	0	1	0
13	41372720	41372972	1	shCd19	0	0	0	0	1	0
13	41380889	41382178	1	shCd19	0	0	0	0	1	0
13	41382178	41382438	2	terminal,shCd19	0	0	1	0	1	0
13	41382438	41382554	1	shCd19	0	0	0	0	1	0
13	41486904	41487086	1	shRunx3	0	0	0	0	0	1
13	41487086	41487386	2	shCd19,shRunx3	0	0	0	0	1	1
13	41487386	41487418	1	shCd19	0	0	0	0	1	0
13	41705493	41705828	1	shCd19	0	0	0	0	1	0
13	41713008	41713314	1	early	1	0	0	0	0	0
13	42016643	42017094	1	terminal	0	0	1	0	0	0
13	42095633	42095944	1	terminal	0	0	1	0	0	0
13	42787261	42787751	1	early	1	0	0	0	0	0
13	43176921	43177510	1	shCd19	0	0	0	0	1	0
13	43250073	43250978	1	shCd19	0	0	0	0	1	0
13	43268068	43268542	1	shCd19	0	0	0	0	1	0
13	43268542	43268938	2	terminal,shCd19	0	0	1	0	1	0
13	43268938	43269268	1	shCd19	0	0	0	0	1	0
13	43484831	43485702	1	shCd19	0	0	0	0	1	0
13	43517735	43518292	1	terminal	0	0	1	0	0	0
13	44591195	44591892	1	late	0	1	0	0	0	0
13	44724621	44725032	1	late	0	1	0	0	0	0
13	45308766	45309112	1	terminal	0	0	1	0	0	0
13	45455679	45455973	1	shCd19	0	0	0	0	1	0
13	45863506	45864461	1	shCd19	0	0	0	0	1	0
13	45872164	45872445	1	shRunx3	0	0	0	0	0	1
13	45922642	45922878	1	shCd19	0	0	0	0	1	0
13	45932342	45933053	1	shCd19	0	0	0	0	1	0
13	46019129	46019428	1	shCd19	0	0	0	0	1	0
13	46023102	46023325	1	shRunx3	0	0	0	0	0	1
13	46038339	46038911	1	terminal	0	0	1	0	0	0
13	46537673	46538003	1	terminal	0	0	1	0	0	0
13	46735639	46736387	1	shCd19	0	0	0	0	1	0
13	46997151	46997527	1	shCd19	0	0	0	0	1	0
13	47729440	47730119	1	terminal	0	0	1	0	0	0
13	49242521	49242681	1	shRunx3	0	0	0	0	0	1
13	49242681	49242931	2	shCd19,shRunx3	0	0	0	0	1	1
13	49242931	49243284	1	shCd19	0	0	0	0	1	0
13	49323817	49324033	1	shRunx3	0	0	0	0	0	1
13	49340728	49341542	1	shRunx3	0	0	0	0	0	1
13	50798548	50798775	1	shRunx3	0	0	0	0	0	1
13	51113591	51113872	1	shRunx3	0	0	0	0	0	1
13	51115851	51116067	1	shCd19	0	0	0	0	1	0
13	51644848	51645856	1	shCd19	0	0	0	0	1	0
13	51651071	51651616	1	shRunx3	0	0	0	0	0	1
13	51676622	51677538	1	shCd19	0	0	0	0	1	0
13	51736446	51736709	1	shCd19	0	0	0	0	1	0
13	51813329	51813752	1	shCd19	0	0	0	0	1	0
13	51813752	51814682	2	shCd19,shRunx3	0	0	0	0	1	1
13	51814682	51814787	1	shCd19	0	0	0	0	1	0
13	52065360	52065764	1	shRunx3	0	0	0	0	0	1
13	52521760	52522095	1	shRunx3	0	0	0	0	0	1
13	52980407	52980707	1	shCd19	0	0	0	0	1	0
13	53065328	53065952	1	shCd19	0	0	0	0	1	0
13	53117006	53117304	1	shRunx3	0	0	0	0	0	1
13	53196628	53196893	1	terminal	0	0	1	0	0	0
13	53374120	53374398	1	shCd19	0	0	0	0	1	0
13	53451191	53451618	1	shRunx3	0	0	0	0	0	1
13	53710415	53710712	1	shRunx3	0	0	0	0	0	1
13	53732633	53732968	1	shRunx3	0	0	0	0	0	1
13	54188429	54188646	1	shCd19	0	0	0	0	1	0
13	54192122	54192439	1	shCd19	0	0	0	0	1	0
13	54255617	54256043	1	late	0	1	0	0	0	0
13	54483096	54483386	1	shRunx3	0	0	0	0	0	1
13	54609111	54609422	1	shCd19	0	0	0	0	1	0
13	54687903	54688193	1	shCd19	0	0	0	0	1	0
13	55018135	55018446	1	shCd19	0	0	0	0	1	0
13	55211320	55211602	1	shRunx3	0	0	0	0	0	1
13	55230331	55230890	1	late	0	1	0	0	0	0
13	55339467	55339771	1	shCd19	0	0	0	0	1	0
13	55362619	55362882	1	shCd19	0	0	0	0	1	0
13	55405630	55406767	1	terminal	0	0	1	0	0	0
13	55432142	55432162	1	shCd19	0	0	0	0	1	0
13	55432162	55432541	2	terminal,shCd19	0	0	1	0	1	0
13	55432541	55432551	1	shCd19	0	0	0	0	1	0
13	55443709	55443952	1	shRunx3	0	0	0	0	0	1
13	55443952	55444499	2	shCd19,shRunx3	0	0	0	0	1	1
13	55444499	55444713	1	shCd19	0	0	0	0	1	0
13	55444713	55445102	2	shCd19,shRunx3	0	0	0	0	1	1
13	55445102	55445233	1	shRunx3	0	0	0	0	0	1
13	55876221	55876688	1	memory	0	0	0	1	0	0
13	56771670	56772145	1	late	0	1	0	0	0	0
13	57020724	57021022	1	terminal	0	0	1	0	0	0
13	57311700	57312196	1	late	0	1	0	0	0	0
13	57402178	57402459	1	terminal	0	0	1	0	0	0
13	57907497	57907806	1	shRunx3	0	0	0	0	0	1
13	57981964	57982222	1	shRunx3	0	0	0	0	0	1
13	58112237	58112559	1	shRunx3	0	0	0	0	0	1
13	58128598	58129193	1	shCd19	0	0	0	0	1	0
13	58340025	58340315	1	memory	0	0	0	1	0	0
13	58401737	58402496	1	terminal	0	0	1	0	0	0
13	58452851	58453181	1	early	1	0	0	0	0	0
13	58471641	58472045	1	shCd19	0	0	0	0	1	0
13	59231147	59231404	1	early	1	0	0	0	0	0
13	59270584	59270891	1	terminal	0	0	1	0	0	0
13	59542965	59543438	1	memory	0	0	0	1	0	0
13	59769630	59770635	1	shCd19	0	0	0	0	1	0
13	59874589	59875263	1	terminal	0	0	1	0	0	0
13	60268430	60268875	1	early	1	0	0	0	0	0
13	60308637	60309042	1	terminal	0	0	1	0	0	0
13	60314347	60314588	1	memory	0	0	0	1	0	0
13	60800220	60800491	1	terminal	0	0	1	0	0	0
13	60848643	60848969	1	shCd19	0	0	0	0	1	0
13	60851715	60852173	1	late	0	1	0	0	0	0
13	60879157	60879487	1	shRunx3	0	0	0	0	0	1
13	60905067	60905393	1	memory	0	0	0	1	0	0
13	61014547	61014886	1	shCd19	0	0	0	0	1	0
13	61911970	61912299	1	memory	0	0	0	1	0	0
13	62874419	62874882	1	terminal	0	0	1	0	0	0
13	63189520	63189585	1	shRunx3	0	0	0	0	0	1
13	63189585	63189819	2	shCd19,shRunx3	0	0	0	0	1	1
13	63189819	63189820	1	shCd19	0	0	0	0	1	0
13	63223153	63223902	1	shCd19	0	0	0	0	1	0
13	63274697	63274701	1	shCd19	0	0	0	0	1	0
13	63274701	63274979	2	shCd19,shRunx3	0	0	0	0	1	1
13	63274979	63274999	1	shCd19	0	0	0	0	1	0
13	63431103	63431922	1	shCd19	0	0	0	0	1	0
13	63567804	63568137	1	shCd19	0	0	0	0	1	0
13	63655678	63655890	1	shCd19	0	0	0	0	1	0
13	63886434	63886438	1	shRunx3	0	0	0	0	0	1
13	63886438	63886859	2	shCd19,shRunx3	0	0	0	0	1	1
13	63886859	63887087	1	shCd19	0	0	0	0	1	0
13	64119687	64119908	1	shRunx3	0	0	0	0	0	1
13	65110045	65110441	1	late	0	1	0	0	0	0
13	65210084	65210681	1	shRunx3	0	0	0	0	0	1
13	66259147	66259583	1	terminal	0	0	1	0	0	0
13	67419889	67420508	1	shRunx3	0	0	0	0	0	1
13	67459907	67460259	1	shRunx3	0	0	0	0	0	1
13	67588785	67589196	1	shCd19	0	0	0	0	1	0
13	68613283	68613494	1	shRunx3	0	0	0	0	0	1
13	69793042	69793357	1	memory	0	0	0	1	0	0
13	69834641	69834917	1	terminal	0	0	1	0	0	0
13	70173365	70173750	1	memory	0	0	0	1	0	0
13	70205285	70205561	1	terminal	0	0	1	0	0	0
13	70572480	70572896	1	shRunx3	0	0	0	0	0	1
13	71245670	71245921	1	memory	0	0	0	1	0	0
13	71711348	71711545	1	shRunx3	0	0	0	0	0	1
13	72584358	72584789	1	early	1	0	0	0	0	0
13	73199597	73199975	1	terminal	0	0	1	0	0	0
13	73223719	73224031	1	early	1	0	0	0	0	0
13	73396568	73396969	1	late	0	1	0	0	0	0
13	73574642	73574931	1	shCd19	0	0	0	0	1	0
13	73702658	73703043	1	terminal	0	0	1	0	0	0
13	73736664	73736924	1	terminal	0	0	1	0	0	0
13	73938053	73938065	2	terminal,shRunx3	0	0	1	0	0	1
13	73938065	73938326	3	terminal,shCd19,shRunx3	0	0	1	0	1	1
13	73938326	73938341	2	terminal,shCd19	0	0	1	0	1	0
13	73938341	73938535	1	shCd19	0	0	0	0	1	0
13	74208653	74208983	1	shCd19	0	0	0	0	1	0
13	74317266	74317602	1	shCd19	0	0	0	0	1	0
13	74349982	74350371	1	shCd19	0	0	0	0	1	0
13	75218229	75218609	1	late	0	1	0	0	0	0
13	75380385	75380773	1	late	0	1	0	0	0	0
13	75395813	75396159	1	late	0	1	0	0	0	0
13	75997874	75998160	1	memory	0	0	0	1	0	0
13	76644633	76644857	1	shRunx3	0	0	0	0	0	1
13	79243236	79243603	1	shCd19	0	0	0	0	1	0
13	79527135	79527439	1	shRunx3	0	0	0	0	0	1
13	79659618	79659932	1	shCd19	0	0	0	0	1	0
13	79822601	79822859	1	memory	0	0	0	1	0	0
13	79828881	79829184	1	early	1	0	0	0	0	0
13	80046756	80047047	1	terminal	0	0	1	0	0	0
13	80315750	80316137	1	late	0	1	0	0	0	0
13	80350791	80351208	1	terminal	0	0	1	0	0	0
13	80353736	80353954	1	shRunx3	0	0	0	0	0	1
13	80410249	80410467	1	shRunx3	0	0	0	0	0	1
13	80595631	80595884	1	early	1	0	0	0	0	0
13	80841507	80841905	1	terminal	0	0	1	0	0	0
13	81181268	81181618	1	memory	0	0	0	1	0	0
13	81241113	81241528	1	shRunx3	0	0	0	0	0	1
13	81679768	81679977	1	shRunx3	0	0	0	0	0	1
13	81710531	81711129	1	shRunx3	0	0	0	0	0	1
13	81711129	81711377	2	terminal,shRunx3	0	0	1	0	0	1
13	81711377	81711501	1	terminal	0	0	1	0	0	0
13	82195307	82195614	1	shRunx3	0	0	0	0	0	1
13	82525713	82525961	1	memory	0	0	0	1	0	0
13	82656621	82657001	1	shCd19	0	0	0	0	1	0
13	82862462	82862880	1	shRunx3	0	0	0	0	0	1
13	83008434	83009200	1	late	0	1	0	0	0	0
13	83502701	83502899	1	shRunx3	0	0	0	0	0	1
13	83597631	83598154	1	shCd19	0	0	0	0	1	0
13	83852444	83852887	1	shRunx3	0	0	0	0	0	1
13	84654528	84654924	1	terminal	0	0	1	0	0	0
13	85079190	85079550	1	late	0	1	0	0	0	0
13	85383860	85384309	1	memory	0	0	0	1	0	0
13	85480277	85480493	1	shRunx3	0	0	0	0	0	1
13	85480493	85480564	2	terminal,shRunx3	0	0	1	0	0	1
13	85480564	85480740	1	terminal	0	0	1	0	0	0
13	86056563	86056845	1	early	1	0	0	0	0	0
13	86094215	86094512	1	late	0	1	0	0	0	0
13	86404219	86404478	1	early	1	0	0	0	0	0
13	87091592	87091956	1	terminal	0	0	1	0	0	0
13	87389725	87390027	1	memory	0	0	0	1	0	0
13	88575862	88576242	1	memory	0	0	0	1	0	0
13	89069075	89069320	1	memory	0	0	0	1	0	0
13	89120259	89120753	1	memory	0	0	0	1	0	0
13	89314160	89314428	1	shCd19	0	0	0	0	1	0
13	89714523	89714919	1	shRunx3	0	0	0	0	0	1
13	90168603	90169025	1	memory	0	0	0	1	0	0
13	91370201	91370536	1	shCd19	0	0	0	0	1	0
13	91382003	91382218	1	shRunx3	0	0	0	0	0	1
13	91972209	91972504	1	memory	0	0	0	1	0	0
13	92953533	92953735	1	shRunx3	0	0	0	0	0	1
13	92984584	92985072	1	terminal	0	0	1	0	0	0
13	93094414	93094703	1	shRunx3	0	0	0	0	0	1
13	93700659	93701069	1	shRunx3	0	0	0	0	0	1
13	93764459	93765191	1	shCd19	0	0	0	0	1	0
13	93771076	93771384	1	shCd19	0	0	0	0	1	0
13	94004107	94004365	1	terminal	0	0	1	0	0	0
13	94477645	94478061	1	late	0	1	0	0	0	0
13	95245696	95245990	1	terminal	0	0	1	0	0	0
13	95272012	95272271	1	shRunx3	0	0	0	0	0	1
13	95592991	95593308	1	memory	0	0	0	1	0	0
13	95696647	95697129	1	shCd19	0	0	0	0	1	0
13	95712802	95713083	1	terminal	0	0	1	0	0	0
13	95892267	95892286	1	shCd19	0	0	0	0	1	0
13	95892286	95892599	2	shCd19,shRunx3	0	0	0	0	1	1
13	95892599	95892634	1	shCd19	0	0	0	0	1	0
13	95955798	95956146	1	terminal	0	0	1	0	0	0
13	95986875	95987371	1	shCd19	0	0	0	0	1	0
13	95987963	95988803	1	shCd19	0	0	0	0	1	0
13	96064790	96065104	1	shRunx3	0	0	0	0	0	1
13	96229854	96230242	1	memory	0	0	0	1	0	0
13	96290578	96290864	1	late	0	1	0	0	0	0
13	96956152	96956971	1	shCd19	0	0	0	0	1	0
13	96964817	96965168	1	shCd19	0	0	0	0	1	0
13	96965168	96965282	2	terminal,shCd19	0	0	1	0	1	0
13	96965282	96965628	1	terminal	0	0	1	0	0	0
13	97137515	97138281	1	shCd19	0	0	0	0	1	0
13	97369000	97369415	1	shRunx3	0	0	0	0	0	1
13	97860307	97860565	1	shRunx3	0	0	0	0	0	1
13	98486379	98486575	1	shCd19	0	0	0	0	1	0
13	98547687	98547938	1	terminal	0	0	1	0	0	0
13	98661542	98661879	1	shRunx3	0	0	0	0	0	1
13	99148457	99148872	1	late	0	1	0	0	0	0
13	99428919	99429299	1	late	0	1	0	0	0	0
13	99457348	99457792	1	terminal	0	0	1	0	0	0
13	99609825	99610194	1	memory	0	0	0	1	0	0
13	99658542	99658796	1	shRunx3	0	0	0	0	0	1
13	99868703	99869095	1	terminal	0	0	1	0	0	0
13	100320552	100320889	1	terminal	0	0	1	0	0	0
13	100493357	100493619	1	shCd19	0	0	0	0	1	0
13	100833595	100833920	1	memory	0	0	0	1	0	0
13	101701955	101702645	1	shCd19	0	0	0	0	1	0
13	101719448	101719701	1	shRunx3	0	0	0	0	0	1
13	101937374	101937761	1	shCd19	0	0	0	0	1	0
13	102222730	102223006	1	early	1	0	0	0	0	0
13	102906202	102906578	1	early	1	0	0	0	0	0
13	102922143	102922650	1	memory	0	0	0	1	0	0
13	103702761	103703033	1	terminal	0	0	1	0	0	0
13	104963256	104963551	1	early	1	0	0	0	0	0
13	105191227	105191543	1	terminal	0	0	1	0	0	0
13	105342864	105343107	1	memory	0	0	0	1	0	0
13	105396014	105396302	1	early	1	0	0	0	0	0
13	105752775	105753087	1	late	0	1	0	0	0	0
13	106856263	106856577	1	terminal	0	0	1	0	0	0
13	107021181	107021716	1	memory	0	0	0	1	0	0
13	107103315	107103689	1	early	1	0	0	0	0	0
13	107507996	107508261	1	shCd19	0	0	0	0	1	0
13	107575829	107576129	1	shRunx3	0	0	0	0	0	1
13	107902872	107903277	1	late	0	1	0	0	0	0
13	108009948	108010233	1	shCd19	0	0	0	0	1	0
13	108303111	108303125	1	shCd19	0	0	0	0	1	0
13	108303125	108303149	2	memory,shCd19	0	0	0	1	1	0
13	108303149	108303187	3	terminal,memory,shCd19	0	0	1	1	1	0
13	108303187	108303431	4	terminal,memory,shCd19,shRunx3	0	0	1	1	1	1
13	108303431	108303588	3	terminal,shCd19,shRunx3	0	0	1	0	1	1
13	108303588	108303933	2	terminal,shCd19	0	0	1	0	1	0
13	108303933	108304073	1	shCd19	0	0	0	0	1	0
13	108402947	108403156	1	shRunx3	0	0	0	0	0	1
13	108461095	108461332	1	shRunx3	0	0	0	0	0	1
13	108658110	108658336	1	shRunx3	0	0	0	0	0	1
13	108674491	108674764	1	memory	0	0	0	1	0	0
13	108710593	108710891	1	shCd19	0	0	0	0	1	0
13	108861979	108862446	1	shRunx3	0	0	0	0	0	1
13	109253798	109254319	1	memory	0	0	0	1	0	0
13	109827829	109828448	1	shRunx3	0	0	0	0	0	1
13	109837768	109838155	1	shRunx3	0	0	0	0	0	1
13	109929370	109929732	1	shRunx3	0	0	0	0	0	1
13	110644636	110645133	1	terminal	0	0	1	0	0	0
13	111212714	111213051	1	early	1	0	0	0	0	0
13	111355961	111356385	1	early	1	0	0	0	0	0
13	111489945	111490562	1	shCd19	0	0	0	0	1	0
13	111653194	111653579	1	terminal	0	0	1	0	0	0
13	111712480	111712819	1	shRunx3	0	0	0	0	0	1
13	111725469	111725945	1	shRunx3	0	0	0	0	0	1
13	111780443	111780789	1	terminal	0	0	1	0	0	0
13	111900991	111901393	1	memory	0	0	0	1	0	0
13	111935796	111936274	1	memory	0	0	0	1	0	0
13	112000821	112001393	1	shCd19	0	0	0	0	1	0
13	112288380	112288731	1	terminal	0	0	1	0	0	0
13	112339632	112339846	1	shRunx3	0	0	0	0	0	1
13	112652823	112653097	1	terminal	0	0	1	0	0	0
13	112685744	112686099	1	shRunx3	0	0	0	0	0	1
13	112783756	112784070	1	late	0	1	0	0	0	0
13	112846868	112847223	1	shRunx3	0	0	0	0	0	1
13	112910860	112911281	1	late	0	1	0	0	0	0
13	113017070	113017292	1	shRunx3	0	0	0	0	0	1
13	113071951	113072374	1	terminal	0	0	1	0	0	0
13	113082677	113082931	1	shRunx3	0	0	0	0	0	1
13	113087456	113087867	1	shCd19	0	0	0	0	1	0
13	113168102	113168795	1	shCd19	0	0	0	0	1	0
13	113183406	113183646	1	shRunx3	0	0	0	0	0	1
13	113346642	113347039	1	shRunx3	0	0	0	0	0	1
13	113579751	113579848	1	shCd19	0	0	0	0	1	0
13	113579848	113580210	2	terminal,shCd19	0	0	1	0	1	0
13	113580210	113580445	3	terminal,shCd19,shRunx3	0	0	1	0	1	1
13	113580445	113580575	2	terminal,shCd19	0	0	1	0	1	0
13	113580575	113580895	1	terminal	0	0	1	0	0	0
13	113600955	113600969	1	shRunx3	0	0	0	0	0	1
13	113600969	113601196	2	shCd19,shRunx3	0	0	0	0	1	1
13	113601196	113601647	1	shCd19	0	0	0	0	1	0
13	113632289	113632537	1	memory	0	0	0	1	0	0
13	113635923	113636223	1	shCd19	0	0	0	0	1	0
13	113828433	113828923	1	shCd19	0	0	0	0	1	0
13	113828923	113829265	2	late,shCd19	0	1	0	0	1	0
13	113829265	113829514	1	shCd19	0	0	0	0	1	0
13	114013654	114014002	1	memory	0	0	0	1	0	0
13	114050803	114051191	1	terminal	0	0	1	0	0	0
13	114194050	114194550	1	terminal	0	0	1	0	0	0
13	114980572	114980874	1	early	1	0	0	0	0	0
13	115098214	115099288	1	shCd19	0	0	0	0	1	0
13	115416939	115417237	1	shRunx3	0	0	0	0	0	1
13	115984789	115985075	1	shRunx3	0	0	0	0	0	1
13	116083357	116083880	1	memory	0	0	0	1	0	0
13	116630908	116631218	1	memory	0	0	0	1	0	0
13	116788852	116789216	1	early	1	0	0	0	0	0
13	117211493	117212059	1	shCd19	0	0	0	0	1	0
13	117564030	117564285	1	memory	0	0	0	1	0	0
13	117565514	117566016	1	late	0	1	0	0	0	0
13	118259432	118259695	1	shRunx3	0	0	0	0	0	1
13	118383479	118383757	1	shCd19	0	0	0	0	1	0
13	118615215	118615612	1	late	0	1	0	0	0	0
13	118742157	118742457	1	shCd19	0	0	0	0	1	0
13	118844035	118844470	1	terminal	0	0	1	0	0	0
13	119381560	119381801	1	memory	0	0	0	1	0	0
13	120282809	120283128	1	memory	0	0	0	1	0	0
14	7818194	7818571	1	late	0	1	0	0	0	0
14	7889575	7889962	1	shCd19	0	0	0	0	1	0
14	7927430	7927750	1	shCd19	0	0	0	0	1	0
14	7935131	7935427	1	shRunx3	0	0	0	0	0	1
14	8151839	8152178	1	memory	0	0	0	1	0	0
14	8172859	8173156	1	terminal	0	0	1	0	0	0
14	8791067	8791422	1	early	1	0	0	0	0	0
14	8862655	8862993	1	shRunx3	0	0	0	0	0	1
14	9235764	9236007	1	shRunx3	0	0	0	0	0	1
14	9290681	9291001	1	late	0	1	0	0	0	0
14	9388973	9389461	1	shCd19	0	0	0	0	1	0
14	9531958	9532260	1	shRunx3	0	0	0	0	0	1
14	10346893	10347206	1	shRunx3	0	0	0	0	0	1
14	10453055	10453095	1	shCd19	0	0	0	0	1	0
14	10453095	10453482	2	shCd19,shRunx3	0	0	0	0	1	1
14	10453482	10453724	1	shRunx3	0	0	0	0	0	1
14	10932094	10932390	1	early	1	0	0	0	0	0
14	11067768	11068084	1	terminal	0	0	1	0	0	0
14	11538353	11538709	1	shRunx3	0	0	0	0	0	1
14	12056846	12057420	1	terminal	0	0	1	0	0	0
14	12164018	12164475	1	terminal	0	0	1	0	0	0
14	12328894	12329242	1	shCd19	0	0	0	0	1	0
14	12452517	12452986	1	terminal	0	0	1	0	0	0
14	12499671	12499964	1	early	1	0	0	0	0	0
14	12577028	12577453	1	terminal	0	0	1	0	0	0
14	13126234	13126821	1	shRunx3	0	0	0	0	0	1
14	13139662	13139961	1	terminal	0	0	1	0	0	0
14	13933491	13934092	1	shCd19	0	0	0	0	1	0
14	14345760	14345836	1	shCd19	0	0	0	0	1	0
14	14345836	14346186	2	terminal,shCd19	0	0	1	0	1	0
14	14346186	14346203	1	shCd19	0	0	0	0	1	0
14	14489437	14489634	1	shRunx3	0	0	0	0	0	1
14	14556534	14557633	1	shRunx3	0	0	0	0	0	1
14	14633144	14633693	1	memory	0	0	0	1	0	0
14	15081152	15081760	1	terminal	0	0	1	0	0	0
14	15240200	15240402	1	shRunx3	0	0	0	0	0	1
14	15847864	15848068	1	shCd19	0	0	0	0	1	0
14	15910731	15910982	1	terminal	0	0	1	0	0	0
14	16152963	16153231	1	terminal	0	0	1	0	0	0
14	16243830	16244187	1	late	0	1	0	0	0	0
14	16255615	16256327	1	shCd19	0	0	0	0	1	0
14	16364836	16365350	1	shCd19	0	0	0	0	1	0
14	16649781	16650048	1	terminal	0	0	1	0	0	0
14	16791704	16791971	1	shRunx3	0	0	0	0	0	1
14	16882370	16882742	1	early	1	0	0	0	0	0
14	16973493	16973762	1	shCd19	0	0	0	0	1	0
14	17101861	17102404	1	terminal	0	0	1	0	0	0
14	17598682	17599176	1	shRunx3	0	0	0	0	0	1
14	18199071	18199378	1	late	0	1	0	0	0	0
14	18475101	18475373	1	memory	0	0	0	1	0	0
14	18575493	18576043	1	early	1	0	0	0	0	0
14	19985047	19985442	1	memory	0	0	0	1	0	0
14	20024018	20024354	1	shCd19	0	0	0	0	1	0
14	20025213	20025822	1	shCd19	0	0	0	0	1	0
14	20034085	20034562	1	terminal	0	0	1	0	0	0
14	20177827	20178123	1	shCd19	0	0	0	0	1	0
14	20546087	20546579	1	shCd19	0	0	0	0	1	0
14	20694724	20695519	1	shCd19	0	0	0	0	1	0
14	20784885	20785173	1	shCd19	0	0	0	0	1	0
14	20785407	20785901	1	shCd19	0	0	0	0	1	0
14	20811925	20812456	1	shRunx3	0	0	0	0	0	1
14	20928068	20929065	1	shCd19	0	0	0	0	1	0
14	20929065	20929398	2	shCd19,shRunx3	0	0	0	0	1	1
14	20929398	20929595	1	shCd19	0	0	0	0	1	0
14	21051813	21052199	1	shCd19	0	0	0	0	1	0
14	21052199	21052207	2	terminal,shCd19	0	0	1	0	1	0
14	21052207	21052474	3	terminal,shCd19,shRunx3	0	0	1	0	1	1
14	21052474	21052494	2	shCd19,shRunx3	0	0	0	0	1	1
14	21052494	21052864	1	shCd19	0	0	0	0	1	0
14	22506859	22507058	1	shRunx3	0	0	0	0	0	1
14	22579761	22580174	1	late	0	1	0	0	0	0
14	22956668	22956989	1	early	1	0	0	0	0	0
14	23392008	23392222	1	shRunx3	0	0	0	0	0	1
14	23402471	23402929	1	shRunx3	0	0	0	0	0	1
14	23594672	23595106	1	memory	0	0	0	1	0	0
14	23698911	23699343	1	memory	0	0	0	1	0	0
14	23847866	23848522	1	shRunx3	0	0	0	0	0	1
14	23852129	23852409	1	shCd19	0	0	0	0	1	0
14	23899235	23899477	1	shRunx3	0	0	0	0	0	1
14	23978667	23978891	1	shRunx3	0	0	0	0	0	1
14	24060627	24061024	1	shCd19	0	0	0	0	1	0
14	24063415	24063621	1	shRunx3	0	0	0	0	0	1
14	24631596	24631865	1	shRunx3	0	0	0	0	0	1
14	24791613	24791819	1	shRunx3	0	0	0	0	0	1
14	24877072	24877511	1	shRunx3	0	0	0	0	0	1
14	24898811	24899071	1	shRunx3	0	0	0	0	0	1
14	25421667	25421732	1	shRunx3	0	0	0	0	0	1
14	25421732	25421777	2	terminal,shRunx3	0	0	1	0	0	1
14	25421777	25422051	3	terminal,shCd19,shRunx3	0	0	1	0	1	1
14	25422051	25422234	2	terminal,shCd19	0	0	1	0	1	0
14	25422234	25422344	1	shCd19	0	0	0	0	1	0
14	25438657	25438899	1	shRunx3	0	0	0	0	0	1
14	25517054	25517060	1	shCd19	0	0	0	0	1	0
14	25517060	25517085	2	shCd19,shRunx3	0	0	0	0	1	1
14	25517085	25517356	3	terminal,shCd19,shRunx3	0	0	1	0	1	1
14	25517356	25517420	2	terminal,shCd19	0	0	1	0	1	0
14	25517420	25517808	1	terminal	0	0	1	0	0	0
14	25640550	25640889	1	shCd19	0	0	0	0	1	0
14	25855414	25855876	1	shCd19	0	0	0	0	1	0
14	25857191	25858068	1	shCd19	0	0	0	0	1	0
14	25861643	25862837	1	shCd19	0	0	0	0	1	0
14	26415871	26416117	1	shRunx3	0	0	0	0	0	1
14	27090549	27090862	1	terminal	0	0	1	0	0	0
14	27338745	27339027	1	shRunx3	0	0	0	0	0	1
14	27341297	27341974	1	shCd19	0	0	0	0	1	0
14	27352667	27353157	1	shCd19	0	0	0	0	1	0
14	27402729	27403048	1	shCd19	0	0	0	0	1	0
14	27404776	27405574	1	shRunx3	0	0	0	0	0	1
14	27508215	27509065	1	shRunx3	0	0	0	0	0	1
14	27523025	27523266	1	shCd19	0	0	0	0	1	0
14	27824877	27825172	1	late	0	1	0	0	0	0
14	28818265	28818602	1	early	1	0	0	0	0	0
14	29004213	29004589	1	memory	0	0	0	1	0	0
14	29260796	29261003	1	shRunx3	0	0	0	0	0	1
14	29563828	29564192	1	shRunx3	0	0	0	0	0	1
14	29860480	29860836	1	late	0	1	0	0	0	0
14	30477050	30477389	1	shCd19	0	0	0	0	1	0
14	30643453	30643903	1	shCd19	0	0	0	0	1	0
14	31105402	31105621	1	shRunx3	0	0	0	0	0	1
14	31207241	31207641	1	memory	0	0	0	1	0	0
14	31367600	31368166	1	shCd19	0	0	0	0	1	0
14	31399158	31399749	1	shRunx3	0	0	0	0	0	1
14	31669346	31670416	1	shCd19	0	0	0	0	1	0
14	31816108	31816600	1	terminal	0	0	1	0	0	0
14	32042830	32043181	1	shRunx3	0	0	0	0	0	1
14	32311316	32311657	1	shRunx3	0	0	0	0	0	1
14	32757859	32758220	1	terminal	0	0	1	0	0	0
14	32800200	32800558	1	terminal	0	0	1	0	0	0
14	32894435	32894706	1	shRunx3	0	0	0	0	0	1
14	33143866	33144292	1	late	0	1	0	0	0	0
14	33279219	33279469	1	memory	0	0	0	1	0	0
14	34077457	34077683	1	shRunx3	0	0	0	0	0	1
14	34582991	34583230	1	shRunx3	0	0	0	0	0	1
14	34616957	34617250	1	memory	0	0	0	1	0	0
14	34871945	34872330	1	late	0	1	0	0	0	0
14	35375719	35376271	1	terminal	0	0	1	0	0	0
14	35525348	35525664	1	late	0	1	0	0	0	0
14	35811805	35812049	1	terminal	0	0	1	0	0	0
14	36155421	36155691	1	memory	0	0	0	1	0	0
14	36586698	36587059	1	late	0	1	0	0	0	0
14	36870503	36870903	1	early	1	0	0	0	0	0
14	37553708	37554013	1	late	0	1	0	0	0	0
14	37565406	37565790	1	memory	0	0	0	1	0	0
14	37770378	37770717	1	terminal	0	0	1	0	0	0
14	39165581	39165953	1	terminal	0	0	1	0	0	0
14	39390457	39390718	1	terminal	0	0	1	0	0	0
14	39676333	39676770	1	memory	0	0	0	1	0	0
14	39770013	39770267	1	memory	0	0	0	1	0	0
14	40308961	40309456	1	memory	0	0	0	1	0	0
14	44670984	44671387	1	late	0	1	0	0	0	0
14	44999461	44999768	1	terminal	0	0	1	0	0	0
14	45644934	45645236	1	shRunx3	0	0	0	0	0	1
14	45764173	45764566	1	early	1	0	0	0	0	0
14	45772451	45773152	1	shRunx3	0	0	0	0	0	1
14	45836435	45836676	1	memory	0	0	0	1	0	0
14	46089517	46089812	1	shRunx3	0	0	0	0	0	1
14	46248575	46248920	1	memory	0	0	0	1	0	0
14	46753361	46753793	1	memory	0	0	0	1	0	0
14	47197968	47198252	1	shRunx3	0	0	0	0	0	1
14	47304245	47304532	1	shRunx3	0	0	0	0	0	1
14	47361743	47362484	1	shCd19	0	0	0	0	1	0
14	47541512	47541777	1	shCd19	0	0	0	0	1	0
14	47740464	47740745	1	shCd19	0	0	0	0	1	0
14	48568667	48569072	1	shRunx3	0	0	0	0	0	1
14	48723121	48723519	1	memory	0	0	0	1	0	0
14	49283201	49283575	1	early	1	0	0	0	0	0
14	49627191	49627557	1	terminal	0	0	1	0	0	0
14	49725867	49726122	1	shCd19	0	0	0	0	1	0
14	51088820	51089435	1	shCd19	0	0	0	0	1	0
14	51785880	51786134	1	shRunx3	0	0	0	0	0	1
14	51883633	51883881	1	shRunx3	0	0	0	0	0	1
14	51903032	51903390	1	shCd19	0	0	0	0	1	0
14	52197047	52197798	1	shCd19	0	0	0	0	1	0
14	52204372	52204576	1	shRunx3	0	0	0	0	0	1
14	52257678	52257923	1	shRunx3	0	0	0	0	0	1
14	52577133	52577383	1	terminal	0	0	1	0	0	0
14	53362401	53362799	1	shRunx3	0	0	0	0	0	1
14	53553967	53554398	1	shCd19	0	0	0	0	1	0
14	53878418	53879116	1	shCd19	0	0	0	0	1	0
14	54138155	54138426	1	terminal	0	0	1	0	0	0
14	54210673	54210901	1	shRunx3	0	0	0	0	0	1
14	54223698	54223935	1	shCd19	0	0	0	0	1	0
14	54224216	54224750	1	shRunx3	0	0	0	0	0	1
14	54225029	54225351	1	shRunx3	0	0	0	0	0	1
14	54227329	54227499	1	shCd19	0	0	0	0	1	0
14	54227499	54228010	2	shCd19,shRunx3	0	0	0	0	1	1
14	54228010	54228285	1	shCd19	0	0	0	0	1	0
14	54492704	54492991	1	shCd19	0	0	0	0	1	0
14	54687598	54687900	1	late	0	1	0	0	0	0
14	54893669	54894147	1	shCd19	0	0	0	0	1	0
14	55545473	55545851	1	early	1	0	0	0	0	0
14	55617003	55617245	1	shRunx3	0	0	0	0	0	1
14	55681338	55681790	1	shCd19	0	0	0	0	1	0
14	55721652	55722741	1	shCd19	0	0	0	0	1	0
14	55805786	55806174	1	shCd19	0	0	0	0	1	0
14	55882177	55882237	1	shCd19	0	0	0	0	1	0
14	55882237	55882511	2	shCd19,shRunx3	0	0	0	0	1	1
14	55882511	55882836	1	shCd19	0	0	0	0	1	0
14	56005167	56005520	1	terminal	0	0	1	0	0	0
14	56261843	56262880	1	shCd19	0	0	0	0	1	0
14	56275811	56276246	1	shCd19	0	0	0	0	1	0
14	56296647	56297278	1	shCd19	0	0	0	0	1	0
14	56441304	56441578	1	shCd19	0	0	0	0	1	0
14	56535094	56535431	1	late	0	1	0	0	0	0
14	56752260	56752552	1	memory	0	0	0	1	0	0
14	56778288	56778661	1	shCd19	0	0	0	0	1	0
14	56860809	56861286	1	late	0	1	0	0	0	0
14	57718068	57718554	1	shCd19	0	0	0	0	1	0
14	57826227	57826505	1	shCd19	0	0	0	0	1	0
14	57890059	57890755	1	shCd19	0	0	0	0	1	0
14	58088289	58089010	1	shRunx3	0	0	0	0	0	1
14	58203142	58203425	1	shRunx3	0	0	0	0	0	1
14	58978572	58978954	1	late	0	1	0	0	0	0
14	59214442	59214651	1	shRunx3	0	0	0	0	0	1
14	59233307	59233707	1	shRunx3	0	0	0	0	0	1
14	59396494	59396857	1	memory	0	0	0	1	0	0
14	59472527	59472857	1	late	0	1	0	0	0	0
14	59502873	59503075	1	shRunx3	0	0	0	0	0	1
14	59899467	59899747	1	memory	0	0	0	1	0	0
14	60118641	60118916	1	shRunx3	0	0	0	0	0	1
14	60129414	60130009	1	shCd19	0	0	0	0	1	0
14	60175461	60175867	1	shCd19	0	0	0	0	1	0
14	60215044	60215317	1	memory	0	0	0	1	0	0
14	60446896	60447237	1	memory	0	0	0	1	0	0
14	60711941	60712129	1	shCd19	0	0	0	0	1	0
14	60712129	60712168	2	shCd19,shRunx3	0	0	0	0	1	1
14	60712168	60712685	3	terminal,shCd19,shRunx3	0	0	1	0	1	1
14	60712685	60712767	2	terminal,shRunx3	0	0	1	0	0	1
14	60712767	60712822	1	shRunx3	0	0	0	0	0	1
14	60873699	60873995	1	late	0	1	0	0	0	0
14	60969438	60969719	1	early	1	0	0	0	0	0
14	61029477	61029906	1	terminal	0	0	1	0	0	0
14	61145928	61146216	1	shRunx3	0	0	0	0	0	1
14	61680892	61681680	1	shCd19	0	0	0	0	1	0
14	61693284	61693612	1	early	1	0	0	0	0	0
14	61794305	61794651	1	terminal	0	0	1	0	0	0
14	61975185	61975593	1	early	1	0	0	0	0	0
14	62154471	62154829	1	late	0	1	0	0	0	0
14	62837519	62837765	1	shCd19	0	0	0	0	1	0
14	62951512	62951899	1	late	0	1	0	0	0	0
14	62972815	62973220	1	shRunx3	0	0	0	0	0	1
14	63021806	63022210	1	shRunx3	0	0	0	0	0	1
14	63078273	63078729	1	terminal	0	0	1	0	0	0
14	63377286	63377640	1	shCd19	0	0	0	0	1	0
14	63437147	63437488	1	shRunx3	0	0	0	0	0	1
14	63667408	63667641	1	shRunx3	0	0	0	0	0	1
14	63983051	63983360	1	early	1	0	0	0	0	0
14	64666487	64667066	1	shCd19	0	0	0	0	1	0
14	65102537	65102943	1	shCd19	0	0	0	0	1	0
14	65113843	65114178	1	shCd19	0	0	0	0	1	0
14	65343758	65344225	1	shCd19	0	0	0	0	1	0
14	66196112	66196489	1	shCd19	0	0	0	0	1	0
14	66199543	66199601	1	shCd19	0	0	0	0	1	0
14	66199601	66199994	2	shCd19,shRunx3	0	0	0	0	1	1
14	66199994	66200474	1	shCd19	0	0	0	0	1	0
14	66259051	66259450	1	shCd19	0	0	0	0	1	0
14	66260242	66260644	1	shCd19	0	0	0	0	1	0
14	66279268	66279561	1	shRunx3	0	0	0	0	0	1
14	66354573	66354978	1	terminal	0	0	1	0	0	0
14	67008456	67008822	1	shRunx3	0	0	0	0	0	1
14	67382152	67382380	1	shRunx3	0	0	0	0	0	1
14	67715682	67715713	2	terminal,shCd19	0	0	1	0	1	0
14	67715713	67716038	3	terminal,shCd19,shRunx3	0	0	1	0	1	1
14	67716038	67716130	2	shCd19,shRunx3	0	0	0	0	1	1
14	67716130	67716508	1	shCd19	0	0	0	0	1	0
14	67951229	67951578	1	late	0	1	0	0	0	0
14	68371043	68371377	1	shRunx3	0	0	0	0	0	1
14	68459592	68459903	1	early	1	0	0	0	0	0
14	68519706	68519976	1	terminal	0	0	1	0	0	0
14	69217213	69217604	1	terminal	0	0	1	0	0	0
14	70056972	70057595	1	shRunx3	0	0	0	0	0	1
14	70065634	70066315	1	shCd19	0	0	0	0	1	0
14	70159250	70159865	1	shCd19	0	0	0	0	1	0
14	70283321	70283388	1	shCd19	0	0	0	0	1	0
14	70283388	70283741	2	terminal,shCd19	0	0	1	0	1	0
14	70283741	70283913	1	terminal	0	0	1	0	0	0
14	70333512	70334077	1	shCd19	0	0	0	0	1	0
14	70520072	70520337	1	shCd19	0	0	0	0	1	0
14	70775805	70776435	1	shCd19	0	0	0	0	1	0
14	70780867	70781683	1	shCd19	0	0	0	0	1	0
14	70798469	70798789	1	shCd19	0	0	0	0	1	0
14	71106306	71106663	1	early	1	0	0	0	0	0
14	71205259	71205681	1	early	1	0	0	0	0	0
14	71933194	71933723	1	early	1	0	0	0	0	0
14	72080180	72080478	1	shRunx3	0	0	0	0	0	1
14	72298231	72298590	1	terminal	0	0	1	0	0	0
14	72482319	72482538	1	shCd19	0	0	0	0	1	0
14	72863075	72863392	1	shCd19	0	0	0	0	1	0
14	73118868	73119406	1	shCd19	0	0	0	0	1	0
14	73123957	73124316	1	shCd19	0	0	0	0	1	0
14	73133797	73134052	1	shCd19	0	0	0	0	1	0
14	73289875	73290375	1	shCd19	0	0	0	0	1	0
14	73476308	73476896	1	shCd19	0	0	0	0	1	0
14	74672349	74672728	1	shCd19	0	0	0	0	1	0
14	74734775	74734987	1	shRunx3	0	0	0	0	0	1
14	74736997	74737372	1	memory	0	0	0	1	0	0
14	74806206	74806632	1	shRunx3	0	0	0	0	0	1
14	74847419	74847537	1	shCd19	0	0	0	0	1	0
14	74847537	74847964	2	shCd19,shRunx3	0	0	0	0	1	1
14	74847964	74848025	1	shCd19	0	0	0	0	1	0
14	74996589	74997198	1	shCd19	0	0	0	0	1	0
14	75068335	75069483	1	shCd19	0	0	0	0	1	0
14	75069483	75069847	2	shCd19,shRunx3	0	0	0	0	1	1
14	75069847	75070008	1	shRunx3	0	0	0	0	0	1
14	75178524	75178958	1	shCd19	0	0	0	0	1	0
14	75179232	75179815	1	shCd19	0	0	0	0	1	0
14	75445452	75445855	1	shRunx3	0	0	0	0	0	1
14	75711298	75711670	1	terminal	0	0	1	0	0	0
14	75819316	75819574	1	shCd19	0	0	0	0	1	0
14	75902390	75902795	1	late	0	1	0	0	0	0
14	76613355	76613746	1	late	0	1	0	0	0	0
14	76890673	76890996	1	early	1	0	0	0	0	0
14	77009951	77010275	1	shRunx3	0	0	0	0	0	1
14	77473078	77473369	1	terminal	0	0	1	0	0	0
14	77864732	77865044	1	shCd19	0	0	0	0	1	0
14	77871239	77871349	1	shCd19	0	0	0	0	1	0
14	77871349	77871855	2	shCd19,shRunx3	0	0	0	0	1	1
14	77871855	77872095	1	shRunx3	0	0	0	0	0	1
14	78229320	78229684	1	early	1	0	0	0	0	0
14	78397450	78397862	1	shRunx3	0	0	0	0	0	1
14	78458901	78459181	1	memory	0	0	0	1	0	0
14	78502590	78503085	1	late	0	1	0	0	0	0
14	78677744	78678152	1	memory	0	0	0	1	0	0
14	78685159	78685450	1	shRunx3	0	0	0	0	0	1
14	78887326	78887563	1	shRunx3	0	0	0	0	0	1
14	79459976	79460243	1	early	1	0	0	0	0	0
14	79530328	79530625	1	shCd19	0	0	0	0	1	0
14	79912204	79912800	1	shRunx3	0	0	0	0	0	1
14	80711179	80711519	1	memory	0	0	0	1	0	0
14	80773961	80774324	1	early	1	0	0	0	0	0
14	80863295	80863594	1	early	1	0	0	0	0	0
14	81209748	81209996	1	memory	0	0	0	1	0	0
14	81381065	81381382	1	shRunx3	0	0	0	0	0	1
14	82619789	82620117	1	terminal	0	0	1	0	0	0
14	84074392	84074762	1	late	0	1	0	0	0	0
14	84156923	84157229	1	terminal	0	0	1	0	0	0
14	84205985	84206391	1	shCd19	0	0	0	0	1	0
14	84704315	84704860	1	shRunx3	0	0	0	0	0	1
14	84998560	84999062	1	shRunx3	0	0	0	0	0	1
14	85105945	85106519	1	shRunx3	0	0	0	0	0	1
14	85602605	85602998	1	early	1	0	0	0	0	0
14	86234896	86235232	1	shRunx3	0	0	0	0	0	1
14	86246171	86246493	1	shRunx3	0	0	0	0	0	1
14	86354616	86354907	1	shRunx3	0	0	0	0	0	1
14	86621423	86621656	1	shRunx3	0	0	0	0	0	1
14	86814092	86814343	1	terminal	0	0	1	0	0	0
14	87070034	87070427	1	terminal	0	0	1	0	0	0
14	88567154	88567467	1	shRunx3	0	0	0	0	0	1
14	89097738	89098127	1	early	1	0	0	0	0	0
14	90014227	90014587	1	memory	0	0	0	1	0	0
14	91650368	91650743	1	memory	0	0	0	1	0	0
14	91741885	91742381	1	shCd19	0	0	0	0	1	0
14	92187152	92187441	1	memory	0	0	0	1	0	0
14	92281664	92281896	1	shCd19	0	0	0	0	1	0
14	92531958	92532344	1	memory	0	0	0	1	0	0
14	92761670	92762297	1	early	1	0	0	0	0	0
14	93954116	93954446	1	memory	0	0	0	1	0	0
14	94142469	94142745	1	shCd19	0	0	0	0	1	0
14	95501249	95502055	1	terminal	0	0	1	0	0	0
14	95593598	95594059	1	shRunx3	0	0	0	0	0	1
14	95841822	95842095	1	memory	0	0	0	1	0	0
14	96683232	96683634	1	late	0	1	0	0	0	0
14	97275614	97275953	1	early	1	0	0	0	0	0
14	97712307	97712692	1	terminal	0	0	1	0	0	0
14	98242716	98243005	1	late	0	1	0	0	0	0
14	98339169	98339448	1	shRunx3	0	0	0	0	0	1
14	98378135	98378427	1	shRunx3	0	0	0	0	0	1
14	98763566	98763905	1	late	0	1	0	0	0	0
14	99505330	99505688	1	shRunx3	0	0	0	0	0	1
14	99595884	99596191	1	memory	0	0	0	1	0	0
14	99790637	99791056	1	terminal	0	0	1	0	0	0
14	101030865	101031165	1	shRunx3	0	0	0	0	0	1
14	101154417	101154708	1	late	0	1	0	0	0	0
14	101394854	101395234	1	terminal	0	0	1	0	0	0
14	101751720	101752128	1	early	1	0	0	0	0	0
14	101999191	101999674	1	late	0	1	0	0	0	0
14	102135306	102135877	1	shCd19	0	0	0	0	1	0
14	102226401	102227340	1	memory	0	0	0	1	0	0
14	102368153	102368510	1	memory	0	0	0	1	0	0
14	102982796	102983364	1	shRunx3	0	0	0	0	0	1
14	103352992	103353404	1	shCd19	0	0	0	0	1	0
14	103435861	103436117	1	memory	0	0	0	1	0	0
14	103468960	103469281	1	terminal	0	0	1	0	0	0
14	103469281	103469299	2	terminal,shCd19	0	0	1	0	1	0
14	103469299	103469513	3	terminal,shCd19,shRunx3	0	0	1	0	1	1
14	103469513	103469818	2	shCd19,shRunx3	0	0	0	0	1	1
14	103469818	103469910	1	shCd19	0	0	0	0	1	0
14	103595856	103596382	1	shRunx3	0	0	0	0	0	1
14	103668925	103669206	1	memory	0	0	0	1	0	0
14	103671427	103671889	1	shRunx3	0	0	0	0	0	1
14	103764815	103765141	1	shRunx3	0	0	0	0	0	1
14	103840299	103840759	1	shRunx3	0	0	0	0	0	1
14	103841370	103841611	1	shRunx3	0	0	0	0	0	1
14	104230094	104230369	1	memory	0	0	0	1	0	0
14	104871739	104872010	1	memory	0	0	0	1	0	0
14	104967862	104968191	1	shRunx3	0	0	0	0	0	1
14	105796722	105796966	1	memory	0	0	0	1	0	0
14	105824442	105824791	1	early	1	0	0	0	0	0
14	106054771	106054971	1	shRunx3	0	0	0	0	0	1
14	106485042	106485429	1	late	0	1	0	0	0	0
14	107366612	107366822	1	shRunx3	0	0	0	0	0	1
14	107641686	107642001	1	shRunx3	0	0	0	0	0	1
14	109002396	109002769	1	early	1	0	0	0	0	0
14	109624075	109624427	1	shRunx3	0	0	0	0	0	1
14	109885089	109885312	1	shRunx3	0	0	0	0	0	1
14	109904464	109904746	1	shRunx3	0	0	0	0	0	1
14	110342404	110342641	1	terminal	0	0	1	0	0	0
14	111153902	111154323	1	shRunx3	0	0	0	0	0	1
14	112746112	112746610	1	shCd19	0	0	0	0	1	0
14	113513624	113514009	1	terminal	0	0	1	0	0	0
14	113653070	113653389	1	shRunx3	0	0	0	0	0	1
14	113800814	113801438	1	early	1	0	0	0	0	0
14	113871364	113871977	1	memory	0	0	0	1	0	0
14	114424819	114425039	1	shRunx3	0	0	0	0	0	1
14	116344227	116344779	1	shRunx3	0	0	0	0	0	1
14	116549926	116550614	1	terminal	0	0	1	0	0	0
14	117255877	117256395	1	terminal	0	0	1	0	0	0
14	117516161	117516642	1	terminal	0	0	1	0	0	0
14	117638793	117639211	1	shRunx3	0	0	0	0	0	1
14	118088566	118089327	1	shCd19	0	0	0	0	1	0
14	118527433	118527829	1	shCd19	0	0	0	0	1	0
14	118925516	118925852	1	shRunx3	0	0	0	0	0	1
14	119092489	119092912	1	shRunx3	0	0	0	0	0	1
14	119159541	119160075	1	late	0	1	0	0	0	0
14	119455044	119455410	1	late	0	1	0	0	0	0
14	119923312	119923704	1	terminal	0	0	1	0	0	0
14	119941135	119941576	1	late	0	1	0	0	0	0
14	120469068	120469593	1	late	0	1	0	0	0	0
14	120534597	120534810	1	shCd19	0	0	0	0	1	0
14	120622242	120622480	1	shRunx3	0	0	0	0	0	1
14	120941490	120942046	1	shRunx3	0	0	0	0	0	1
14	121829969	121829994	1	shRunx3	0	0	0	0	0	1
14	121829994	121830308	2	shCd19,shRunx3	0	0	0	0	1	1
14	121830308	121830328	1	shCd19	0	0	0	0	1	0
14	122160073	122160440	1	shRunx3	0	0	0	0	0	1
14	122186933	122187331	1	memory	0	0	0	1	0	0
14	122382208	122382412	1	shRunx3	0	0	0	0	0	1
14	122547256	122547507	1	memory	0	0	0	1	0	0
14	122702012	122702260	1	shRunx3	0	0	0	0	0	1
14	122983035	122984007	1	shCd19	0	0	0	0	1	0
14	123543847	123544090	1	memory	0	0	0	1	0	0
14	123897645	123897954	1	memory	0	0	0	1	0	0
14	124132544	124132799	1	memory	0	0	0	1	0	0
14	124183388	124183798	1	shCd19	0	0	0	0	1	0
14	124447677	124447887	1	shCd19	0	0	0	0	1	0
15	3600790	3601120	1	memory	0	0	0	1	0	0
15	3995825	3996136	1	shCd19	0	0	0	0	1	0
15	4082333	4082941	1	shCd19	0	0	0	0	1	0
15	4199458	4199887	1	late	0	1	0	0	0	0
15	4275410	4275818	1	terminal	0	0	1	0	0	0
15	4341144	4341546	1	shRunx3	0	0	0	0	0	1
15	4440371	4440635	1	early	1	0	0	0	0	0
15	5045543	5045947	1	shRunx3	0	0	0	0	0	1
15	5116135	5116870	1	shCd19	0	0	0	0	1	0
15	5243987	5244732	1	shCd19	0	0	0	0	1	0
15	6935035	6935614	1	shCd19	0	0	0	0	1	0
15	7015293	7015551	1	shRunx3	0	0	0	0	0	1
15	7104655	7104856	1	shCd19	0	0	0	0	1	0
15	7822355	7822597	1	shRunx3	0	0	0	0	0	1
15	8281530	8282340	1	late	0	1	0	0	0	0
15	8653918	8654648	1	late	0	1	0	0	0	0
15	9285288	9285660	1	shRunx3	0	0	0	0	0	1
15	9574635	9575303	1	shCd19	0	0	0	0	1	0
15	9778925	9779162	1	shRunx3	0	0	0	0	0	1
15	9863858	9864268	1	late	0	1	0	0	0	0
15	10149125	10149394	1	terminal	0	0	1	0	0	0
15	10669012	10669276	1	shCd19	0	0	0	0	1	0
15	10983689	10984113	1	memory	0	0	0	1	0	0
15	11630381	11630672	1	late	0	1	0	0	0	0
15	11714354	11714557	1	shRunx3	0	0	0	0	0	1
15	12010557	12011307	1	shCd19	0	0	0	0	1	0
15	12426221	12426619	1	shCd19	0	0	0	0	1	0
15	12468190	12468547	1	early	1	0	0	0	0	0
15	14164681	14165029	1	terminal	0	0	1	0	0	0
15	15071053	15071548	1	shRunx3	0	0	0	0	0	1
15	15198307	15198614	1	shRunx3	0	0	0	0	0	1
15	15340668	15340958	1	terminal	0	0	1	0	0	0
15	15591477	15591718	1	memory	0	0	0	1	0	0
15	15603052	15603340	1	memory	0	0	0	1	0	0
15	16269023	16269518	1	memory	0	0	0	1	0	0
15	16337534	16337871	1	memory	0	0	0	1	0	0
15	16834585	16834844	1	memory	0	0	0	1	0	0
15	16890266	16890710	1	shRunx3	0	0	0	0	0	1
15	17477010	17477413	1	shCd19	0	0	0	0	1	0
15	18276998	18277660	1	late	0	1	0	0	0	0
15	18969856	18970160	1	terminal	0	0	1	0	0	0
15	20819684	20820076	1	memory	0	0	0	1	0	0
15	22090309	22090631	1	shRunx3	0	0	0	0	0	1
15	22659334	22659720	1	memory	0	0	0	1	0	0
15	22948549	22948818	1	shRunx3	0	0	0	0	0	1
15	23841361	23841761	1	terminal	0	0	1	0	0	0
15	24585224	24585437	1	shRunx3	0	0	0	0	0	1
15	24857160	24857426	1	early	1	0	0	0	0	0
15	25090450	25090699	1	memory	0	0	0	1	0	0
15	25357145	25357468	1	early	1	0	0	0	0	0
15	25367960	25368254	1	shRunx3	0	0	0	0	0	1
15	25414540	25414945	1	late	0	1	0	0	0	0
15	25719822	25720036	1	shRunx3	0	0	0	0	0	1
15	25826445	25826722	1	early	1	0	0	0	0	0
15	26139942	26140238	1	memory	0	0	0	1	0	0
15	26774987	26775335	1	terminal	0	0	1	0	0	0
15	27014132	27014540	1	shCd19	0	0	0	0	1	0
15	27625124	27626007	1	shCd19	0	0	0	0	1	0
15	27627673	27628343	1	shRunx3	0	0	0	0	0	1
15	27641056	27641377	1	shRunx3	0	0	0	0	0	1
15	27670721	27670966	1	shRunx3	0	0	0	0	0	1
15	27839043	27839367	1	shCd19	0	0	0	0	1	0
15	28113172	28113563	1	shRunx3	0	0	0	0	0	1
15	28642997	28643254	1	early	1	0	0	0	0	0
15	28814394	28814680	1	terminal	0	0	1	0	0	0
15	29862964	29863256	1	terminal	0	0	1	0	0	0
15	31207339	31207560	1	shRunx3	0	0	0	0	0	1
15	31219471	31219812	1	late	0	1	0	0	0	0
15	31382212	31382565	1	late	0	1	0	0	0	0
15	31546223	31546673	1	shCd19	0	0	0	0	1	0
15	31747783	31748219	1	terminal	0	0	1	0	0	0
15	32773159	32773373	1	shRunx3	0	0	0	0	0	1
15	34443351	34443648	1	late	0	1	0	0	0	0
15	34446954	34447252	1	terminal	0	0	1	0	0	0
15	34489955	34490219	1	early	1	0	0	0	0	0
15	34603711	34604070	1	terminal	0	0	1	0	0	0
15	34937608	34937957	1	early	1	0	0	0	0	0
15	35335143	35335710	1	terminal	0	0	1	0	0	0
15	35701981	35702375	1	late	0	1	0	0	0	0
15	36136431	36136782	1	shRunx3	0	0	0	0	0	1
15	36160323	36160563	1	memory	0	0	0	1	0	0
15	36214782	36215346	1	shCd19	0	0	0	0	1	0
15	36318953	36319191	1	terminal	0	0	1	0	0	0
15	36938607	36939353	1	shCd19	0	0	0	0	1	0
15	37039914	37040156	1	memory	0	0	0	1	0	0
15	37346917	37347354	1	shRunx3	0	0	0	0	0	1
15	37518594	37518856	1	terminal	0	0	1	0	0	0
15	37653669	37654334	1	shRunx3	0	0	0	0	0	1
15	37664479	37664769	1	late	0	1	0	0	0	0
15	38300569	38300774	1	shCd19	0	0	0	0	1	0
15	38300774	38301130	2	shCd19,shRunx3	0	0	0	0	1	1
15	38301130	38301307	1	shCd19	0	0	0	0	1	0
15	38974004	38974308	1	shCd19	0	0	0	0	1	0
15	39058887	39059185	1	late	0	1	0	0	0	0
15	39622496	39622799	1	early	1	0	0	0	0	0
15	39976352	39976565	1	shCd19	0	0	0	0	1	0
15	40073830	40074117	1	late	0	1	0	0	0	0
15	40218340	40218691	1	shRunx3	0	0	0	0	0	1
15	40746192	40746572	1	memory	0	0	0	1	0	0
15	40787092	40787369	1	memory	0	0	0	1	0	0
15	40808546	40808776	1	shRunx3	0	0	0	0	0	1
15	41813745	41814052	1	shCd19	0	0	0	0	1	0
15	41970863	41971148	1	terminal	0	0	1	0	0	0
15	42066788	42067166	1	early	1	0	0	0	0	0
15	42242097	42242661	1	memory	0	0	0	1	0	0
15	42704792	42705147	1	early	1	0	0	0	0	0
15	43051839	43052125	1	late	0	1	0	0	0	0
15	43458420	43458742	1	terminal	0	0	1	0	0	0
15	43477182	43477613	1	shRunx3	0	0	0	0	0	1
15	43861084	43861458	1	memory	0	0	0	1	0	0
15	44428011	44428363	1	terminal	0	0	1	0	0	0
15	46281445	46281969	1	terminal	0	0	1	0	0	0
15	47042476	47042941	1	late	0	1	0	0	0	0
15	47766488	47766690	1	shRunx3	0	0	0	0	0	1
15	47995643	47996124	1	memory	0	0	0	1	0	0
15	49513786	49514405	1	shRunx3	0	0	0	0	0	1
15	49606821	49607230	1	late	0	1	0	0	0	0
15	50032793	50033174	1	terminal	0	0	1	0	0	0
15	50109981	50110320	1	terminal	0	0	1	0	0	0
15	50400133	50400859	1	shCd19	0	0	0	0	1	0
15	50481889	50482154	1	shRunx3	0	0	0	0	0	1
15	50644649	50644941	1	memory	0	0	0	1	0	0
15	50698028	50698579	1	shCd19	0	0	0	0	1	0
15	51087559	51088126	1	terminal	0	0	1	0	0	0
15	51586195	51586462	1	shCd19	0	0	0	0	1	0
15	51859700	51860003	1	early	1	0	0	0	0	0
15	52048494	52049297	1	shRunx3	0	0	0	0	0	1
15	52364255	52364513	1	shRunx3	0	0	0	0	0	1
15	52415970	52416338	1	memory	0	0	0	1	0	0
15	54716860	54717227	1	shRunx3	0	0	0	0	0	1
15	55747568	55747857	1	shRunx3	0	0	0	0	0	1
15	55963722	55964178	1	late	0	1	0	0	0	0
15	56139243	56139740	1	memory	0	0	0	1	0	0
15	56168388	56168796	1	terminal	0	0	1	0	0	0
15	56328197	56328399	1	shRunx3	0	0	0	0	0	1
15	56385117	56385555	1	terminal	0	0	1	0	0	0
15	57694298	57694588	1	shRunx3	0	0	0	0	0	1
15	58038692	58039074	1	early	1	0	0	0	0	0
15	58167694	58167950	1	shRunx3	0	0	0	0	0	1
15	58470690	58470950	1	terminal	0	0	1	0	0	0
15	59072059	59072570	1	shRunx3	0	0	0	0	0	1
15	59585873	59586396	1	late	0	1	0	0	0	0
15	59747758	59748052	1	early	1	0	0	0	0	0
15	59761777	59762219	1	shCd19	0	0	0	0	1	0
15	59762219	59762593	2	late,shCd19	0	1	0	0	1	0
15	59762593	59762898	1	shCd19	0	0	0	0	1	0
15	60119829	60120587	1	shCd19	0	0	0	0	1	0
15	61453375	61453890	1	late	0	1	0	0	0	0
15	61591592	61591869	1	shRunx3	0	0	0	0	0	1
15	61867973	61868245	1	shRunx3	0	0	0	0	0	1
15	61920250	61920537	1	memory	0	0	0	1	0	0
15	62169255	62169420	1	shCd19	0	0	0	0	1	0
15	62169420	62169457	2	shCd19,shRunx3	0	0	0	0	1	1
15	62169457	62169831	3	memory,shCd19,shRunx3	0	0	0	1	1	1
15	62169831	62169863	2	memory,shCd19	0	0	0	1	1	0
15	62169863	62170088	1	shCd19	0	0	0	0	1	0
15	62177595	62178238	1	shCd19	0	0	0	0	1	0
15	62224547	62224746	1	shRunx3	0	0	0	0	0	1
15	62889852	62890170	1	terminal	0	0	1	0	0	0
15	63474678	63475058	1	shRunx3	0	0	0	0	0	1
15	63766892	63767280	1	late	0	1	0	0	0	0
15	64021713	64022447	1	shCd19	0	0	0	0	1	0
15	64185082	64185331	1	shCd19	0	0	0	0	1	0
15	64205948	64206037	1	terminal	0	0	1	0	0	0
15	64206037	64206481	2	terminal,shRunx3	0	0	1	0	0	1
15	64206481	64206702	1	shRunx3	0	0	0	0	0	1
15	64900476	64900931	1	shRunx3	0	0	0	0	0	1
15	64948979	64949366	1	late	0	1	0	0	0	0
15	65033017	65033493	1	early	1	0	0	0	0	0
15	65590521	65590804	1	memory	0	0	0	1	0	0
15	65639919	65640154	1	shRunx3	0	0	0	0	0	1
15	66445034	66445462	1	shCd19	0	0	0	0	1	0
15	66445462	66446163	2	shCd19,shRunx3	0	0	0	0	1	1
15	66446163	66446223	1	shRunx3	0	0	0	0	0	1
15	66507625	66508278	1	shCd19	0	0	0	0	1	0
15	66730215	66730632	1	shCd19	0	0	0	0	1	0
15	66805567	66805917	1	shCd19	0	0	0	0	1	0
15	66825624	66826107	1	shCd19	0	0	0	0	1	0
15	66849105	66849466	1	memory	0	0	0	1	0	0
15	66864038	66864333	1	memory	0	0	0	1	0	0
15	66988857	66989195	1	terminal	0	0	1	0	0	0
15	67039284	67039813	1	shCd19	0	0	0	0	1	0
15	67153526	67153729	1	shRunx3	0	0	0	0	0	1
15	67289688	67290221	1	shCd19	0	0	0	0	1	0
15	68249950	68250171	1	shRunx3	0	0	0	0	0	1
15	68258943	68259372	1	shCd19	0	0	0	0	1	0
15	68338796	68339190	1	shRunx3	0	0	0	0	0	1
15	68426473	68426959	1	shRunx3	0	0	0	0	0	1
15	70811419	70811827	1	memory	0	0	0	1	0	0
15	71794192	71794524	1	shRunx3	0	0	0	0	0	1
15	71923071	71923307	1	shRunx3	0	0	0	0	0	1
15	73117396	73118259	1	shCd19	0	0	0	0	1	0
15	73182466	73182601	1	shCd19	0	0	0	0	1	0
15	73182601	73182760	2	shCd19,shRunx3	0	0	0	0	1	1
15	73182760	73182816	1	shRunx3	0	0	0	0	0	1
15	73727829	73728058	1	shRunx3	0	0	0	0	0	1
15	73729810	73730179	1	late	0	1	0	0	0	0
15	74596720	74596932	1	shRunx3	0	0	0	0	0	1
15	74777060	74777285	1	shRunx3	0	0	0	0	0	1
15	74918666	74918897	1	shCd19	0	0	0	0	1	0
15	74934067	74934531	1	shCd19	0	0	0	0	1	0
15	75325629	75326555	1	memory	0	0	0	1	0	0
15	75616247	75616432	1	shRunx3	0	0	0	0	0	1
15	75616432	75616614	2	shCd19,shRunx3	0	0	0	0	1	1
15	75616614	75616646	1	shCd19	0	0	0	0	1	0
15	76080630	76080939	1	shCd19	0	0	0	0	1	0
15	76194032	76194249	1	shCd19	0	0	0	0	1	0
15	76195459	76196074	1	shRunx3	0	0	0	0	0	1
15	76203496	76203725	1	shCd19	0	0	0	0	1	0
15	76203725	76204438	2	shCd19,shRunx3	0	0	0	0	1	1
15	76204438	76204494	1	shRunx3	0	0	0	0	0	1
15	76274049	76274310	1	terminal	0	0	1	0	0	0
15	76274310	76274578	2	terminal,shCd19	0	0	1	0	1	0
15	76274578	76274873	3	terminal,shCd19,shRunx3	0	0	1	0	1	1
15	76274873	76274925	2	shCd19,shRunx3	0	0	0	0	1	1
15	76274925	76275131	1	shRunx3	0	0	0	0	0	1
15	76299417	76300096	1	shCd19	0	0	0	0	1	0
15	76351010	76351254	1	late	0	1	0	0	0	0
15	76351254	76351521	2	late,terminal	0	1	1	0	0	0
15	76351521	76351643	1	terminal	0	0	1	0	0	0
15	76354154	76354570	1	memory	0	0	0	1	0	0
15	76511998	76512962	1	shCd19	0	0	0	0	1	0
15	76531360	76531749	1	shRunx3	0	0	0	0	0	1
15	76639653	76640206	1	shCd19	0	0	0	0	1	0
15	76659872	76659875	2	memory,shCd19	0	0	0	1	1	0
15	76659875	76660191	3	memory,shCd19,shRunx3	0	0	0	1	1	1
15	76660191	76660207	2	shCd19,shRunx3	0	0	0	0	1	1
15	76660207	76660236	1	shCd19	0	0	0	0	1	0
15	77970594	77971126	1	shCd19	0	0	0	0	1	0
15	78450064	78450227	1	shCd19	0	0	0	0	1	0
15	78450227	78450596	2	shCd19,shRunx3	0	0	0	0	1	1
15	78450596	78450613	1	shCd19	0	0	0	0	1	0
15	78510365	78511114	1	shCd19	0	0	0	0	1	0
15	78528348	78528743	1	shRunx3	0	0	0	0	0	1
15	78563755	78564242	1	shCd19	0	0	0	0	1	0
15	78572860	78573186	1	shCd19	0	0	0	0	1	0
15	78589570	78589768	1	shCd19	0	0	0	0	1	0
15	78835305	78835658	1	shCd19	0	0	0	0	1	0
15	78877116	78877488	1	shCd19	0	0	0	0	1	0
15	78884602	78884820	1	shRunx3	0	0	0	0	0	1
15	78894715	78894836	1	memory	0	0	0	1	0	0
15	78894836	78895016	2	memory,shCd19	0	0	0	1	1	0
15	78895016	78895180	1	shCd19	0	0	0	0	1	0
15	78923038	78923724	1	shCd19	0	0	0	0	1	0
15	78983206	78983555	1	shRunx3	0	0	0	0	0	1
15	78983663	78984085	1	shCd19	0	0	0	0	1	0
15	78990666	78991420	1	shRunx3	0	0	0	0	0	1
15	79201466	79202127	1	late	0	1	0	0	0	0
15	79328138	79328487	1	shRunx3	0	0	0	0	0	1
15	80216425	80216963	1	late	0	1	0	0	0	0
15	80408397	80408687	1	shRunx3	0	0	0	0	0	1
15	80555376	80555579	1	shRunx3	0	0	0	0	0	1
15	80639343	80639619	1	shCd19	0	0	0	0	1	0
15	80697805	80698062	1	shRunx3	0	0	0	0	0	1
15	80710758	80710763	1	shRunx3	0	0	0	0	0	1
15	80710763	80711255	2	memory,shRunx3	0	0	0	1	0	1
15	80711255	80711263	1	shRunx3	0	0	0	0	0	1
15	80735575	80735799	1	shRunx3	0	0	0	0	0	1
15	80736332	80736866	1	memory	0	0	0	1	0	0
15	80896547	80897033	1	shCd19	0	0	0	0	1	0
15	81045543	81045970	1	shRunx3	0	0	0	0	0	1
15	81104637	81105092	1	shCd19	0	0	0	0	1	0
15	81249939	81250314	1	late	0	1	0	0	0	0
15	81300860	81301355	1	shCd19	0	0	0	0	1	0
15	81372359	81372618	1	terminal	0	0	1	0	0	0
15	81433450	81433854	1	late	0	1	0	0	0	0
15	81466249	81466642	1	shRunx3	0	0	0	0	0	1
15	81539465	81539495	1	shRunx3	0	0	0	0	0	1
15	81539495	81539688	2	shCd19,shRunx3	0	0	0	0	1	1
15	81539688	81540007	1	shCd19	0	0	0	0	1	0
15	81800105	81800373	1	shRunx3	0	0	0	0	0	1
15	82219677	82220002	1	terminal	0	0	1	0	0	0
15	82968758	82969257	1	memory	0	0	0	1	0	0
15	83347429	83347927	1	shCd19	0	0	0	0	1	0
15	83464582	83465000	1	shRunx3	0	0	0	0	0	1
15	83562853	83563473	1	shCd19	0	0	0	0	1	0
15	83602584	83602859	1	shRunx3	0	0	0	0	0	1
15	84469475	84469846	1	memory	0	0	0	1	0	0
15	84684439	84684503	1	shRunx3	0	0	0	0	0	1
15	84684503	84685068	2	shCd19,shRunx3	0	0	0	0	1	1
15	84685068	84685973	1	shCd19	0	0	0	0	1	0
15	84944496	84944805	1	terminal	0	0	1	0	0	0
15	85258813	85259068	1	terminal	0	0	1	0	0	0
15	85634208	85634797	1	shRunx3	0	0	0	0	0	1
15	85660165	85660492	1	early	1	0	0	0	0	0
15	85884165	85884433	1	shRunx3	0	0	0	0	0	1
15	85981833	85983351	1	shCd19	0	0	0	0	1	0
15	86016013	86016211	1	shRunx3	0	0	0	0	0	1
15	86034194	86034459	1	shCd19	0	0	0	0	1	0
15	86686120	86686362	1	memory	0	0	0	1	0	0
15	87777150	87777772	1	shRunx3	0	0	0	0	0	1
15	87916821	87917090	1	shRunx3	0	0	0	0	0	1
15	88545686	88546156	1	shRunx3	0	0	0	0	0	1
15	88750836	88751552	1	shCd19	0	0	0	0	1	0
15	88819142	88819619	1	shRunx3	0	0	0	0	0	1
15	88862103	88862371	1	shRunx3	0	0	0	0	0	1
15	89128425	89128726	1	shCd19	0	0	0	0	1	0
15	89309875	89310586	1	shCd19	0	0	0	0	1	0
15	89429430	89430688	1	shCd19	0	0	0	0	1	0
15	89778079	89778636	1	memory	0	0	0	1	0	0
15	89830927	89831708	1	late	0	1	0	0	0	0
15	90153957	90154360	1	memory	0	0	0	1	0	0
15	90661379	90661714	1	shCd19	0	0	0	0	1	0
15	90671647	90672108	1	shCd19	0	0	0	0	1	0
15	90678122	90678441	1	early	1	0	0	0	0	0
15	91770808	91771266	1	late	0	1	0	0	0	0
15	92085416	92085652	1	shCd19	0	0	0	0	1	0
15	92424386	92424739	1	shRunx3	0	0	0	0	0	1
15	92907180	92907405	1	shCd19	0	0	0	0	1	0
15	93021619	93022051	1	late	0	1	0	0	0	0
15	93246797	93247023	1	shRunx3	0	0	0	0	0	1
15	94925355	94925676	1	memory	0	0	0	1	0	0
15	95710094	95710412	1	terminal	0	0	1	0	0	0
15	96287388	96287867	1	shRunx3	0	0	0	0	0	1
15	96699800	96700196	1	late	0	1	0	0	0	0
15	96957611	96958010	1	shRunx3	0	0	0	0	0	1
15	97342599	97343184	1	shRunx3	0	0	0	0	0	1
15	97356152	97356413	1	shCd19	0	0	0	0	1	0
15	97434414	97434900	1	shCd19	0	0	0	0	1	0
15	97455681	97456030	1	shCd19	0	0	0	0	1	0
15	97664944	97665540	1	shRunx3	0	0	0	0	0	1
15	97691173	97691559	1	shCd19	0	0	0	0	1	0
15	97940962	97941317	1	late	0	1	0	0	0	0
15	98309666	98309913	1	memory	0	0	0	1	0	0
15	98506525	98506805	1	memory	0	0	0	1	0	0
15	98556490	98556718	1	shCd19	0	0	0	0	1	0
15	98606263	98606578	1	shRunx3	0	0	0	0	0	1
15	98623431	98623738	1	shCd19	0	0	0	0	1	0
15	98778914	98779462	1	shCd19	0	0	0	0	1	0
15	98831550	98832266	1	shCd19	0	0	0	0	1	0
15	98832391	98832740	1	terminal	0	0	1	0	0	0
15	98881166	98881563	1	shCd19	0	0	0	0	1	0
15	98917627	98919025	1	shCd19	0	0	0	0	1	0
15	98953064	98953724	1	shCd19	0	0	0	0	1	0
15	98988138	98988530	1	terminal	0	0	1	0	0	0
15	99345127	99345459	1	memory	0	0	0	1	0	0
15	99392774	99392779	1	shCd19	0	0	0	0	1	0
15	99392779	99393524	2	shCd19,shRunx3	0	0	0	0	1	1
15	99393524	99393674	1	shCd19	0	0	0	0	1	0
15	99407191	99407459	1	shRunx3	0	0	0	0	0	1
15	100060408	100061197	1	shCd19	0	0	0	0	1	0
15	100437189	100437521	1	memory	0	0	0	1	0	0
15	100461206	100461586	1	shCd19	0	0	0	0	1	0
15	100686747	100687653	1	shCd19	0	0	0	0	1	0
15	100706068	100706802	1	shCd19	0	0	0	0	1	0
15	100727950	100728865	1	shCd19	0	0	0	0	1	0
15	100907367	100907638	1	terminal	0	0	1	0	0	0
15	101246417	101246513	1	terminal	0	0	1	0	0	0
15	101246513	101246807	2	late,terminal	0	1	1	0	0	0
15	101246807	101246828	1	terminal	0	0	1	0	0	0
15	101349024	101349610	1	shRunx3	0	0	0	0	0	1
15	101530205	101530622	1	shRunx3	0	0	0	0	0	1
15	101893476	101893849	1	shCd19	0	0	0	0	1	0
15	101942101	101942362	1	memory	0	0	0	1	0	0
15	102147632	102148181	1	shCd19	0	0	0	0	1	0
15	102150094	102151290	1	shCd19	0	0	0	0	1	0
15	102203194	102203622	1	shCd19	0	0	0	0	1	0
15	102377858	102378475	1	shCd19	0	0	0	0	1	0
15	102399730	102400323	1	shCd19	0	0	0	0	1	0
15	102405298	102406175	1	shRunx3	0	0	0	0	0	1
15	102517971	102518770	1	shRunx3	0	0	0	0	0	1
15	103239070	103239102	1	shRunx3	0	0	0	0	0	1
15	103239102	103240269	2	shCd19,shRunx3	0	0	0	0	1	1
15	103240269	103240293	1	shCd19	0	0	0	0	1	0
15	103257844	103258754	1	shCd19	0	0	0	0	1	0
15	103390469	103391019	1	memory	0	0	0	1	0	0
15	103584735	103584934	1	shRunx3	0	0	0	0	0	1
16	3566531	3566728	1	shCd19	0	0	0	0	1	0
16	3723267	3723963	1	late	0	1	0	0	0	0
16	4541815	4542156	1	shCd19	0	0	0	0	1	0
16	4848013	4848354	1	shRunx3	0	0	0	0	0	1
16	4878020	4879330	1	shCd19	0	0	0	0	1	0
16	5211942	5212371	1	shRunx3	0	0	0	0	0	1
16	5231135	5231476	1	shRunx3	0	0	0	0	0	1
16	5421587	5421813	1	shRunx3	0	0	0	0	0	1
16	6038082	6038372	1	late	0	1	0	0	0	0
16	6150896	6151472	1	memory	0	0	0	1	0	0
16	7675273	7675760	1	early	1	0	0	0	0	0
16	7712313	7712819	1	terminal	0	0	1	0	0	0
16	7790849	7791128	1	shCd19	0	0	0	0	1	0
16	8342358	8342743	1	early	1	0	0	0	0	0
16	8671536	8672193	1	shCd19	0	0	0	0	1	0
16	8828979	8829720	1	shRunx3	0	0	0	0	0	1
16	8829720	8830121	2	shCd19,shRunx3	0	0	0	0	1	1
16	8830121	8830134	1	shRunx3	0	0	0	0	0	1
16	9491639	9491902	1	early	1	0	0	0	0	0
16	10335197	10335639	1	terminal	0	0	1	0	0	0
16	10380051	10380297	1	shRunx3	0	0	0	0	0	1
16	10844046	10844246	1	shCd19	0	0	0	0	1	0
16	11176475	11176751	1	shRunx3	0	0	0	0	0	1
16	11253704	11254740	1	shCd19	0	0	0	0	1	0
16	11285289	11286135	1	shCd19	0	0	0	0	1	0
16	11355765	11356026	1	early	1	0	0	0	0	0
16	11448451	11448489	1	shCd19	0	0	0	0	1	0
16	11448489	11448556	2	shCd19,shRunx3	0	0	0	0	1	1
16	11448556	11448805	3	terminal,shCd19,shRunx3	0	0	1	0	1	1
16	11448805	11449106	2	shCd19,shRunx3	0	0	0	0	1	1
16	11449106	11449594	1	shCd19	0	0	0	0	1	0
16	11455881	11456121	1	shRunx3	0	0	0	0	0	1
16	11460948	11461299	1	shRunx3	0	0	0	0	0	1
16	11475439	11476225	1	shCd19	0	0	0	0	1	0
16	11736788	11737038	1	shCd19	0	0	0	0	1	0
16	11759168	11759374	1	shRunx3	0	0	0	0	0	1
16	12685927	12686192	1	shCd19	0	0	0	0	1	0
16	12844938	12845239	1	shRunx3	0	0	0	0	0	1
16	13003024	13003476	1	terminal	0	0	1	0	0	0
16	13321806	13322088	1	shRunx3	0	0	0	0	0	1
16	13390661	13390947	1	early	1	0	0	0	0	0
16	14193583	14194107	1	shRunx3	0	0	0	0	0	1
16	15593922	15594677	1	shCd19	0	0	0	0	1	0
16	16514381	16514672	1	shRunx3	0	0	0	0	0	1
16	17093174	17093380	1	shRunx3	0	0	0	0	0	1
16	17253517	17254167	1	shCd19	0	0	0	0	1	0
16	17293272	17293487	1	shCd19	0	0	0	0	1	0
16	17807311	17807644	1	shCd19	0	0	0	0	1	0
16	18140972	18141359	1	late	0	1	0	0	0	0
16	18288961	18289036	1	shRunx3	0	0	0	0	0	1
16	18289036	18289459	2	terminal,shRunx3	0	0	1	0	0	1
16	18289459	18289479	1	shRunx3	0	0	0	0	0	1
16	18811367	18812421	1	shCd19	0	0	0	0	1	0
16	18876570	18876958	1	shCd19	0	0	0	0	1	0
16	19034762	19035045	1	shRunx3	0	0	0	0	0	1
16	19438519	19438955	1	shRunx3	0	0	0	0	0	1
16	20059476	20059865	1	early	1	0	0	0	0	0
16	20522125	20522383	1	shCd19	0	0	0	0	1	0
16	22266061	22266309	1	shCd19	0	0	0	0	1	0
16	22538827	22539179	1	shCd19	0	0	0	0	1	0
16	22601621	22602443	1	shCd19	0	0	0	0	1	0
16	22765382	22765769	1	shRunx3	0	0	0	0	0	1
16	22857469	22857942	1	shCd19	0	0	0	0	1	0
16	23102004	23102482	1	shCd19	0	0	0	0	1	0
16	23152603	23152853	1	shRunx3	0	0	0	0	0	1
16	23737924	23738262	1	shRunx3	0	0	0	0	0	1
16	23967021	23967308	1	memory	0	0	0	1	0	0
16	24151767	24152409	1	shCd19	0	0	0	0	1	0
16	24216584	24216961	1	late	0	1	0	0	0	0
16	24222730	24223484	1	shCd19	0	0	0	0	1	0
16	24247000	24247410	1	shRunx3	0	0	0	0	0	1
16	24455957	24456164	1	shRunx3	0	0	0	0	0	1
16	24782310	24782661	1	terminal	0	0	1	0	0	0
16	25045804	25046081	1	shRunx3	0	0	0	0	0	1
16	25145534	25145917	1	late	0	1	0	0	0	0
16	25795213	25795480	1	memory	0	0	0	1	0	0
16	25859311	25859640	1	memory	0	0	0	1	0	0
16	26483950	26484505	1	late	0	1	0	0	0	0
16	26589645	26590334	1	terminal	0	0	1	0	0	0
16	26699323	26699695	1	memory	0	0	0	1	0	0
16	27128167	27128432	1	memory	0	0	0	1	0	0
16	27251510	27251759	1	memory	0	0	0	1	0	0
16	28113700	28114144	1	terminal	0	0	1	0	0	0
16	28425939	28426332	1	late	0	1	0	0	0	0
16	28640791	28641042	1	memory	0	0	0	1	0	0
16	28984855	28985338	1	shRunx3	0	0	0	0	0	1
16	29797028	29797432	1	late	0	1	0	0	0	0
16	29840292	29840607	1	shRunx3	0	0	0	0	0	1
16	30058432	30058908	1	shRunx3	0	0	0	0	0	1
16	31159813	31160218	1	memory	0	0	0	1	0	0
16	31172985	31173370	1	shCd19	0	0	0	0	1	0
16	31497505	31497979	1	late	0	1	0	0	0	0
16	31500813	31501349	1	late	0	1	0	0	0	0
16	31700349	31700631	1	late	0	1	0	0	0	0
16	31903084	31903657	1	shRunx3	0	0	0	0	0	1
16	32107558	32108338	1	shCd19	0	0	0	0	1	0
16	32190054	32190063	1	shRunx3	0	0	0	0	0	1
16	32190063	32190332	2	shCd19,shRunx3	0	0	0	0	1	1
16	32190332	32190347	1	shRunx3	0	0	0	0	0	1
16	32207338	32207790	1	shCd19	0	0	0	0	1	0
16	32520211	32520737	1	early	1	0	0	0	0	0
16	32608420	32608759	1	shCd19	0	0	0	0	1	0
16	32750565	32751255	1	shCd19	0	0	0	0	1	0
16	32913838	32914318	1	shCd19	0	0	0	0	1	0
16	33052998	33053317	1	shCd19	0	0	0	0	1	0
16	33167471	33167686	1	shCd19	0	0	0	0	1	0
16	33370668	33371033	1	shCd19	0	0	0	0	1	0
16	33379745	33380990	1	shCd19	0	0	0	0	1	0
16	33584039	33584448	1	shCd19	0	0	0	0	1	0
16	33769565	33770314	1	shCd19	0	0	0	0	1	0
16	33891950	33892270	1	terminal	0	0	1	0	0	0
16	33917005	33917264	1	terminal	0	0	1	0	0	0
16	34531422	34531678	1	terminal	0	0	1	0	0	0
16	34576460	34576920	1	early	1	0	0	0	0	0
16	35780651	35780968	1	shRunx3	0	0	0	0	0	1
16	36395155	36395529	1	late	0	1	0	0	0	0
16	36550031	36550289	1	memory	0	0	0	1	0	0
16	36554978	36555287	1	late	0	1	0	0	0	0
16	36683899	36684971	1	shCd19	0	0	0	0	1	0
16	36985203	36985417	1	shCd19	0	0	0	0	1	0
16	36985417	36985954	2	terminal,shCd19	0	0	1	0	1	0
16	36985954	36985986	1	terminal	0	0	1	0	0	0
16	37194813	37195074	1	memory	0	0	0	1	0	0
16	37539474	37540364	1	shRunx3	0	0	0	0	0	1
16	37650425	37650793	1	shRunx3	0	0	0	0	0	1
16	37760386	37760716	1	terminal	0	0	1	0	0	0
16	37995259	37995469	1	shRunx3	0	0	0	0	0	1
16	38088306	38088826	1	shRunx3	0	0	0	0	0	1
16	38088826	38089307	2	terminal,shRunx3	0	0	1	0	0	1
16	38089307	38089693	1	shRunx3	0	0	0	0	0	1
16	38385584	38385873	1	shCd19	0	0	0	0	1	0
16	38403455	38403937	1	shCd19	0	0	0	0	1	0
16	38522745	38523010	1	shCd19	0	0	0	0	1	0
16	38556905	38557316	1	terminal	0	0	1	0	0	0
16	38969508	38969916	1	late	0	1	0	0	0	0
16	39468094	39468513	1	memory	0	0	0	1	0	0
16	40643968	40644207	1	terminal	0	0	1	0	0	0
16	42062290	42062712	1	late	0	1	0	0	0	0
16	42152185	42152436	1	shRunx3	0	0	0	0	0	1
16	42587578	42587832	1	terminal	0	0	1	0	0	0
16	42810122	42810414	1	terminal	0	0	1	0	0	0
16	42875255	42875806	1	shCd19	0	0	0	0	1	0
16	43405591	43406221	1	memory	0	0	0	1	0	0
16	43663875	43664794	1	shCd19	0	0	0	0	1	0
16	43697758	43698052	1	shRunx3	0	0	0	0	0	1
16	43698720	43698760	1	shRunx3	0	0	0	0	0	1
16	43698760	43699422	2	shCd19,shRunx3	0	0	0	0	1	1
16	43699422	43699460	1	shCd19	0	0	0	0	1	0
16	43771983	43772294	1	memory	0	0	0	1	0	0
16	43889841	43890408	1	shCd19	0	0	0	0	1	0
16	44212191	44212428	1	shCd19	0	0	0	0	1	0
16	44313315	44313655	1	shRunx3	0	0	0	0	0	1
16	44479198	44479551	1	memory	0	0	0	1	0	0
16	44880740	44881034	1	shRunx3	0	0	0	0	0	1
16	45168919	45169154	1	shRunx3	0	0	0	0	0	1
16	45227184	45227481	1	memory	0	0	0	1	0	0
16	45350203	45350420	1	shRunx3	0	0	0	0	0	1
16	45552468	45552784	1	memory	0	0	0	1	0	0
16	45789157	45789557	1	terminal	0	0	1	0	0	0
16	46010274	46011055	1	shCd19	0	0	0	0	1	0
16	46021535	46022037	1	shCd19	0	0	0	0	1	0
16	46022037	46022678	2	shCd19,shRunx3	0	0	0	0	1	1
16	46022678	46022798	1	shCd19	0	0	0	0	1	0
16	46286188	46286441	1	early	1	0	0	0	0	0
16	46392934	46393293	1	late	0	1	0	0	0	0
16	47080630	47081037	1	memory	0	0	0	1	0	0
16	47658669	47658892	1	shRunx3	0	0	0	0	0	1
16	48277835	48278220	1	late	0	1	0	0	0	0
16	48636419	48636690	1	shRunx3	0	0	0	0	0	1
16	48706866	48707100	1	shRunx3	0	0	0	0	0	1
16	48790715	48791048	1	memory	0	0	0	1	0	0
16	48843702	48844058	1	early	1	0	0	0	0	0
16	49190037	49190275	1	shRunx3	0	0	0	0	0	1
16	49698882	49699503	1	shCd19	0	0	0	0	1	0
16	49807440	49807796	1	shCd19	0	0	0	0	1	0
16	49878155	49878495	1	shCd19	0	0	0	0	1	0
16	49969869	49970500	1	shRunx3	0	0	0	0	0	1
16	50151678	50151956	1	shRunx3	0	0	0	0	0	1
16	50165409	50165700	1	shRunx3	0	0	0	0	0	1
16	51128419	51129057	1	late	0	1	0	0	0	0
16	51192017	51192288	1	shCd19	0	0	0	0	1	0
16	51690698	51690709	1	shRunx3	0	0	0	0	0	1
16	51690709	51691056	2	shCd19,shRunx3	0	0	0	0	1	1
16	51691056	51691158	1	shCd19	0	0	0	0	1	0
16	51704865	51705326	1	shCd19	0	0	0	0	1	0
16	51747946	51748220	1	terminal	0	0	1	0	0	0
16	52064604	52064872	1	shCd19	0	0	0	0	1	0
16	52080797	52081273	1	shRunx3	0	0	0	0	0	1
16	52247543	52247840	1	shRunx3	0	0	0	0	0	1
16	52252158	52252569	1	late	0	1	0	0	0	0
16	52272407	52272754	1	terminal	0	0	1	0	0	0
16	52290222	52290500	1	shRunx3	0	0	0	0	0	1
16	52470371	52470785	1	terminal	0	0	1	0	0	0
16	52578705	52578973	1	shRunx3	0	0	0	0	0	1
16	52931674	52931916	1	terminal	0	0	1	0	0	0
16	53041063	53041377	1	shRunx3	0	0	0	0	0	1
16	53812109	53812365	1	memory	0	0	0	1	0	0
16	55077990	55078272	1	late	0	1	0	0	0	0
16	55636707	55636726	1	late	0	1	0	0	0	0
16	55636726	55636749	2	late,terminal	0	1	1	0	0	0
16	55636749	55636800	3	late,terminal,shCd19	0	1	1	0	1	0
16	55636800	55637026	4	late,terminal,shCd19,shRunx3	0	1	1	0	1	1
16	55637026	55637060	3	late,shCd19,shRunx3	0	1	0	0	1	1
16	55637060	55637315	2	late,shCd19	0	1	0	0	1	0
16	55637315	55637316	1	shCd19	0	0	0	0	1	0
16	55754322	55755100	1	shCd19	0	0	0	0	1	0
16	55757970	55758183	1	shRunx3	0	0	0	0	0	1
16	55817851	55818749	1	terminal	0	0	1	0	0	0
16	55948835	55948840	1	shCd19	0	0	0	0	1	0
16	55948840	55949086	2	terminal,shCd19	0	0	1	0	1	0
16	55949086	55949415	1	shCd19	0	0	0	0	1	0
16	56099862	56100109	1	memory	0	0	0	1	0	0
16	56325131	56325382	1	memory	0	0	0	1	0	0
16	56642427	56642782	1	late	0	1	0	0	0	0
16	57121113	57121687	1	shCd19	0	0	0	0	1	0
16	57430057	57430361	1	early	1	0	0	0	0	0
16	58270515	58270829	1	memory	0	0	0	1	0	0
16	58480083	58480681	1	shCd19	0	0	0	0	1	0
16	58498256	58498635	1	shCd19	0	0	0	0	1	0
16	58690348	58690703	1	shRunx3	0	0	0	0	0	1
16	58708745	58708997	1	shCd19	0	0	0	0	1	0
16	58875460	58875819	1	memory	0	0	0	1	0	0
16	58939539	58939740	1	shCd19	0	0	0	0	1	0
16	59023560	59023872	1	late	0	1	0	0	0	0
16	59105504	59105843	1	shRunx3	0	0	0	0	0	1
16	59196830	59197040	1	shRunx3	0	0	0	0	0	1
16	59459289	59459693	1	shRunx3	0	0	0	0	0	1
16	59469669	59470281	1	shRunx3	0	0	0	0	0	1
16	59705197	59705607	1	terminal	0	0	1	0	0	0
16	60359319	60359742	1	shCd19	0	0	0	0	1	0
16	60579460	60579711	1	memory	0	0	0	1	0	0
16	60648045	60648403	1	terminal	0	0	1	0	0	0
16	61669239	61669572	1	early	1	0	0	0	0	0
16	61895390	61895649	1	terminal	0	0	1	0	0	0
16	62001625	62002175	1	shCd19	0	0	0	0	1	0
16	62152602	62152987	1	shRunx3	0	0	0	0	0	1
16	62331849	62332164	1	memory	0	0	0	1	0	0
16	62442393	62442701	1	late	0	1	0	0	0	0
16	63379701	63380044	1	shRunx3	0	0	0	0	0	1
16	63808119	63808523	1	early	1	0	0	0	0	0
16	63865232	63865507	1	early	1	0	0	0	0	0
16	63951443	63951799	1	terminal	0	0	1	0	0	0
16	64448693	64449060	1	early	1	0	0	0	0	0
16	64692589	64692814	1	shRunx3	0	0	0	0	0	1
16	64757885	64758667	1	shRunx3	0	0	0	0	0	1
16	64758667	64758763	2	memory,shRunx3	0	0	0	1	0	1
16	64758763	64759006	3	late,memory,shRunx3	0	1	0	1	0	1
16	64759006	64759111	2	late,shRunx3	0	1	0	0	0	1
16	64759111	64759112	1	late	0	1	0	0	0	0
16	64846898	64847173	1	terminal	0	0	1	0	0	0
16	64851797	64852270	1	shCd19	0	0	0	0	1	0
16	65141719	65142074	1	early	1	0	0	0	0	0
16	65587172	65587462	1	early	1	0	0	0	0	0
16	65639581	65640207	1	memory	0	0	0	1	0	0
16	65797312	65797671	1	early	1	0	0	0	0	0
16	66074315	66074634	1	shRunx3	0	0	0	0	0	1
16	66345737	66346276	1	late	0	1	0	0	0	0
16	66375388	66375597	1	shRunx3	0	0	0	0	0	1
16	66391943	66392337	1	terminal	0	0	1	0	0	0
16	66780390	66780676	1	shRunx3	0	0	0	0	0	1
16	67001723	67002094	1	shCd19	0	0	0	0	1	0
16	67140186	67140445	1	memory	0	0	0	1	0	0
16	67878940	67879296	1	shRunx3	0	0	0	0	0	1
16	67924186	67924736	1	terminal	0	0	1	0	0	0
16	68372055	68372354	1	early	1	0	0	0	0	0
16	69047507	69047791	1	shCd19	0	0	0	0	1	0
16	69556309	69556713	1	late	0	1	0	0	0	0
16	69717514	69718055	1	late	0	1	0	0	0	0
16	69828491	69828968	1	early	1	0	0	0	0	0
16	70469214	70469613	1	shCd19	0	0	0	0	1	0
16	70873465	70873700	1	shRunx3	0	0	0	0	0	1
16	71034495	71034753	1	early	1	0	0	0	0	0
16	71200077	71200276	1	shRunx3	0	0	0	0	0	1
16	71361032	71361255	1	shRunx3	0	0	0	0	0	1
16	71448690	71448935	1	memory	0	0	0	1	0	0
16	71524934	71525292	1	memory	0	0	0	1	0	0
16	71898394	71898653	1	early	1	0	0	0	0	0
16	72580503	72580810	1	memory	0	0	0	1	0	0
16	74030459	74030850	1	shRunx3	0	0	0	0	0	1
16	74347065	74347382	1	early	1	0	0	0	0	0
16	74383823	74384145	1	terminal	0	0	1	0	0	0
16	74934549	74934817	1	shRunx3	0	0	0	0	0	1
16	74977930	74978200	1	early	1	0	0	0	0	0
16	75247329	75247623	1	terminal	0	0	1	0	0	0
16	75766669	75767177	1	shCd19	0	0	0	0	1	0
16	75817306	75817667	1	shRunx3	0	0	0	0	0	1
16	76312352	76312654	1	memory	0	0	0	1	0	0
16	76873115	76873446	1	late	0	1	0	0	0	0
16	77027899	77028181	1	early	1	0	0	0	0	0
16	77070589	77070916	1	terminal	0	0	1	0	0	0
16	77123865	77124068	1	shRunx3	0	0	0	0	0	1
16	77335969	77336426	1	shRunx3	0	0	0	0	0	1
16	77892607	77892949	1	memory	0	0	0	1	0	0
16	77939909	77940616	1	late	0	1	0	0	0	0
16	78198566	78198813	1	shCd19	0	0	0	0	1	0
16	78577439	78577773	1	shCd19	0	0	0	0	1	0
16	78629672	78630022	1	shCd19	0	0	0	0	1	0
16	79188717	79188981	1	early	1	0	0	0	0	0
16	79760779	79761021	1	shCd19	0	0	0	0	1	0
16	80070898	80071387	1	shRunx3	0	0	0	0	0	1
16	80310455	80310709	1	early	1	0	0	0	0	0
16	80665044	80665352	1	memory	0	0	0	1	0	0
16	81674087	81674446	1	shRunx3	0	0	0	0	0	1
16	82180371	82180787	1	memory	0	0	0	1	0	0
16	82335677	82336060	1	terminal	0	0	1	0	0	0
16	82601499	82601789	1	early	1	0	0	0	0	0
16	83510357	83510612	1	memory	0	0	0	1	0	0
16	83958811	83959147	1	late	0	1	0	0	0	0
16	84133208	84133564	1	shRunx3	0	0	0	0	0	1
16	84500824	84501135	1	memory	0	0	0	1	0	0
16	84703026	84703282	1	terminal	0	0	1	0	0	0
16	84995869	84996317	1	late	0	1	0	0	0	0
16	86369517	86369918	1	shRunx3	0	0	0	0	0	1
16	86717310	86717707	1	shRunx3	0	0	0	0	0	1
16	87478550	87479015	1	terminal	0	0	1	0	0	0
16	87916081	87916642	1	late	0	1	0	0	0	0
16	88040231	88040597	1	terminal	0	0	1	0	0	0
16	88186264	88186621	1	late	0	1	0	0	0	0
16	88200788	88201262	1	late	0	1	0	0	0	0
16	88370299	88370969	1	early	1	0	0	0	0	0
16	89762116	89762430	1	early	1	0	0	0	0	0
16	90104028	90104319	1	terminal	0	0	1	0	0	0
16	90143004	90143920	1	shCd19	0	0	0	0	1	0
16	90143920	90144285	2	shCd19,shRunx3	0	0	0	0	1	1
16	90144285	90144305	1	shCd19	0	0	0	0	1	0
16	90284485	90285041	1	shCd19	0	0	0	0	1	0
16	90392313	90392622	1	terminal	0	0	1	0	0	0
16	91366056	91366997	1	shCd19	0	0	0	0	1	0
16	91532906	91533043	1	shCd19	0	0	0	0	1	0
16	91533043	91533425	2	terminal,shCd19	0	0	1	0	1	0
16	91533425	91533900	1	shCd19	0	0	0	0	1	0
16	91561960	91562304	1	shCd19	0	0	0	0	1	0
16	91597302	91598039	1	shCd19	0	0	0	0	1	0
16	91728327	91729558	1	shCd19	0	0	0	0	1	0
16	91789637	91790088	1	shCd19	0	0	0	0	1	0
16	91825724	91826382	1	shCd19	0	0	0	0	1	0
16	92019372	92020034	1	late	0	1	0	0	0	0
16	92057928	92059259	1	shCd19	0	0	0	0	1	0
16	92402635	92402916	1	shRunx3	0	0	0	0	0	1
16	92479819	92480206	1	terminal	0	0	1	0	0	0
16	92620880	92621419	1	shCd19	0	0	0	0	1	0
16	92732152	92732542	1	late	0	1	0	0	0	0
16	92784354	92784834	1	memory	0	0	0	1	0	0
16	92818304	92819297	1	shCd19	0	0	0	0	1	0
16	92821769	92822539	1	shCd19	0	0	0	0	1	0
16	92825002	92825693	1	shRunx3	0	0	0	0	0	1
16	92825693	92826431	2	shCd19,shRunx3	0	0	0	0	1	1
16	92826431	92826446	1	shCd19	0	0	0	0	1	0
16	92920377	92920577	1	shCd19	0	0	0	0	1	0
16	93214938	93215156	1	shRunx3	0	0	0	0	0	1
16	93333359	93333591	1	shRunx3	0	0	0	0	0	1
16	93544824	93545208	1	shCd19	0	0	0	0	1	0
16	93552674	93552873	1	shCd19	0	0	0	0	1	0
16	93552873	93553440	2	shCd19,shRunx3	0	0	0	0	1	1
16	93553440	93553738	1	shCd19	0	0	0	0	1	0
16	93777226	93777739	1	shCd19	0	0	0	0	1	0
16	93938562	93938841	1	late	0	1	0	0	0	0
16	94240609	94241229	1	shCd19	0	0	0	0	1	0
16	94526621	94526704	1	shCd19	0	0	0	0	1	0
16	94526704	94526746	2	shCd19,shRunx3	0	0	0	0	1	1
16	94526746	94527083	3	terminal,shCd19,shRunx3	0	0	1	0	1	1
16	94527083	94527213	2	shCd19,shRunx3	0	0	0	0	1	1
16	94874321	94874881	1	terminal	0	0	1	0	0	0
16	95168233	95168874	1	shCd19	0	0	0	0	1	0
16	95244681	95244983	1	shCd19	0	0	0	0	1	0
16	96127531	96128116	1	shCd19	0	0	0	0	1	0
16	96273148	96273483	1	shCd19	0	0	0	0	1	0
16	96289277	96289615	1	shRunx3	0	0	0	0	0	1
16	96324460	96324721	1	terminal	0	0	1	0	0	0
16	97203932	97204147	1	shCd19	0	0	0	0	1	0
16	97293602	97293847	1	shCd19	0	0	0	0	1	0
16	97580519	97580847	1	shRunx3	0	0	0	0	0	1
16	97616734	97617089	1	shRunx3	0	0	0	0	0	1
16	97900402	97900803	1	terminal	0	0	1	0	0	0
16	97962311	97962919	1	shCd19	0	0	0	0	1	0
17	3114591	3114602	1	shCd19	0	0	0	0	1	0
17	3114602	3114636	2	terminal,shCd19	0	0	1	0	1	0
17	3114636	3115008	3	terminal,shCd19,shRunx3	0	0	1	0	1	1
17	3115008	3115113	2	shCd19,shRunx3	0	0	0	0	1	1
17	3115113	3115550	1	shCd19	0	0	0	0	1	0
17	3208726	3209178	1	shRunx3	0	0	0	0	0	1
17	3421197	3421490	1	shRunx3	0	0	0	0	0	1
17	4745781	4746036	1	shCd19	0	0	0	0	1	0
17	4854675	4854874	1	shRunx3	0	0	0	0	0	1
17	5303238	5303668	1	shCd19	0	0	0	0	1	0
17	5451025	5451585	1	terminal	0	0	1	0	0	0
17	5732230	5732496	1	shCd19	0	0	0	0	1	0
17	5802041	5802179	1	shRunx3	0	0	0	0	0	1
17	5802179	5802793	2	shCd19,shRunx3	0	0	0	0	1	1
17	5802793	5803009	1	shCd19	0	0	0	0	1	0
17	5803242	5803886	1	shCd19	0	0	0	0	1	0
17	5975254	5975662	1	shCd19	0	0	0	0	1	0
17	6007876	6008899	1	shCd19	0	0	0	0	1	0
17	6784751	6785009	1	shRunx3	0	0	0	0	0	1
17	6795949	6796324	1	late	0	1	0	0	0	0
17	7888933	7889410	1	shRunx3	0	0	0	0	0	1
17	7927899	7928385	1	shCd19	0	0	0	0	1	0
17	8494615	8495102	1	early	1	0	0	0	0	0
17	8643169	8643685	1	shRunx3	0	0	0	0	0	1
17	9115386	9115643	1	memory	0	0	0	1	0	0
17	9250191	9250522	1	shRunx3	0	0	0	0	0	1
17	9670413	9670686	1	shCd19	0	0	0	0	1	0
17	9896210	9896502	1	late	0	1	0	0	0	0
17	10134077	10134299	1	shRunx3	0	0	0	0	0	1
17	10408196	10408444	1	shRunx3	0	0	0	0	0	1
17	11137945	11138282	1	shCd19	0	0	0	0	1	0
17	11471699	11471954	1	shRunx3	0	0	0	0	0	1
17	11836688	11837094	1	memory	0	0	0	1	0	0
17	11875669	11876131	1	shRunx3	0	0	0	0	0	1
17	11980486	11980834	1	early	1	0	0	0	0	0
17	12125956	12126278	1	memory	0	0	0	1	0	0
17	12164465	12165827	1	shCd19	0	0	0	0	1	0
17	12274939	12275205	1	shRunx3	0	0	0	0	0	1
17	12318742	12319079	1	shCd19	0	0	0	0	1	0
17	12363690	12364620	1	shCd19	0	0	0	0	1	0
17	12756009	12756043	1	shCd19	0	0	0	0	1	0
17	12756043	12756265	2	terminal,shCd19	0	0	1	0	1	0
17	12756265	12756308	1	terminal	0	0	1	0	0	0
17	12916101	12916433	1	shCd19	0	0	0	0	1	0
17	12960059	12960909	1	shCd19	0	0	0	0	1	0
17	14529590	14529930	1	terminal	0	0	1	0	0	0
17	15227014	15227266	1	memory	0	0	0	1	0	0
17	15557643	15557884	1	memory	0	0	0	1	0	0
17	15772794	15773106	1	shCd19	0	0	0	0	1	0
17	16276380	16276760	1	memory	0	0	0	1	0	0
17	16801290	16801775	1	late	0	1	0	0	0	0
17	17030389	17030672	1	shRunx3	0	0	0	0	0	1
17	17294024	17294362	1	shCd19	0	0	0	0	1	0
17	17624388	17626010	1	shCd19	0	0	0	0	1	0
17	19275030	19275474	1	terminal	0	0	1	0	0	0
17	19471956	19472438	1	memory	0	0	0	1	0	0
17	19861083	19861385	1	late	0	1	0	0	0	0
17	20168743	20169192	1	shRunx3	0	0	0	0	0	1
17	20209598	20209876	1	late	0	1	0	0	0	0
17	20270736	20271118	1	late	0	1	0	0	0	0
17	20818023	20818413	1	memory	0	0	0	1	0	0
17	20871246	20871858	1	shRunx3	0	0	0	0	0	1
17	20945137	20945555	1	shCd19	0	0	0	0	1	0
17	21321830	21322114	1	memory	0	0	0	1	0	0
17	21538135	21538381	1	memory	0	0	0	1	0	0
17	23368256	23368534	1	shRunx3	0	0	0	0	0	1
17	23369501	23369909	1	late	0	1	0	0	0	0
17	23599034	23599340	1	shCd19	0	0	0	0	1	0
17	23740506	23740779	1	shCd19	0	0	0	0	1	0
17	23924642	23924855	1	shCd19	0	0	0	0	1	0
17	23980090	23980639	1	shCd19	0	0	0	0	1	0
17	24168866	24169400	1	shCd19	0	0	0	0	1	0
17	24169400	24169699	2	shCd19,shRunx3	0	0	0	0	1	1
17	24169699	24169904	1	shRunx3	0	0	0	0	0	1
17	24251106	24251416	1	shRunx3	0	0	0	0	0	1
17	24365722	24366379	1	shRunx3	0	0	0	0	0	1
17	24380052	24380399	1	late	0	1	0	0	0	0
17	24454991	24455819	1	shRunx3	0	0	0	0	0	1
17	24469868	24470813	1	shCd19	0	0	0	0	1	0
17	24478805	24479346	1	shCd19	0	0	0	0	1	0
17	24660558	24660819	1	memory	0	0	0	1	0	0
17	24850082	24850224	1	shCd19	0	0	0	0	1	0
17	24850224	24850680	2	shCd19,shRunx3	0	0	0	0	1	1
17	24850680	24850799	1	shRunx3	0	0	0	0	0	1
17	25115987	25116284	1	shCd19	0	0	0	0	1	0
17	25247903	25247967	1	shCd19	0	0	0	0	1	0
17	25247967	25248521	2	shCd19,shRunx3	0	0	0	0	1	1
17	25248521	25248767	1	shCd19	0	0	0	0	1	0
17	25257937	25258428	1	shCd19	0	0	0	0	1	0
17	25273410	25274163	1	shRunx3	0	0	0	0	0	1
17	25583809	25584094	1	shCd19	0	0	0	0	1	0
17	25727364	25727651	1	shCd19	0	0	0	0	1	0
17	25792104	25792358	1	shCd19	0	0	0	0	1	0
17	25814943	25815340	1	late	0	1	0	0	0	0
17	25875127	25875811	1	shCd19	0	0	0	0	1	0
17	26113327	26113866	1	shCd19	0	0	0	0	1	0
17	26315630	26316536	1	late	0	1	0	0	0	0
17	26572190	26573083	1	shCd19	0	0	0	0	1	0
17	26973069	26973568	1	shRunx3	0	0	0	0	0	1
17	27140310	27140613	1	shCd19	0	0	0	0	1	0
17	27205813	27206267	1	shRunx3	0	0	0	0	0	1
17	27322975	27323501	1	terminal	0	0	1	0	0	0
17	27341568	27342211	1	shRunx3	0	0	0	0	0	1
17	27342211	27342677	2	shCd19,shRunx3	0	0	0	0	1	1
17	27342677	27342733	1	shCd19	0	0	0	0	1	0
17	27405516	27406038	1	shCd19	0	0	0	0	1	0
17	27623627	27624019	1	shRunx3	0	0	0	0	0	1
17	27776762	27777356	1	shCd19	0	0	0	0	1	0
17	28014859	28015582	1	shCd19	0	0	0	0	1	0
17	28293584	28293972	1	shRunx3	0	0	0	0	0	1
17	28488265	28488628	1	shCd19	0	0	0	0	1	0
17	28514471	28514836	1	late	0	1	0	0	0	0
17	28522461	28522463	1	shCd19	0	0	0	0	1	0
17	28522463	28522733	2	shCd19,shRunx3	0	0	0	0	1	1
17	28522733	28522755	1	shCd19	0	0	0	0	1	0
17	28618047	28618507	1	late	0	1	0	0	0	0
17	28672142	28672421	1	terminal	0	0	1	0	0	0
17	28991392	28991610	1	shRunx3	0	0	0	0	0	1
17	29003924	29004395	1	shCd19	0	0	0	0	1	0
17	29065457	29066471	1	shCd19	0	0	0	0	1	0
17	29393497	29393524	1	shRunx3	0	0	0	0	0	1
17	29393524	29393879	2	shCd19,shRunx3	0	0	0	0	1	1
17	29393879	29394196	3	late,shCd19,shRunx3	0	1	0	0	1	1
17	29394196	29394216	2	late,shCd19	0	1	0	0	1	0
17	29394216	29394583	1	shCd19	0	0	0	0	1	0
17	29502741	29503425	1	early	1	0	0	0	0	0
17	29531733	29532493	1	shCd19	0	0	0	0	1	0
17	29713840	29714184	1	shRunx3	0	0	0	0	0	1
17	29768982	29769891	1	shCd19	0	0	0	0	1	0
17	29814654	29815066	1	shRunx3	0	0	0	0	0	1
17	29991650	29992041	1	terminal	0	0	1	0	0	0
17	30046923	30047375	1	late	0	1	0	0	0	0
17	30068346	30068603	1	early	1	0	0	0	0	0
17	30418781	30419000	1	shRunx3	0	0	0	0	0	1
17	30449755	30450042	1	late	0	1	0	0	0	0
17	30900585	30900938	1	memory	0	0	0	1	0	0
17	31872717	31873342	1	late	0	1	0	0	0	0
17	32106038	32106386	1	memory	0	0	0	1	0	0
17	32160933	32161184	1	shCd19	0	0	0	0	1	0
17	32349967	32350902	1	shCd19	0	0	0	0	1	0
17	32891362	32891420	1	shRunx3	0	0	0	0	0	1
17	32891420	32891677	2	shCd19,shRunx3	0	0	0	0	1	1
17	32891677	32891872	1	shCd19	0	0	0	0	1	0
17	32965824	32966685	1	shCd19	0	0	0	0	1	0
17	33054458	33054683	1	shRunx3	0	0	0	0	0	1
17	33554448	33554694	1	shCd19	0	0	0	0	1	0
17	33563732	33564179	1	shCd19	0	0	0	0	1	0
17	33777513	33777780	1	shRunx3	0	0	0	0	0	1
17	33816159	33816607	1	late	0	1	0	0	0	0
17	33909423	33910183	1	shCd19	0	0	0	0	1	0
17	33934621	33934886	1	shRunx3	0	0	0	0	0	1
17	33978653	33979252	1	terminal	0	0	1	0	0	0
17	34000311	34002252	1	shCd19	0	0	0	0	1	0
17	34037939	34038349	1	terminal	0	0	1	0	0	0
17	34106952	34107285	1	shCd19	0	0	0	0	1	0
17	34129448	34129912	1	shRunx3	0	0	0	0	0	1
17	34210386	34211051	1	shCd19	0	0	0	0	1	0
17	34603691	34604180	1	shRunx3	0	0	0	0	0	1
17	34630122	34630717	1	shCd19	0	0	0	0	1	0
17	34681230	34681476	1	shRunx3	0	0	0	0	0	1
17	34882304	34882511	1	shRunx3	0	0	0	0	0	1
17	34952164	34953471	1	shCd19	0	0	0	0	1	0
17	34964438	34965035	1	memory	0	0	0	1	0	0
17	35089264	35089769	1	shCd19	0	0	0	0	1	0
17	35202209	35202535	1	shRunx3	0	0	0	0	0	1
17	35205339	35205578	1	shCd19	0	0	0	0	1	0
17	35218514	35219020	1	shCd19	0	0	0	0	1	0
17	35231136	35231563	1	shRunx3	0	0	0	0	0	1
17	35232522	35232944	1	shRunx3	0	0	0	0	0	1
17	35262714	35263763	1	shCd19	0	0	0	0	1	0
17	35301810	35302148	1	shCd19	0	0	0	0	1	0
17	35516634	35517097	1	shCd19	0	0	0	0	1	0
17	35667012	35667926	1	shCd19	0	0	0	0	1	0
17	35836880	35837429	1	shCd19	0	0	0	0	1	0
17	35841011	35841286	1	shCd19	0	0	0	0	1	0
17	35841286	35841801	2	shCd19,shRunx3	0	0	0	0	1	1
17	35841801	35842005	1	shRunx3	0	0	0	0	0	1
17	35861306	35861655	1	shCd19	0	0	0	0	1	0
17	35910125	35910563	1	shRunx3	0	0	0	0	0	1
17	35916157	35916929	1	shCd19	0	0	0	0	1	0
17	36001077	36002089	1	shRunx3	0	0	0	0	0	1
17	36025345	36026057	1	shCd19	0	0	0	0	1	0
17	36441153	36441504	1	memory	0	0	0	1	0	0
17	37551553	37551855	1	memory	0	0	0	1	0	0
17	37862205	37862564	1	memory	0	0	0	1	0	0
17	38130336	38130610	1	shRunx3	0	0	0	0	0	1
17	38318263	38318522	1	terminal	0	0	1	0	0	0
17	38588739	38588939	1	shCd19	0	0	0	0	1	0
17	39378678	39378979	1	shRunx3	0	0	0	0	0	1
17	40049108	40049637	1	shRunx3	0	0	0	0	0	1
17	40499192	40499607	1	shRunx3	0	0	0	0	0	1
17	40833823	40834424	1	late	0	1	0	0	0	0
17	42426834	42427171	1	shRunx3	0	0	0	0	0	1
17	42435735	42436066	1	shCd19	0	0	0	0	1	0
17	42695728	42696103	1	late	0	1	0	0	0	0
17	43056185	43056503	1	shCd19	0	0	0	0	1	0
17	44235845	44236149	1	shRunx3	0	0	0	0	0	1
17	44248061	44248341	1	early	1	0	0	0	0	0
17	44436734	44437014	1	early	1	0	0	0	0	0
17	44569020	44569254	1	shCd19	0	0	0	0	1	0
17	44569254	44569806	2	shCd19,shRunx3	0	0	0	0	1	1
17	44569806	44569847	1	shRunx3	0	0	0	0	0	1
17	44612228	44612654	1	shCd19	0	0	0	0	1	0
17	45448903	45449136	1	shRunx3	0	0	0	0	0	1
17	45770155	45770750	1	memory	0	0	0	1	0	0
17	45841422	45841674	1	shRunx3	0	0	0	0	0	1
17	45885178	45885581	1	terminal	0	0	1	0	0	0
17	45970073	45970955	1	shCd19	0	0	0	0	1	0
17	46809319	46809825	1	terminal	0	0	1	0	0	0
17	46823671	46823959	1	shCd19	0	0	0	0	1	0
17	46870215	46871028	1	shCd19	0	0	0	0	1	0
17	46888542	46889518	1	shCd19	0	0	0	0	1	0
17	47424215	47424500	1	shCd19	0	0	0	0	1	0
17	47502019	47502316	1	shCd19	0	0	0	0	1	0
17	47521379	47521696	1	shCd19	0	0	0	0	1	0
17	47531340	47531532	1	shRunx3	0	0	0	0	0	1
17	47531532	47531787	2	shCd19,shRunx3	0	0	0	0	1	1
17	47531787	47532099	1	shCd19	0	0	0	0	1	0
17	47564466	47564709	1	shCd19	0	0	0	0	1	0
17	47682178	47683038	1	shCd19	0	0	0	0	1	0
17	47683038	47683337	2	shCd19,shRunx3	0	0	0	0	1	1
17	47683337	47683341	1	shRunx3	0	0	0	0	0	1
17	47873163	47873695	1	shCd19	0	0	0	0	1	0
17	47987507	47987812	1	memory	0	0	0	1	0	0
17	48332175	48333226	1	shCd19	0	0	0	0	1	0
17	48348444	48348676	1	shCd19	0	0	0	0	1	0
17	48868021	48868308	1	shRunx3	0	0	0	0	0	1
17	48926356	48926563	1	shRunx3	0	0	0	0	0	1
17	49054115	49054545	1	terminal	0	0	1	0	0	0
17	49179815	49180067	1	shRunx3	0	0	0	0	0	1
17	49211861	49212123	1	early	1	0	0	0	0	0
17	49234767	49235441	1	memory	0	0	0	1	0	0
17	49361391	49361640	1	shRunx3	0	0	0	0	0	1
17	49716799	49717091	1	early	1	0	0	0	0	0
17	50006828	50007247	1	memory	0	0	0	1	0	0
17	50071316	50072035	1	shCd19	0	0	0	0	1	0
17	50469738	50470522	1	shCd19	0	0	0	0	1	0
17	50470522	50470788	2	shCd19,shRunx3	0	0	0	0	1	1
17	50470788	50470998	1	shCd19	0	0	0	0	1	0
17	50803244	50803608	1	late	0	1	0	0	0	0
17	51257975	51258233	1	shRunx3	0	0	0	0	0	1
17	51291657	51291977	1	terminal	0	0	1	0	0	0
17	51612046	51612265	1	shRunx3	0	0	0	0	0	1
17	51814336	51814917	1	shCd19	0	0	0	0	1	0
17	51916168	51916448	1	memory	0	0	0	1	0	0
17	52110856	52111167	1	late	0	1	0	0	0	0
17	52162379	52163021	1	shCd19	0	0	0	0	1	0
17	52168213	52168726	1	shRunx3	0	0	0	0	0	1
17	52438453	52438694	1	memory	0	0	0	1	0	0
17	52818703	52819069	1	late	0	1	0	0	0	0
17	52862928	52863233	1	terminal	0	0	1	0	0	0
17	52869216	52869617	1	terminal	0	0	1	0	0	0
17	53567736	53568686	1	shCd19	0	0	0	0	1	0
17	53855750	53856035	1	shCd19	0	0	0	0	1	0
17	54544558	54544875	1	shCd19	0	0	0	0	1	0
17	55219801	55220192	1	late	0	1	0	0	0	0
17	56009007	56009625	1	shRunx3	0	0	0	0	0	1
17	56144317	56144714	1	shRunx3	0	0	0	0	0	1
17	56256116	56256394	1	shRunx3	0	0	0	0	0	1
17	56276908	56277004	1	terminal	0	0	1	0	0	0
17	56277004	56277599	2	terminal,shCd19	0	0	1	0	1	0
17	56277599	56277620	1	terminal	0	0	1	0	0	0
17	56325677	56326063	1	shRunx3	0	0	0	0	0	1
17	56517589	56517837	1	memory	0	0	0	1	0	0
17	56535066	56535286	1	shRunx3	0	0	0	0	0	1
17	56584599	56585291	1	shCd19	0	0	0	0	1	0
17	56609466	56609858	1	shCd19	0	0	0	0	1	0
17	56819745	56820154	1	shCd19	0	0	0	0	1	0
17	56831078	56831527	1	shCd19	0	0	0	0	1	0
17	56997115	56997358	1	shCd19	0	0	0	0	1	0
17	56997358	56997612	2	shCd19,shRunx3	0	0	0	0	1	1
17	57060198	57060365	1	shCd19	0	0	0	0	1	0
17	57060365	57060634	2	shCd19,shRunx3	0	0	0	0	1	1
17	57060634	57060802	1	shCd19	0	0	0	0	1	0
17	57061058	57061292	1	shRunx3	0	0	0	0	0	1
17	57125725	57126385	1	shCd19	0	0	0	0	1	0
17	57290386	57290424	1	shCd19	0	0	0	0	1	0
17	57290424	57291207	2	shCd19,shRunx3	0	0	0	0	1	1
17	57291207	57291251	1	shRunx3	0	0	0	0	0	1
17	58240078	58240337	1	terminal	0	0	1	0	0	0
17	58462808	58463527	1	shCd19	0	0	0	0	1	0
17	58560192	58560597	1	shRunx3	0	0	0	0	0	1
17	59875523	59875842	1	shCd19	0	0	0	0	1	0
17	60073129	60073404	1	shRunx3	0	0	0	0	0	1
17	60978561	60978770	1	shRunx3	0	0	0	0	0	1
17	61878650	61879046	1	early	1	0	0	0	0	0
17	61991934	61992420	1	memory	0	0	0	1	0	0
17	62622850	62623207	1	memory	0	0	0	1	0	0
17	62765058	62765540	1	early	1	0	0	0	0	0
17	62826314	62826597	1	memory	0	0	0	1	0	0
17	63242558	63242822	1	shCd19	0	0	0	0	1	0
17	63639280	63639628	1	late	0	1	0	0	0	0
17	63922018	63922631	1	late	0	1	0	0	0	0
17	64354396	64354717	1	shCd19	0	0	0	0	1	0
17	64601985	64602449	1	shRunx3	0	0	0	0	0	1
17	64689028	64689256	1	shRunx3	0	0	0	0	0	1
17	64776777	64777078	1	shRunx3	0	0	0	0	0	1
17	65262746	65263096	1	early	1	0	0	0	0	0
17	65453082	65453553	1	late	0	1	0	0	0	0
17	65613560	65613978	1	shCd19	0	0	0	0	1	0
17	65778067	65778489	1	late	0	1	0	0	0	0
17	65977986	65978272	1	memory	0	0	0	1	0	0
17	66042341	66042926	1	shCd19	0	0	0	0	1	0
17	66100913	66101194	1	shRunx3	0	0	0	0	0	1
17	66111292	66111819	1	shCd19	0	0	0	0	1	0
17	66909240	66909514	1	memory	0	0	0	1	0	0
17	66919695	66919959	1	terminal	0	0	1	0	0	0
17	67288976	67289261	1	shCd19	0	0	0	0	1	0
17	67318774	67319269	1	early	1	0	0	0	0	0
17	67619547	67619935	1	memory	0	0	0	1	0	0
17	67658812	67659133	1	late	0	1	0	0	0	0
17	67754583	67754873	1	terminal	0	0	1	0	0	0
17	68268271	68268847	1	shCd19	0	0	0	0	1	0
17	68584609	68584827	1	shRunx3	0	0	0	0	0	1
17	68909383	68909654	1	memory	0	0	0	1	0	0
17	69507816	69508347	1	shRunx3	0	0	0	0	0	1
17	69669435	69669791	1	early	1	0	0	0	0	0
17	70191440	70191985	1	early	1	0	0	0	0	0
17	70709158	70709685	1	shCd19	0	0	0	0	1	0
17	70723948	70724359	1	shRunx3	0	0	0	0	0	1
17	70989880	70990106	1	shCd19	0	0	0	0	1	0
17	71288365	71288736	1	shCd19	0	0	0	0	1	0
17	71551002	71551259	1	early	1	0	0	0	0	0
17	71797258	71797793	1	late	0	1	0	0	0	0
17	72056580	72056836	1	memory	0	0	0	1	0	0
17	72311995	72312359	1	early	1	0	0	0	0	0
17	72836180	72836843	1	shCd19	0	0	0	0	1	0
17	72949141	72949554	1	shCd19	0	0	0	0	1	0
17	72996408	72996674	1	shCd19	0	0	0	0	1	0
17	73034441	73035356	1	shCd19	0	0	0	0	1	0
17	73107607	73107884	1	shCd19	0	0	0	0	1	0
17	73301870	73302253	1	shCd19	0	0	0	0	1	0
17	73373543	73373809	1	terminal	0	0	1	0	0	0
17	73814671	73814802	1	shCd19	0	0	0	0	1	0
17	73814802	73815047	2	shCd19,shRunx3	0	0	0	0	1	1
17	73815047	73815100	1	shRunx3	0	0	0	0	0	1
17	73869101	73869229	1	shCd19	0	0	0	0	1	0
17	73869229	73869446	2	shCd19,shRunx3	0	0	0	0	1	1
17	73869446	73869450	1	shRunx3	0	0	0	0	0	1
17	73951797	73951869	1	shRunx3	0	0	0	0	0	1
17	73951869	73952163	2	shCd19,shRunx3	0	0	0	0	1	1
17	73952163	73952460	3	terminal,shCd19,shRunx3	0	0	1	0	1	1
17	73952460	73952541	2	shCd19,shRunx3	0	0	0	0	1	1
17	73952541	73952776	1	shCd19	0	0	0	0	1	0
17	73960445	73960651	1	shRunx3	0	0	0	0	0	1
17	74315932	74316708	1	shCd19	0	0	0	0	1	0
17	74338297	74338617	1	shRunx3	0	0	0	0	0	1
17	74467691	74468052	1	late	0	1	0	0	0	0
17	75665508	75665873	1	shRunx3	0	0	0	0	0	1
17	75832591	75832984	1	memory	0	0	0	1	0	0
17	76207052	76207446	1	shRunx3	0	0	0	0	0	1
17	76317250	76317493	1	shRunx3	0	0	0	0	0	1
17	76363835	76364039	1	shRunx3	0	0	0	0	0	1
17	76450164	76450894	1	shRunx3	0	0	0	0	0	1
17	76781790	76782111	1	late	0	1	0	0	0	0
17	77365113	77365370	1	memory	0	0	0	1	0	0
17	78334013	78334417	1	memory	0	0	0	1	0	0
17	78495540	78495801	1	memory	0	0	0	1	0	0
17	78581641	78582183	1	early	1	0	0	0	0	0
17	79376979	79377222	1	memory	0	0	0	1	0	0
17	79495557	79496157	1	late	0	1	0	0	0	0
17	79888231	79888481	1	terminal	0	0	1	0	0	0
17	80112730	80113150	1	shCd19	0	0	0	0	1	0
17	80126032	80126428	1	late	0	1	0	0	0	0
17	80535213	80535598	1	shRunx3	0	0	0	0	0	1
17	81059494	81059815	1	late	0	1	0	0	0	0
17	81104345	81104765	1	late	0	1	0	0	0	0
17	81584255	81584641	1	shRunx3	0	0	0	0	0	1
17	81615898	81616132	1	shRunx3	0	0	0	0	0	1
17	81767156	81767600	1	terminal	0	0	1	0	0	0
17	82074014	82074320	1	shCd19	0	0	0	0	1	0
17	82385804	82386183	1	shRunx3	0	0	0	0	0	1
17	83173883	83174289	1	late	0	1	0	0	0	0
17	83237782	83238074	1	late	0	1	0	0	0	0
17	83267570	83267990	1	shRunx3	0	0	0	0	0	1
17	83277288	83277828	1	shRunx3	0	0	0	0	0	1
17	83646549	83647095	1	shCd19	0	0	0	0	1	0
17	83654812	83655292	1	shCd19	0	0	0	0	1	0
17	83707433	83708268	1	shCd19	0	0	0	0	1	0
17	83777925	83778434	1	shRunx3	0	0	0	0	0	1
17	83887711	83888062	1	shCd19	0	0	0	0	1	0
17	84004113	84005053	1	shCd19	0	0	0	0	1	0
17	84119409	84119894	1	shRunx3	0	0	0	0	0	1
17	84140281	84140584	1	memory	0	0	0	1	0	0
17	84180749	84181918	1	shCd19	0	0	0	0	1	0
17	84419134	84420221	1	shCd19	0	0	0	0	1	0
17	84433715	84433996	1	early	1	0	0	0	0	0
17	84434734	84436409	1	shCd19	0	0	0	0	1	0
17	84702066	84702313	1	memory	0	0	0	1	0	0
17	84753484	84753852	1	memory	0	0	0	1	0	0
17	84855378	84855425	1	shCd19	0	0	0	0	1	0
17	84855425	84855685	2	shCd19,shRunx3	0	0	0	0	1	1
17	84855685	84855686	1	shRunx3	0	0	0	0	0	1
17	84921986	84922541	1	late	0	1	0	0	0	0
17	84957226	84957534	1	late	0	1	0	0	0	0
17	85260578	85261302	1	memory	0	0	0	1	0	0
17	85367848	85368191	1	memory	0	0	0	1	0	0
17	86363289	86363640	1	early	1	0	0	0	0	0
17	86415181	86415393	1	shRunx3	0	0	0	0	0	1
17	86427499	86427866	1	memory	0	0	0	1	0	0
17	86507893	86508268	1	shRunx3	0	0	0	0	0	1
17	86580772	86581049	1	shCd19	0	0	0	0	1	0
17	86752106	86752430	1	shCd19	0	0	0	0	1	0
17	86753038	86753522	1	shRunx3	0	0	0	0	0	1
17	86883445	86883969	1	terminal	0	0	1	0	0	0
17	86903705	86904815	1	shCd19	0	0	0	0	1	0
17	86939783	86940021	1	shRunx3	0	0	0	0	0	1
17	86957886	86958564	1	shCd19	0	0	0	0	1	0
17	86961850	86962555	1	shCd19	0	0	0	0	1	0
17	86971330	86971602	1	terminal	0	0	1	0	0	0
17	87118920	87119289	1	shCd19	0	0	0	0	1	0
17	87290436	87290888	1	terminal	0	0	1	0	0	0
17	87344247	87344256	1	shCd19	0	0	0	0	1	0
17	87344256	87344339	2	terminal,shCd19	0	0	1	0	1	0
17	87344339	87344908	3	terminal,shCd19,shRunx3	0	0	1	0	1	1
17	87344908	87345039	2	terminal,shCd19	0	0	1	0	1	0
17	87345039	87345040	1	shCd19	0	0	0	0	1	0
17	87408515	87408804	1	shRunx3	0	0	0	0	0	1
17	87943930	87944147	1	shRunx3	0	0	0	0	0	1
17	87974304	87975209	1	shCd19	0	0	0	0	1	0
17	88042187	88042585	1	shCd19	0	0	0	0	1	0
17	88113083	88113165	1	shCd19	0	0	0	0	1	0
17	88113165	88113592	2	shCd19,shRunx3	0	0	0	0	1	1
17	88113592	88113920	3	late,shCd19,shRunx3	0	1	0	0	1	1
17	88113920	88113956	2	late,shCd19	0	1	0	0	1	0
17	88113956	88113957	1	late	0	1	0	0	0	0
17	89221615	89221905	1	early	1	0	0	0	0	0
17	89554758	89555023	1	memory	0	0	0	1	0	0
17	90143194	90143440	1	memory	0	0	0	1	0	0
17	90658813	90659249	1	memory	0	0	0	1	0	0
17	91097839	91098121	1	late	0	1	0	0	0	0
17	91340007	91340293	1	shRunx3	0	0	0	0	0	1
17	91436932	91437223	1	memory	0	0	0	1	0	0
17	91662997	91663269	1	shRunx3	0	0	0	0	0	1
17	91811546	91811959	1	late	0	1	0	0	0	0
17	92740493	92740925	1	memory	0	0	0	1	0	0
17	92764882	92765080	1	shRunx3	0	0	0	0	0	1
17	93057693	93057986	1	shRunx3	0	0	0	0	0	1
17	93681379	93681656	1	memory	0	0	0	1	0	0
17	93779622	93779955	1	early	1	0	0	0	0	0
18	3341622	3341932	1	terminal	0	0	1	0	0	0
18	3715156	3715485	1	early	1	0	0	0	0	0
18	3793391	3793715	1	early	1	0	0	0	0	0
18	3849700	3849980	1	late	0	1	0	0	0	0
18	3954309	3954664	1	early	1	0	0	0	0	0
18	3966484	3966686	1	shRunx3	0	0	0	0	0	1
18	4193779	4194263	1	terminal	0	0	1	0	0	0
18	4294642	4295783	1	shCd19	0	0	0	0	1	0
18	4758195	4758413	1	shRunx3	0	0	0	0	0	1
18	5568957	5569394	1	shRunx3	0	0	0	0	0	1
18	5591315	5591752	1	early	1	0	0	0	0	0
18	5989752	5990177	1	shCd19	0	0	0	0	1	0
18	6136145	6136501	1	shRunx3	0	0	0	0	0	1
18	6501816	6502173	1	terminal	0	0	1	0	0	0
18	7051199	7051396	1	shRunx3	0	0	0	0	0	1
18	7510784	7511155	1	shRunx3	0	0	0	0	0	1
18	7800932	7801263	1	shCd19	0	0	0	0	1	0
18	7861961	7862284	1	early	1	0	0	0	0	0
18	8334022	8334395	1	memory	0	0	0	1	0	0
18	8410274	8410606	1	shCd19	0	0	0	0	1	0
18	9763805	9764376	1	late	0	1	0	0	0	0
18	9850213	9850581	1	shRunx3	0	0	0	0	0	1
18	10056818	10057098	1	late	0	1	0	0	0	0
18	10349936	10350280	1	shRunx3	0	0	0	0	0	1
18	11036114	11036367	1	memory	0	0	0	1	0	0
18	11356256	11356501	1	shCd19	0	0	0	0	1	0
18	11931363	11931954	1	shCd19	0	0	0	0	1	0
18	11949042	11949377	1	late	0	1	0	0	0	0
18	12637024	12637452	1	shCd19	0	0	0	0	1	0
18	12675170	12675528	1	memory	0	0	0	1	0	0
18	12785213	12785466	1	terminal	0	0	1	0	0	0
18	12795845	12796171	1	early	1	0	0	0	0	0
18	12884446	12884762	1	memory	0	0	0	1	0	0
18	12888056	12888426	1	late	0	1	0	0	0	0
18	13676390	13676710	1	terminal	0	0	1	0	0	0
18	14269136	14269451	1	terminal	0	0	1	0	0	0
18	14547841	14548181	1	memory	0	0	0	1	0	0
18	14572616	14572954	1	shCd19	0	0	0	0	1	0
18	14714210	14714823	1	terminal	0	0	1	0	0	0
18	14723894	14724114	1	shRunx3	0	0	0	0	0	1
18	14886624	14887041	1	shRunx3	0	0	0	0	0	1
18	14985738	14986002	1	shCd19	0	0	0	0	1	0
18	15471207	15471405	1	shRunx3	0	0	0	0	0	1
18	17080521	17080821	1	memory	0	0	0	1	0	0
18	17181699	17182027	1	shRunx3	0	0	0	0	0	1
18	17183586	17183998	1	shRunx3	0	0	0	0	0	1
18	17304714	17305064	1	terminal	0	0	1	0	0	0
18	18065536	18065814	1	memory	0	0	0	1	0	0
18	18971582	18972127	1	memory	0	0	0	1	0	0
18	19481145	19481516	1	early	1	0	0	0	0	0
18	19931588	19931836	1	terminal	0	0	1	0	0	0
18	20515626	20515905	1	late	0	1	0	0	0	0
18	20651906	20652319	1	memory	0	0	0	1	0	0
18	20962304	20962863	1	shCd19	0	0	0	0	1	0
18	21120351	21121069	1	late	0	1	0	0	0	0
18	21327383	21327718	1	memory	0	0	0	1	0	0
18	22416478	22416878	1	late	0	1	0	0	0	0
18	22753531	22753791	1	shRunx3	0	0	0	0	0	1
18	23583738	23584038	1	early	1	0	0	0	0	0
18	23804882	23805221	1	shCd19	0	0	0	0	1	0
18	23842106	23842718	1	shRunx3	0	0	0	0	0	1
18	23928867	23929251	1	shCd19	0	0	0	0	1	0
18	24088375	24088642	1	terminal	0	0	1	0	0	0
18	24407613	24408078	1	terminal	0	0	1	0	0	0
18	24445366	24445639	1	terminal	0	0	1	0	0	0
18	25168714	25169277	1	shCd19	0	0	0	0	1	0
18	25332552	25332809	1	shRunx3	0	0	0	0	0	1
18	25942539	25942915	1	memory	0	0	0	1	0	0
18	26282406	26282763	1	shRunx3	0	0	0	0	0	1
18	26421151	26421535	1	memory	0	0	0	1	0	0
18	27074814	27075075	1	shCd19	0	0	0	0	1	0
18	28317614	28317957	1	memory	0	0	0	1	0	0
18	28646103	28646344	1	terminal	0	0	1	0	0	0
18	28899540	28899967	1	memory	0	0	0	1	0	0
18	29626454	29626698	1	terminal	0	0	1	0	0	0
18	29924656	29924937	1	memory	0	0	0	1	0	0
18	31564144	31564635	1	late	0	1	0	0	0	0
18	32038010	32038434	1	shRunx3	0	0	0	0	0	1
18	32144236	32144441	1	shRunx3	0	0	0	0	0	1
18	32162481	32162990	1	shCd19	0	0	0	0	1	0
18	32535753	32536037	1	shRunx3	0	0	0	0	0	1
18	32558069	32558327	1	shRunx3	0	0	0	0	0	1
18	32660336	32660582	1	shRunx3	0	0	0	0	0	1
18	32945284	32945451	1	shRunx3	0	0	0	0	0	1
18	32945451	32945747	2	shCd19,shRunx3	0	0	0	0	1	1
18	32945747	32945761	1	shCd19	0	0	0	0	1	0
18	33059719	33060004	1	early	1	0	0	0	0	0
18	34009637	34009942	1	shRunx3	0	0	0	0	0	1
18	34220815	34221226	1	shCd19	0	0	0	0	1	0
18	34624136	34624945	1	shCd19	0	0	0	0	1	0
18	34633037	34633356	1	shRunx3	0	0	0	0	0	1
18	34860279	34861179	1	shCd19	0	0	0	0	1	0
18	35042245	35042488	1	shRunx3	0	0	0	0	0	1
18	35234707	35234999	1	shRunx3	0	0	0	0	0	1
18	35479559	35479862	1	terminal	0	0	1	0	0	0
18	35484068	35484288	1	shRunx3	0	0	0	0	0	1
18	35553100	35553344	1	shCd19	0	0	0	0	1	0
18	35849717	35849741	1	shCd19	0	0	0	0	1	0
18	35849741	35850084	2	shCd19,shRunx3	0	0	0	0	1	1
18	35850084	35850093	1	shCd19	0	0	0	0	1	0
18	36057505	36057827	1	terminal	0	0	1	0	0	0
18	36403183	36403613	1	late	0	1	0	0	0	0
18	36559473	36560333	1	memory	0	0	0	1	0	0
18	36932931	36933301	1	shRunx3	0	0	0	0	0	1
18	37718017	37718254	1	shCd19	0	0	0	0	1	0
18	37925717	37926332	1	shCd19	0	0	0	0	1	0
18	38732974	38733249	1	shRunx3	0	0	0	0	0	1
18	39250820	39251128	1	shCd19	0	0	0	0	1	0
18	39334786	39335233	1	shCd19	0	0	0	0	1	0
18	39859853	39860250	1	shRunx3	0	0	0	0	0	1
18	40515327	40515712	1	shRunx3	0	0	0	0	0	1
18	41181446	41181778	1	terminal	0	0	1	0	0	0
18	41535718	41536107	1	shRunx3	0	0	0	0	0	1
18	41655339	41655584	1	shRunx3	0	0	0	0	0	1
18	41728529	41728922	1	late	0	1	0	0	0	0
18	42219334	42219655	1	memory	0	0	0	1	0	0
18	42268237	42268449	1	shRunx3	0	0	0	0	0	1
18	42511153	42511691	1	shCd19	0	0	0	0	1	0
18	43042427	43042676	1	shRunx3	0	0	0	0	0	1
18	45150546	45150880	1	terminal	0	0	1	0	0	0
18	45496734	45497162	1	memory	0	0	0	1	0	0
18	46130736	46131117	1	late	0	1	0	0	0	0
18	46585366	46585990	1	late	0	1	0	0	0	0
18	46679443	46679986	1	terminal	0	0	1	0	0	0
18	47254310	47254584	1	memory	0	0	0	1	0	0
18	47412715	47412954	1	shRunx3	0	0	0	0	0	1
18	47937059	47937578	1	terminal	0	0	1	0	0	0
18	48197127	48197477	1	shRunx3	0	0	0	0	0	1
18	48624443	48624791	1	shRunx3	0	0	0	0	0	1
18	48649246	48649811	1	terminal	0	0	1	0	0	0
18	48654845	48655411	1	shCd19	0	0	0	0	1	0
18	48725166	48725447	1	shRunx3	0	0	0	0	0	1
18	49252210	49253014	1	shCd19	0	0	0	0	1	0
18	49368887	49369112	1	shRunx3	0	0	0	0	0	1
18	49654193	49654498	1	terminal	0	0	1	0	0	0
18	50014421	50014715	1	shRunx3	0	0	0	0	0	1
18	50016446	50017509	1	shCd19	0	0	0	0	1	0
18	50240204	50240568	1	terminal	0	0	1	0	0	0
18	50383213	50383469	1	early	1	0	0	0	0	0
18	50816873	50817220	1	shRunx3	0	0	0	0	0	1
18	51198918	51199283	1	shRunx3	0	0	0	0	0	1
18	51775840	51776052	1	shCd19	0	0	0	0	1	0
18	51922775	51923030	1	early	1	0	0	0	0	0
18	51990226	51990631	1	early	1	0	0	0	0	0
18	52009711	52010007	1	shCd19	0	0	0	0	1	0
18	52550393	52551032	1	early	1	0	0	0	0	0
18	52565092	52565398	1	late	0	1	0	0	0	0
18	52770800	52771084	1	late	0	1	0	0	0	0
18	53455063	53455373	1	shRunx3	0	0	0	0	0	1
18	53506118	53506325	1	shCd19	0	0	0	0	1	0
18	54495479	54495741	1	shRunx3	0	0	0	0	0	1
18	55137217	55137606	1	late	0	1	0	0	0	0
18	55657443	55658440	1	late	0	1	0	0	0	0
18	56038470	56038977	1	late	0	1	0	0	0	0
18	56795289	56795562	1	shCd19	0	0	0	0	1	0
18	56925177	56925276	1	shRunx3	0	0	0	0	0	1
18	56925276	56925753	2	shCd19,shRunx3	0	0	0	0	1	1
18	56925753	56925856	1	shCd19	0	0	0	0	1	0
18	57249534	57250090	1	shCd19	0	0	0	0	1	0
18	58547868	58548254	1	late	0	1	0	0	0	0
18	59387802	59388147	1	shRunx3	0	0	0	0	0	1
18	60126004	60126301	1	early	1	0	0	0	0	0
18	60499890	60500438	1	shCd19	0	0	0	0	1	0
18	60747632	60747881	1	memory	0	0	0	1	0	0
18	61984482	61984724	1	terminal	0	0	1	0	0	0
18	62186153	62186441	1	shRunx3	0	0	0	0	0	1
18	62644681	62645114	1	shRunx3	0	0	0	0	0	1
18	62790657	62791051	1	terminal	0	0	1	0	0	0
18	62914977	62915361	1	shCd19	0	0	0	0	1	0
18	63017809	63018290	1	memory	0	0	0	1	0	0
18	63855819	63856166	1	shCd19	0	0	0	0	1	0
18	63977982	63978387	1	shCd19	0	0	0	0	1	0
18	64025197	64025484	1	shRunx3	0	0	0	0	0	1
18	64116074	64116417	1	memory	0	0	0	1	0	0
18	64291604	64291960	1	shRunx3	0	0	0	0	0	1
18	64486427	64486749	1	memory	0	0	0	1	0	0
18	64644238	64644474	1	shRunx3	0	0	0	0	0	1
18	64651961	64652206	1	memory	0	0	0	1	0	0
18	64791048	64791360	1	shCd19	0	0	0	0	1	0
18	64920454	64921366	1	shCd19	0	0	0	0	1	0
18	65291118	65291366	1	shCd19	0	0	0	0	1	0
18	65381680	65381687	1	shCd19	0	0	0	0	1	0
18	65381687	65382162	2	shCd19,shRunx3	0	0	0	0	1	1
18	65382162	65382290	1	shRunx3	0	0	0	0	0	1
18	65414469	65414926	1	shRunx3	0	0	0	0	0	1
18	65566920	65567305	1	early	1	0	0	0	0	0
18	65800106	65800162	1	shCd19	0	0	0	0	1	0
18	65800162	65800780	2	shCd19,shRunx3	0	0	0	0	1	1
18	65800780	65800796	1	shCd19	0	0	0	0	1	0
18	65817000	65817221	1	shRunx3	0	0	0	0	0	1
18	65819107	65819522	1	shCd19	0	0	0	0	1	0
18	66000811	66001119	1	shRunx3	0	0	0	0	0	1
18	66367510	66367722	1	shCd19	0	0	0	0	1	0
18	66471243	66471536	1	shCd19	0	0	0	0	1	0
18	67121493	67121871	1	terminal	0	0	1	0	0	0
18	67288824	67289067	1	shCd19	0	0	0	0	1	0
18	67308013	67308861	1	shCd19	0	0	0	0	1	0
18	67441347	67441736	1	late	0	1	0	0	0	0
18	67714149	67714479	1	memory	0	0	0	1	0	0
18	68699443	68700052	1	shCd19	0	0	0	0	1	0
18	68930960	68931267	1	shRunx3	0	0	0	0	0	1
18	69153356	69153878	1	terminal	0	0	1	0	0	0
18	69192168	69192436	1	shCd19	0	0	0	0	1	0
18	69638206	69638474	1	memory	0	0	0	1	0	0
18	69788826	69789218	1	late	0	1	0	0	0	0
18	69874726	69875010	1	late	0	1	0	0	0	0
18	70137382	70137687	1	early	1	0	0	0	0	0
18	70159914	70160150	1	shRunx3	0	0	0	0	0	1
18	70355428	70355690	1	shRunx3	0	0	0	0	0	1
18	70473365	70473759	1	early	1	0	0	0	0	0
18	70951935	70952168	1	shRunx3	0	0	0	0	0	1
18	71162922	71163507	1	late	0	1	0	0	0	0
18	71170706	71171207	1	late	0	1	0	0	0	0
18	71973299	71973532	1	shRunx3	0	0	0	0	0	1
18	72092983	72093390	1	terminal	0	0	1	0	0	0
18	72113888	72114227	1	shCd19	0	0	0	0	1	0
18	72263522	72263720	1	shRunx3	0	0	0	0	0	1
18	72838119	72838634	1	early	1	0	0	0	0	0
18	73835279	73835772	1	shCd19	0	0	0	0	1	0
18	74215754	74216134	1	shCd19	0	0	0	0	1	0
18	74216134	74216390	2	terminal,shCd19	0	0	1	0	1	0
18	74548668	74548901	1	shRunx3	0	0	0	0	0	1
18	75013101	75013439	1	memory	0	0	0	1	0	0
18	75101815	75102137	1	memory	0	0	0	1	0	0
18	75215524	75215785	1	shCd19	0	0	0	0	1	0
18	75353526	75353861	1	shCd19	0	0	0	0	1	0
18	75377692	75377961	1	shCd19	0	0	0	0	1	0
18	75539933	75540344	1	shCd19	0	0	0	0	1	0
18	76230931	76231189	1	early	1	0	0	0	0	0
18	76402564	76402886	1	shRunx3	0	0	0	0	0	1
18	76992824	76993061	1	shRunx3	0	0	0	0	0	1
18	77276025	77276291	1	early	1	0	0	0	0	0
18	77331537	77331824	1	terminal	0	0	1	0	0	0
18	77842881	77843238	1	terminal	0	0	1	0	0	0
18	78492492	78493048	1	early	1	0	0	0	0	0
18	78747533	78747910	1	late	0	1	0	0	0	0
18	78748694	78749004	1	late	0	1	0	0	0	0
18	79021113	79021442	1	terminal	0	0	1	0	0	0
18	79079717	79080249	1	shCd19	0	0	0	0	1	0
18	79095804	79096194	1	memory	0	0	0	1	0	0
18	79276317	79276710	1	shCd19	0	0	0	0	1	0
18	79609789	79610161	1	memory	0	0	0	1	0	0
18	80169542	80170053	1	shCd19	0	0	0	0	1	0
18	80206862	80207419	1	shCd19	0	0	0	0	1	0
18	80611907	80612162	1	shCd19	0	0	0	0	1	0
18	80612162	80612462	2	shCd19,shRunx3	0	0	0	0	1	1
18	80612462	80612496	1	shCd19	0	0	0	0	1	0
18	80685908	80686577	1	shCd19	0	0	0	0	1	0
18	80737312	80737597	1	late	0	1	0	0	0	0
18	80753375	80753685	1	shCd19	0	0	0	0	1	0
18	81129285	81129634	1	late	0	1	0	0	0	0
18	81400353	81400420	1	shCd19	0	0	0	0	1	0
18	81400420	81400647	2	shCd19,shRunx3	0	0	0	0	1	1
18	81400647	81400943	1	shCd19	0	0	0	0	1	0
18	81496175	81496525	1	late	0	1	0	0	0	0
18	81995999	81996240	1	shRunx3	0	0	0	0	0	1
18	82462538	82462785	1	memory	0	0	0	1	0	0
18	82471927	82472331	1	shRunx3	0	0	0	0	0	1
18	82525852	82526278	1	shRunx3	0	0	0	0	0	1
18	82534833	82535548	1	shRunx3	0	0	0	0	0	1
18	82594020	82594892	1	early	1	0	0	0	0	0
18	82782980	82783573	1	shRunx3	0	0	0	0	0	1
18	83084027	83084423	1	shRunx3	0	0	0	0	0	1
18	83094325	83094919	1	late	0	1	0	0	0	0
18	83204397	83204637	1	memory	0	0	0	1	0	0
18	83467901	83468346	1	memory	0	0	0	1	0	0
18	83516999	83517452	1	shRunx3	0	0	0	0	0	1
18	84077507	84077913	1	shCd19	0	0	0	0	1	0
18	84498982	84499265	1	early	1	0	0	0	0	0
18	84851000	84851574	1	shCd19	0	0	0	0	1	0
18	84929525	84929815	1	early	1	0	0	0	0	0
18	85630151	85630533	1	memory	0	0	0	1	0	0
18	85680469	85680729	1	shRunx3	0	0	0	0	0	1
18	86474608	86474948	1	terminal	0	0	1	0	0	0
18	86937927	86938129	1	shRunx3	0	0	0	0	0	1
18	86960272	86960539	1	shRunx3	0	0	0	0	0	1
18	87226032	87226335	1	late	0	1	0	0	0	0
18	87464742	87464945	1	shRunx3	0	0	0	0	0	1
18	87561652	87561889	1	terminal	0	0	1	0	0	0
18	87631050	87631572	1	late	0	1	0	0	0	0
18	87680602	87680900	1	late	0	1	0	0	0	0
18	87876605	87876974	1	late	0	1	0	0	0	0
18	87889389	87889875	1	memory	0	0	0	1	0	0
18	87987267	87987475	1	shRunx3	0	0	0	0	0	1
18	88359186	88359604	1	late	0	1	0	0	0	0
18	88515603	88516160	1	terminal	0	0	1	0	0	0
18	88883845	88884232	1	memory	0	0	0	1	0	0
18	89816704	89817036	1	shCd19	0	0	0	0	1	0
18	90445066	90445444	1	terminal	0	0	1	0	0	0
18	90579487	90579832	1	shCd19	0	0	0	0	1	0
19	3160682	3160987	1	terminal	0	0	1	0	0	0
19	3322522	3323598	1	shCd19	0	0	0	0	1	0
19	3575734	3576158	1	shCd19	0	0	0	0	1	0
19	3922765	3923257	1	late	0	1	0	0	0	0
19	3999379	3999680	1	memory	0	0	0	1	0	0
19	4096947	4097597	1	shRunx3	0	0	0	0	0	1
19	4151879	4152721	1	shCd19	0	0	0	0	1	0
19	4201157	4201710	1	shCd19	0	0	0	0	1	0
19	4299733	4300016	1	shCd19	0	0	0	0	1	0
19	4510031	4510088	1	shRunx3	0	0	0	0	0	1
19	4510088	4510696	2	shCd19,shRunx3	0	0	0	0	1	1
19	4510696	4510933	1	shCd19	0	0	0	0	1	0
19	4564624	4565018	1	late	0	1	0	0	0	0
19	4790122	4790471	1	shRunx3	0	0	0	0	0	1
19	4810605	4810961	1	late	0	1	0	0	0	0
19	4810961	4811368	2	late,shCd19	0	1	0	0	1	0
19	4811368	4811740	1	shCd19	0	0	0	0	1	0
19	4811740	4811998	2	shCd19,shRunx3	0	0	0	0	1	1
19	4811998	4812063	1	shCd19	0	0	0	0	1	0
19	4839254	4839452	1	shRunx3	0	0	0	0	0	1
19	5001859	5002006	1	shCd19	0	0	0	0	1	0
19	5002006	5002301	2	shCd19,shRunx3	0	0	0	0	1	1
19	5023360	5024270	1	shCd19	0	0	0	0	1	0
19	5088070	5088299	1	shCd19	0	0	0	0	1	0
19	5207340	5207652	1	memory	0	0	0	1	0	0
19	5366069	5366706	1	terminal	0	0	1	0	0	0
19	5474759	5475189	1	shCd19	0	0	0	0	1	0
19	5488107	5488366	1	shRunx3	0	0	0	0	0	1
19	5489180	5489433	1	shRunx3	0	0	0	0	0	1
19	5491055	5491329	1	shCd19	0	0	0	0	1	0
19	5491329	5491527	2	shCd19,shRunx3	0	0	0	0	1	1
19	5491527	5491657	1	shRunx3	0	0	0	0	0	1
19	5510285	5511075	1	shCd19	0	0	0	0	1	0
19	5753604	5753936	1	shRunx3	0	0	0	0	0	1
19	5787360	5787619	1	shCd19	0	0	0	0	1	0
19	5845339	5845412	1	shRunx3	0	0	0	0	0	1
19	5845412	5845846	2	shCd19,shRunx3	0	0	0	0	1	1
19	5845846	5846523	1	shCd19	0	0	0	0	1	0
19	5877587	5878152	1	shCd19	0	0	0	0	1	0
19	5933351	5933613	1	terminal	0	0	1	0	0	0
19	6067392	6067766	1	shCd19	0	0	0	0	1	0
19	6092828	6093235	1	memory	0	0	0	1	0	0
19	6140942	6140943	1	shRunx3	0	0	0	0	0	1
19	6140943	6141165	2	shCd19,shRunx3	0	0	0	0	1	1
19	6141165	6141184	1	shCd19	0	0	0	0	1	0
19	6145693	6146107	1	memory	0	0	0	1	0	0
19	6867053	6867348	1	shCd19	0	0	0	0	1	0
19	6869388	6869913	1	shRunx3	0	0	0	0	0	1
19	6921560	6922405	1	shCd19	0	0	0	0	1	0
19	7017662	7018000	1	shRunx3	0	0	0	0	0	1
19	7595072	7595459	1	late	0	1	0	0	0	0
19	7629782	7630208	1	shRunx3	0	0	0	0	0	1
19	8049244	8049552	1	shRunx3	0	0	0	0	0	1
19	8142026	8142290	1	terminal	0	0	1	0	0	0
19	8506427	8506666	1	shRunx3	0	0	0	0	0	1
19	8722984	8723417	1	shCd19	0	0	0	0	1	0
19	8811879	8812283	1	shRunx3	0	0	0	0	0	1
19	8819468	8819492	1	shCd19	0	0	0	0	1	0
19	8819492	8820143	2	shCd19,shRunx3	0	0	0	0	1	1
19	8820143	8820340	1	shRunx3	0	0	0	0	0	1
19	8882488	8882856	1	shCd19	0	0	0	0	1	0
19	8966897	8967136	1	shCd19	0	0	0	0	1	0
19	9180018	9180379	1	early	1	0	0	0	0	0
19	9899532	9899965	1	shCd19	0	0	0	0	1	0
19	9982537	9983371	1	shRunx3	0	0	0	0	0	1
19	9983915	9984483	1	shCd19	0	0	0	0	1	0
19	10301141	10301654	1	shCd19	0	0	0	0	1	0
19	10328537	10328876	1	memory	0	0	0	1	0	0
19	10576668	10577563	1	shCd19	0	0	0	0	1	0
19	10742280	10742785	1	shRunx3	0	0	0	0	0	1
19	10763268	10763342	1	shCd19	0	0	0	0	1	0
19	10763342	10763818	2	shCd19,shRunx3	0	0	0	0	1	1
19	10763818	10763954	1	shRunx3	0	0	0	0	0	1
19	10815880	10816099	1	shRunx3	0	0	0	0	0	1
19	10841724	10842328	1	shCd19	0	0	0	0	1	0
19	10879470	10879755	1	late	0	1	0	0	0	0
19	11052774	11053088	1	shRunx3	0	0	0	0	0	1
19	11065040	11065691	1	shCd19	0	0	0	0	1	0
19	11758254	11758575	1	late	0	1	0	0	0	0
19	11990098	11990382	1	shRunx3	0	0	0	0	0	1
19	12659145	12659532	1	memory	0	0	0	1	0	0
19	12755439	12755719	1	late	0	1	0	0	0	0
19	14430966	14431546	1	terminal	0	0	1	0	0	0
19	14597505	14598405	1	shCd19	0	0	0	0	1	0
19	14620372	14621191	1	shCd19	0	0	0	0	1	0
19	15441842	15442180	1	memory	0	0	0	1	0	0
19	15883012	15883439	1	shCd19	0	0	0	0	1	0
19	15924878	15925242	1	terminal	0	0	1	0	0	0
19	16018642	16019057	1	memory	0	0	0	1	0	0
19	17003189	17003584	1	shRunx3	0	0	0	0	0	1
19	17264930	17265249	1	shCd19	0	0	0	0	1	0
19	17606950	17607351	1	shRunx3	0	0	0	0	0	1
19	18409805	18410154	1	shRunx3	0	0	0	0	0	1
19	18603090	18603381	1	shCd19	0	0	0	0	1	0
19	18620049	18620456	1	shCd19	0	0	0	0	1	0
19	19912445	19912705	1	terminal	0	0	1	0	0	0
19	20439857	20440285	1	shRunx3	0	0	0	0	0	1
19	20935227	20935888	1	late	0	1	0	0	0	0
19	20955026	20955364	1	terminal	0	0	1	0	0	0
19	21113928	21114346	1	terminal	0	0	1	0	0	0
19	21271571	21272149	1	shCd19	0	0	0	0	1	0
19	21988209	21988456	1	memory	0	0	0	1	0	0
19	22035266	22035506	1	terminal	0	0	1	0	0	0
19	22410975	22411245	1	shRunx3	0	0	0	0	0	1
19	22491327	22491751	1	terminal	0	0	1	0	0	0
19	22830461	22830960	1	late	0	1	0	0	0	0
19	23207858	23208331	1	shRunx3	0	0	0	0	0	1
19	23452050	23452344	1	early	1	0	0	0	0	0
19	23493073	23493411	1	shCd19	0	0	0	0	1	0
19	23625977	23626396	1	shRunx3	0	0	0	0	0	1
19	24228131	24228331	1	shRunx3	0	0	0	0	0	1
19	24641045	24641353	1	memory	0	0	0	1	0	0
19	24947961	24948562	1	late	0	1	0	0	0	0
19	25304404	25304759	1	late	0	1	0	0	0	0
19	26823216	26823478	1	shRunx3	0	0	0	0	0	1
19	26857509	26857832	1	shRunx3	0	0	0	0	0	1
19	28011263	28011283	1	terminal	0	0	1	0	0	0
19	28011283	28011285	2	terminal,shRunx3	0	0	1	0	0	1
19	28011285	28011566	3	terminal,shCd19,shRunx3	0	0	1	0	1	1
19	28011566	28011601	2	shCd19,shRunx3	0	0	0	0	1	1
19	28011601	28011605	1	shCd19	0	0	0	0	1	0
19	28315073	28315372	1	memory	0	0	0	1	0	0
19	28352625	28352894	1	shCd19	0	0	0	0	1	0
19	28495058	28495327	1	shCd19	0	0	0	0	1	0
19	29019363	29019616	1	early	1	0	0	0	0	0
19	29361848	29362052	1	shRunx3	0	0	0	0	0	1
19	29454175	29454589	1	shCd19	0	0	0	0	1	0
19	30115624	30115933	1	shRunx3	0	0	0	0	0	1
19	30118507	30119083	1	shCd19	0	0	0	0	1	0
19	30720117	30720409	1	memory	0	0	0	1	0	0
19	30796500	30796890	1	terminal	0	0	1	0	0	0
19	31337385	31337953	1	shCd19	0	0	0	0	1	0
19	32056035	32056313	1	memory	0	0	0	1	0	0
19	32197120	32197664	1	shCd19	0	0	0	0	1	0
19	32262381	32262949	1	shCd19	0	0	0	0	1	0
19	32274828	32275915	1	shCd19	0	0	0	0	1	0
19	32356896	32357210	1	late	0	1	0	0	0	0
19	32375261	32375489	1	shRunx3	0	0	0	0	0	1
19	32826216	32826462	1	memory	0	0	0	1	0	0
19	32935591	32935881	1	shCd19	0	0	0	0	1	0
19	33101211	33101231	1	shRunx3	0	0	0	0	0	1
19	33101231	33102234	2	shCd19,shRunx3	0	0	0	0	1	1
19	33102234	33102293	1	shCd19	0	0	0	0	1	0
19	33222560	33223440	1	shRunx3	0	0	0	0	0	1
19	33985130	33985403	1	memory	0	0	0	1	0	0
19	34168407	34168726	1	shRunx3	0	0	0	0	0	1
19	34336033	34336532	1	shRunx3	0	0	0	0	0	1
19	34391720	34392002	1	shRunx3	0	0	0	0	0	1
19	34846450	34846858	1	shCd19	0	0	0	0	1	0
19	35083225	35083529	1	memory	0	0	0	1	0	0
19	35546813	35547064	1	terminal	0	0	1	0	0	0
19	35601317	35601573	1	terminal	0	0	1	0	0	0
19	35621795	35622107	1	shRunx3	0	0	0	0	0	1
19	36305103	36305519	1	late	0	1	0	0	0	0
19	36396327	36396622	1	memory	0	0	0	1	0	0
19	37207352	37207606	1	early	1	0	0	0	0	0
19	37375998	37376313	1	shCd19	0	0	0	0	1	0
19	37559880	37560179	1	shCd19	0	0	0	0	1	0
19	37767632	37767896	1	shCd19	0	0	0	0	1	0
19	37796505	37796974	1	terminal	0	0	1	0	0	0
19	37950503	37950871	1	shRunx3	0	0	0	0	0	1
19	38322019	38322725	1	memory	0	0	0	1	0	0
19	38371850	38372076	1	shRunx3	0	0	0	0	0	1
19	38863354	38863680	1	terminal	0	0	1	0	0	0
19	40267374	40267648	1	shCd19	0	0	0	0	1	0
19	40387118	40387526	1	shRunx3	0	0	0	0	0	1
19	40818947	40819324	1	late	0	1	0	0	0	0
19	40830845	40831304	1	shCd19	0	0	0	0	1	0
19	41139889	41140289	1	late	0	1	0	0	0	0
19	41328567	41328570	1	shCd19	0	0	0	0	1	0
19	41328570	41328968	2	shCd19,shRunx3	0	0	0	0	1	1
19	41328968	41329038	1	shCd19	0	0	0	0	1	0
19	41354196	41354261	1	shCd19	0	0	0	0	1	0
19	41354261	41354473	2	shCd19,shRunx3	0	0	0	0	1	1
19	41354473	41354776	3	late,shCd19,shRunx3	0	1	0	0	1	1
19	41354776	41354781	2	shCd19,shRunx3	0	0	0	0	1	1
19	41354781	41355419	1	shRunx3	0	0	0	0	0	1
19	41362689	41362980	1	early	1	0	0	0	0	0
19	41382683	41382981	1	shCd19	0	0	0	0	1	0
19	41597067	41597964	1	shCd19	0	0	0	0	1	0
19	41803395	41803819	1	terminal	0	0	1	0	0	0
19	41829715	41829979	1	shCd19	0	0	0	0	1	0
19	41848130	41848338	1	shCd19	0	0	0	0	1	0
19	41980708	41981161	1	shRunx3	0	0	0	0	0	1
19	42128951	42130045	1	shCd19	0	0	0	0	1	0
19	42170097	42170543	1	shCd19	0	0	0	0	1	0
19	42390705	42391183	1	shRunx3	0	0	0	0	0	1
19	42668049	42668417	1	late	0	1	0	0	0	0
19	42968068	42968427	1	late	0	1	0	0	0	0
19	43066890	43067590	1	shCd19	0	0	0	0	1	0
19	43496473	43496805	1	terminal	0	0	1	0	0	0
19	43524503	43525042	1	shCd19	0	0	0	0	1	0
19	43608007	43608509	1	shRunx3	0	0	0	0	0	1
19	43637210	43637553	1	memory	0	0	0	1	0	0
19	43674927	43675342	1	shRunx3	0	0	0	0	0	1
19	43808546	43809075	1	shRunx3	0	0	0	0	0	1
19	44047203	44047756	1	memory	0	0	0	1	0	0
19	44388222	44389051	1	shCd19	0	0	0	0	1	0
19	44555189	44555409	1	shCd19	0	0	0	0	1	0
19	44834111	44834398	1	shCd19	0	0	0	0	1	0
19	45753207	45753541	1	late	0	1	0	0	0	0
19	45790236	45790473	1	shRunx3	0	0	0	0	0	1
19	45790473	45790854	2	shCd19,shRunx3	0	0	0	0	1	1
19	45790854	45791084	1	shRunx3	0	0	0	0	0	1
19	45998227	45998284	1	shCd19	0	0	0	0	1	0
19	45998284	45998584	2	shCd19,shRunx3	0	0	0	0	1	1
19	45998584	45998600	1	shCd19	0	0	0	0	1	0
19	46109259	46109666	1	memory	0	0	0	1	0	0
19	46304100	46304322	1	shCd19	0	0	0	0	1	0
19	46304322	46304541	2	shCd19,shRunx3	0	0	0	0	1	1
19	46304541	46304631	1	shCd19	0	0	0	0	1	0
19	46470884	46471143	1	memory	0	0	0	1	0	0
19	46503533	46504555	1	shRunx3	0	0	0	0	0	1
19	46573356	46573732	1	shRunx3	0	0	0	0	0	1
19	46619793	46620582	1	shCd19	0	0	0	0	1	0
19	46760930	46761320	1	early	1	0	0	0	0	0
19	47349691	47350184	1	terminal	0	0	1	0	0	0
19	47730810	47731102	1	shCd19	0	0	0	0	1	0
19	47731102	47731198	2	terminal,shCd19	0	0	1	0	1	0
19	47731198	47731492	3	terminal,memory,shCd19	0	0	1	1	1	0
19	47731492	47731611	2	terminal,shCd19	0	0	1	0	1	0
19	47731611	47732146	1	shCd19	0	0	0	0	1	0
19	48004182	48004424	1	memory	0	0	0	1	0	0
19	48534805	48535203	1	early	1	0	0	0	0	0
19	48843318	48843565	1	shRunx3	0	0	0	0	0	1
19	49444588	49445073	1	shRunx3	0	0	0	0	0	1
19	49515106	49515504	1	shCd19	0	0	0	0	1	0
19	50550188	50550614	1	memory	0	0	0	1	0	0
19	52032024	52032372	1	early	1	0	0	0	0	0
19	52736690	52737223	1	late	0	1	0	0	0	0
19	52776762	52777156	1	late	0	1	0	0	0	0
19	52816354	52816738	1	shRunx3	0	0	0	0	0	1
19	53058772	53059043	1	shRunx3	0	0	0	0	0	1
19	53399118	53399721	1	shRunx3	0	0	0	0	0	1
19	53407366	53408617	1	shCd19	0	0	0	0	1	0
19	53423906	53424817	1	shCd19	0	0	0	0	1	0
19	53442736	53443597	1	shCd19	0	0	0	0	1	0
19	53461070	53461265	1	shCd19	0	0	0	0	1	0
19	53461265	53461473	2	shCd19,shRunx3	0	0	0	0	1	1
19	53461473	53461812	3	terminal,shCd19,shRunx3	0	0	1	0	1	1
19	53461812	53461843	2	shCd19,shRunx3	0	0	0	0	1	1
19	53461843	53462184	1	shRunx3	0	0	0	0	0	1
19	53464644	53465191	1	shRunx3	0	0	0	0	0	1
19	53800481	53801058	1	shRunx3	0	0	0	0	0	1
19	53856724	53857484	1	terminal	0	0	1	0	0	0
19	53899717	53900667	1	shCd19	0	0	0	0	1	0
19	53943810	53944749	1	shCd19	0	0	0	0	1	0
19	54260309	54260650	1	memory	0	0	0	1	0	0
19	55756703	55757196	1	early	1	0	0	0	0	0
19	55758925	55759230	1	shCd19	0	0	0	0	1	0
19	55859806	55860149	1	terminal	0	0	1	0	0	0
19	55911741	55912108	1	late	0	1	0	0	0	0
19	56122231	56122497	1	shCd19	0	0	0	0	1	0
19	56128176	56128544	1	terminal	0	0	1	0	0	0
19	56679600	56680434	1	shCd19	0	0	0	0	1	0
19	56756230	56756253	1	shRunx3	0	0	0	0	0	1
19	56756253	56756792	2	shCd19,shRunx3	0	0	0	0	1	1
19	56756792	56756983	1	shCd19	0	0	0	0	1	0
19	56771716	56772416	1	shCd19	0	0	0	0	1	0
19	56927847	56928043	1	shCd19	0	0	0	0	1	0
19	57093483	57093727	1	terminal	0	0	1	0	0	0
19	57123696	57124088	1	shRunx3	0	0	0	0	0	1
19	57132495	57133336	1	shCd19	0	0	0	0	1	0
19	57823694	57824121	1	late	0	1	0	0	0	0
19	58030041	58030240	1	shRunx3	0	0	0	0	0	1
19	58183517	58183759	1	shRunx3	0	0	0	0	0	1
19	58761189	58761465	1	early	1	0	0	0	0	0
19	58948741	58949000	1	shRunx3	0	0	0	0	0	1
19	59245382	59245824	1	shRunx3	0	0	0	0	0	1
19	59314558	59314780	1	shRunx3	0	0	0	0	0	1
19	59546387	59546827	1	memory	0	0	0	1	0	0
19	59569909	59570124	1	shRunx3	0	0	0	0	0	1
19	60427233	60427552	1	shRunx3	0	0	0	0	0	1
19	60788148	60788624	1	shRunx3	0	0	0	0	0	1
19	61038369	61038590	1	shRunx3	0	0	0	0	0	1
2	3231971	3232332	1	memory	0	0	0	1	0	0
2	3332718	3332724	1	terminal	0	0	1	0	0	0
2	3332724	3332773	2	terminal,shCd19	0	0	1	0	1	0
2	3332773	3332980	3	terminal,shCd19,shRunx3	0	0	1	0	1	1
2	3332980	3332992	2	terminal,shCd19	0	0	1	0	1	0
2	3332992	3333019	1	shCd19	0	0	0	0	1	0
2	3464126	3464397	1	shRunx3	0	0	0	0	0	1
2	3657354	3657648	1	shCd19	0	0	0	0	1	0
2	3657648	3658335	2	shCd19,shRunx3	0	0	0	0	1	1
2	3658335	3658553	1	shCd19	0	0	0	0	1	0
2	3729572	3729823	1	shCd19	0	0	0	0	1	0
2	3753649	3754185	1	shCd19	0	0	0	0	1	0
2	4278004	4278546	1	shCd19	0	0	0	0	1	0
2	4519959	4520443	1	shCd19	0	0	0	0	1	0
2	4734406	4734765	1	shRunx3	0	0	0	0	0	1
2	5151739	5152378	1	terminal	0	0	1	0	0	0
2	5462257	5462481	1	shCd19	0	0	0	0	1	0
2	5643623	5643848	1	shRunx3	0	0	0	0	0	1
2	6047498	6047712	1	shRunx3	0	0	0	0	0	1
2	6352157	6352535	1	shCd19	0	0	0	0	1	0
2	6359008	6359309	1	shCd19	0	0	0	0	1	0
2	6617654	6618060	1	shRunx3	0	0	0	0	0	1
2	6618803	6619208	1	late	0	1	0	0	0	0
2	6713903	6714285	1	early	1	0	0	0	0	0
2	6723471	6724535	1	shCd19	0	0	0	0	1	0
2	6790793	6791094	1	shRunx3	0	0	0	0	0	1
2	7084780	7085215	1	memory	0	0	0	1	0	0
2	7186438	7186717	1	shRunx3	0	0	0	0	0	1
2	7827440	7827700	1	shRunx3	0	0	0	0	0	1
2	8977757	8978009	1	terminal	0	0	1	0	0	0
2	9049048	9049410	1	memory	0	0	0	1	0	0
2	9081287	9081990	1	memory	0	0	0	1	0	0
2	9593883	9594394	1	shCd19	0	0	0	0	1	0
2	9883064	9883537	1	late	0	1	0	0	0	0
2	10086865	10087507	1	late	0	1	0	0	0	0
2	10621824	10622204	1	terminal	0	0	1	0	0	0
2	10816517	10816907	1	late	0	1	0	0	0	0
2	11025268	11025572	1	shRunx3	0	0	0	0	0	1
2	11194870	11195183	1	shCd19	0	0	0	0	1	0
2	11203290	11204165	1	shCd19	0	0	0	0	1	0
2	11257839	11258281	1	shCd19	0	0	0	0	1	0
2	11339061	11339775	1	shCd19	0	0	0	0	1	0
2	11501544	11502065	1	shCd19	0	0	0	0	1	0
2	11653229	11653248	1	shRunx3	0	0	0	0	0	1
2	11653248	11653902	2	shCd19,shRunx3	0	0	0	0	1	1
2	11653902	11654077	1	shCd19	0	0	0	0	1	0
2	11655013	11656019	1	shCd19	0	0	0	0	1	0
2	11657473	11657838	1	shRunx3	0	0	0	0	0	1
2	12268781	12269115	1	shRunx3	0	0	0	0	0	1
2	13359036	13359440	1	late	0	1	0	0	0	0
2	13399086	13399330	1	memory	0	0	0	1	0	0
2	13409977	13410373	1	shCd19	0	0	0	0	1	0
2	13544255	13544845	1	shCd19	0	0	0	0	1	0
2	13573322	13573868	1	shCd19	0	0	0	0	1	0
2	13573868	13574147	2	memory,shCd19	0	0	0	1	1	0
2	13574147	13574519	1	shCd19	0	0	0	0	1	0
2	13575100	13575761	1	shCd19	0	0	0	0	1	0
2	13888103	13888585	1	memory	0	0	0	1	0	0
2	14047541	14047873	1	early	1	0	0	0	0	0
2	14262650	14262933	1	early	1	0	0	0	0	0
2	14394727	14394968	1	memory	0	0	0	1	0	0
2	14607595	14607905	1	shRunx3	0	0	0	0	0	1
2	14955744	14956087	1	late	0	1	0	0	0	0
2	15402858	15403172	1	terminal	0	0	1	0	0	0
2	16143523	16143773	1	memory	0	0	0	1	0	0
2	16148168	16148607	1	terminal	0	0	1	0	0	0
2	16252368	16252722	1	shRunx3	0	0	0	0	0	1
2	16886090	16886452	1	terminal	0	0	1	0	0	0
2	17200425	17200682	1	shRunx3	0	0	0	0	0	1
2	17260680	17261081	1	early	1	0	0	0	0	0
2	17505955	17506214	1	early	1	0	0	0	0	0
2	17671695	17671940	1	shCd19	0	0	0	0	1	0
2	17886941	17887415	1	shRunx3	0	0	0	0	0	1
2	18036396	18036677	1	memory	0	0	0	1	0	0
2	18627138	18627725	1	early	1	0	0	0	0	0
2	18958691	18958957	1	shCd19	0	0	0	0	1	0
2	18958957	18959194	2	shCd19,shRunx3	0	0	0	0	1	1
2	18959194	18959431	1	shRunx3	0	0	0	0	0	1
2	19814548	19814931	1	memory	0	0	0	1	0	0
2	20110135	20110441	1	terminal	0	0	1	0	0	0
2	20862678	20863220	1	terminal	0	0	1	0	0	0
2	20921504	20922276	1	shRunx3	0	0	0	0	0	1
2	20969179	20970067	1	shCd19	0	0	0	0	1	0
2	21020225	21020548	1	memory	0	0	0	1	0	0
2	21086408	21086831	1	late	0	1	0	0	0	0
2	21095793	21096113	1	late	0	1	0	0	0	0
2	21187418	21187671	1	shRunx3	0	0	0	0	0	1
2	21205708	21206017	1	shCd19	0	0	0	0	1	0
2	21564685	21564985	1	shRunx3	0	0	0	0	0	1
2	22198307	22198636	1	shRunx3	0	0	0	0	0	1
2	22805473	22806046	1	shCd19	0	0	0	0	1	0
2	22807226	22807755	1	shCd19	0	0	0	0	1	0
2	23067832	23068120	1	shCd19	0	0	0	0	1	0
2	23463659	23464122	1	shRunx3	0	0	0	0	0	1
2	23852838	23853637	1	shCd19	0	0	0	0	1	0
2	24162859	24163090	1	shRunx3	0	0	0	0	0	1
2	24165096	24165543	1	memory	0	0	0	1	0	0
2	24260613	24260849	1	shRunx3	0	0	0	0	0	1
2	24386225	24386262	1	late	0	1	0	0	0	0
2	24386262	24386513	2	late,shCd19	0	1	0	0	1	0
2	24386513	24386575	1	shCd19	0	0	0	0	1	0
2	24934585	24934867	1	shCd19	0	0	0	0	1	0
2	24934867	24935410	2	terminal,shCd19	0	0	1	0	1	0
2	24935410	24935852	1	shCd19	0	0	0	0	1	0
2	24975050	24976315	1	shCd19	0	0	0	0	1	0
2	25111047	25111277	1	shCd19	0	0	0	0	1	0
2	25183131	25183431	1	early	1	0	0	0	0	0
2	25255391	25255845	1	shRunx3	0	0	0	0	0	1
2	25315099	25315405	1	shCd19	0	0	0	0	1	0
2	25426543	25427072	1	shCd19	0	0	0	0	1	0
2	25460683	25461252	1	shCd19	0	0	0	0	1	0
2	25574658	25575324	1	shCd19	0	0	0	0	1	0
2	25983083	25983593	1	shCd19	0	0	0	0	1	0
2	26502838	26503116	1	shCd19	0	0	0	0	1	0
2	26896785	26897011	1	shRunx3	0	0	0	0	0	1
2	26935277	26935508	1	shRunx3	0	0	0	0	0	1
2	27015953	27016495	1	shRunx3	0	0	0	0	0	1
2	27338982	27339238	1	terminal	0	0	1	0	0	0
2	27514832	27515789	1	shRunx3	0	0	0	0	0	1
2	27655284	27655609	1	shRunx3	0	0	0	0	0	1
2	28517458	28517886	1	shCd19	0	0	0	0	1	0
2	28518247	28518797	1	shCd19	0	0	0	0	1	0
2	28619509	28619996	1	memory	0	0	0	1	0	0
2	28765943	28766270	1	memory	0	0	0	1	0	0
2	29085182	29085485	1	late	0	1	0	0	0	0
2	29125067	29125588	1	shCd19	0	0	0	0	1	0
2	29325112	29325343	1	terminal	0	0	1	0	0	0
2	29325343	29325349	2	terminal,memory	0	0	1	1	0	0
2	29325349	29325593	1	memory	0	0	0	1	0	0
2	29631915	29632185	1	shCd19	0	0	0	0	1	0
2	29632185	29632594	2	shCd19,shRunx3	0	0	0	0	1	1
2	29632594	29632830	1	shCd19	0	0	0	0	1	0
2	29667461	29667876	1	shRunx3	0	0	0	0	0	1
2	29768833	29769352	1	shCd19	0	0	0	0	1	0
2	30124299	30124854	1	shCd19	0	0	0	0	1	0
2	30251539	30252401	1	shCd19	0	0	0	0	1	0
2	30325119	30325417	1	shCd19	0	0	0	0	1	0
2	30363513	30364189	1	shCd19	0	0	0	0	1	0
2	30540723	30541042	1	shRunx3	0	0	0	0	0	1
2	30625541	30626071	1	shCd19	0	0	0	0	1	0
2	30626071	30626564	2	shCd19,shRunx3	0	0	0	0	1	1
2	30626564	30626841	1	shCd19	0	0	0	0	1	0
2	31062083	31062739	1	shRunx3	0	0	0	0	0	1
2	31074871	31075389	1	late	0	1	0	0	0	0
2	31115951	31116684	1	shCd19	0	0	0	0	1	0
2	31142047	31142390	1	terminal	0	0	1	0	0	0
2	31673603	31674049	1	shRunx3	0	0	0	0	0	1
2	31866240	31866471	1	shRunx3	0	0	0	0	0	1
2	31949172	31949709	1	memory	0	0	0	1	0	0
2	32063030	32063747	1	shRunx3	0	0	0	0	0	1
2	32137701	32138142	1	shCd19	0	0	0	0	1	0
2	32287926	32288269	1	shCd19	0	0	0	0	1	0
2	32343296	32343780	1	shRunx3	0	0	0	0	0	1
2	32495508	32496130	1	shRunx3	0	0	0	0	0	1
2	32663278	32663613	1	shRunx3	0	0	0	0	0	1
2	32694125	32694378	1	shCd19	0	0	0	0	1	0
2	32714720	32714782	1	shCd19	0	0	0	0	1	0
2	32714782	32715386	2	shCd19,shRunx3	0	0	0	0	1	1
2	32715386	32715566	1	shRunx3	0	0	0	0	0	1
2	32857608	32858088	1	shCd19	0	0	0	0	1	0
2	33008362	33008837	1	shRunx3	0	0	0	0	0	1
2	33496425	33496724	1	memory	0	0	0	1	0	0
2	34700832	34701126	1	shRunx3	0	0	0	0	0	1
2	34938595	34939452	1	shCd19	0	0	0	0	1	0
2	34962847	34963902	1	shCd19	0	0	0	0	1	0
2	35109965	35110465	1	shCd19	0	0	0	0	1	0
2	35132024	35132444	1	shRunx3	0	0	0	0	0	1
2	35448788	35449096	1	terminal	0	0	1	0	0	0
2	35468828	35469380	1	late	0	1	0	0	0	0
2	36202373	36202634	1	shCd19	0	0	0	0	1	0
2	36233238	36233516	1	late	0	1	0	0	0	0
2	37829230	37829497	1	shRunx3	0	0	0	0	0	1
2	38536549	38537085	1	shCd19	0	0	0	0	1	0
2	38572804	38573225	1	shRunx3	0	0	0	0	0	1
2	38877187	38877557	1	late	0	1	0	0	0	0
2	39160955	39161230	1	shRunx3	0	0	0	0	0	1
2	39190113	39190889	1	shCd19	0	0	0	0	1	0
2	39408035	39408258	1	shRunx3	0	0	0	0	0	1
2	40032763	40033045	1	memory	0	0	0	1	0	0
2	40730157	40730682	1	shRunx3	0	0	0	0	0	1
2	40756952	40757505	1	late	0	1	0	0	0	0
2	41195934	41196158	1	shRunx3	0	0	0	0	0	1
2	41262605	41262958	1	shRunx3	0	0	0	0	0	1
2	41790523	41790805	1	memory	0	0	0	1	0	0
2	42411322	42411614	1	shRunx3	0	0	0	0	0	1
2	42445253	42445776	1	memory	0	0	0	1	0	0
2	42861172	42861532	1	terminal	0	0	1	0	0	0
2	43141695	43141891	1	shCd19	0	0	0	0	1	0
2	43738603	43739459	1	late	0	1	0	0	0	0
2	44608350	44608616	1	terminal	0	0	1	0	0	0
2	44651758	44652144	1	early	1	0	0	0	0	0
2	44689407	44689697	1	terminal	0	0	1	0	0	0
2	44867383	44867853	1	shRunx3	0	0	0	0	0	1
2	44919941	44921360	1	shCd19	0	0	0	0	1	0
2	46251274	46251683	1	terminal	0	0	1	0	0	0
2	46834198	46834396	1	shRunx3	0	0	0	0	0	1
2	47037753	47038199	1	memory	0	0	0	1	0	0
2	47306609	47306899	1	shRunx3	0	0	0	0	0	1
2	47702065	47702386	1	shCd19	0	0	0	0	1	0
2	48095732	48096034	1	early	1	0	0	0	0	0
2	48236281	48236865	1	late	0	1	0	0	0	0
2	50412005	50412327	1	late	0	1	0	0	0	0
2	50426661	50426926	1	terminal	0	0	1	0	0	0
2	50774755	50775169	1	shRunx3	0	0	0	0	0	1
2	51876561	51876945	1	late	0	1	0	0	0	0
2	51891756	51892131	1	late	0	1	0	0	0	0
2	52064303	52064559	1	shRunx3	0	0	0	0	0	1
2	52315010	52315324	1	shCd19	0	0	0	0	1	0
2	52318913	52319639	1	shCd19	0	0	0	0	1	0
2	52339510	52339934	1	terminal	0	0	1	0	0	0
2	52679970	52680429	1	late	0	1	0	0	0	0
2	52742180	52742696	1	shCd19	0	0	0	0	1	0
2	53068578	53069016	1	terminal	0	0	1	0	0	0
2	53105354	53106033	1	shRunx3	0	0	0	0	0	1
2	53190757	53191019	1	shCd19	0	0	0	0	1	0
2	54334422	54334657	1	shRunx3	0	0	0	0	0	1
2	54913101	54913382	1	shRunx3	0	0	0	0	0	1
2	55084714	55085131	1	shRunx3	0	0	0	0	0	1
2	55181458	55181754	1	shRunx3	0	0	0	0	0	1
2	55457030	55457264	1	shCd19	0	0	0	0	1	0
2	56145452	56145664	1	shRunx3	0	0	0	0	0	1
2	56373089	56373495	1	shRunx3	0	0	0	0	0	1
2	56926173	56926401	1	shRunx3	0	0	0	0	0	1
2	57238109	57238944	1	shRunx3	0	0	0	0	0	1
2	57283802	57284076	1	terminal	0	0	1	0	0	0
2	57314320	57314582	1	shCd19	0	0	0	0	1	0
2	57522847	57523226	1	early	1	0	0	0	0	0
2	57933476	57933856	1	late	0	1	0	0	0	0
2	58161798	58162125	1	shCd19	0	0	0	0	1	0
2	58531940	58532162	1	shRunx3	0	0	0	0	0	1
2	58784548	58784816	1	shCd19	0	0	0	0	1	0
2	58907043	58907315	1	shCd19	0	0	0	0	1	0
2	58947281	58947733	1	memory	0	0	0	1	0	0
2	59442385	59442833	1	terminal	0	0	1	0	0	0
2	60165691	60166436	1	shCd19	0	0	0	0	1	0
2	60520010	60520269	1	memory	0	0	0	1	0	0
2	61110595	61111644	1	terminal	0	0	1	0	0	0
2	61331673	61331876	1	shRunx3	0	0	0	0	0	1
2	61456740	61457113	1	late	0	1	0	0	0	0
2	61502295	61502619	1	late	0	1	0	0	0	0
2	61711218	61711474	1	shCd19	0	0	0	0	1	0
2	62189659	62189991	1	early	1	0	0	0	0	0
2	62281052	62281398	1	early	1	0	0	0	0	0
2	62740446	62741176	1	terminal	0	0	1	0	0	0
2	63022973	63023292	1	late	0	1	0	0	0	0
2	63615299	63615718	1	late	0	1	0	0	0	0
2	63629142	63629403	1	early	1	0	0	0	0	0
2	64092690	64092953	1	shRunx3	0	0	0	0	0	1
2	64468321	64468643	1	late	0	1	0	0	0	0
2	64680046	64680559	1	memory	0	0	0	1	0	0
2	65182640	65183366	1	shCd19	0	0	0	0	1	0
2	65782899	65783191	1	memory	0	0	0	1	0	0
2	65942913	65943119	1	shRunx3	0	0	0	0	0	1
2	66005509	66006190	1	shRunx3	0	0	0	0	0	1
2	66007515	66008044	1	shCd19	0	0	0	0	1	0
2	66266398	66266795	1	memory	0	0	0	1	0	0
2	66380228	66380601	1	early	1	0	0	0	0	0
2	66438944	66439320	1	memory	0	0	0	1	0	0
2	67780414	67780755	1	memory	0	0	0	1	0	0
2	68184075	68184485	1	late	0	1	0	0	0	0
2	68382422	68383013	1	shCd19	0	0	0	0	1	0
2	68436028	68436651	1	shCd19	0	0	0	0	1	0
2	68940467	68940816	1	memory	0	0	0	1	0	0
2	69271760	69272106	1	terminal	0	0	1	0	0	0
2	69668395	69668706	1	shRunx3	0	0	0	0	0	1
2	69732348	69732736	1	shRunx3	0	0	0	0	0	1
2	69879821	69880251	1	shCd19	0	0	0	0	1	0
2	69970267	69970629	1	memory	0	0	0	1	0	0
2	70157020	70157963	1	late	0	1	0	0	0	0
2	70523827	70524067	1	shRunx3	0	0	0	0	0	1
2	70800228	70800512	1	late	0	1	0	0	0	0
2	70968340	70968596	1	early	1	0	0	0	0	0
2	71273586	71274356	1	late	0	1	0	0	0	0
2	71369624	71369882	1	terminal	0	0	1	0	0	0
2	71534309	71534759	1	terminal	0	0	1	0	0	0
2	71669121	71669508	1	early	1	0	0	0	0	0
2	72113026	72113238	1	shCd19	0	0	0	0	1	0
2	72317845	72318148	1	terminal	0	0	1	0	0	0
2	73111808	73112081	1	memory	0	0	0	1	0	0
2	73386448	73386994	1	shCd19	0	0	0	0	1	0
2	73534981	73535318	1	late	0	1	0	0	0	0
2	73725455	73725765	1	shRunx3	0	0	0	0	0	1
2	74049896	74050259	1	terminal	0	0	1	0	0	0
2	74227581	74228021	1	terminal	0	0	1	0	0	0
2	74461072	74461654	1	shRunx3	0	0	0	0	0	1
2	74580540	74580853	1	late	0	1	0	0	0	0
2	74662879	74663125	1	terminal	0	0	1	0	0	0
2	74847841	74848144	1	memory	0	0	0	1	0	0
2	75097444	75097655	1	shRunx3	0	0	0	0	0	1
2	75470521	75470892	1	shCd19	0	0	0	0	1	0
2	75606572	75607157	1	late	0	1	0	0	0	0
2	75658699	75659156	1	shRunx3	0	0	0	0	0	1
2	75962842	75963052	1	shRunx3	0	0	0	0	0	1
2	75985366	75985749	1	shRunx3	0	0	0	0	0	1
2	76687122	76687619	1	shRunx3	0	0	0	0	0	1
2	77261996	77262452	1	shRunx3	0	0	0	0	0	1
2	77488711	77489167	1	memory	0	0	0	1	0	0
2	77846391	77846732	1	terminal	0	0	1	0	0	0
2	78545061	78545368	1	early	1	0	0	0	0	0
2	78834657	78834997	1	terminal	0	0	1	0	0	0
2	78972701	78972986	1	shRunx3	0	0	0	0	0	1
2	78996026	78996343	1	shRunx3	0	0	0	0	0	1
2	79120645	79121324	1	shCd19	0	0	0	0	1	0
2	79227501	79228192	1	shCd19	0	0	0	0	1	0
2	80053424	80053663	1	shCd19	0	0	0	0	1	0
2	80340953	80341241	1	shRunx3	0	0	0	0	0	1
2	81383568	81383841	1	shRunx3	0	0	0	0	0	1
2	81661991	81662567	1	memory	0	0	0	1	0	0
2	81746025	81746408	1	shRunx3	0	0	0	0	0	1
2	81817834	81818182	1	shRunx3	0	0	0	0	0	1
2	82477265	82477602	1	late	0	1	0	0	0	0
2	82600500	82600760	1	memory	0	0	0	1	0	0
2	82817883	82818183	1	early	1	0	0	0	0	0
2	82866391	82866670	1	memory	0	0	0	1	0	0
2	83035810	83036172	1	early	1	0	0	0	0	0
2	84715066	84715205	1	shCd19	0	0	0	0	1	0
2	84715205	84715727	2	shCd19,shRunx3	0	0	0	0	1	1
2	84715727	84715987	1	shRunx3	0	0	0	0	0	1
2	84733677	84734373	1	shCd19	0	0	0	0	1	0
2	84845917	84846200	1	memory	0	0	0	1	0	0
2	84889955	84890301	1	shCd19	0	0	0	0	1	0
2	85013831	85014497	1	shCd19	0	0	0	0	1	0
2	85047548	85048439	1	shCd19	0	0	0	0	1	0
2	85425833	85426220	1	shRunx3	0	0	0	0	0	1
2	85467343	85467581	1	shRunx3	0	0	0	0	0	1
2	85785798	85786450	1	shRunx3	0	0	0	0	0	1
2	85816114	85816423	1	late	0	1	0	0	0	0
2	86074415	86075162	1	shRunx3	0	0	0	0	0	1
2	86215959	86216155	1	shCd19	0	0	0	0	1	0
2	86874222	86874584	1	terminal	0	0	1	0	0	0
2	87199928	87200304	1	shRunx3	0	0	0	0	0	1
2	90268527	90269008	1	terminal	0	0	1	0	0	0
2	90487145	90487749	1	shCd19	0	0	0	0	1	0
2	90496526	90497015	1	shCd19	0	0	0	0	1	0
2	91171339	91171661	1	shRunx3	0	0	0	0	0	1
2	91255076	91255355	1	shRunx3	0	0	0	0	0	1
2	91319352	91319707	1	early	1	0	0	0	0	0
2	91830298	91830564	1	early	1	0	0	0	0	0
2	91834825	91835905	1	shCd19	0	0	0	0	1	0
2	91836356	91836631	1	memory	0	0	0	1	0	0
2	91998225	91998759	1	memory	0	0	0	1	0	0
2	92375204	92375473	1	shCd19	0	0	0	0	1	0
2	92900355	92900850	1	shCd19	0	0	0	0	1	0
2	93459123	93459882	1	shCd19	0	0	0	0	1	0
2	93460848	93461982	1	shCd19	0	0	0	0	1	0
2	93463681	93464131	1	shCd19	0	0	0	0	1	0
2	94035550	94035903	1	late	0	1	0	0	0	0
2	95171239	95171559	1	early	1	0	0	0	0	0
2	96462017	96462375	1	memory	0	0	0	1	0	0
2	97095138	97095539	1	late	0	1	0	0	0	0
2	97726514	97726757	1	shRunx3	0	0	0	0	0	1
2	97775671	97776088	1	shRunx3	0	0	0	0	0	1
2	98099869	98100207	1	memory	0	0	0	1	0	0
2	98345629	98345978	1	terminal	0	0	1	0	0	0
2	98840892	98841226	1	shCd19	0	0	0	0	1	0
2	99990864	99991220	1	shRunx3	0	0	0	0	0	1
2	100162753	100163145	1	terminal	0	0	1	0	0	0
2	100281986	100282287	1	terminal	0	0	1	0	0	0
2	101451430	101451777	1	memory	0	0	0	1	0	0
2	101732643	101733122	1	shCd19	0	0	0	0	1	0
2	101755597	101756639	1	shCd19	0	0	0	0	1	0
2	101894625	101895152	1	late	0	1	0	0	0	0
2	101995715	101996149	1	memory	0	0	0	1	0	0
2	102107998	102108288	1	shRunx3	0	0	0	0	0	1
2	102186406	102186721	1	early	1	0	0	0	0	0
2	102342713	102342927	1	shRunx3	0	0	0	0	0	1
2	102357179	102357487	1	memory	0	0	0	1	0	0
2	102538955	102539192	1	shRunx3	0	0	0	0	0	1
2	102593537	102593929	1	shRunx3	0	0	0	0	0	1
2	102621117	102621402	1	terminal	0	0	1	0	0	0
2	102873704	102874115	1	shCd19	0	0	0	0	1	0
2	102948045	102948049	1	shCd19	0	0	0	0	1	0
2	102948049	102948583	2	shCd19,shRunx3	0	0	0	0	1	1
2	102948583	102948996	1	shCd19	0	0	0	0	1	0
2	103178151	103178435	1	shRunx3	0	0	0	0	0	1
2	103655875	103656386	1	shCd19	0	0	0	0	1	0
2	103657596	103658155	1	shCd19	0	0	0	0	1	0
2	103659580	103659940	1	shCd19	0	0	0	0	1	0
2	103785484	103785774	1	shCd19	0	0	0	0	1	0
2	103809773	103810033	1	terminal	0	0	1	0	0	0
2	103958145	103958710	1	memory	0	0	0	1	0	0
2	104150177	104150390	1	shRunx3	0	0	0	0	0	1
2	104256590	104256886	1	shRunx3	0	0	0	0	0	1
2	104342017	104342501	1	shCd19	0	0	0	0	1	0
2	104379206	104379526	1	shRunx3	0	0	0	0	0	1
2	104492964	104493341	1	late	0	1	0	0	0	0
2	104533661	104534037	1	terminal	0	0	1	0	0	0
2	104660382	104660698	1	shRunx3	0	0	0	0	0	1
2	104848560	104848942	1	memory	0	0	0	1	0	0
2	105029006	105029396	1	memory	0	0	0	1	0	0
2	105166228	105166586	1	early	1	0	0	0	0	0
2	105400230	105400610	1	shCd19	0	0	0	0	1	0
2	106032886	106033551	1	terminal	0	0	1	0	0	0
2	106321083	106321344	1	terminal	0	0	1	0	0	0
2	106373171	106373778	1	shCd19	0	0	0	0	1	0
2	106598990	106599416	1	terminal	0	0	1	0	0	0
2	106660402	106660676	1	shRunx3	0	0	0	0	0	1
2	106680284	106680608	1	shRunx3	0	0	0	0	0	1
2	107188484	107188785	1	late	0	1	0	0	0	0
2	108548694	108549406	1	shRunx3	0	0	0	0	0	1
2	108584785	108585092	1	shRunx3	0	0	0	0	0	1
2	108726119	108726485	1	late	0	1	0	0	0	0
2	108736006	108736264	1	shRunx3	0	0	0	0	0	1
2	109921384	109921676	1	shRunx3	0	0	0	0	0	1
2	110370609	110371138	1	memory	0	0	0	1	0	0
2	110395448	110396157	1	memory	0	0	0	1	0	0
2	111126987	111127401	1	early	1	0	0	0	0	0
2	112454173	112455515	1	shCd19	0	0	0	0	1	0
2	112872880	112873119	1	shCd19	0	0	0	0	1	0
2	112932594	112933075	1	terminal	0	0	1	0	0	0
2	112954117	112954461	1	shCd19	0	0	0	0	1	0
2	113325934	113326142	1	shRunx3	0	0	0	0	0	1
2	113688712	113688996	1	late	0	1	0	0	0	0
2	113829632	113829943	1	terminal	0	0	1	0	0	0
2	114144743	114144825	1	shCd19	0	0	0	0	1	0
2	114144825	114144837	2	terminal,shCd19	0	0	1	0	1	0
2	114144837	114145021	3	terminal,shCd19,shRunx3	0	0	1	0	1	1
2	114145021	114145088	4	early,terminal,shCd19,shRunx3	1	0	1	0	1	1
2	114145088	114145105	5	early,terminal,memory,shCd19,shRunx3	1	0	1	1	1	1
2	114145105	114145361	6	early,late,terminal,memory,shCd19,shRunx3	1	1	1	1	1	1
2	114145361	114145548	4	late,terminal,shCd19,shRunx3	0	1	1	0	1	1
2	114145548	114145651	3	terminal,shCd19,shRunx3	0	0	1	0	1	1
2	114145651	114145675	2	shCd19,shRunx3	0	0	0	0	1	1
2	114145675	114145746	1	shCd19	0	0	0	0	1	0
2	114224728	114225021	1	shCd19	0	0	0	0	1	0
2	114351480	114351737	1	shRunx3	0	0	0	0	0	1
2	115045173	115045534	1	shCd19	0	0	0	0	1	0
2	115103364	115104191	1	shRunx3	0	0	0	0	0	1
2	115128350	115128778	1	memory	0	0	0	1	0	0
2	116243552	116244162	1	late	0	1	0	0	0	0
2	116302614	116302914	1	terminal	0	0	1	0	0	0
2	116346711	116347130	1	early	1	0	0	0	0	0
2	117122919	117123243	1	memory	0	0	0	1	0	0
2	117189738	117190342	1	terminal	0	0	1	0	0	0
2	117417301	117417913	1	shCd19	0	0	0	0	1	0
2	117432734	117432856	1	shCd19	0	0	0	0	1	0
2	117432856	117433160	2	shCd19,shRunx3	0	0	0	0	1	1
2	117433160	117433212	1	shRunx3	0	0	0	0	0	1
2	117446279	117446847	1	shCd19	0	0	0	0	1	0
2	117446847	117447325	2	shCd19,shRunx3	0	0	0	0	1	1
2	117447325	117447372	1	shRunx3	0	0	0	0	0	1
2	117768104	117768508	1	shCd19	0	0	0	0	1	0
2	117769415	117769807	1	memory	0	0	0	1	0	0
2	117796100	117796353	1	shRunx3	0	0	0	0	0	1
2	118118017	118118297	1	memory	0	0	0	1	0	0
2	118468453	118468708	1	shCd19	0	0	0	0	1	0
2	118501109	118501430	1	terminal	0	0	1	0	0	0
2	118662968	118663654	1	shCd19	0	0	0	0	1	0
2	118699018	118699350	1	late	0	1	0	0	0	0
2	118887370	118887644	1	shCd19	0	0	0	0	1	0
2	119202161	119202405	1	terminal	0	0	1	0	0	0
2	119213532	119213791	1	shRunx3	0	0	0	0	0	1
2	119335452	119335905	1	terminal	0	0	1	0	0	0
2	119339412	119339730	1	terminal	0	0	1	0	0	0
2	119380521	119381056	1	shRunx3	0	0	0	0	0	1
2	119477579	119478307	1	shCd19	0	0	0	0	1	0
2	119605842	119606338	1	early	1	0	0	0	0	0
2	119723419	119723772	1	terminal	0	0	1	0	0	0
2	119843234	119843503	1	memory	0	0	0	1	0	0
2	120154518	120154861	1	shCd19	0	0	0	0	1	0
2	120572213	120572579	1	late	0	1	0	0	0	0
2	120599405	120599643	1	shCd19	0	0	0	0	1	0
2	121001964	121002293	1	shCd19	0	0	0	0	1	0
2	121140278	121140629	1	shRunx3	0	0	0	0	0	1
2	121771783	121772095	1	terminal	0	0	1	0	0	0
2	121912702	121913143	1	late	0	1	0	0	0	0
2	122430810	122431133	1	terminal	0	0	1	0	0	0
2	122632022	122632414	1	late	0	1	0	0	0	0
2	122652256	122652903	1	shCd19	0	0	0	0	1	0
2	122666231	122666875	1	late	0	1	0	0	0	0
2	122690754	122691060	1	shRunx3	0	0	0	0	0	1
2	124103625	124104020	1	shCd19	0	0	0	0	1	0
2	124264517	124264960	1	terminal	0	0	1	0	0	0
2	125167797	125168122	1	shCd19	0	0	0	0	1	0
2	125838104	125838410	1	shRunx3	0	0	0	0	0	1
2	126034817	126035183	1	early	1	0	0	0	0	0
2	126456273	126456783	1	shRunx3	0	0	0	0	0	1
2	127133690	127134426	1	shCd19	0	0	0	0	1	0
2	127207835	127208091	1	late	0	1	0	0	0	0
2	127208091	127208203	2	late,shRunx3	0	1	0	0	0	1
2	127208203	127208704	1	shRunx3	0	0	0	0	0	1
2	127241038	127241731	1	early	1	0	0	0	0	0
2	127269670	127270153	1	shCd19	0	0	0	0	1	0
2	127287909	127288420	1	memory	0	0	0	1	0	0
2	127802304	127802534	1	shRunx3	0	0	0	0	0	1
2	127916911	127917204	1	shCd19	0	0	0	0	1	0
2	128073069	128073425	1	shCd19	0	0	0	0	1	0
2	128152427	128153231	1	shCd19	0	0	0	0	1	0
2	128156764	128157145	1	shRunx3	0	0	0	0	0	1
2	128294752	128295285	1	shCd19	0	0	0	0	1	0
2	128367209	128367478	1	shCd19	0	0	0	0	1	0
2	128367478	128367704	2	terminal,shCd19	0	0	1	0	1	0
2	128367704	128367708	3	late,terminal,shCd19	0	1	1	0	1	0
2	128367708	128367959	4	late,terminal,shCd19,shRunx3	0	1	1	0	1	1
2	128367959	128368001	3	late,terminal,shCd19	0	1	1	0	1	0
2	128368001	128368004	2	late,terminal	0	1	1	0	0	0
2	128368004	128368219	1	late	0	1	0	0	0	0
2	128430579	128431188	1	shCd19	0	0	0	0	1	0
2	128499173	128499491	1	shRunx3	0	0	0	0	0	1
2	128499491	128499999	2	shCd19,shRunx3	0	0	0	0	1	1
2	128499999	128500105	1	shCd19	0	0	0	0	1	0
2	128920703	128921106	1	shCd19	0	0	0	0	1	0
2	129044476	129044857	1	early	1	0	0	0	0	0
2	129175768	129176378	1	memory	0	0	0	1	0	0
2	129179875	129179879	1	terminal	0	0	1	0	0	0
2	129179879	129180521	2	terminal,shCd19	0	0	1	0	1	0
2	129180521	129180692	1	shCd19	0	0	0	0	1	0
2	129183548	129184081	1	shCd19	0	0	0	0	1	0
2	129422365	129422630	1	shCd19	0	0	0	0	1	0
2	130124216	130124535	1	late	0	1	0	0	0	0
2	130260095	130260363	1	shRunx3	0	0	0	0	0	1
2	130284406	130284724	1	early	1	0	0	0	0	0
2	130371347	130371583	1	shRunx3	0	0	0	0	0	1
2	130539082	130539506	1	shCd19	0	0	0	0	1	0
2	130796517	130796760	1	shRunx3	0	0	0	0	0	1
2	131233963	131234198	1	shRunx3	0	0	0	0	0	1
2	131243321	131243855	1	shRunx3	0	0	0	0	0	1
2	131250304	131250682	1	terminal	0	0	1	0	0	0
2	131500811	131501402	1	late	0	1	0	0	0	0
2	131816978	131817184	1	shCd19	0	0	0	0	1	0
2	131878589	131878798	1	shCd19	0	0	0	0	1	0
2	132252633	132253557	1	shCd19	0	0	0	0	1	0
2	132290921	132291243	1	shCd19	0	0	0	0	1	0
2	132528787	132529024	1	shCd19	0	0	0	0	1	0
2	133206541	133206960	1	shCd19	0	0	0	0	1	0
2	133334089	133334295	1	shRunx3	0	0	0	0	0	1
2	133388788	133389195	1	shRunx3	0	0	0	0	0	1
2	133476829	133477078	1	shRunx3	0	0	0	0	0	1
2	133634148	133634386	1	shRunx3	0	0	0	0	0	1
2	134621357	134621638	1	early	1	0	0	0	0	0
2	135442124	135442379	1	shRunx3	0	0	0	0	0	1
2	136126992	136127289	1	late	0	1	0	0	0	0
2	137279773	137280039	1	memory	0	0	0	1	0	0
2	137518626	137518976	1	memory	0	0	0	1	0	0
2	137747668	137747902	1	shRunx3	0	0	0	0	0	1
2	137772513	137773198	1	memory	0	0	0	1	0	0
2	138736182	138736386	1	shCd19	0	0	0	0	1	0
2	138993097	138993423	1	terminal	0	0	1	0	0	0
2	139088026	139088284	1	memory	0	0	0	1	0	0
2	139419816	139420102	1	memory	0	0	0	1	0	0
2	139534736	139535126	1	memory	0	0	0	1	0	0
2	140042261	140042341	1	shCd19	0	0	0	0	1	0
2	140042341	140042380	2	late,shCd19	0	1	0	0	1	0
2	140042380	140042607	3	early,late,shCd19	1	1	0	0	1	0
2	140042607	140042640	4	early,late,terminal,shCd19	1	1	1	0	1	0
2	140042640	140042916	5	early,late,terminal,shCd19,shRunx3	1	1	1	0	1	1
2	140042916	140042938	4	early,late,shCd19,shRunx3	1	1	0	0	1	1
2	140042938	140042980	3	late,shCd19,shRunx3	0	1	0	0	1	1
2	140042980	140043204	2	shCd19,shRunx3	0	0	0	0	1	1
2	140043204	140043217	1	shCd19	0	0	0	0	1	0
2	140244014	140244322	1	memory	0	0	0	1	0	0
2	140455101	140455368	1	early	1	0	0	0	0	0
2	141085457	141085844	1	shRunx3	0	0	0	0	0	1
2	141895266	141895544	1	early	1	0	0	0	0	0
2	141934617	141935823	1	memory	0	0	0	1	0	0
2	142572183	142572470	1	memory	0	0	0	1	0	0
2	142963354	142963633	1	early	1	0	0	0	0	0
2	143568319	143568560	1	shRunx3	0	0	0	0	0	1
2	144011256	144011523	1	shRunx3	0	0	0	0	0	1
2	144166833	144167162	1	memory	0	0	0	1	0	0
2	144213639	144214506	1	shCd19	0	0	0	0	1	0
2	144250629	144250869	1	terminal	0	0	1	0	0	0
2	144367002	144367223	1	shCd19	0	0	0	0	1	0
2	144369485	144369798	1	memory	0	0	0	1	0	0
2	144527084	144527098	1	shCd19	0	0	0	0	1	0
2	144527098	144527399	3	terminal,shCd19,shRunx3	0	0	1	0	1	1
2	144527399	144527438	2	terminal,shCd19	0	0	1	0	1	0
2	144527438	144527528	1	shCd19	0	0	0	0	1	0
2	144889731	144890072	1	shCd19	0	0	0	0	1	0
2	145086554	145086899	1	early	1	0	0	0	0	0
2	145092442	145092708	1	shRunx3	0	0	0	0	0	1
2	145243910	145244118	1	shRunx3	0	0	0	0	0	1
2	145595864	145596134	1	shRunx3	0	0	0	0	0	1
2	145801539	145802065	1	terminal	0	0	1	0	0	0
2	145934806	145935076	2	shCd19,shRunx3	0	0	0	0	1	1
2	146104660	146105493	1	shRunx3	0	0	0	0	0	1
2	146497133	146497750	1	shCd19	0	0	0	0	1	0
2	146511800	146512743	1	shCd19	0	0	0	0	1	0
2	147433861	147434177	1	early	1	0	0	0	0	0
2	147583577	147583904	1	early	1	0	0	0	0	0
2	147645575	147646032	1	memory	0	0	0	1	0	0
2	147975416	147975852	1	shRunx3	0	0	0	0	0	1
2	148155790	148156533	1	shRunx3	0	0	0	0	0	1
2	148233224	148233437	1	shRunx3	0	0	0	0	0	1
2	148416283	148416500	1	shRunx3	0	0	0	0	0	1
2	148436563	148436845	1	shRunx3	0	0	0	0	0	1
2	148785838	148786230	1	early	1	0	0	0	0	0
2	149736385	149736694	1	memory	0	0	0	1	0	0
2	149853477	149853902	1	terminal	0	0	1	0	0	0
2	149908595	149908859	1	early	1	0	0	0	0	0
2	149910778	149911109	1	early	1	0	0	0	0	0
2	150077829	150078242	1	late	0	1	0	0	0	0
2	150667375	150667672	1	shCd19	0	0	0	0	1	0
2	152372195	152372636	1	shCd19	0	0	0	0	1	0
2	152825648	152826327	1	shCd19	0	0	0	0	1	0
2	153043986	153044244	1	shRunx3	0	0	0	0	0	1
2	153054210	153054560	1	early	1	0	0	0	0	0
2	153161236	153161243	1	shCd19	0	0	0	0	1	0
2	153161243	153161247	2	terminal,shCd19	0	0	1	0	1	0
2	153161247	153161278	3	terminal,shCd19,shRunx3	0	0	1	0	1	1
2	153161278	153161493	4	terminal,memory,shCd19,shRunx3	0	0	1	1	1	1
2	153161493	153161546	3	memory,shCd19,shRunx3	0	0	0	1	1	1
2	153161546	153161761	2	shCd19,shRunx3	0	0	0	0	1	1
2	153161761	153161776	1	shCd19	0	0	0	0	1	0
2	153336070	153336631	1	shCd19	0	0	0	0	1	0
2	153345283	153345707	1	shCd19	0	0	0	0	1	0
2	153525439	153525737	1	terminal	0	0	1	0	0	0
2	153541292	153541611	1	shCd19	0	0	0	0	1	0
2	153807954	153808354	1	late	0	1	0	0	0	0
2	153848004	153848276	1	early	1	0	0	0	0	0
2	154023022	154023443	1	early	1	0	0	0	0	0
2	154569477	154570334	1	shCd19	0	0	0	0	1	0
2	154850911	154851142	1	shRunx3	0	0	0	0	0	1
2	155517636	155517873	1	shCd19	0	0	0	0	1	0
2	155517873	155517980	2	early,shCd19	1	0	0	0	1	0
2	155517980	155518270	3	early,late,shCd19	1	1	0	0	1	0
2	155518270	155518308	2	late,shCd19	0	1	0	0	1	0
2	155979249	155979779	1	shCd19	0	0	0	0	1	0
2	156180523	156180558	1	shCd19	0	0	0	0	1	0
2	156180558	156180850	2	shCd19,shRunx3	0	0	0	0	1	1
2	156481395	156481856	1	memory	0	0	0	1	0	0
2	156488769	156489086	1	shRunx3	0	0	0	0	0	1
2	156552433	156552641	1	shRunx3	0	0	0	0	0	1
2	157071240	157071676	1	shCd19	0	0	0	0	1	0
2	157498341	157498666	1	terminal	0	0	1	0	0	0
2	158531872	158532373	1	shRunx3	0	0	0	0	0	1
2	158707025	158707280	1	shRunx3	0	0	0	0	0	1
2	158718746	158718884	1	shCd19	0	0	0	0	1	0
2	158718884	158719739	2	late,shCd19	0	1	0	0	1	0
2	158719739	158719919	1	shCd19	0	0	0	0	1	0
2	158795767	158795993	1	shCd19	0	0	0	0	1	0
2	159391722	159392022	1	terminal	0	0	1	0	0	0
2	159510972	159511243	1	shCd19	0	0	0	0	1	0
2	160222302	160222748	1	shCd19	0	0	0	0	1	0
2	160397427	160398311	1	shCd19	0	0	0	0	1	0
2	160711348	160711589	1	shCd19	0	0	0	0	1	0
2	160910574	160910830	1	shCd19	0	0	0	0	1	0
2	161006790	161007469	1	memory	0	0	0	1	0	0
2	161470961	161471423	1	shRunx3	0	0	0	0	0	1
2	161557748	161557959	1	shRunx3	0	0	0	0	0	1
2	161722170	161722649	1	shRunx3	0	0	0	0	0	1
2	162630270	162630767	1	shRunx3	0	0	0	0	0	1
2	162716113	162716444	1	shCd19	0	0	0	0	1	0
2	163120668	163120975	1	shRunx3	0	0	0	0	0	1
2	163228935	163229137	1	shCd19	0	0	0	0	1	0
2	163229137	163229424	2	memory,shCd19	0	0	0	1	1	0
2	163229424	163229548	1	shCd19	0	0	0	0	1	0
2	163253278	163253633	1	shCd19	0	0	0	0	1	0
2	163627325	163627643	1	shRunx3	0	0	0	0	0	1
2	163754596	163754822	1	shRunx3	0	0	0	0	0	1
2	163994908	163995395	1	shCd19	0	0	0	0	1	0
2	164070879	164071206	1	shCd19	0	0	0	0	1	0
2	164083809	164083849	1	terminal	0	0	1	0	0	0
2	164083849	164083859	2	terminal,shRunx3	0	0	1	0	0	1
2	164083859	164084420	3	terminal,shCd19,shRunx3	0	0	1	0	1	1
2	164084420	164084498	2	shCd19,shRunx3	0	0	0	0	1	1
2	164084498	164084684	1	shRunx3	0	0	0	0	0	1
2	164157320	164157570	1	memory	0	0	0	1	0	0
2	164223956	164224359	1	terminal	0	0	1	0	0	0
2	164521590	164521833	1	shCd19	0	0	0	0	1	0
2	164521833	164521929	2	terminal,shCd19	0	0	1	0	1	0
2	164521929	164522422	3	terminal,shCd19,shRunx3	0	0	1	0	1	1
2	164522422	164522514	2	shCd19,shRunx3	0	0	0	0	1	1
2	164522514	164522582	1	shRunx3	0	0	0	0	0	1
2	164725823	164726141	1	shRunx3	0	0	0	0	0	1
2	164746264	164746708	1	shCd19	0	0	0	0	1	0
2	164769677	164770117	1	shCd19	0	0	0	0	1	0
2	164804616	164804657	1	shCd19	0	0	0	0	1	0
2	164804657	164804669	2	terminal,shCd19	0	0	1	0	1	0
2	164804669	164805164	3	terminal,shCd19,shRunx3	0	0	1	0	1	1
2	164805164	164805358	2	terminal,shCd19	0	0	1	0	1	0
2	164805358	164805393	1	terminal	0	0	1	0	0	0
2	164943531	164943745	1	shRunx3	0	0	0	0	0	1
2	165225206	165225795	1	late	0	1	0	0	0	0
2	165654306	165654916	1	shCd19	0	0	0	0	1	0
2	165654916	165655192	2	shCd19,shRunx3	0	0	0	0	1	1
2	165655192	165655792	1	shRunx3	0	0	0	0	0	1
2	166277981	166278228	1	memory	0	0	0	1	0	0
2	166625381	166625800	1	shCd19	0	0	0	0	1	0
2	166650286	166650856	1	shCd19	0	0	0	0	1	0
2	166701898	166702195	1	shCd19	0	0	0	0	1	0
2	167062851	167063108	1	shRunx3	0	0	0	0	0	1
2	167363228	167363780	1	shCd19	0	0	0	0	1	0
2	167367248	167367518	1	terminal	0	0	1	0	0	0
2	167680112	167680615	1	shCd19	0	0	0	0	1	0
2	167774997	167775690	1	shCd19	0	0	0	0	1	0
2	167821482	167821814	1	shCd19	0	0	0	0	1	0
2	167839401	167839832	1	shCd19	0	0	0	0	1	0
2	167931736	167932780	1	shCd19	0	0	0	0	1	0
2	167942568	167943224	1	shCd19	0	0	0	0	1	0
2	167996271	167996827	1	terminal	0	0	1	0	0	0
2	167996827	167996859	2	terminal,shCd19	0	0	1	0	1	0
2	167996859	167996882	3	terminal,shCd19,shRunx3	0	0	1	0	1	1
2	167996882	167997133	4	early,terminal,shCd19,shRunx3	1	0	1	0	1	1
2	167997133	167997176	3	early,shCd19,shRunx3	1	0	0	0	1	1
2	167997176	167997452	2	shCd19,shRunx3	0	0	0	0	1	1
2	167997452	167997718	1	shRunx3	0	0	0	0	0	1
2	168206907	168206976	1	shRunx3	0	0	0	0	0	1
2	168206976	168207415	2	shCd19,shRunx3	0	0	0	0	1	1
2	168207415	168207692	1	shCd19	0	0	0	0	1	0
2	168429234	168429487	1	shCd19	0	0	0	0	1	0
2	168429487	168430026	2	terminal,shCd19	0	0	1	0	1	0
2	168430026	168430098	1	terminal	0	0	1	0	0	0
2	169616177	169616513	1	shRunx3	0	0	0	0	0	1
2	169762561	169762809	1	memory	0	0	0	1	0	0
2	170131915	170132482	1	memory	0	0	0	1	0	0
2	170247854	170248150	1	shCd19	0	0	0	0	1	0
2	170346557	170347088	1	memory	0	0	0	1	0	0
2	170710250	170710518	1	shRunx3	0	0	0	0	0	1
2	171161477	171161722	1	shCd19	0	0	0	0	1	0
2	172393439	172394003	1	shCd19	0	0	0	0	1	0
2	172395441	172395786	1	shRunx3	0	0	0	0	0	1
2	172433923	172434212	1	shCd19	0	0	0	0	1	0
2	172982611	172982919	1	early	1	0	0	0	0	0
2	172995678	172995975	1	early	1	0	0	0	0	0
2	173002636	173002927	1	shRunx3	0	0	0	0	0	1
2	173448568	173449337	1	shCd19	0	0	0	0	1	0
2	173452016	173452298	1	shCd19	0	0	0	0	1	0
2	173469647	173469899	1	shCd19	0	0	0	0	1	0
2	174333268	174333904	1	late	0	1	0	0	0	0
2	174517057	174517836	1	shCd19	0	0	0	0	1	0
2	174602142	174602538	1	shCd19	0	0	0	0	1	0
2	174732976	174733373	1	late	0	1	0	0	0	0
2	174781281	174781583	1	terminal	0	0	1	0	0	0
2	178742592	178742881	1	early	1	0	0	0	0	0
2	178868761	178869784	1	shCd19	0	0	0	0	1	0
2	178919834	178920304	1	shRunx3	0	0	0	0	0	1
2	179369313	179369626	1	memory	0	0	0	1	0	0
2	179433834	179434192	1	terminal	0	0	1	0	0	0
2	179548569	179548810	1	memory	0	0	0	1	0	0
2	179674530	179674948	1	late	0	1	0	0	0	0
2	179818860	179819524	1	terminal	0	0	1	0	0	0
2	180024577	180024696	1	shRunx3	0	0	0	0	0	1
2	180024696	180024990	2	terminal,shRunx3	0	0	1	0	0	1
2	180024990	180025151	1	shRunx3	0	0	0	0	0	1
2	180118917	180119798	1	shCd19	0	0	0	0	1	0
2	180273565	180274110	1	shCd19	0	0	0	0	1	0
2	180276849	180277403	1	shCd19	0	0	0	0	1	0
2	180316315	180316574	1	shRunx3	0	0	0	0	0	1
2	180437082	180437300	1	shCd19	0	0	0	0	1	0
2	180437300	180437778	2	terminal,shCd19	0	0	1	0	1	0
2	180437778	180438321	1	shCd19	0	0	0	0	1	0
2	180532490	180532809	1	early	1	0	0	0	0	0
2	180702741	180703050	1	memory	0	0	0	1	0	0
2	181524420	181524718	1	shCd19	0	0	0	0	1	0
2	181645512	181645900	1	shRunx3	0	0	0	0	0	1
2	181784311	181784652	1	shRunx3	0	0	0	0	0	1
2	181881860	181882264	1	shRunx3	0	0	0	0	0	1
2	181983788	181984108	1	terminal	0	0	1	0	0	0
3	3191604	3191962	1	early	1	0	0	0	0	0
3	3358723	3358993	1	shCd19	0	0	0	0	1	0
3	3534467	3534736	1	memory	0	0	0	1	0	0
3	4455354	4455640	1	shRunx3	0	0	0	0	0	1
3	5330979	5331336	1	early	1	0	0	0	0	0
3	5736274	5736581	1	memory	0	0	0	1	0	0
3	5890442	5890778	1	terminal	0	0	1	0	0	0
3	6584203	6584445	1	shRunx3	0	0	0	0	0	1
3	7128658	7128898	1	memory	0	0	0	1	0	0
3	7329466	7329805	1	late	0	1	0	0	0	0
3	7362829	7363285	1	memory	0	0	0	1	0	0
3	7578721	7579270	1	memory	0	0	0	1	0	0
3	8321282	8321694	1	shRunx3	0	0	0	0	0	1
3	8517000	8517306	1	terminal	0	0	1	0	0	0
3	8635358	8635677	1	shRunx3	0	0	0	0	0	1
3	8868075	8868323	1	shRunx3	0	0	0	0	0	1
3	9754846	9755441	1	shCd19	0	0	0	0	1	0
3	9804031	9804651	1	shRunx3	0	0	0	0	0	1
3	9833572	9833997	1	late	0	1	0	0	0	0
3	9852999	9853499	1	shCd19	0	0	0	0	1	0
3	9865371	9865693	1	shCd19	0	0	0	0	1	0
3	9886978	9887083	1	shCd19	0	0	0	0	1	0
3	9887083	9887427	2	early,shCd19	1	0	0	0	1	0
3	9887427	9887694	1	shCd19	0	0	0	0	1	0
3	9924568	9925313	1	shCd19	0	0	0	0	1	0
3	10508580	10508934	1	shRunx3	0	0	0	0	0	1
3	10736165	10736452	1	terminal	0	0	1	0	0	0
3	10769559	10769822	1	early	1	0	0	0	0	0
3	11325854	11326231	1	late	0	1	0	0	0	0
3	11646040	11646458	1	shRunx3	0	0	0	0	0	1
3	12890360	12890714	1	late	0	1	0	0	0	0
3	12916632	12916893	1	memory	0	0	0	1	0	0
3	12986542	12986891	1	shCd19	0	0	0	0	1	0
3	14075261	14075562	1	memory	0	0	0	1	0	0
3	14149377	14149723	1	shRunx3	0	0	0	0	0	1
3	14192202	14192660	1	terminal	0	0	1	0	0	0
3	15066189	15066442	1	shRunx3	0	0	0	0	0	1
3	15346313	15346638	1	late	0	1	0	0	0	0
3	16540752	16540991	1	terminal	0	0	1	0	0	0
3	16855517	16856001	1	memory	0	0	0	1	0	0
3	16952272	16952652	1	terminal	0	0	1	0	0	0
3	17154012	17154313	1	early	1	0	0	0	0	0
3	17545308	17545724	1	memory	0	0	0	1	0	0
3	17716914	17717615	1	shRunx3	0	0	0	0	0	1
3	19258374	19259048	1	shCd19	0	0	0	0	1	0
3	19429473	19429690	1	shCd19	0	0	0	0	1	0
3	19429690	19430349	2	shCd19,shRunx3	0	0	0	0	1	1
3	19430349	19430587	1	shCd19	0	0	0	0	1	0
3	19610183	19610792	1	terminal	0	0	1	0	0	0
3	19627873	19628717	1	shCd19	0	0	0	0	1	0
3	20034942	20034969	1	shCd19	0	0	0	0	1	0
3	20034969	20034989	2	shCd19,shRunx3	0	0	0	0	1	1
3	20034989	20035302	3	early,shCd19,shRunx3	1	0	0	0	1	1
3	20035302	20035357	2	early,shCd19	1	0	0	0	1	0
3	20035357	20035560	1	early	1	0	0	0	0	0
3	20260373	20260647	1	memory	0	0	0	1	0	0
3	20281746	20282004	1	shRunx3	0	0	0	0	0	1
3	21965431	21965710	1	shCd19	0	0	0	0	1	0
3	21987540	21987946	1	shCd19	0	0	0	0	1	0
3	21987946	21988353	2	shCd19,shRunx3	0	0	0	0	1	1
3	21988353	21988463	1	shRunx3	0	0	0	0	0	1
3	22169227	22169443	1	shRunx3	0	0	0	0	0	1
3	22581413	22582093	1	shRunx3	0	0	0	0	0	1
3	23759001	23759273	1	memory	0	0	0	1	0	0
3	24653902	24654180	1	shCd19	0	0	0	0	1	0
3	24785977	24786312	1	early	1	0	0	0	0	0
3	25233610	25234108	1	shRunx3	0	0	0	0	0	1
3	25363919	25364481	1	shRunx3	0	0	0	0	0	1
3	25383617	25383978	1	memory	0	0	0	1	0	0
3	25385174	25385495	1	terminal	0	0	1	0	0	0
3	25468878	25469280	1	memory	0	0	0	1	0	0
3	26146539	26146968	1	early	1	0	0	0	0	0
3	26389272	26389572	1	late	0	1	0	0	0	0
3	27153642	27154376	1	shCd19	0	0	0	0	1	0
3	27300231	27300755	1	shRunx3	0	0	0	0	0	1
3	27322319	27323135	1	shCd19	0	0	0	0	1	0
3	28805460	28805534	1	shCd19	0	0	0	0	1	0
3	28805534	28805784	2	terminal,shCd19	0	0	1	0	1	0
3	28805784	28805819	1	shCd19	0	0	0	0	1	0
3	30161615	30162053	1	late	0	1	0	0	0	0
3	30234864	30235067	1	shRunx3	0	0	0	0	0	1
3	30539772	30540453	1	terminal	0	0	1	0	0	0
3	30602325	30602950	1	shCd19	0	0	0	0	1	0
3	30701410	30701644	1	shRunx3	0	0	0	0	0	1
3	30743408	30743772	1	memory	0	0	0	1	0	0
3	30991422	30991846	1	late	0	1	0	0	0	0
3	30995402	30996058	1	shCd19	0	0	0	0	1	0
3	31025145	31025346	1	shRunx3	0	0	0	0	0	1
3	31060961	31061427	1	shCd19	0	0	0	0	1	0
3	32137784	32138008	1	shRunx3	0	0	0	0	0	1
3	32317332	32317860	1	terminal	0	0	1	0	0	0
3	32529208	32529866	1	shCd19	0	0	0	0	1	0
3	32736523	32737045	1	shCd19	0	0	0	0	1	0
3	33580806	33581147	1	shRunx3	0	0	0	0	0	1
3	33758060	33758310	1	terminal	0	0	1	0	0	0
3	33760453	33760877	1	memory	0	0	0	1	0	0
3	33799820	33799861	1	shCd19	0	0	0	0	1	0
3	33799861	33800062	2	shCd19,shRunx3	0	0	0	0	1	1
3	33800062	33800098	1	shRunx3	0	0	0	0	0	1
3	33984735	33985231	1	shCd19	0	0	0	0	1	0
3	34315554	34315773	1	shRunx3	0	0	0	0	0	1
3	34635925	34636320	1	shRunx3	0	0	0	0	0	1
3	34665721	34665988	1	shRunx3	0	0	0	0	0	1
3	35193497	35194018	1	memory	0	0	0	1	0	0
3	35463088	35463402	1	shRunx3	0	0	0	0	0	1
3	36054262	36054622	1	late	0	1	0	0	0	0
3	36277829	36278154	1	memory	0	0	0	1	0	0
3	36601503	36602065	1	early	1	0	0	0	0	0
3	36643079	36643442	1	memory	0	0	0	1	0	0
3	36853986	36854474	1	shRunx3	0	0	0	0	0	1
3	36883787	36884005	1	shRunx3	0	0	0	0	0	1
3	37119057	37119466	1	late	0	1	0	0	0	0
3	37257579	37257697	1	shCd19	0	0	0	0	1	0
3	37257697	37258126	2	shCd19,shRunx3	0	0	0	0	1	1
3	37258126	37258179	1	shCd19	0	0	0	0	1	0
3	37419277	37419585	1	shCd19	0	0	0	0	1	0
3	37978420	37978986	1	shCd19	0	0	0	0	1	0
3	38207973	38208500	1	late	0	1	0	0	0	0
3	38284444	38284751	1	memory	0	0	0	1	0	0
3	38483268	38483654	1	shCd19	0	0	0	0	1	0
3	38808129	38808331	1	shCd19	0	0	0	0	1	0
3	38971069	38971480	1	early	1	0	0	0	0	0
3	39875181	39875561	1	late	0	1	0	0	0	0
3	39937706	39937908	1	shRunx3	0	0	0	0	0	1
3	40221963	40222319	1	memory	0	0	0	1	0	0
3	40949333	40949809	1	shCd19	0	0	0	0	1	0
3	41449467	41449695	1	shRunx3	0	0	0	0	0	1
3	41972365	41972794	1	shRunx3	0	0	0	0	0	1
3	42437448	42438219	1	late	0	1	0	0	0	0
3	43047982	43048354	1	memory	0	0	0	1	0	0
3	43945939	43946158	1	shRunx3	0	0	0	0	0	1
3	44371535	44371968	1	memory	0	0	0	1	0	0
3	44598634	44599068	1	shRunx3	0	0	0	0	0	1
3	45063271	45063518	1	terminal	0	0	1	0	0	0
3	45198966	45199293	1	shCd19	0	0	0	0	1	0
3	47923470	47923738	1	shRunx3	0	0	0	0	0	1
3	49087313	49087556	1	memory	0	0	0	1	0	0
3	49159480	49160048	1	shRunx3	0	0	0	0	0	1
3	49282176	49282481	1	terminal	0	0	1	0	0	0
3	49836392	49836703	1	early	1	0	0	0	0	0
3	50429146	50429344	1	shRunx3	0	0	0	0	0	1
3	50476853	50477185	1	terminal	0	0	1	0	0	0
3	50954005	50954535	1	shRunx3	0	0	0	0	0	1
3	51216696	51217084	1	late	0	1	0	0	0	0
3	51415085	51415288	1	shRunx3	0	0	0	0	0	1
3	51497408	51497666	1	shRunx3	0	0	0	0	0	1
3	51497905	51498362	1	terminal	0	0	1	0	0	0
3	51549402	51549649	1	shRunx3	0	0	0	0	0	1
3	52004901	52005311	1	shRunx3	0	0	0	0	0	1
3	52036213	52036575	1	terminal	0	0	1	0	0	0
3	52223874	52224099	1	shCd19	0	0	0	0	1	0
3	52270402	52271079	1	shCd19	0	0	0	0	1	0
3	52343442	52344065	1	shCd19	0	0	0	0	1	0
3	52554775	52555357	1	shCd19	0	0	0	0	1	0
3	52701579	52702189	1	shCd19	0	0	0	0	1	0
3	52711708	52711949	1	shCd19	0	0	0	0	1	0
3	52747089	52747719	1	memory	0	0	0	1	0	0
3	53524692	53525110	1	shRunx3	0	0	0	0	0	1
3	53777269	53777634	1	shRunx3	0	0	0	0	0	1
3	53798406	53798755	1	late	0	1	0	0	0	0
3	55924928	55925344	1	terminal	0	0	1	0	0	0
3	55931752	55932028	1	memory	0	0	0	1	0	0
3	56130546	56130923	1	terminal	0	0	1	0	0	0
3	56403515	56403874	1	memory	0	0	0	1	0	0
3	56680154	56680464	1	shCd19	0	0	0	0	1	0
3	56791284	56791482	1	shRunx3	0	0	0	0	0	1
3	57805581	57806133	1	terminal	0	0	1	0	0	0
3	58416490	58416747	1	shRunx3	0	0	0	0	0	1
3	58670839	58671195	1	late	0	1	0	0	0	0
3	59024368	59024697	1	shRunx3	0	0	0	0	0	1
3	59081001	59081068	1	shRunx3	0	0	0	0	0	1
3	59081068	59081606	2	shCd19,shRunx3	0	0	0	0	1	1
3	59081606	59081781	1	shRunx3	0	0	0	0	0	1
3	59203411	59204467	1	shCd19	0	0	0	0	1	0
3	60320042	60320804	1	shCd19	0	0	0	0	1	0
3	60615132	60615733	1	shCd19	0	0	0	0	1	0
3	60632032	60632307	1	shRunx3	0	0	0	0	0	1
3	60785306	60785933	1	shCd19	0	0	0	0	1	0
3	61621739	61622005	1	shCd19	0	0	0	0	1	0
3	61875981	61876285	1	shRunx3	0	0	0	0	0	1
3	62731714	62731961	1	shCd19	0	0	0	0	1	0
3	62893699	62894265	1	late	0	1	0	0	0	0
3	63044020	63044551	1	shRunx3	0	0	0	0	0	1
3	63849520	63849717	1	shRunx3	0	0	0	0	0	1
3	63963298	63963611	1	shRunx3	0	0	0	0	0	1
3	64333682	64333968	1	memory	0	0	0	1	0	0
3	65057868	65058269	1	memory	0	0	0	1	0	0
3	65854495	65854765	1	memory	0	0	0	1	0	0
3	66102273	66102522	1	shRunx3	0	0	0	0	0	1
3	66518025	66518438	1	late	0	1	0	0	0	0
3	66862919	66863328	1	late	0	1	0	0	0	0
3	66891082	66891698	1	terminal	0	0	1	0	0	0
3	66957794	66958126	1	early	1	0	0	0	0	0
3	68043626	68043935	1	memory	0	0	0	1	0	0
3	68064823	68065062	1	shCd19	0	0	0	0	1	0
3	68676933	68676947	1	shRunx3	0	0	0	0	0	1
3	68676947	68677211	2	shCd19,shRunx3	0	0	0	0	1	1
3	68677211	68677246	1	shCd19	0	0	0	0	1	0
3	69004639	69004885	1	shRunx3	0	0	0	0	0	1
3	69257666	69257906	1	shRunx3	0	0	0	0	0	1
3	69586232	69586545	1	early	1	0	0	0	0	0
3	69660753	69661113	1	shRunx3	0	0	0	0	0	1
3	69801654	69802087	1	memory	0	0	0	1	0	0
3	69841256	69841566	1	late	0	1	0	0	0	0
3	70130175	70130630	1	memory	0	0	0	1	0	0
3	70218783	70219417	1	terminal	0	0	1	0	0	0
3	71298200	71298499	1	terminal	0	0	1	0	0	0
3	71587273	71587639	1	memory	0	0	0	1	0	0
3	72173583	72173886	1	terminal	0	0	1	0	0	0
3	72575672	72576101	1	memory	0	0	0	1	0	0
3	73560292	73560742	1	late	0	1	0	0	0	0
3	73993399	73993712	1	shRunx3	0	0	0	0	0	1
3	75556183	75556526	1	shCd19	0	0	0	0	1	0
3	75574235	75574499	1	early	1	0	0	0	0	0
3	75693256	75693809	1	memory	0	0	0	1	0	0
3	75930041	75930588	1	shCd19	0	0	0	0	1	0
3	76432542	76432848	1	early	1	0	0	0	0	0
3	76476330	76476606	1	memory	0	0	0	1	0	0
3	76592330	76592645	1	shCd19	0	0	0	0	1	0
3	76735632	76735906	1	shRunx3	0	0	0	0	0	1
3	77260249	77260708	1	terminal	0	0	1	0	0	0
3	77466167	77466578	1	early	1	0	0	0	0	0
3	77567245	77567784	1	terminal	0	0	1	0	0	0
3	77606224	77606469	1	shRunx3	0	0	0	0	0	1
3	78459923	78460140	1	shRunx3	0	0	0	0	0	1
3	79413306	79413688	1	terminal	0	0	1	0	0	0
3	79681202	79681540	1	late	0	1	0	0	0	0
3	80392108	80392353	1	shRunx3	0	0	0	0	0	1
3	81262636	81262987	1	terminal	0	0	1	0	0	0
3	81292043	81292285	1	shRunx3	0	0	0	0	0	1
3	81298181	81298655	1	terminal	0	0	1	0	0	0
3	81771092	81771331	1	shRunx3	0	0	0	0	0	1
3	82215413	82215708	1	memory	0	0	0	1	0	0
3	82259746	82260476	1	late	0	1	0	0	0	0
3	82950194	82950454	1	terminal	0	0	1	0	0	0
3	83566604	83566983	1	shCd19	0	0	0	0	1	0
3	83750399	83750753	1	shRunx3	0	0	0	0	0	1
3	84046433	84046989	1	shCd19	0	0	0	0	1	0
3	84125666	84126209	1	shCd19	0	0	0	0	1	0
3	84388683	84389034	1	shRunx3	0	0	0	0	0	1
3	84394848	84395266	1	shCd19	0	0	0	0	1	0
3	84447622	84447970	1	shRunx3	0	0	0	0	0	1
3	84450836	84451070	1	shRunx3	0	0	0	0	0	1
3	84635097	84635639	1	shRunx3	0	0	0	0	0	1
3	84715181	84715451	1	shCd19	0	0	0	0	1	0
3	84715451	84715614	2	shCd19,shRunx3	0	0	0	0	1	1
3	84715614	84715686	1	shRunx3	0	0	0	0	0	1
3	84754837	84755158	1	late	0	1	0	0	0	0
3	84808967	84809485	1	shCd19	0	0	0	0	1	0
3	85126600	85127363	1	shRunx3	0	0	0	0	0	1
3	85190772	85191476	1	shRunx3	0	0	0	0	0	1
3	85272963	85273222	1	terminal	0	0	1	0	0	0
3	85360334	85360890	1	memory	0	0	0	1	0	0
3	85402376	85402683	1	early	1	0	0	0	0	0
3	85499791	85500099	1	shCd19	0	0	0	0	1	0
3	85893334	85893562	1	shCd19	0	0	0	0	1	0
3	86142816	86143202	1	shCd19	0	0	0	0	1	0
3	86195696	86196256	1	shRunx3	0	0	0	0	0	1
3	86196610	86196869	1	early	1	0	0	0	0	0
3	86275088	86275334	1	shRunx3	0	0	0	0	0	1
3	86535810	86536104	1	late	0	1	0	0	0	0
3	86677607	86677925	1	early	1	0	0	0	0	0
3	86781962	86782368	1	memory	0	0	0	1	0	0
3	86999119	86999846	1	shCd19	0	0	0	0	1	0
3	87035906	87036241	1	terminal	0	0	1	0	0	0
3	87049693	87050238	1	late	0	1	0	0	0	0
3	87546406	87546804	1	shCd19	0	0	0	0	1	0
3	87844295	87844614	1	shCd19	0	0	0	0	1	0
3	87846344	87847165	1	shCd19	0	0	0	0	1	0
3	88177835	88177848	1	terminal	0	0	1	0	0	0
3	88177848	88178086	2	terminal,shRunx3	0	0	1	0	0	1
3	88178086	88178088	1	terminal	0	0	1	0	0	0
3	88296389	88297674	1	shCd19	0	0	0	0	1	0
3	88409696	88410400	1	shCd19	0	0	0	0	1	0
3	88451917	88452967	1	shCd19	0	0	0	0	1	0
3	88483109	88483367	1	terminal	0	0	1	0	0	0
3	88490819	88491485	1	shCd19	0	0	0	0	1	0
3	88509660	88509886	1	shCd19	0	0	0	0	1	0
3	88509886	88510578	2	shCd19,shRunx3	0	0	0	0	1	1
3	88510578	88510757	1	shRunx3	0	0	0	0	0	1
3	88948467	88948904	1	memory	0	0	0	1	0	0
3	89089931	89090493	1	shCd19	0	0	0	0	1	0
3	89230620	89231074	1	shCd19	0	0	0	0	1	0
3	89391562	89391918	1	shCd19	0	0	0	0	1	0
3	89393402	89393728	1	shCd19	0	0	0	0	1	0
3	89481090	89481337	1	shRunx3	0	0	0	0	0	1
3	90087113	90087336	1	shRunx3	0	0	0	0	0	1
3	90292948	90292963	1	shRunx3	0	0	0	0	0	1
3	90292963	90293335	2	shCd19,shRunx3	0	0	0	0	1	1
3	90293335	90293436	1	shCd19	0	0	0	0	1	0
3	90445863	90446065	1	shRunx3	0	0	0	0	0	1
3	90452113	90452448	1	terminal	0	0	1	0	0	0
3	91015394	91015735	1	memory	0	0	0	1	0	0
3	91045380	91045890	1	memory	0	0	0	1	0	0
3	91067276	91067688	1	terminal	0	0	1	0	0	0
3	91600470	91601292	1	late	0	1	0	0	0	0
3	92072006	92072351	1	late	0	1	0	0	0	0
3	92110466	92110814	1	memory	0	0	0	1	0	0
3	92438291	92438711	1	terminal	0	0	1	0	0	0
3	92977537	92977880	1	terminal	0	0	1	0	0	0
3	93258086	93258378	1	memory	0	0	0	1	0	0
3	93453531	93453975	1	shCd19	0	0	0	0	1	0
3	93506081	93506166	1	shRunx3	0	0	0	0	0	1
3	93506166	93506228	2	shCd19,shRunx3	0	0	0	0	1	1
3	93506228	93506487	3	terminal,shCd19,shRunx3	0	0	1	0	1	1
3	93506487	93506502	2	shCd19,shRunx3	0	0	0	0	1	1
3	93506502	93506509	1	shRunx3	0	0	0	0	0	1
3	93547232	93547724	1	shCd19	0	0	0	0	1	0
3	93562512	93562843	1	terminal	0	0	1	0	0	0
3	93595000	93595737	1	shCd19	0	0	0	0	1	0
3	94290020	94290503	1	late	0	1	0	0	0	0
3	94394113	94394535	1	shRunx3	0	0	0	0	0	1
3	94504135	94504647	1	terminal	0	0	1	0	0	0
3	94953351	94953753	1	shCd19	0	0	0	0	1	0
3	94953753	94954109	2	shCd19,shRunx3	0	0	0	0	1	1
3	94954109	94954295	1	shRunx3	0	0	0	0	0	1
3	95015505	95015619	1	shRunx3	0	0	0	0	0	1
3	95015619	95016022	2	shCd19,shRunx3	0	0	0	0	1	1
3	95016022	95016535	1	shCd19	0	0	0	0	1	0
3	95129849	95130478	1	terminal	0	0	1	0	0	0
3	95433801	95434408	1	shCd19	0	0	0	0	1	0
3	95521372	95521804	1	shRunx3	0	0	0	0	0	1
3	95620019	95620231	1	shRunx3	0	0	0	0	0	1
3	95624875	95624947	1	shCd19	0	0	0	0	1	0
3	95624947	95624956	2	shCd19,shRunx3	0	0	0	0	1	1
3	95624956	95624957	3	late,shCd19,shRunx3	0	1	0	0	1	1
3	95624957	95625277	4	late,terminal,shCd19,shRunx3	0	1	1	0	1	1
3	95625277	95625280	3	late,terminal,shCd19	0	1	1	0	1	0
3	95625280	95625312	2	late,shCd19	0	1	0	0	1	0
3	95625312	95625386	1	late	0	1	0	0	0	0
3	95650978	95651232	1	shRunx3	0	0	0	0	0	1
3	95671995	95672736	1	shCd19	0	0	0	0	1	0
3	95672736	95673188	2	early,shCd19	1	0	0	0	1	0
3	95673188	95673513	1	shCd19	0	0	0	0	1	0
3	95842424	95842681	1	memory	0	0	0	1	0	0
3	95881905	95882636	1	shCd19	0	0	0	0	1	0
3	95909391	95909732	1	shCd19	0	0	0	0	1	0
3	95928857	95929256	1	shCd19	0	0	0	0	1	0
3	96094926	96095200	1	shRunx3	0	0	0	0	0	1
3	96549324	96549725	1	shRunx3	0	0	0	0	0	1
3	96600701	96601062	1	shCd19	0	0	0	0	1	0
3	96729402	96729727	1	late	0	1	0	0	0	0
3	96778192	96778460	1	memory	0	0	0	1	0	0
3	96881910	96882434	1	shRunx3	0	0	0	0	0	1
3	96905097	96905384	1	shCd19	0	0	0	0	1	0
3	96965892	96966181	1	memory	0	0	0	1	0	0
3	97269798	97270068	1	early	1	0	0	0	0	0
3	97986885	97987120	1	shRunx3	0	0	0	0	0	1
3	98001077	98001483	1	late	0	1	0	0	0	0
3	99141067	99141641	1	shCd19	0	0	0	0	1	0
3	99469778	99470112	1	shCd19	0	0	0	0	1	0
3	99573029	99573291	1	shRunx3	0	0	0	0	0	1
3	99773875	99774228	1	terminal	0	0	1	0	0	0
3	100215087	100215396	1	memory	0	0	0	1	0	0
3	100235146	100235582	1	memory	0	0	0	1	0	0
3	100695640	100695906	1	early	1	0	0	0	0	0
3	100922020	100922294	1	shCd19	0	0	0	0	1	0
3	101010679	101011017	1	shCd19	0	0	0	0	1	0
3	101047820	101048090	1	shCd19	0	0	0	0	1	0
3	101078498	101078734	1	shRunx3	0	0	0	0	0	1
3	101124066	101124409	1	early	1	0	0	0	0	0
3	101228350	101228811	1	late	0	1	0	0	0	0
3	101388472	101388736	1	shCd19	0	0	0	0	1	0
3	102874762	102875225	1	terminal	0	0	1	0	0	0
3	102995631	102995650	1	shRunx3	0	0	0	0	0	1
3	102995650	102996036	2	shCd19,shRunx3	0	0	0	0	1	1
3	102996036	102996330	1	shCd19	0	0	0	0	1	0
3	103017234	103017730	1	shRunx3	0	0	0	0	0	1
3	103020272	103020882	1	shCd19	0	0	0	0	1	0
3	103020882	103021351	2	shCd19,shRunx3	0	0	0	0	1	1
3	103021351	103021646	1	shCd19	0	0	0	0	1	0
3	103705602	103705996	1	late	0	1	0	0	0	0
3	103859723	103859977	1	shCd19	0	0	0	0	1	0
3	103859977	103860280	2	shCd19,shRunx3	0	0	0	0	1	1
3	103860280	103860520	1	shCd19	0	0	0	0	1	0
3	103867424	103867849	1	shCd19	0	0	0	0	1	0
3	103868033	103868416	1	terminal	0	0	1	0	0	0
3	103886443	103886725	1	late	0	1	0	0	0	0
3	103985059	103985284	1	shRunx3	0	0	0	0	0	1
3	104155137	104155666	1	late	0	1	0	0	0	0
3	104295105	104295595	1	early	1	0	0	0	0	0
3	104306267	104306591	1	memory	0	0	0	1	0	0
3	104753420	104753685	1	memory	0	0	0	1	0	0
3	104770906	104771236	1	terminal	0	0	1	0	0	0
3	105005405	105005727	1	shRunx3	0	0	0	0	0	1
3	105660157	105660422	1	shRunx3	0	0	0	0	0	1
3	105756673	105756995	1	shCd19	0	0	0	0	1	0
3	105892412	105892769	1	shCd19	0	0	0	0	1	0
3	105894628	105895431	1	shCd19	0	0	0	0	1	0
3	105900007	105900800	1	shCd19	0	0	0	0	1	0
3	105903733	105904170	1	shRunx3	0	0	0	0	0	1
3	105960009	105960320	1	shCd19	0	0	0	0	1	0
3	105989590	105989834	1	shCd19	0	0	0	0	1	0
3	106462052	106462682	1	shCd19	0	0	0	0	1	0
3	106464835	106465065	1	shRunx3	0	0	0	0	0	1
3	106518550	106518813	1	shRunx3	0	0	0	0	0	1
3	106721587	106721684	1	shCd19	0	0	0	0	1	0
3	106721684	106722108	2	shCd19,shRunx3	0	0	0	0	1	1
3	106722108	106722379	1	shCd19	0	0	0	0	1	0
3	106784696	106785151	1	shRunx3	0	0	0	0	0	1
3	106785465	106786179	1	terminal	0	0	1	0	0	0
3	106788027	106788910	1	shCd19	0	0	0	0	1	0
3	106789662	106790403	1	shCd19	0	0	0	0	1	0
3	106852255	106852516	1	shCd19	0	0	0	0	1	0
3	106861749	106862069	1	early	1	0	0	0	0	0
3	106898874	106899303	1	late	0	1	0	0	0	0
3	107037959	107038825	1	shCd19	0	0	0	0	1	0
3	107090129	107090516	1	shRunx3	0	0	0	0	0	1
3	107486780	107487063	1	late	0	1	0	0	0	0
3	107695685	107695928	1	terminal	0	0	1	0	0	0
3	107817329	107817995	1	late	0	1	0	0	0	0
3	107852855	107853702	1	shCd19	0	0	0	0	1	0
3	108002720	108003162	1	memory	0	0	0	1	0	0
3	108068993	108069272	1	shRunx3	0	0	0	0	0	1
3	108210222	108210884	1	shCd19	0	0	0	0	1	0
3	108717829	108718026	1	shRunx3	0	0	0	0	0	1
3	108718026	108718333	2	shCd19,shRunx3	0	0	0	0	1	1
3	108718333	108718565	1	shRunx3	0	0	0	0	0	1
3	108720167	108720394	1	shCd19	0	0	0	0	1	0
3	108785095	108785336	1	shRunx3	0	0	0	0	0	1
3	108795688	108795713	1	shCd19	0	0	0	0	1	0
3	108795713	108795903	2	terminal,shCd19	0	0	1	0	1	0
3	108795903	108796199	3	terminal,shCd19,shRunx3	0	0	1	0	1	1
3	108796199	108796205	2	terminal,shCd19	0	0	1	0	1	0
3	108796205	108796547	1	shCd19	0	0	0	0	1	0
3	108840622	108840834	1	shRunx3	0	0	0	0	0	1
3	109001844	109002360	1	shRunx3	0	0	0	0	0	1
3	109240873	109241564	1	late	0	1	0	0	0	0
3	109328866	109329074	1	shRunx3	0	0	0	0	0	1
3	109593314	109593553	1	shCd19	0	0	0	0	1	0
3	109650626	109651000	1	shRunx3	0	0	0	0	0	1
3	110032859	110033221	1	shRunx3	0	0	0	0	0	1
3	110039671	110039994	1	memory	0	0	0	1	0	0
3	110404732	110404997	1	shRunx3	0	0	0	0	0	1
3	111019584	111019825	1	shRunx3	0	0	0	0	0	1
3	113841611	113841890	1	shRunx3	0	0	0	0	0	1
3	114190804	114191122	1	shRunx3	0	0	0	0	0	1
3	114304221	114304653	1	early	1	0	0	0	0	0
3	115168631	115168986	1	terminal	0	0	1	0	0	0
3	115263627	115264007	1	shRunx3	0	0	0	0	0	1
3	115483827	115484081	1	shRunx3	0	0	0	0	0	1
3	115669037	115669569	1	shCd19	0	0	0	0	1	0
3	115675755	115676052	1	shRunx3	0	0	0	0	0	1
3	115692198	115693024	1	shCd19	0	0	0	0	1	0
3	115758522	115759687	1	shCd19	0	0	0	0	1	0
3	115887460	115888166	1	shCd19	0	0	0	0	1	0
3	115971987	115972175	1	shCd19	0	0	0	0	1	0
3	115972175	115972727	2	shCd19,shRunx3	0	0	0	0	1	1
3	115972727	115972907	1	shCd19	0	0	0	0	1	0
3	116007787	116008458	1	shCd19	0	0	0	0	1	0
3	116023370	116023717	1	memory	0	0	0	1	0	0
3	116315652	116316247	1	memory	0	0	0	1	0	0
3	116486512	116486734	1	shCd19	0	0	0	0	1	0
3	116601326	116601674	1	memory	0	0	0	1	0	0
3	116964144	116964449	1	terminal	0	0	1	0	0	0
3	117863174	117863600	1	memory	0	0	0	1	0	0
3	118474754	118475056	1	shRunx3	0	0	0	0	0	1
3	118488829	118489119	1	early	1	0	0	0	0	0
3	119516149	119516445	1	shRunx3	0	0	0	0	0	1
3	119846686	119846908	1	shRunx3	0	0	0	0	0	1
3	120199803	120200067	1	shCd19	0	0	0	0	1	0
3	120356798	120357007	1	shRunx3	0	0	0	0	0	1
3	120495534	120495817	1	memory	0	0	0	1	0	0
3	120995897	120996415	1	shRunx3	0	0	0	0	0	1
3	121281924	121282271	1	shRunx3	0	0	0	0	0	1
3	121282894	121283254	1	shRunx3	0	0	0	0	0	1
3	121291722	121292148	1	shCd19	0	0	0	0	1	0
3	121561021	121561764	1	shRunx3	0	0	0	0	0	1
3	121887818	121888229	1	memory	0	0	0	1	0	0
3	122438231	122438504	1	early	1	0	0	0	0	0
3	122451167	122451446	1	terminal	0	0	1	0	0	0
3	122573736	122574187	1	shRunx3	0	0	0	0	0	1
3	122923898	122924177	1	shCd19	0	0	0	0	1	0
3	123171128	123171459	1	terminal	0	0	1	0	0	0
3	123406404	123407096	1	late	0	1	0	0	0	0
3	123574745	123574986	1	memory	0	0	0	1	0	0
3	123760268	123760608	1	late	0	1	0	0	0	0
3	123867825	123868357	1	terminal	0	0	1	0	0	0
3	124473729	124474010	1	shCd19	0	0	0	0	1	0
3	125334722	125335091	1	shRunx3	0	0	0	0	0	1
3	125816231	125816571	1	shRunx3	0	0	0	0	0	1
3	125957767	125958167	1	early	1	0	0	0	0	0
3	126564115	126564531	1	memory	0	0	0	1	0	0
3	126683712	126684023	1	terminal	0	0	1	0	0	0
3	126928859	126929133	1	shRunx3	0	0	0	0	0	1
3	127158125	127158384	1	shRunx3	0	0	0	0	0	1
3	127246694	127247356	1	shRunx3	0	0	0	0	0	1
3	127552876	127553002	1	shCd19	0	0	0	0	1	0
3	127553002	127553003	2	late,shCd19	0	1	0	0	1	0
3	127553003	127553295	3	late,terminal,shCd19	0	1	1	0	1	0
3	127553295	127553309	2	terminal,shCd19	0	0	1	0	1	0
3	127841735	127841950	1	shCd19	0	0	0	0	1	0
3	127877762	127878003	1	shRunx3	0	0	0	0	0	1
3	128170119	128170343	1	shRunx3	0	0	0	0	0	1
3	128942075	128942295	1	shRunx3	0	0	0	0	0	1
3	128974738	128975137	1	shCd19	0	0	0	0	1	0
3	129373208	129373562	1	shRunx3	0	0	0	0	0	1
3	129725154	129725355	1	shRunx3	0	0	0	0	0	1
3	129892696	129893064	1	early	1	0	0	0	0	0
3	130191796	130192004	1	shRunx3	0	0	0	0	0	1
3	130359030	130359429	1	terminal	0	0	1	0	0	0
3	130709454	130709476	1	shCd19	0	0	0	0	1	0
3	130709476	130709983	2	early,shCd19	1	0	0	0	1	0
3	130709983	130710029	1	early	1	0	0	0	0	0
3	131014092	131014252	1	shCd19	0	0	0	0	1	0
3	131014252	131014475	2	shCd19,shRunx3	0	0	0	0	1	1
3	131014475	131014488	1	shRunx3	0	0	0	0	0	1
3	131057106	131057644	1	shCd19	0	0	0	0	1	0
3	131117639	131118145	1	shCd19	0	0	0	0	1	0
3	131208394	131208782	1	shCd19	0	0	0	0	1	0
3	131208782	131209039	2	terminal,shCd19	0	0	1	0	1	0
3	131209039	131209080	1	shCd19	0	0	0	0	1	0
3	132870896	132871515	1	shCd19	0	0	0	0	1	0
3	133282824	133283146	1	shRunx3	0	0	0	0	0	1
3	133332191	133332427	1	shRunx3	0	0	0	0	0	1
3	133500507	133500898	1	late	0	1	0	0	0	0
3	134185390	134185725	1	terminal	0	0	1	0	0	0
3	134235805	134236131	1	terminal	0	0	1	0	0	0
3	134349076	134349362	1	early	1	0	0	0	0	0
3	134513075	134513331	1	early	1	0	0	0	0	0
3	134514359	134514557	1	shCd19	0	0	0	0	1	0
3	135316060	135316677	1	early	1	0	0	0	0	0
3	135320851	135321434	1	shRunx3	0	0	0	0	0	1
3	135402208	135403028	1	shCd19	0	0	0	0	1	0
3	135440262	135440648	1	shCd19	0	0	0	0	1	0
3	135611969	135612412	1	shCd19	0	0	0	0	1	0
3	135665522	135666275	1	shRunx3	0	0	0	0	0	1
3	135670782	135671255	1	shRunx3	0	0	0	0	0	1
3	135711792	135712243	1	shRunx3	0	0	0	0	0	1
3	136095956	136096288	1	memory	0	0	0	1	0	0
3	136131800	136132018	1	shCd19	0	0	0	0	1	0
3	136430530	136430888	1	early	1	0	0	0	0	0
3	136669711	136670083	1	shCd19	0	0	0	0	1	0
3	136688278	136688492	1	shRunx3	0	0	0	0	0	1
3	136940919	136940921	1	shRunx3	0	0	0	0	0	1
3	136940921	136941430	2	shCd19,shRunx3	0	0	0	0	1	1
3	136941430	136941776	1	shCd19	0	0	0	0	1	0
3	136975169	136975648	1	memory	0	0	0	1	0	0
3	137202534	137202763	1	shCd19	0	0	0	0	1	0
3	137366775	137367366	1	memory	0	0	0	1	0	0
3	137591389	137591727	1	late	0	1	0	0	0	0
3	137776204	137776472	1	memory	0	0	0	1	0	0
3	137864046	137864408	1	shCd19	0	0	0	0	1	0
3	138143429	138143455	1	shCd19	0	0	0	0	1	0
3	138143455	138143717	2	early,shCd19	1	0	0	0	1	0
3	138143717	138143903	1	shCd19	0	0	0	0	1	0
3	138238906	138239112	1	shRunx3	0	0	0	0	0	1
3	138442744	138443000	1	shCd19	0	0	0	0	1	0
3	138489406	138490050	1	shCd19	0	0	0	0	1	0
3	138889498	138889834	1	memory	0	0	0	1	0	0
3	139921232	139921497	1	terminal	0	0	1	0	0	0
3	140053052	140053419	1	shRunx3	0	0	0	0	0	1
3	140542388	140542671	1	memory	0	0	0	1	0	0
3	141040634	141040959	1	shRunx3	0	0	0	0	0	1
3	141197889	141198386	1	shRunx3	0	0	0	0	0	1
3	141561271	141561764	1	late	0	1	0	0	0	0
3	141882936	141883198	1	terminal	0	0	1	0	0	0
3	142061066	142061368	1	shRunx3	0	0	0	0	0	1
3	142335704	142335965	1	shRunx3	0	0	0	0	0	1
3	143038855	143039233	1	terminal	0	0	1	0	0	0
3	143251139	143251546	1	memory	0	0	0	1	0	0
3	143489072	143489322	1	shRunx3	0	0	0	0	0	1
3	143602064	143602353	1	late	0	1	0	0	0	0
3	144174416	144174827	1	early	1	0	0	0	0	0
3	144389993	144390260	1	shRunx3	0	0	0	0	0	1
3	144460693	144460935	1	shRunx3	0	0	0	0	0	1
3	144691365	144691575	1	shCd19	0	0	0	0	1	0
3	144705724	144706003	1	shCd19	0	0	0	0	1	0
3	145118441	145118785	2	shCd19,shRunx3	0	0	0	0	1	1
3	145118785	145118952	1	shCd19	0	0	0	0	1	0
3	145507306	145507616	1	early	1	0	0	0	0	0
3	145618188	145618394	1	shRunx3	0	0	0	0	0	1
3	145794530	145794934	1	early	1	0	0	0	0	0
3	145852571	145852775	1	shRunx3	0	0	0	0	0	1
3	145916696	145917032	1	shCd19	0	0	0	0	1	0
3	146051487	146051764	1	terminal	0	0	1	0	0	0
3	146704646	146705306	1	late	0	1	0	0	0	0
3	146757744	146757967	1	shCd19	0	0	0	0	1	0
3	146757967	146758178	2	terminal,shCd19	0	0	1	0	1	0
3	146758178	146758445	3	early,terminal,shCd19	1	0	1	0	1	0
3	146758445	146758446	2	early,shCd19	1	0	0	0	1	0
3	146758446	146758767	1	shCd19	0	0	0	0	1	0
3	147326766	147327425	1	shRunx3	0	0	0	0	0	1
3	147351377	147351883	1	late	0	1	0	0	0	0
3	147494789	147495145	1	shRunx3	0	0	0	0	0	1
3	147707038	147707356	1	early	1	0	0	0	0	0
3	148852589	148852884	1	early	1	0	0	0	0	0
3	149132569	149132865	1	late	0	1	0	0	0	0
3	149305357	149305610	1	shCd19	0	0	0	0	1	0
3	150607131	150607373	1	memory	0	0	0	1	0	0
3	151093238	151093457	1	shRunx3	0	0	0	0	0	1
3	151124924	151125354	1	terminal	0	0	1	0	0	0
3	151430708	151431044	1	memory	0	0	0	1	0	0
3	151451849	151452149	1	memory	0	0	0	1	0	0
3	151787002	151787275	1	terminal	0	0	1	0	0	0
3	152133470	152133723	1	shRunx3	0	0	0	0	0	1
3	152243652	152243918	1	shRunx3	0	0	0	0	0	1
3	152252700	152252978	1	memory	0	0	0	1	0	0
3	152463835	152464217	1	memory	0	0	0	1	0	0
3	152518090	152518374	1	late	0	1	0	0	0	0
3	152912259	152912404	1	shRunx3	0	0	0	0	0	1
3	152912404	152912894	2	terminal,shRunx3	0	0	1	0	0	1
3	152912894	152912953	1	terminal	0	0	1	0	0	0
3	152989632	152990371	1	late	0	1	0	0	0	0
3	153044775	153045157	1	early	1	0	0	0	0	0
3	153887928	153888342	1	terminal	0	0	1	0	0	0
3	154399778	154400317	1	memory	0	0	0	1	0	0
3	155254211	155254547	1	terminal	0	0	1	0	0	0
3	155552758	155553007	1	shCd19	0	0	0	0	1	0
3	155839376	155839651	1	memory	0	0	0	1	0	0
3	155901312	155901675	1	shRunx3	0	0	0	0	0	1
3	155923345	155923672	1	memory	0	0	0	1	0	0
3	155952304	155952853	1	early	1	0	0	0	0	0
3	156033809	156034053	1	shRunx3	0	0	0	0	0	1
3	156194465	156194837	1	memory	0	0	0	1	0	0
3	156581637	156582011	1	memory	0	0	0	1	0	0
3	157636358	157636595	1	shRunx3	0	0	0	0	0	1
3	157687369	157687769	1	late	0	1	0	0	0	0
3	157945312	157945882	1	memory	0	0	0	1	0	0
3	158035913	158036901	1	shCd19	0	0	0	0	1	0
3	158093699	158093959	1	shCd19	0	0	0	0	1	0
3	158308978	158309375	1	memory	0	0	0	1	0	0
3	158368894	158369102	1	shRunx3	0	0	0	0	0	1
3	158891836	158892111	1	terminal	0	0	1	0	0	0
4	3807545	3808028	1	late	0	1	0	0	0	0
4	4126619	4126853	1	shRunx3	0	0	0	0	0	1
4	4341648	4341899	1	shRunx3	0	0	0	0	0	1
4	4362062	4362461	1	late	0	1	0	0	0	0
4	4832778	4832993	1	shCd19	0	0	0	0	1	0
4	4967680	4967883	1	shRunx3	0	0	0	0	0	1
4	5130799	5131189	1	shRunx3	0	0	0	0	0	1
4	5501399	5501788	1	late	0	1	0	0	0	0
4	5614565	5614893	1	shCd19	0	0	0	0	1	0
4	5628099	5628392	1	shRunx3	0	0	0	0	0	1
4	6055015	6055399	1	terminal	0	0	1	0	0	0
4	6160930	6161318	1	late	0	1	0	0	0	0
4	6318555	6319080	1	terminal	0	0	1	0	0	0
4	6444996	6446446	1	shCd19	0	0	0	0	1	0
4	6476351	6476972	1	late	0	1	0	0	0	0
4	6521114	6521475	1	memory	0	0	0	1	0	0
4	6537796	6538071	1	memory	0	0	0	1	0	0
4	6930804	6931258	1	shRunx3	0	0	0	0	0	1
4	7537152	7537378	1	shRunx3	0	0	0	0	0	1
4	7653458	7653738	1	shCd19	0	0	0	0	1	0
4	7840955	7841247	1	memory	0	0	0	1	0	0
4	8805813	8806332	1	shRunx3	0	0	0	0	0	1
4	8810871	8811111	1	shRunx3	0	0	0	0	0	1
4	8815978	8816461	1	terminal	0	0	1	0	0	0
4	8912652	8913637	1	shCd19	0	0	0	0	1	0
4	8926489	8927005	1	shCd19	0	0	0	0	1	0
4	9115532	9115922	1	terminal	0	0	1	0	0	0
4	10459160	10459402	1	shCd19	0	0	0	0	1	0
4	10978416	10978799	1	memory	0	0	0	1	0	0
4	11007467	11007755	1	shCd19	0	0	0	0	1	0
4	11007755	11007967	2	terminal,shCd19	0	0	1	0	1	0
4	11007967	11008193	1	terminal	0	0	1	0	0	0
4	11088780	11089358	1	shCd19	0	0	0	0	1	0
4	12425151	12425482	1	shCd19	0	0	0	0	1	0
4	12750940	12751365	1	memory	0	0	0	1	0	0
4	13348279	13348583	1	early	1	0	0	0	0	0
4	13521949	13522334	1	memory	0	0	0	1	0	0
4	13878964	13879490	1	memory	0	0	0	1	0	0
4	14501525	14501769	1	shRunx3	0	0	0	0	0	1
4	14830316	14830955	1	shCd19	0	0	0	0	1	0
4	15245159	15245717	1	shCd19	0	0	0	0	1	0
4	15293425	15293698	1	shRunx3	0	0	0	0	0	1
4	16253708	16253908	1	shRunx3	0	0	0	0	0	1
4	16618458	16618881	1	late	0	1	0	0	0	0
4	16742329	16742698	1	late	0	1	0	0	0	0
4	17585947	17586261	1	shRunx3	0	0	0	0	0	1
4	17639331	17639611	1	terminal	0	0	1	0	0	0
4	18897863	18898217	1	memory	0	0	0	1	0	0
4	19233218	19233428	1	shRunx3	0	0	0	0	0	1
4	19464043	19464276	1	shRunx3	0	0	0	0	0	1
4	20158609	20158882	1	shCd19	0	0	0	0	1	0
4	20315555	20315798	1	shRunx3	0	0	0	0	0	1
4	20595752	20596078	1	shRunx3	0	0	0	0	0	1
4	20733072	20733380	1	shRunx3	0	0	0	0	0	1
4	21029529	21029732	1	shRunx3	0	0	0	0	0	1
4	21058016	21058329	1	shRunx3	0	0	0	0	0	1
4	21454726	21455007	1	shRunx3	0	0	0	0	0	1
4	21710337	21710588	1	shRunx3	0	0	0	0	0	1
4	21727746	21728347	1	late	0	1	0	0	0	0
4	21842603	21843021	1	terminal	0	0	1	0	0	0
4	22406506	22406802	1	shRunx3	0	0	0	0	0	1
4	22819562	22819808	1	shRunx3	0	0	0	0	0	1
4	23620242	23620851	1	late	0	1	0	0	0	0
4	24401007	24401731	1	shRunx3	0	0	0	0	0	1
4	24533319	24533800	1	late	0	1	0	0	0	0
4	24576637	24577013	1	terminal	0	0	1	0	0	0
4	24682507	24682849	1	terminal	0	0	1	0	0	0
4	25201089	25201460	1	terminal	0	0	1	0	0	0
4	25258611	25259081	1	terminal	0	0	1	0	0	0
4	25281538	25281776	1	shCd19	0	0	0	0	1	0
4	25899932	25900213	1	terminal	0	0	1	0	0	0
4	26300253	26300502	1	memory	0	0	0	1	0	0
4	26346598	26347172	1	shRunx3	0	0	0	0	0	1
4	26705785	26706261	1	shCd19	0	0	0	0	1	0
4	27382162	27382450	1	late	0	1	0	0	0	0
4	27422397	27422651	1	early	1	0	0	0	0	0
4	27722070	27722289	1	shCd19	0	0	0	0	1	0
4	27921553	27921934	1	shRunx3	0	0	0	0	0	1
4	28011754	28012126	1	memory	0	0	0	1	0	0
4	28050557	28050804	1	shRunx3	0	0	0	0	0	1
4	28126513	28126762	1	shCd19	0	0	0	0	1	0
4	28498219	28498664	1	memory	0	0	0	1	0	0
4	29040510	29040977	1	memory	0	0	0	1	0	0
4	29280178	29280526	1	shRunx3	0	0	0	0	0	1
4	29311085	29311331	1	shRunx3	0	0	0	0	0	1
4	29330729	29330970	1	memory	0	0	0	1	0	0
4	30494239	30494454	1	shRunx3	0	0	0	0	0	1
4	30626755	30627073	1	memory	0	0	0	1	0	0
4	31312995	31313579	1	memory	0	0	0	1	0	0
4	31717700	31717915	1	shRunx3	0	0	0	0	0	1
4	31997005	31997336	1	shRunx3	0	0	0	0	0	1
4	32001235	32001604	1	shRunx3	0	0	0	0	0	1
4	32149170	32149800	1	shRunx3	0	0	0	0	0	1
4	32179701	32180311	1	shCd19	0	0	0	0	1	0
4	32184660	32185032	1	shCd19	0	0	0	0	1	0
4	32236518	32236780	1	memory	0	0	0	1	0	0
4	32249941	32250006	1	terminal	0	0	1	0	0	0
4	32250006	32250211	2	terminal,shCd19	0	0	1	0	1	0
4	32250211	32251365	1	shCd19	0	0	0	0	1	0
4	32258097	32258476	1	shCd19	0	0	0	0	1	0
4	32307269	32307591	1	late	0	1	0	0	0	0
4	32343190	32344357	1	shCd19	0	0	0	0	1	0
4	32588033	32588520	1	shCd19	0	0	0	0	1	0
4	32598279	32598908	1	shRunx3	0	0	0	0	0	1
4	32615063	32615673	1	shRunx3	0	0	0	0	0	1
4	32799970	32800221	1	shCd19	0	0	0	0	1	0
4	33196656	33196934	1	terminal	0	0	1	0	0	0
4	33243680	33244141	1	shCd19	0	0	0	0	1	0
4	33248621	33249017	1	terminal	0	0	1	0	0	0
4	33268063	33268356	1	late	0	1	0	0	0	0
4	33441318	33441914	1	memory	0	0	0	1	0	0
4	33863181	33863655	1	shRunx3	0	0	0	0	0	1
4	34126479	34126878	1	memory	0	0	0	1	0	0
4	34162857	34163221	1	late	0	1	0	0	0	0
4	34611702	34611944	1	memory	0	0	0	1	0	0
4	34778111	34778427	1	shCd19	0	0	0	0	1	0
4	34985912	34986168	1	shRunx3	0	0	0	0	0	1
4	35225424	35226478	1	shCd19	0	0	0	0	1	0
4	35652563	35653500	1	late	0	1	0	0	0	0
4	36060473	36060721	1	memory	0	0	0	1	0	0
4	36192551	36192831	1	memory	0	0	0	1	0	0
4	36368796	36369055	1	shRunx3	0	0	0	0	0	1
4	36521888	36522187	1	terminal	0	0	1	0	0	0
4	36676659	36677146	1	shRunx3	0	0	0	0	0	1
4	36916791	36917105	1	shCd19	0	0	0	0	1	0
4	38035049	38035259	1	shRunx3	0	0	0	0	0	1
4	38458811	38459272	1	shRunx3	0	0	0	0	0	1
4	38878711	38878975	1	shRunx3	0	0	0	0	0	1
4	38941443	38941667	1	shRunx3	0	0	0	0	0	1
4	39444037	39444480	1	shCd19	0	0	0	0	1	0
4	39614588	39615187	1	shRunx3	0	0	0	0	0	1
4	40037254	40037596	1	late	0	1	0	0	0	0
4	40239550	40240383	1	shCd19	0	0	0	0	1	0
4	40337658	40337877	1	shCd19	0	0	0	0	1	0
4	40533376	40533755	1	terminal	0	0	1	0	0	0
4	40640271	40640470	1	shRunx3	0	0	0	0	0	1
4	40720806	40721552	1	shCd19	0	0	0	0	1	0
4	40833575	40834497	1	shCd19	0	0	0	0	1	0
4	40837873	40838424	1	shCd19	0	0	0	0	1	0
4	40853788	40854552	1	shCd19	0	0	0	0	1	0
4	40970936	40971395	1	shCd19	0	0	0	0	1	0
4	41168801	41169040	1	shRunx3	0	0	0	0	0	1
4	41307155	41307440	1	memory	0	0	0	1	0	0
4	41501202	41501456	1	shRunx3	0	0	0	0	0	1
4	41568931	41569587	1	shRunx3	0	0	0	0	0	1
4	41572726	41573349	1	shRunx3	0	0	0	0	0	1
4	43000452	43000719	1	shCd19	0	0	0	0	1	0
4	44021891	44022487	1	shCd19	0	0	0	0	1	0
4	44022487	44022562	2	shCd19,shRunx3	0	0	0	0	1	1
4	44022562	44022861	3	terminal,shCd19,shRunx3	0	0	1	0	1	1
4	44022861	44022888	2	shCd19,shRunx3	0	0	0	0	1	1
4	44022888	44023110	1	shRunx3	0	0	0	0	0	1
4	44044864	44045122	1	shRunx3	0	0	0	0	0	1
4	44271125	44271691	1	shCd19	0	0	0	0	1	0
4	44680176	44680386	1	shRunx3	0	0	0	0	0	1
4	44830308	44830579	1	memory	0	0	0	1	0	0
4	44830833	44831051	1	shRunx3	0	0	0	0	0	1
4	44944617	44944987	1	terminal	0	0	1	0	0	0
4	45012294	45012938	1	shCd19	0	0	0	0	1	0
4	45505031	45505433	1	late	0	1	0	0	0	0
4	45677239	45677583	1	memory	0	0	0	1	0	0
4	45681063	45681279	1	shRunx3	0	0	0	0	0	1
4	45816238	45816676	1	late	0	1	0	0	0	0
4	46190097	46190450	1	terminal	0	0	1	0	0	0
4	46404158	46404600	1	shCd19	0	0	0	0	1	0
4	46575791	46576254	1	shCd19	0	0	0	0	1	0
4	46975035	46975315	1	terminal	0	0	1	0	0	0
4	47281619	47282261	1	shCd19	0	0	0	0	1	0
4	47474404	47474618	1	shCd19	0	0	0	0	1	0
4	47797168	47797725	1	memory	0	0	0	1	0	0
4	47985052	47985436	1	memory	0	0	0	1	0	0
4	48042932	48043645	1	shCd19	0	0	0	0	1	0
4	48045647	48046102	1	memory	0	0	0	1	0	0
4	48075021	48075314	1	shCd19	0	0	0	0	1	0
4	48157639	48157907	1	shCd19	0	0	0	0	1	0
4	49303318	49303995	1	late	0	1	0	0	0	0
4	49415185	49415574	1	late	0	1	0	0	0	0
4	50156209	50156533	1	shRunx3	0	0	0	0	0	1
4	50234879	50235409	1	terminal	0	0	1	0	0	0
4	50455919	50456235	1	memory	0	0	0	1	0	0
4	52001212	52001481	1	memory	0	0	0	1	0	0
4	53715365	53715677	1	shRunx3	0	0	0	0	0	1
4	53761055	53761356	1	memory	0	0	0	1	0	0
4	54508051	54508535	1	terminal	0	0	1	0	0	0
4	54963288	54963842	1	terminal	0	0	1	0	0	0
4	54993484	54993865	1	memory	0	0	0	1	0	0
4	55137194	55137455	1	terminal	0	0	1	0	0	0
4	55904725	55905123	1	late	0	1	0	0	0	0
4	57017156	57017583	1	shRunx3	0	0	0	0	0	1
4	57044574	57044777	1	shRunx3	0	0	0	0	0	1
4	57147200	57147710	1	shRunx3	0	0	0	0	0	1
4	57306210	57306267	1	shCd19	0	0	0	0	1	0
4	57306267	57306562	2	terminal,shCd19	0	0	1	0	1	0
4	57306562	57306746	1	shCd19	0	0	0	0	1	0
4	57438337	57438686	1	memory	0	0	0	1	0	0
4	58288709	58288939	1	shRunx3	0	0	0	0	0	1
4	58782561	58783038	1	shCd19	0	0	0	0	1	0
4	59204585	59205827	1	shCd19	0	0	0	0	1	0
4	59260861	59261036	1	shCd19	0	0	0	0	1	0
4	59261036	59261461	2	shCd19,shRunx3	0	0	0	0	1	1
4	59261461	59261520	1	shCd19	0	0	0	0	1	0
4	59265194	59265819	1	shCd19	0	0	0	0	1	0
4	59286935	59287312	1	shCd19	0	0	0	0	1	0
4	59472706	59473043	1	memory	0	0	0	1	0	0
4	59532127	59532393	1	shCd19	0	0	0	0	1	0
4	62067923	62068378	1	shRunx3	0	0	0	0	0	1
4	62175761	62176049	1	memory	0	0	0	1	0	0
4	62360191	62360547	1	shCd19	0	0	0	0	1	0
4	62360547	62360826	2	shCd19,shRunx3	0	0	0	0	1	1
4	62360826	62360952	1	shRunx3	0	0	0	0	0	1
4	62525106	62525360	1	shRunx3	0	0	0	0	0	1
4	62661142	62662040	1	shCd19	0	0	0	0	1	0
4	62756821	62757108	1	shCd19	0	0	0	0	1	0
4	63403614	63404404	1	shCd19	0	0	0	0	1	0
4	63408927	63409330	1	shRunx3	0	0	0	0	0	1
4	63409438	63410789	1	shCd19	0	0	0	0	1	0
4	63457826	63458100	1	terminal	0	0	1	0	0	0
4	63581012	63581395	1	late	0	1	0	0	0	0
4	63668239	63668779	1	shCd19	0	0	0	0	1	0
4	63748044	63748428	1	late	0	1	0	0	0	0
4	64018505	64018777	1	shRunx3	0	0	0	0	0	1
4	65396877	65397214	1	memory	0	0	0	1	0	0
4	65646914	65647239	1	early	1	0	0	0	0	0
4	65784787	65785134	1	memory	0	0	0	1	0	0
4	65949282	65949598	1	early	1	0	0	0	0	0
4	67021374	67021684	1	terminal	0	0	1	0	0	0
4	67025344	67025680	1	shRunx3	0	0	0	0	0	1
4	67118816	67119046	1	shRunx3	0	0	0	0	0	1
4	67273187	67273798	1	terminal	0	0	1	0	0	0
4	68028422	68028770	1	terminal	0	0	1	0	0	0
4	68677915	68678181	1	early	1	0	0	0	0	0
4	68813682	68813965	1	shRunx3	0	0	0	0	0	1
4	69403132	69403564	1	shCd19	0	0	0	0	1	0
4	70209951	70210282	1	memory	0	0	0	1	0	0
4	70948854	70949187	1	late	0	1	0	0	0	0
4	71006511	71006907	1	shRunx3	0	0	0	0	0	1
4	71089136	71089564	1	late	0	1	0	0	0	0
4	71465960	71466330	1	memory	0	0	0	1	0	0
4	71581632	71581865	1	shRunx3	0	0	0	0	0	1
4	71942970	71943295	1	terminal	0	0	1	0	0	0
4	72528261	72528830	1	late	0	1	0	0	0	0
4	72985924	72986193	1	shCd19	0	0	0	0	1	0
4	74539214	74539505	1	early	1	0	0	0	0	0
4	75213311	75213587	1	early	1	0	0	0	0	0
4	75278976	75279291	1	shCd19	0	0	0	0	1	0
4	77096848	77097200	1	shRunx3	0	0	0	0	0	1
4	77131977	77132215	1	terminal	0	0	1	0	0	0
4	77626873	77627143	1	terminal	0	0	1	0	0	0
4	77736205	77736504	1	terminal	0	0	1	0	0	0
4	77741159	77741616	1	shRunx3	0	0	0	0	0	1
4	78285645	78286255	1	late	0	1	0	0	0	0
4	78358792	78359033	1	terminal	0	0	1	0	0	0
4	78426048	78426312	1	shRunx3	0	0	0	0	0	1
4	78466773	78467023	1	memory	0	0	0	1	0	0
4	78538270	78538715	1	early	1	0	0	0	0	0
4	78587685	78588162	1	late	0	1	0	0	0	0
4	79311959	79312344	1	early	1	0	0	0	0	0
4	79472442	79472729	1	shCd19	0	0	0	0	1	0
4	79690362	79690571	1	shRunx3	0	0	0	0	0	1
4	79929916	79930305	1	memory	0	0	0	1	0	0
4	80159267	80159522	1	memory	0	0	0	1	0	0
4	80418675	80418962	1	terminal	0	0	1	0	0	0
4	80569162	80569480	1	early	1	0	0	0	0	0
4	80667456	80667664	1	shRunx3	0	0	0	0	0	1
4	81429602	81430208	1	late	0	1	0	0	0	0
4	82078613	82078884	1	memory	0	0	0	1	0	0
4	82461279	82461610	1	early	1	0	0	0	0	0
4	82815232	82815696	1	shRunx3	0	0	0	0	0	1
4	83020428	83020661	1	shRunx3	0	0	0	0	0	1
4	83039819	83040165	1	terminal	0	0	1	0	0	0
4	83314714	83315565	1	shCd19	0	0	0	0	1	0
4	83328234	83328537	1	shCd19	0	0	0	0	1	0
4	83457973	83458250	1	shRunx3	0	0	0	0	0	1
4	83491163	83491541	1	late	0	1	0	0	0	0
4	83704685	83704994	1	shRunx3	0	0	0	0	0	1
4	84467497	84467820	1	shRunx3	0	0	0	0	0	1
4	84791758	84792095	1	late	0	1	0	0	0	0
4	86219122	86219367	1	memory	0	0	0	1	0	0
4	87476851	87477129	1	terminal	0	0	1	0	0	0
4	87534207	87534573	1	early	1	0	0	0	0	0
4	87899741	87900163	1	shRunx3	0	0	0	0	0	1
4	88102366	88102997	1	late	0	1	0	0	0	0
4	88810495	88810723	1	shRunx3	0	0	0	0	0	1
4	88868116	88868383	1	shCd19	0	0	0	0	1	0
4	89001383	89001836	1	shRunx3	0	0	0	0	0	1
4	89624778	89625038	1	shRunx3	0	0	0	0	0	1
4	90205044	90205690	1	terminal	0	0	1	0	0	0
4	90310228	90310583	1	memory	0	0	0	1	0	0
4	90413679	90414162	1	terminal	0	0	1	0	0	0
4	90580081	90580329	1	shRunx3	0	0	0	0	0	1
4	91476042	91476338	1	memory	0	0	0	1	0	0
4	91685594	91685904	1	shRunx3	0	0	0	0	0	1
4	91812567	91813053	1	late	0	1	0	0	0	0
4	92047309	92047604	1	late	0	1	0	0	0	0
4	92638738	92639018	1	memory	0	0	0	1	0	0
4	93917598	93917984	1	shRunx3	0	0	0	0	0	1
4	94084792	94085111	1	shRunx3	0	0	0	0	0	1
4	94356471	94356764	1	terminal	0	0	1	0	0	0
4	94912127	94912575	1	terminal	0	0	1	0	0	0
4	95360420	95360763	1	shRunx3	0	0	0	0	0	1
4	96344509	96344809	1	shRunx3	0	0	0	0	0	1
4	96478876	96479221	1	shCd19	0	0	0	0	1	0
4	96588260	96588502	1	memory	0	0	0	1	0	0
4	96669614	96669959	1	late	0	1	0	0	0	0
4	96723190	96723598	1	terminal	0	0	1	0	0	0
4	96899066	96899339	1	memory	0	0	0	1	0	0
4	97014166	97014425	1	shRunx3	0	0	0	0	0	1
4	97438655	97439077	1	memory	0	0	0	1	0	0
4	97799366	97799896	1	memory	0	0	0	1	0	0
4	97831162	97832104	1	shCd19	0	0	0	0	1	0
4	98084497	98084768	1	shRunx3	0	0	0	0	0	1
4	98193442	98193732	1	late	0	1	0	0	0	0
4	98674193	98674438	1	shCd19	0	0	0	0	1	0
4	98873481	98873857	1	shRunx3	0	0	0	0	0	1
4	98967959	98968316	1	memory	0	0	0	1	0	0
4	99393557	99393951	1	early	1	0	0	0	0	0
4	99796596	99796797	1	shRunx3	0	0	0	0	0	1
4	99823066	99823334	1	shRunx3	0	0	0	0	0	1
4	100050046	100050340	1	memory	0	0	0	1	0	0
4	100471276	100471574	1	early	1	0	0	0	0	0
4	100514054	100514387	1	terminal	0	0	1	0	0	0
4	100537656	100538191	1	terminal	0	0	1	0	0	0
4	101240955	101241210	1	shCd19	0	0	0	0	1	0
4	101286053	101286457	1	shRunx3	0	0	0	0	0	1
4	101303925	101304235	1	terminal	0	0	1	0	0	0
4	101346313	101346644	1	shRunx3	0	0	0	0	0	1
4	101752698	101753052	1	shCd19	0	0	0	0	1	0
4	101824623	101825012	1	memory	0	0	0	1	0	0
4	102160534	102160816	1	shCd19	0	0	0	0	1	0
4	102520495	102520747	1	terminal	0	0	1	0	0	0
4	102560305	102560603	1	late	0	1	0	0	0	0
4	103529363	103529751	1	late	0	1	0	0	0	0
4	103581128	103581416	1	memory	0	0	0	1	0	0
4	103780959	103781297	1	late	0	1	0	0	0	0
4	103895044	103895303	1	shRunx3	0	0	0	0	0	1
4	104166587	104166857	1	early	1	0	0	0	0	0
4	104462014	104462332	1	shRunx3	0	0	0	0	0	1
4	104822883	104823362	1	early	1	0	0	0	0	0
4	105191976	105192401	1	memory	0	0	0	1	0	0
4	105670605	105671001	1	early	1	0	0	0	0	0
4	105831643	105832001	1	early	1	0	0	0	0	0
4	106190339	106190858	1	shCd19	0	0	0	0	1	0
4	106740621	106740826	1	shCd19	0	0	0	0	1	0
4	107066798	107067470	1	shCd19	0	0	0	0	1	0
4	107178417	107178726	1	shCd19	0	0	0	0	1	0
4	107462755	107463151	1	shCd19	0	0	0	0	1	0
4	107580488	107580760	1	memory	0	0	0	1	0	0
4	107606210	107606530	1	memory	0	0	0	1	0	0
4	108349738	108350372	1	shCd19	0	0	0	0	1	0
4	108825981	108826514	1	shRunx3	0	0	0	0	0	1
4	109000142	109000281	1	shRunx3	0	0	0	0	0	1
4	109000281	109000533	2	shCd19,shRunx3	0	0	0	0	1	1
4	109000533	109000877	3	terminal,shCd19,shRunx3	0	0	1	0	1	1
4	109000877	109001105	2	terminal,shCd19	0	0	1	0	1	0
4	109001105	109001112	1	shCd19	0	0	0	0	1	0
4	109105434	109105799	1	late	0	1	0	0	0	0
4	109201761	109202260	1	shCd19	0	0	0	0	1	0
4	110464636	110464925	1	early	1	0	0	0	0	0
4	110769207	110769506	1	early	1	0	0	0	0	0
4	111084463	111085044	1	memory	0	0	0	1	0	0
4	111987576	111988015	1	shCd19	0	0	0	0	1	0
4	111994691	111995041	1	early	1	0	0	0	0	0
4	112263663	112263931	1	memory	0	0	0	1	0	0
4	113157304	113157545	1	shRunx3	0	0	0	0	0	1
4	113639192	113639533	1	shRunx3	0	0	0	0	0	1
4	114118166	114118565	1	shRunx3	0	0	0	0	0	1
4	114460111	114460399	1	shCd19	0	0	0	0	1	0
4	114999594	114999678	1	shCd19	0	0	0	0	1	0
4	114999678	115000128	2	shCd19,shRunx3	0	0	0	0	1	1
4	115000128	115000412	1	shRunx3	0	0	0	0	0	1
4	115999330	115999577	1	terminal	0	0	1	0	0	0
4	116052658	116053292	1	shCd19	0	0	0	0	1	0
4	116053292	116053536	2	terminal,shCd19	0	0	1	0	1	0
4	116053536	116053855	3	terminal,shCd19,shRunx3	0	0	1	0	1	1
4	116053855	116053884	2	shCd19,shRunx3	0	0	0	0	1	1
4	116291062	116291402	1	shCd19	0	0	0	0	1	0
4	116710634	116710854	1	shRunx3	0	0	0	0	0	1
4	116720560	116721253	1	shCd19	0	0	0	0	1	0
4	116790450	116790778	1	shCd19	0	0	0	0	1	0
4	117124341	117124960	1	shCd19	0	0	0	0	1	0
4	117125948	117126317	1	shCd19	0	0	0	0	1	0
4	117182188	117182221	1	shCd19	0	0	0	0	1	0
4	117182221	117182568	2	shCd19,shRunx3	0	0	0	0	1	1
4	117182568	117182593	1	shCd19	0	0	0	0	1	0
4	117220826	117221477	1	shCd19	0	0	0	0	1	0
4	117611994	117612379	1	shRunx3	0	0	0	0	0	1
4	118134901	118135571	1	shCd19	0	0	0	0	1	0
4	118179475	118179729	1	shCd19	0	0	0	0	1	0
4	118179729	118180055	2	terminal,shCd19	0	0	1	0	1	0
4	118180055	118180178	1	shCd19	0	0	0	0	1	0
4	119127108	119128168	1	shCd19	0	0	0	0	1	0
4	119294455	119294527	1	shRunx3	0	0	0	0	0	1
4	119294527	119294884	2	shCd19,shRunx3	0	0	0	0	1	1
4	119294884	119294885	1	shCd19	0	0	0	0	1	0
4	119335825	119336261	1	terminal	0	0	1	0	0	0
4	119406813	119407131	1	shRunx3	0	0	0	0	0	1
4	119627778	119628098	1	shRunx3	0	0	0	0	0	1
4	119883967	119884196	1	shCd19	0	0	0	0	1	0
4	119897200	119897725	1	shCd19	0	0	0	0	1	0
4	120274554	120274926	1	late	0	1	0	0	0	0
4	120372932	120373171	1	shRunx3	0	0	0	0	0	1
4	120810691	120811051	1	shRunx3	0	0	0	0	0	1
4	120924714	120924988	1	shCd19	0	0	0	0	1	0
4	120974902	120975796	1	shCd19	0	0	0	0	1	0
4	121504502	121504848	1	terminal	0	0	1	0	0	0
4	121580851	121581108	1	shCd19	0	0	0	0	1	0
4	123432787	123433170	1	terminal	0	0	1	0	0	0
4	124752598	124753011	1	shCd19	0	0	0	0	1	0
4	125127328	125127861	1	shCd19	0	0	0	0	1	0
4	125164351	125164959	1	shRunx3	0	0	0	0	0	1
4	125315095	125315465	1	terminal	0	0	1	0	0	0
4	125507676	125508223	1	shRunx3	0	0	0	0	0	1
4	125558177	125558829	1	shRunx3	0	0	0	0	0	1
4	125575029	125575331	1	shRunx3	0	0	0	0	0	1
4	126058576	126058814	1	shRunx3	0	0	0	0	0	1
4	126110926	126111329	1	shRunx3	0	0	0	0	0	1
4	126259384	126260085	1	shCd19	0	0	0	0	1	0
4	126717114	126717398	1	early	1	0	0	0	0	0
4	126753210	126753800	1	shCd19	0	0	0	0	1	0
4	127031027	127031581	1	late	0	1	0	0	0	0
4	127059121	127059361	1	memory	0	0	0	1	0	0
4	127077066	127077637	1	shCd19	0	0	0	0	1	0
4	127781303	127781756	1	shRunx3	0	0	0	0	0	1
4	128524621	128524879	1	terminal	0	0	1	0	0	0
4	128561255	128561697	1	shRunx3	0	0	0	0	0	1
4	128588747	128589091	1	shCd19	0	0	0	0	1	0
4	128609407	128610272	1	shRunx3	0	0	0	0	0	1
4	128735070	128735464	1	shCd19	0	0	0	0	1	0
4	129032540	129032859	1	shRunx3	0	0	0	0	0	1
4	129034668	129035479	1	shCd19	0	0	0	0	1	0
4	129059936	129060187	1	shCd19	0	0	0	0	1	0
4	129098029	129098262	1	shRunx3	0	0	0	0	0	1
4	129210886	129211220	1	terminal	0	0	1	0	0	0
4	129279975	129280494	1	terminal	0	0	1	0	0	0
4	129338643	129339269	1	terminal	0	0	1	0	0	0
4	129445316	129445651	1	shRunx3	0	0	0	0	0	1
4	129489817	129490630	1	terminal	0	0	1	0	0	0
4	129558227	129558758	1	shCd19	0	0	0	0	1	0
4	129573381	129574060	1	shCd19	0	0	0	0	1	0
4	129640410	129641221	1	shCd19	0	0	0	0	1	0
4	129761495	129762075	1	shCd19	0	0	0	0	1	0
4	129811095	129812038	1	shCd19	0	0	0	0	1	0
4	129837104	129837508	1	late	0	1	0	0	0	0
4	130053215	130053452	1	terminal	0	0	1	0	0	0
4	130054122	130054434	1	shRunx3	0	0	0	0	0	1
4	130899462	130900357	1	shCd19	0	0	0	0	1	0
4	131287948	131288397	1	shRunx3	0	0	0	0	0	1
4	131393673	131393986	1	memory	0	0	0	1	0	0
4	131516919	131517143	1	shRunx3	0	0	0	0	0	1
4	131604764	131605053	1	memory	0	0	0	1	0	0
4	131966943	131967279	1	shRunx3	0	0	0	0	0	1
4	132507651	132508188	1	memory	0	0	0	1	0	0
4	132510237	132511029	1	shRunx3	0	0	0	0	0	1
4	132843007	132843463	1	terminal	0	0	1	0	0	0
4	132945817	132946797	1	shCd19	0	0	0	0	1	0
4	132976683	132977148	1	shCd19	0	0	0	0	1	0
4	133158935	133159247	1	terminal	0	0	1	0	0	0
4	133625689	133626052	1	shCd19	0	0	0	0	1	0
4	133672192	133673431	1	shCd19	0	0	0	0	1	0
4	133840976	133841666	1	shCd19	0	0	0	0	1	0
4	133842951	133842984	1	shRunx3	0	0	0	0	0	1
4	133842984	133843451	2	shCd19,shRunx3	0	0	0	0	1	1
4	133843451	133843490	1	shCd19	0	0	0	0	1	0
4	134495014	134495698	1	shCd19	0	0	0	0	1	0
4	134512812	134513025	1	shCd19	0	0	0	0	1	0
4	134715681	134715982	1	memory	0	0	0	1	0	0
4	134735437	134735675	1	shRunx3	0	0	0	0	0	1
4	135077058	135077742	1	shCd19	0	0	0	0	1	0
4	135099496	135100220	1	shCd19	0	0	0	0	1	0
4	135119842	135120055	1	shCd19	0	0	0	0	1	0
4	135120055	135120131	2	terminal,shCd19	0	0	1	0	1	0
4	135120131	135120456	3	terminal,shCd19,shRunx3	0	0	1	0	1	1
4	135120456	135120838	2	shCd19,shRunx3	0	0	0	0	1	1
4	135120838	135120856	1	shCd19	0	0	0	0	1	0
4	135159280	135159925	1	shCd19	0	0	0	0	1	0
4	135159925	135160259	2	shCd19,shRunx3	0	0	0	0	1	1
4	135160259	135160279	1	shCd19	0	0	0	0	1	0
4	135520481	135520817	1	shCd19	0	0	0	0	1	0
4	135876403	135877122	1	shCd19	0	0	0	0	1	0
4	136177361	136177952	1	shCd19	0	0	0	0	1	0
4	136266880	136266891	1	shRunx3	0	0	0	0	0	1
4	136266891	136267201	2	shCd19,shRunx3	0	0	0	0	1	1
4	136267201	136267202	1	shRunx3	0	0	0	0	0	1
4	136434382	136435058	1	shRunx3	0	0	0	0	0	1
4	136716819	136717639	1	late	0	1	0	0	0	0
4	136846172	136846771	1	memory	0	0	0	1	0	0
4	137007066	137007340	1	shRunx3	0	0	0	0	0	1
4	137068411	137068615	1	shRunx3	0	0	0	0	0	1
4	137367385	137367953	1	shCd19	0	0	0	0	1	0
4	137380133	137380383	1	shRunx3	0	0	0	0	0	1
4	137388473	137388890	1	shCd19	0	0	0	0	1	0
4	137555317	137555752	1	memory	0	0	0	1	0	0
4	137593402	137593720	1	shCd19	0	0	0	0	1	0
4	137593720	137593738	2	early,shCd19	1	0	0	0	1	0
4	137593738	137594034	3	early,shCd19,shRunx3	1	0	0	0	1	1
4	137594034	137594074	2	shCd19,shRunx3	0	0	0	0	1	1
4	137594074	137594338	1	shCd19	0	0	0	0	1	0
4	137598939	137599142	1	shRunx3	0	0	0	0	0	1
4	137853664	137854309	1	shCd19	0	0	0	0	1	0
4	138363633	138363982	1	shRunx3	0	0	0	0	0	1
4	139120977	139121211	1	shCd19	0	0	0	0	1	0
4	139130742	139131028	1	shRunx3	0	0	0	0	0	1
4	139192415	139192910	1	shCd19	0	0	0	0	1	0
4	139195325	139195581	1	shRunx3	0	0	0	0	0	1
4	139199316	139200428	1	shCd19	0	0	0	0	1	0
4	139598433	139599390	1	shCd19	0	0	0	0	1	0
4	139622807	139623073	1	terminal	0	0	1	0	0	0
4	140080673	140080965	1	early	1	0	0	0	0	0
4	140944593	140945335	1	shRunx3	0	0	0	0	0	1
4	140947614	140947647	1	shRunx3	0	0	0	0	0	1
4	140947647	140947696	2	terminal,shRunx3	0	0	1	0	0	1
4	140947696	140948061	3	terminal,shCd19,shRunx3	0	0	1	0	1	1
4	140948061	140948562	2	shCd19,shRunx3	0	0	0	0	1	1
4	140948562	140948769	1	shCd19	0	0	0	0	1	0
4	140949697	140950094	1	shRunx3	0	0	0	0	0	1
4	140961074	140961610	1	shCd19	0	0	0	0	1	0
4	140983329	140984066	1	shCd19	0	0	0	0	1	0
4	141215799	141216118	1	shRunx3	0	0	0	0	0	1
4	141538868	141539227	1	shRunx3	0	0	0	0	0	1
4	141545623	141545882	1	shRunx3	0	0	0	0	0	1
4	141793138	141793503	1	shCd19	0	0	0	0	1	0
4	142037354	142037657	1	terminal	0	0	1	0	0	0
4	142342899	142343163	1	terminal	0	0	1	0	0	0
4	142471005	142471234	1	shCd19	0	0	0	0	1	0
4	142800658	142800954	1	memory	0	0	0	1	0	0
4	142900366	142900672	1	terminal	0	0	1	0	0	0
4	143060169	143060462	1	shRunx3	0	0	0	0	0	1
4	143161806	143162123	1	shRunx3	0	0	0	0	0	1
4	143162123	143162201	2	shCd19,shRunx3	0	0	0	0	1	1
4	143162201	143162367	1	shCd19	0	0	0	0	1	0
4	143507540	143507879	1	late	0	1	0	0	0	0
4	143705093	143705513	1	terminal	0	0	1	0	0	0
4	143797183	143797530	1	shRunx3	0	0	0	0	0	1
4	144160566	144160861	1	late	0	1	0	0	0	0
4	144507611	144508220	1	late	0	1	0	0	0	0
4	144654856	144655184	1	terminal	0	0	1	0	0	0
4	145054444	145054853	1	shRunx3	0	0	0	0	0	1
4	145210826	145211284	1	shRunx3	0	0	0	0	0	1
4	145220791	145222287	1	shCd19	0	0	0	0	1	0
4	145240551	145240726	1	shCd19	0	0	0	0	1	0
4	145240726	145240822	2	late,shCd19	0	1	0	0	1	0
4	145240822	145241108	3	late,shCd19,shRunx3	0	1	0	0	1	1
4	145241108	145241204	2	shCd19,shRunx3	0	0	0	0	1	1
4	145241204	145241349	1	shRunx3	0	0	0	0	0	1
4	145249859	145250472	1	shCd19	0	0	0	0	1	0
4	145254352	145254725	1	shCd19	0	0	0	0	1	0
4	147889085	147889453	1	shRunx3	0	0	0	0	0	1
4	147933591	147933924	1	terminal	0	0	1	0	0	0
4	148033983	148034369	1	shCd19	0	0	0	0	1	0
4	148038625	148039253	1	shCd19	0	0	0	0	1	0
4	148596545	148596876	1	shRunx3	0	0	0	0	0	1
4	149269417	149269828	1	shRunx3	0	0	0	0	0	1
4	149425943	149426574	1	shRunx3	0	0	0	0	0	1
4	149761351	149761779	1	shCd19	0	0	0	0	1	0
4	150001302	150001596	1	terminal	0	0	1	0	0	0
4	150216134	150216375	1	shRunx3	0	0	0	0	0	1
4	150337027	150337289	1	early	1	0	0	0	0	0
4	150360346	150360642	1	late	0	1	0	0	0	0
4	150566383	150566585	1	shCd19	0	0	0	0	1	0
4	150584915	150585351	1	late	0	1	0	0	0	0
4	150921126	150921907	1	shCd19	0	0	0	0	1	0
4	150924128	150925509	1	shCd19	0	0	0	0	1	0
4	151005612	151006340	1	shCd19	0	0	0	0	1	0
4	151056160	151056777	1	early	1	0	0	0	0	0
4	151107533	151107890	1	terminal	0	0	1	0	0	0
4	151479433	151479820	1	shRunx3	0	0	0	0	0	1
4	151856480	151857180	1	shRunx3	0	0	0	0	0	1
4	151958989	151959371	1	late	0	1	0	0	0	0
4	151996325	151996820	1	shCd19	0	0	0	0	1	0
4	152163597	152163899	1	shRunx3	0	0	0	0	0	1
4	152178954	152179419	1	shCd19	0	0	0	0	1	0
4	152197594	152197653	1	shCd19	0	0	0	0	1	0
4	152197653	152197852	2	shCd19,shRunx3	0	0	0	0	1	1
4	152197852	152197923	1	shCd19	0	0	0	0	1	0
4	152446166	152446785	1	shCd19	0	0	0	0	1	0
4	152589564	152589806	1	terminal	0	0	1	0	0	0
4	152979946	152980260	1	shRunx3	0	0	0	0	0	1
4	153803079	153803352	1	terminal	0	0	1	0	0	0
4	153945851	153946298	1	terminal	0	0	1	0	0	0
4	154571037	154571290	1	memory	0	0	0	1	0	0
4	155055983	155056427	1	shRunx3	0	0	0	0	0	1
4	155162558	155162930	1	shCd19	0	0	0	0	1	0
4	155200243	155201274	1	shCd19	0	0	0	0	1	0
4	155503225	155503550	1	memory	0	0	0	1	0	0
4	155601073	155601849	1	shCd19	0	0	0	0	1	0
4	155669263	155669541	1	shRunx3	0	0	0	0	0	1
4	155798714	155798975	1	shRunx3	0	0	0	0	0	1
4	155909024	155909264	1	terminal	0	0	1	0	0	0
4	156021955	156022472	1	memory	0	0	0	1	0	0
5	3353197	3353416	1	shRunx3	0	0	0	0	0	1
5	3355700	3356137	1	shCd19	0	0	0	0	1	0
5	3629096	3629356	1	terminal	0	0	1	0	0	0
5	4098012	4098379	1	shRunx3	0	0	0	0	0	1
5	4687030	4687443	1	late	0	1	0	0	0	0
5	5152281	5152639	1	late	0	1	0	0	0	0
5	5445335	5445570	1	shRunx3	0	0	0	0	0	1
5	6099312	6099566	1	terminal	0	0	1	0	0	0
5	6589673	6589931	1	memory	0	0	0	1	0	0
5	6821798	6822148	1	shRunx3	0	0	0	0	0	1
5	6954722	6955108	1	shRunx3	0	0	0	0	0	1
5	7393093	7393521	1	terminal	0	0	1	0	0	0
5	7694362	7694883	1	terminal	0	0	1	0	0	0
5	7751261	7751515	1	shRunx3	0	0	0	0	0	1
5	7845137	7845465	1	shRunx3	0	0	0	0	0	1
5	7951066	7951354	1	shRunx3	0	0	0	0	0	1
5	8302656	8303008	1	shRunx3	0	0	0	0	0	1
5	8675353	8676138	1	shCd19	0	0	0	0	1	0
5	9082685	9082942	1	memory	0	0	0	1	0	0
5	9168746	9169118	1	terminal	0	0	1	0	0	0
5	9392555	9393042	1	memory	0	0	0	1	0	0
5	9440584	9440828	1	shCd19	0	0	0	0	1	0
5	9987926	9988207	1	terminal	0	0	1	0	0	0
5	10229942	10230329	1	early	1	0	0	0	0	0
5	10266288	10266916	1	shRunx3	0	0	0	0	0	1
5	12724396	12724604	1	shRunx3	0	0	0	0	0	1
5	13509312	13509584	1	early	1	0	0	0	0	0
5	13673048	13673365	1	memory	0	0	0	1	0	0
5	13952598	13952958	1	terminal	0	0	1	0	0	0
5	14144617	14144868	1	terminal	0	0	1	0	0	0
5	14679048	14679374	1	terminal	0	0	1	0	0	0
5	16063512	16063887	1	memory	0	0	0	1	0	0
5	16233151	16233358	1	shRunx3	0	0	0	0	0	1
5	16339286	16339727	1	memory	0	0	0	1	0	0
5	17668640	17669021	1	early	1	0	0	0	0	0
5	17865857	17866115	1	shRunx3	0	0	0	0	0	1
5	18499123	18499482	1	memory	0	0	0	1	0	0
5	19740859	19741521	1	late	0	1	0	0	0	0
5	20067734	20068065	1	late	0	1	0	0	0	0
5	20473437	20473781	1	memory	0	0	0	1	0	0
5	20559549	20559812	1	terminal	0	0	1	0	0	0
5	20817466	20817767	1	shRunx3	0	0	0	0	0	1
5	20882016	20882858	1	shCd19	0	0	0	0	1	0
5	20955077	20955352	1	shCd19	0	0	0	0	1	0
5	20955352	20955785	2	terminal,shCd19	0	0	1	0	1	0
5	20955785	20956029	1	shCd19	0	0	0	0	1	0
5	21255616	21255654	1	shRunx3	0	0	0	0	0	1
5	21255654	21255904	2	terminal,shRunx3	0	0	1	0	0	1
5	21255904	21255921	1	shRunx3	0	0	0	0	0	1
5	21311632	21312009	1	terminal	0	0	1	0	0	0
5	21370375	21370454	1	shCd19	0	0	0	0	1	0
5	21370454	21370865	2	shCd19,shRunx3	0	0	0	0	1	1
5	21370865	21371239	1	shCd19	0	0	0	0	1	0
5	21410898	21410985	1	shCd19	0	0	0	0	1	0
5	21410985	21411791	2	shCd19,shRunx3	0	0	0	0	1	1
5	21411791	21411848	1	shCd19	0	0	0	0	1	0
5	21645694	21645978	1	early	1	0	0	0	0	0
5	22000316	22000621	1	shRunx3	0	0	0	0	0	1
5	22373631	22373928	1	early	1	0	0	0	0	0
5	22408996	22409321	1	early	1	0	0	0	0	0
5	22549783	22549858	1	shRunx3	0	0	0	0	0	1
5	22549858	22550324	2	shCd19,shRunx3	0	0	0	0	1	1
5	22550324	22550335	1	shRunx3	0	0	0	0	0	1
5	22623924	22624218	1	shCd19	0	0	0	0	1	0
5	23191529	23191759	1	shRunx3	0	0	0	0	0	1
5	23415748	23416233	1	shRunx3	0	0	0	0	0	1
5	23418242	23418861	1	shCd19	0	0	0	0	1	0
5	23432562	23432880	1	shCd19	0	0	0	0	1	0
5	23432880	23433124	2	shCd19,shRunx3	0	0	0	0	1	1
5	23433124	23433463	3	late,shCd19,shRunx3	0	1	0	0	1	1
5	23433463	23433470	2	shCd19,shRunx3	0	0	0	0	1	1
5	23433470	23433471	1	shRunx3	0	0	0	0	0	1
5	23718780	23719537	1	shCd19	0	0	0	0	1	0
5	24008878	24009193	1	shRunx3	0	0	0	0	0	1
5	24030481	24031078	1	shCd19	0	0	0	0	1	0
5	24266442	24266750	1	shCd19	0	0	0	0	1	0
5	24348091	24348446	1	early	1	0	0	0	0	0
5	24393267	24394415	1	shCd19	0	0	0	0	1	0
5	24394415	24395017	1	shRunx3	0	0	0	0	0	1
5	24517932	24518225	1	shCd19	0	0	0	0	1	0
5	24707569	24707888	1	memory	0	0	0	1	0	0
5	24842201	24842580	1	shRunx3	0	0	0	0	0	1
5	25515175	25515423	1	shRunx3	0	0	0	0	0	1
5	27079771	27079974	1	shRunx3	0	0	0	0	0	1
5	27655878	27656265	1	terminal	0	0	1	0	0	0
5	28042695	28042920	1	shRunx3	0	0	0	0	0	1
5	28070879	28071397	1	shCd19	0	0	0	0	1	0
5	28394445	28394771	1	memory	0	0	0	1	0	0
5	28662216	28662500	1	early	1	0	0	0	0	0
5	29154341	29154596	1	terminal	0	0	1	0	0	0
5	29321276	29321805	1	shRunx3	0	0	0	0	0	1
5	29737986	29738398	1	shCd19	0	0	0	0	1	0
5	30031260	30031636	1	shRunx3	0	0	0	0	0	1
5	30125892	30126154	1	memory	0	0	0	1	0	0
5	30207700	30208098	1	terminal	0	0	1	0	0	0
5	30232416	30232660	1	shRunx3	0	0	0	0	0	1
5	30666418	30667115	1	shCd19	0	0	0	0	1	0
5	30679887	30680173	1	late	0	1	0	0	0	0
5	30846699	30846911	1	shRunx3	0	0	0	0	0	1
5	30949613	30950228	1	shCd19	0	0	0	0	1	0
5	31233320	31233564	1	memory	0	0	0	1	0	0
5	31517635	31517898	1	shRunx3	0	0	0	0	0	1
5	31576748	31577517	1	shRunx3	0	0	0	0	0	1
5	31686421	31686621	1	shRunx3	0	0	0	0	0	1
5	31853352	31853665	1	memory	0	0	0	1	0	0
5	32104062	32104593	1	shCd19	0	0	0	0	1	0
5	32148388	32148462	1	shCd19	0	0	0	0	1	0
5	32148462	32148773	2	shCd19,shRunx3	0	0	0	0	1	1
5	32148773	32148977	1	shCd19	0	0	0	0	1	0
5	32163281	32163639	1	memory	0	0	0	1	0	0
5	33038382	33039561	1	shCd19	0	0	0	0	1	0
5	33215638	33215889	1	shRunx3	0	0	0	0	0	1
5	33305102	33305356	1	early	1	0	0	0	0	0
5	33389008	33389525	1	late	0	1	0	0	0	0
5	33593839	33594186	1	early	1	0	0	0	0	0
5	33628920	33629313	1	shCd19	0	0	0	0	1	0
5	33629313	33629348	2	late,shCd19	0	1	0	0	1	0
5	33629348	33629619	3	late,shCd19,shRunx3	0	1	0	0	1	1
5	33629619	33629770	2	shCd19,shRunx3	0	0	0	0	1	1
5	33629770	33629938	1	shCd19	0	0	0	0	1	0
5	33651826	33652089	1	shCd19	0	0	0	0	1	0
5	33652089	33652345	2	shCd19,shRunx3	0	0	0	0	1	1
5	33652345	33652897	1	shCd19	0	0	0	0	1	0
5	33657404	33657457	1	shCd19	0	0	0	0	1	0
5	33657457	33657731	2	shCd19,shRunx3	0	0	0	0	1	1
5	33657731	33657815	3	terminal,shCd19,shRunx3	0	0	1	0	1	1
5	33657815	33658033	4	late,terminal,shCd19,shRunx3	0	1	1	0	1	1
5	33658033	33658356	5	early,late,terminal,shCd19,shRunx3	1	1	1	0	1	1
5	33658356	33658362	4	early,late,shCd19,shRunx3	1	1	0	0	1	1
5	33658362	33658388	3	late,shCd19,shRunx3	0	1	0	0	1	1
5	33658388	33658609	2	shCd19,shRunx3	0	0	0	0	1	1
5	33658609	33658652	1	shRunx3	0	0	0	0	0	1
5	33869056	33869413	1	late	0	1	0	0	0	0
5	34076495	34076789	1	shRunx3	0	0	0	0	0	1
5	34108730	34108992	1	shRunx3	0	0	0	0	0	1
5	34169173	34169492	1	shCd19	0	0	0	0	1	0
5	34169492	34169752	2	terminal,shCd19	0	0	1	0	1	0
5	34169752	34169817	1	shCd19	0	0	0	0	1	0
5	34187710	34188128	1	shCd19	0	0	0	0	1	0
5	34196326	34196883	1	shCd19	0	0	0	0	1	0
5	34198729	34199086	1	shCd19	0	0	0	0	1	0
5	34513689	34514387	1	shCd19	0	0	0	0	1	0
5	34570714	34571024	1	memory	0	0	0	1	0	0
5	34573000	34573335	1	shRunx3	0	0	0	0	0	1
5	34573335	34573666	2	shCd19,shRunx3	0	0	0	0	1	1
5	34573666	34573960	1	shCd19	0	0	0	0	1	0
5	34659852	34660909	1	shCd19	0	0	0	0	1	0
5	35166057	35166458	1	shCd19	0	0	0	0	1	0
5	35176317	35176637	1	shCd19	0	0	0	0	1	0
5	35466651	35467057	1	shRunx3	0	0	0	0	0	1
5	35819784	35820232	1	shCd19	0	0	0	0	1	0
5	35834207	35834456	1	shRunx3	0	0	0	0	0	1
5	36484376	36484719	1	shCd19	0	0	0	0	1	0
5	36507856	36508226	1	late	0	1	0	0	0	0
5	36695632	36695941	1	shRunx3	0	0	0	0	0	1
5	37050804	37051277	1	shCd19	0	0	0	0	1	0
5	37051277	37052047	2	shCd19,shRunx3	0	0	0	0	1	1
5	37052047	37052052	1	shRunx3	0	0	0	0	0	1
5	37066665	37066877	1	shCd19	0	0	0	0	1	0
5	37066877	37066909	2	terminal,shCd19	0	0	1	0	1	0
5	37066909	37067304	3	terminal,shCd19,shRunx3	0	0	1	0	1	1
5	37067304	37067687	2	shCd19,shRunx3	0	0	0	0	1	1
5	37067687	37067758	1	shRunx3	0	0	0	0	0	1
5	37547822	37548018	1	shCd19	0	0	0	0	1	0
5	38146473	38146849	1	shRunx3	0	0	0	0	0	1
5	38217891	38218200	1	shCd19	0	0	0	0	1	0
5	38219926	38220152	1	shCd19	0	0	0	0	1	0
5	39165586	39166030	1	memory	0	0	0	1	0	0
5	39247784	39248059	1	terminal	0	0	1	0	0	0
5	39346838	39347102	1	early	1	0	0	0	0	0
5	40396399	40396687	1	terminal	0	0	1	0	0	0
5	41297993	41298376	1	terminal	0	0	1	0	0	0
5	41428154	41428392	1	terminal	0	0	1	0	0	0
5	41843635	41844382	1	shCd19	0	0	0	0	1	0
5	42213840	42214143	1	terminal	0	0	1	0	0	0
5	42229984	42230327	1	terminal	0	0	1	0	0	0
5	42332319	42332561	1	memory	0	0	0	1	0	0
5	42334700	42335338	1	late	0	1	0	0	0	0
5	42422460	42423243	1	late	0	1	0	0	0	0
5	42893268	42893585	1	memory	0	0	0	1	0	0
5	43040890	43041202	1	terminal	0	0	1	0	0	0
5	43134379	43134713	1	shRunx3	0	0	0	0	0	1
5	43189181	43189478	1	shRunx3	0	0	0	0	0	1
5	43593210	43593503	1	early	1	0	0	0	0	0
5	43824156	43824969	1	shCd19	0	0	0	0	1	0
5	44302486	44302719	1	shRunx3	0	0	0	0	0	1
5	45330144	45330426	1	shRunx3	0	0	0	0	0	1
5	45435273	45435493	1	shCd19	0	0	0	0	1	0
5	45450191	45450588	1	shRunx3	0	0	0	0	0	1
5	45621388	45621755	1	terminal	0	0	1	0	0	0
5	45790400	45790662	1	early	1	0	0	0	0	0
5	45799021	45799501	1	shRunx3	0	0	0	0	0	1
5	45965474	45965787	1	late	0	1	0	0	0	0
5	46146137	46146505	1	late	0	1	0	0	0	0
5	46171224	46171516	1	early	1	0	0	0	0	0
5	46428735	46429034	1	shRunx3	0	0	0	0	0	1
5	46432984	46433351	1	late	0	1	0	0	0	0
5	46588144	46588437	1	shCd19	0	0	0	0	1	0
5	47136036	47136551	1	shCd19	0	0	0	0	1	0
5	47149001	47149376	1	memory	0	0	0	1	0	0
5	47205487	47205846	1	early	1	0	0	0	0	0
5	47220013	47220243	1	shCd19	0	0	0	0	1	0
5	48674856	48675400	1	shRunx3	0	0	0	0	0	1
5	48746441	48746822	1	terminal	0	0	1	0	0	0
5	48871718	48872063	1	shRunx3	0	0	0	0	0	1
5	49220780	49221134	1	shRunx3	0	0	0	0	0	1
5	50036996	50037299	1	late	0	1	0	0	0	0
5	50399509	50399788	1	late	0	1	0	0	0	0
5	50493020	50493466	1	terminal	0	0	1	0	0	0
5	50629576	50630166	1	shRunx3	0	0	0	0	0	1
5	52291584	52291876	1	shRunx3	0	0	0	0	0	1
5	52830133	52830382	1	terminal	0	0	1	0	0	0
5	53490734	53491351	1	shCd19	0	0	0	0	1	0
5	53818537	53818903	1	terminal	0	0	1	0	0	0
5	53886608	53887038	1	shRunx3	0	0	0	0	0	1
5	53994577	53994663	1	shCd19	0	0	0	0	1	0
5	53994663	53995255	2	shCd19,shRunx3	0	0	0	0	1	1
5	53995255	53995441	1	shCd19	0	0	0	0	1	0
5	54100238	54100537	1	late	0	1	0	0	0	0
5	54101160	54101241	1	shCd19	0	0	0	0	1	0
5	54101241	54101494	2	shCd19,shRunx3	0	0	0	0	1	1
5	54101494	54101541	1	shCd19	0	0	0	0	1	0
5	54569772	54570237	1	shCd19	0	0	0	0	1	0
5	54693471	54693833	1	early	1	0	0	0	0	0
5	54798529	54799214	1	shRunx3	0	0	0	0	0	1
5	55002049	55002335	1	shCd19	0	0	0	0	1	0
5	56073601	56073897	1	terminal	0	0	1	0	0	0
5	56333386	56334194	1	terminal	0	0	1	0	0	0
5	56672437	56672938	1	shRunx3	0	0	0	0	0	1
5	57060709	57060988	1	terminal	0	0	1	0	0	0
5	57176763	57177129	1	memory	0	0	0	1	0	0
5	57184389	57185220	1	late	0	1	0	0	0	0
5	57468068	57468429	1	memory	0	0	0	1	0	0
5	57757172	57757456	1	memory	0	0	0	1	0	0
5	57818394	57818707	1	shRunx3	0	0	0	0	0	1
5	57911757	57912002	1	memory	0	0	0	1	0	0
5	58444385	58445112	1	late	0	1	0	0	0	0
5	58562268	58562565	1	memory	0	0	0	1	0	0
5	58574003	58574458	1	early	1	0	0	0	0	0
5	58739809	58740048	1	shCd19	0	0	0	0	1	0
5	59078964	59079361	1	late	0	1	0	0	0	0
5	59761632	59762173	1	late	0	1	0	0	0	0
5	60608399	60608948	1	memory	0	0	0	1	0	0
5	62365599	62365904	1	shRunx3	0	0	0	0	0	1
5	62574327	62574641	1	shCd19	0	0	0	0	1	0
5	62710759	62710976	1	shCd19	0	0	0	0	1	0
5	62771804	62772453	1	shCd19	0	0	0	0	1	0
5	62790973	62791108	1	shCd19	0	0	0	0	1	0
5	62791108	62791392	2	terminal,shCd19	0	0	1	0	1	0
5	62791392	62791415	1	shCd19	0	0	0	0	1	0
5	62825014	62825378	1	memory	0	0	0	1	0	0
5	62857924	62858804	1	shRunx3	0	0	0	0	0	1
5	63445318	63445857	1	terminal	0	0	1	0	0	0
5	63819693	63819984	1	terminal	0	0	1	0	0	0
5	63895926	63896440	1	terminal	0	0	1	0	0	0
5	64389359	64390035	1	shCd19	0	0	0	0	1	0
5	64490590	64490866	1	early	1	0	0	0	0	0
5	64651288	64651658	1	shCd19	0	0	0	0	1	0
5	64760565	64760882	1	terminal	0	0	1	0	0	0
5	64959040	64959834	1	shCd19	0	0	0	0	1	0
5	64968480	64968760	1	shCd19	0	0	0	0	1	0
5	64989892	64990245	1	shCd19	0	0	0	0	1	0
5	65199277	65199764	1	shRunx3	0	0	0	0	0	1
5	65435637	65436267	1	shCd19	0	0	0	0	1	0
5	65492486	65492512	1	shCd19	0	0	0	0	1	0
5	65492512	65492833	2	shCd19,shRunx3	0	0	0	0	1	1
5	65492833	65492862	1	shCd19	0	0	0	0	1	0
5	65493676	65493954	1	shRunx3	0	0	0	0	0	1
5	65516670	65516905	1	shRunx3	0	0	0	0	0	1
5	65986597	65986963	1	shCd19	0	0	0	0	1	0
5	66048793	66049094	1	shCd19	0	0	0	0	1	0
5	66074657	66075128	1	shRunx3	0	0	0	0	0	1
5	66075128	66075359	2	shCd19,shRunx3	0	0	0	0	1	1
5	66075359	66075427	1	shRunx3	0	0	0	0	0	1
5	66137576	66137936	1	late	0	1	0	0	0	0
5	66172926	66173325	1	terminal	0	0	1	0	0	0
5	66193200	66194056	1	shCd19	0	0	0	0	1	0
5	66199932	66200276	1	shCd19	0	0	0	0	1	0
5	67072419	67072869	1	terminal	0	0	1	0	0	0
5	67394155	67394751	1	shCd19	0	0	0	0	1	0
5	67395244	67395584	1	shCd19	0	0	0	0	1	0
5	67419317	67419863	1	shCd19	0	0	0	0	1	0
5	67536035	67536453	1	late	0	1	0	0	0	0
5	67847212	67847794	1	early	1	0	0	0	0	0
5	67862560	67862905	1	late	0	1	0	0	0	0
5	67874621	67874879	1	early	1	0	0	0	0	0
5	68551016	68551220	1	shRunx3	0	0	0	0	0	1
5	68911724	68912057	1	shCd19	0	0	0	0	1	0
5	69016339	69016743	1	terminal	0	0	1	0	0	0
5	69502830	69503317	1	memory	0	0	0	1	0	0
5	69557508	69557848	1	shCd19	0	0	0	0	1	0
5	69606869	69607252	1	memory	0	0	0	1	0	0
5	70407567	70408075	1	memory	0	0	0	1	0	0
5	70531135	70531460	1	memory	0	0	0	1	0	0
5	70536968	70537250	1	memory	0	0	0	1	0	0
5	71112344	71112648	1	terminal	0	0	1	0	0	0
5	71397976	71398189	1	shRunx3	0	0	0	0	0	1
5	71491337	71491777	1	early	1	0	0	0	0	0
5	71660463	71660718	1	early	1	0	0	0	0	0
5	72066352	72066674	1	memory	0	0	0	1	0	0
5	72559388	72559692	1	shCd19	0	0	0	0	1	0
5	72634553	72634918	1	shCd19	0	0	0	0	1	0
5	72634918	72635249	2	shCd19,shRunx3	0	0	0	0	1	1
5	72635249	72635362	1	shCd19	0	0	0	0	1	0
5	72749412	72749901	1	shRunx3	0	0	0	0	0	1
5	72761197	72761517	1	memory	0	0	0	1	0	0
5	73025026	73025232	1	shCd19	0	0	0	0	1	0
5	73193751	73194485	1	shCd19	0	0	0	0	1	0
5	73236762	73237272	1	shCd19	0	0	0	0	1	0
5	73256356	73257248	1	shCd19	0	0	0	0	1	0
5	73501151	73501534	1	late	0	1	0	0	0	0
5	73671915	73672199	1	memory	0	0	0	1	0	0
5	73941607	73942041	1	shRunx3	0	0	0	0	0	1
5	74161094	74161322	1	shRunx3	0	0	0	0	0	1
5	74313525	74313773	1	memory	0	0	0	1	0	0
5	75261282	75261694	1	memory	0	0	0	1	0	0
5	75829949	75830201	1	memory	0	0	0	1	0	0
5	75902494	75902741	1	shCd19	0	0	0	0	1	0
5	76470495	76470693	1	shRunx3	0	0	0	0	0	1
5	76586031	76586729	1	shCd19	0	0	0	0	1	0
5	76683077	76683539	1	shRunx3	0	0	0	0	0	1
5	76951011	76951992	1	shCd19	0	0	0	0	1	0
5	76960997	76961280	1	late	0	1	0	0	0	0
5	77014832	77015093	1	memory	0	0	0	1	0	0
5	77140130	77140599	1	shCd19	0	0	0	0	1	0
5	77144827	77144832	1	shCd19	0	0	0	0	1	0
5	77144832	77145163	2	shCd19,shRunx3	0	0	0	0	1	1
5	77145163	77145271	1	shCd19	0	0	0	0	1	0
5	77196306	77196514	1	shRunx3	0	0	0	0	0	1
5	77211752	77212238	1	shCd19	0	0	0	0	1	0
5	77246073	77246489	1	shRunx3	0	0	0	0	0	1
5	77252305	77252666	1	shCd19	0	0	0	0	1	0
5	77618116	77618560	1	shCd19	0	0	0	0	1	0
5	77648285	77648673	1	early	1	0	0	0	0	0
5	77763502	77763998	1	memory	0	0	0	1	0	0
5	77941875	77942287	1	early	1	0	0	0	0	0
5	79121839	79122452	1	shRunx3	0	0	0	0	0	1
5	79169240	79169577	1	late	0	1	0	0	0	0
5	79217799	79218215	1	late	0	1	0	0	0	0
5	80479617	80479837	1	shRunx3	0	0	0	0	0	1
5	80539162	80539434	1	memory	0	0	0	1	0	0
5	80581850	80582156	1	shRunx3	0	0	0	0	0	1
5	81123869	81124399	1	memory	0	0	0	1	0	0
5	81301404	81301678	1	memory	0	0	0	1	0	0
5	81546621	81547094	1	terminal	0	0	1	0	0	0
5	82414233	82414472	1	shRunx3	0	0	0	0	0	1
5	82610682	82611082	1	memory	0	0	0	1	0	0
5	82746438	82746786	1	terminal	0	0	1	0	0	0
5	82851414	82851689	1	memory	0	0	0	1	0	0
5	83486392	83486657	1	early	1	0	0	0	0	0
5	85963602	85963857	1	early	1	0	0	0	0	0
5	86025066	86025357	1	terminal	0	0	1	0	0	0
5	86253204	86253500	1	memory	0	0	0	1	0	0
5	87302260	87302509	1	memory	0	0	0	1	0	0
5	87590736	87591357	1	memory	0	0	0	1	0	0
5	88420956	88421153	1	shCd19	0	0	0	0	1	0
5	88766547	88766746	1	shRunx3	0	0	0	0	0	1
5	89337854	89338328	1	late	0	1	0	0	0	0
5	90460941	90461373	1	late	0	1	0	0	0	0
5	91023132	91023370	1	shRunx3	0	0	0	0	0	1
5	91962109	91963029	1	shCd19	0	0	0	0	1	0
5	92647344	92647624	1	shRunx3	0	0	0	0	0	1
5	92676724	92677033	1	shCd19	0	0	0	0	1	0
5	93201101	93201348	1	memory	0	0	0	1	0	0
5	96023632	96024020	1	memory	0	0	0	1	0	0
5	96948675	96949654	1	shCd19	0	0	0	0	1	0
5	97001484	97001996	1	shCd19	0	0	0	0	1	0
5	97529868	97530241	1	memory	0	0	0	1	0	0
5	97570187	97570599	1	memory	0	0	0	1	0	0
5	98241456	98241743	1	shCd19	0	0	0	0	1	0
5	98344989	98345494	1	shRunx3	0	0	0	0	0	1
5	98542126	98542385	1	memory	0	0	0	1	0	0
5	98922342	98922642	1	memory	0	0	0	1	0	0
5	100039640	100039688	1	shCd19	0	0	0	0	1	0
5	100039688	100040023	2	memory,shCd19	0	0	0	1	1	0
5	100040023	100040693	1	shCd19	0	0	0	0	1	0
5	100317806	100318080	1	terminal	0	0	1	0	0	0
5	100429102	100429692	1	shCd19	0	0	0	0	1	0
5	100429692	100429958	2	memory,shCd19	0	0	0	1	1	0
5	100429958	100430045	1	memory	0	0	0	1	0	0
5	100694115	100694448	1	shRunx3	0	0	0	0	0	1
5	101522305	101522764	1	shRunx3	0	0	0	0	0	1
5	101774110	101774527	1	shRunx3	0	0	0	0	0	1
5	102451499	102451901	1	memory	0	0	0	1	0	0
5	102671769	102672047	1	shRunx3	0	0	0	0	0	1
5	102820478	102821088	1	early	1	0	0	0	0	0
5	103658194	103658737	1	late	0	1	0	0	0	0
5	103787417	103787935	1	memory	0	0	0	1	0	0
5	104079479	104079872	1	terminal	0	0	1	0	0	0
5	104115070	104115339	1	terminal	0	0	1	0	0	0
5	104740319	104740634	1	early	1	0	0	0	0	0
5	104829533	104830087	1	terminal	0	0	1	0	0	0
5	105192478	105192701	1	shCd19	0	0	0	0	1	0
5	105203879	105204131	1	shRunx3	0	0	0	0	0	1
5	105511247	105511707	1	shCd19	0	0	0	0	1	0
5	105515561	105516079	1	shCd19	0	0	0	0	1	0
5	105518997	105519787	1	shCd19	0	0	0	0	1	0
5	105556208	105556393	1	shCd19	0	0	0	0	1	0
5	105556393	105556647	2	shCd19,shRunx3	0	0	0	0	1	1
5	105556647	105556676	1	shRunx3	0	0	0	0	0	1
5	105609293	105609546	1	shCd19	0	0	0	0	1	0
5	105609546	105610028	2	late,shCd19	0	1	0	0	1	0
5	105610028	105610067	1	late	0	1	0	0	0	0
5	105649134	105649926	1	shCd19	0	0	0	0	1	0
5	105743664	105744114	1	memory	0	0	0	1	0	0
5	105840011	105840348	1	shRunx3	0	0	0	0	0	1
5	106240386	106240716	1	shRunx3	0	0	0	0	0	1
5	106271607	106271926	1	shRunx3	0	0	0	0	0	1
5	107481169	107481598	1	terminal	0	0	1	0	0	0
5	107725991	107726332	1	shCd19	0	0	0	0	1	0
5	107946537	107946871	1	shRunx3	0	0	0	0	0	1
5	107952791	107953081	1	shCd19	0	0	0	0	1	0
5	108310497	108310732	1	shRunx3	0	0	0	0	0	1
5	108376662	108377006	1	memory	0	0	0	1	0	0
5	108554293	108554581	1	memory	0	0	0	1	0	0
5	109288809	109289026	1	shRunx3	0	0	0	0	0	1
5	109349106	109349676	1	memory	0	0	0	1	0	0
5	109451567	109451767	1	shRunx3	0	0	0	0	0	1
5	109557022	109557739	1	shCd19	0	0	0	0	1	0
5	109557739	109558665	2	shCd19,shRunx3	0	0	0	0	1	1
5	109558665	109558776	1	shRunx3	0	0	0	0	0	1
5	109656520	109656906	1	memory	0	0	0	1	0	0
5	109866252	109866412	1	shCd19	0	0	0	0	1	0
5	109866412	109866619	2	shCd19,shRunx3	0	0	0	0	1	1
5	109866619	109866929	1	shCd19	0	0	0	0	1	0
5	109880814	109881162	1	memory	0	0	0	1	0	0
5	110839540	110839576	1	shCd19	0	0	0	0	1	0
5	110839576	110839990	2	shCd19,shRunx3	0	0	0	0	1	1
5	110839990	110840101	1	shCd19	0	0	0	0	1	0
5	110916758	110917124	1	terminal	0	0	1	0	0	0
5	110972303	110972697	1	early	1	0	0	0	0	0
5	111396301	111396586	1	early	1	0	0	0	0	0
5	112054682	112054962	1	shRunx3	0	0	0	0	0	1
5	112094158	112094584	1	shCd19	0	0	0	0	1	0
5	112242208	112242892	1	shCd19	0	0	0	0	1	0
5	112253110	112253545	1	shRunx3	0	0	0	0	0	1
5	112270709	112271470	1	shCd19	0	0	0	0	1	0
5	112275268	112275576	1	shCd19	0	0	0	0	1	0
5	112296137	112296196	1	shCd19	0	0	0	0	1	0
5	112296196	112296449	2	shCd19,shRunx3	0	0	0	0	1	1
5	112296449	112296539	1	shRunx3	0	0	0	0	0	1
5	112325124	112325134	1	early	1	0	0	0	0	0
5	112325134	112325422	2	early,shCd19	1	0	0	0	1	0
5	112325422	112326053	1	shCd19	0	0	0	0	1	0
5	112709495	112709741	1	shRunx3	0	0	0	0	0	1
5	113538770	113540101	1	shCd19	0	0	0	0	1	0
5	113825446	113826072	1	shCd19	0	0	0	0	1	0
5	113826723	113827043	1	shCd19	0	0	0	0	1	0
5	113842158	113842926	1	shCd19	0	0	0	0	1	0
5	113857450	113857972	1	shRunx3	0	0	0	0	0	1
5	114071229	114071463	1	shRunx3	0	0	0	0	0	1
5	114130778	114131125	1	shCd19	0	0	0	0	1	0
5	114353802	114354471	1	shRunx3	0	0	0	0	0	1
5	114823057	114823568	1	shCd19	0	0	0	0	1	0
5	114896522	114897241	1	shCd19	0	0	0	0	1	0
5	115158182	115158766	1	shCd19	0	0	0	0	1	0
5	115218822	115219267	1	shCd19	0	0	0	0	1	0
5	115341274	115341640	1	late	0	1	0	0	0	0
5	115488929	115488975	1	terminal	0	0	1	0	0	0
5	115488975	115489880	2	terminal,shCd19	0	0	1	0	1	0
5	115489880	115490504	1	shCd19	0	0	0	0	1	0
5	115516619	115517059	1	shRunx3	0	0	0	0	0	1
5	115711858	115712198	1	shCd19	0	0	0	0	1	0
5	115716318	115716576	1	shCd19	0	0	0	0	1	0
5	115744727	115745057	1	terminal	0	0	1	0	0	0
5	116197865	116198105	1	shRunx3	0	0	0	0	0	1
5	116393202	116393540	1	memory	0	0	0	1	0	0
5	116730846	116731126	1	shCd19	0	0	0	0	1	0
5	117159474	117159795	1	shCd19	0	0	0	0	1	0
5	118244823	118245451	1	shCd19	0	0	0	0	1	0
5	118359345	118360515	1	shCd19	0	0	0	0	1	0
5	118361439	118362370	1	shCd19	0	0	0	0	1	0
5	118477836	118477902	1	terminal	0	0	1	0	0	0
5	118477902	118478190	2	terminal,shCd19	0	0	1	0	1	0
5	118478190	118478695	1	shCd19	0	0	0	0	1	0
5	119213482	119213917	1	early	1	0	0	0	0	0
5	119332046	119332414	1	late	0	1	0	0	0	0
5	119389498	119389825	1	late	0	1	0	0	0	0
5	120110159	120110398	1	terminal	0	0	1	0	0	0
5	120130075	120130510	1	shCd19	0	0	0	0	1	0
5	120210849	120211343	1	late	0	1	0	0	0	0
5	120622452	120622730	1	shCd19	0	0	0	0	1	0
5	120685899	120686145	1	shCd19	0	0	0	0	1	0
5	120775469	120776151	1	shCd19	0	0	0	0	1	0
5	121028701	121029047	1	terminal	0	0	1	0	0	0
5	121095241	121095525	1	shRunx3	0	0	0	0	0	1
5	121191523	121191778	1	shCd19	0	0	0	0	1	0
5	122131251	122131802	1	shCd19	0	0	0	0	1	0
5	122163157	122163549	1	shCd19	0	0	0	0	1	0
5	122219918	122220263	1	shCd19	0	0	0	0	1	0
5	122220263	122220444	2	shCd19,shRunx3	0	0	0	0	1	1
5	122220444	122220460	1	shRunx3	0	0	0	0	0	1
5	122288580	122289014	1	shCd19	0	0	0	0	1	0
5	122372019	122372358	1	shCd19	0	0	0	0	1	0
5	122372358	122372831	2	memory,shCd19	0	0	0	1	1	0
5	122372831	122373015	1	shCd19	0	0	0	0	1	0
5	122646044	122646375	1	terminal	0	0	1	0	0	0
5	122779482	122779934	1	shCd19	0	0	0	0	1	0
5	122885104	122885324	1	shCd19	0	0	0	0	1	0
5	122988582	122989599	1	shCd19	0	0	0	0	1	0
5	122994228	122994724	1	shCd19	0	0	0	0	1	0
5	123128645	123129557	1	shCd19	0	0	0	0	1	0
5	123132298	123132372	1	shCd19	0	0	0	0	1	0
5	123132372	123132646	2	terminal,shCd19	0	0	1	0	1	0
5	123132646	123133021	1	shCd19	0	0	0	0	1	0
5	123141128	123141398	1	shRunx3	0	0	0	0	0	1
5	123149619	123150254	1	shRunx3	0	0	0	0	0	1
5	123394462	123394727	1	shCd19	0	0	0	0	1	0
5	123976013	123976269	1	shRunx3	0	0	0	0	0	1
5	124034278	124034369	1	shCd19	0	0	0	0	1	0
5	124034369	124034668	2	shCd19,shRunx3	0	0	0	0	1	1
5	124034668	124034893	1	shCd19	0	0	0	0	1	0
5	124035518	124036061	1	shRunx3	0	0	0	0	0	1
5	124078459	124078976	1	memory	0	0	0	1	0	0
5	124327705	124327806	1	shCd19	0	0	0	0	1	0
5	124327806	124328168	2	shCd19,shRunx3	0	0	0	0	1	1
5	124328168	124328232	1	shRunx3	0	0	0	0	0	1
5	124425739	124425968	1	shCd19	0	0	0	0	1	0
5	124439414	124440167	1	shCd19	0	0	0	0	1	0
5	124483259	124483591	1	shRunx3	0	0	0	0	0	1
5	124510029	124510270	1	shRunx3	0	0	0	0	0	1
5	124637207	124637851	1	shCd19	0	0	0	0	1	0
5	124862233	124862240	1	shRunx3	0	0	0	0	0	1
5	124862240	124862513	2	shCd19,shRunx3	0	0	0	0	1	1
5	124862513	124862551	1	shRunx3	0	0	0	0	0	1
5	124889379	124889814	1	shRunx3	0	0	0	0	0	1
5	125052703	125053191	1	shRunx3	0	0	0	0	0	1
5	125221306	125221756	1	late	0	1	0	0	0	0
5	125833658	125834175	1	shRunx3	0	0	0	0	0	1
5	126146880	126147225	1	shRunx3	0	0	0	0	0	1
5	126248197	126248419	1	shRunx3	0	0	0	0	0	1
5	127490932	127491277	1	late	0	1	0	0	0	0
5	127813786	127814110	1	early	1	0	0	0	0	0
5	127822491	127822822	1	early	1	0	0	0	0	0
5	127841713	127842084	1	terminal	0	0	1	0	0	0
5	128313250	128313520	1	memory	0	0	0	1	0	0
5	129001443	129001739	1	terminal	0	0	1	0	0	0
5	129940884	129941240	1	memory	0	0	0	1	0	0
5	129941269	129941966	1	shCd19	0	0	0	0	1	0
5	130172023	130172646	1	shCd19	0	0	0	0	1	0
5	130351901	130352170	1	memory	0	0	0	1	0	0
5	130619025	130619419	1	shRunx3	0	0	0	0	0	1
5	131517165	131517726	1	late	0	1	0	0	0	0
5	131891482	131891880	1	shCd19	0	0	0	0	1	0
5	132242199	132242446	1	terminal	0	0	1	0	0	0
5	133406615	133406893	1	late	0	1	0	0	0	0
5	133408244	133408528	1	memory	0	0	0	1	0	0
5	133889434	133889712	1	memory	0	0	0	1	0	0
5	134184191	134185161	1	shCd19	0	0	0	0	1	0
5	134236590	134237008	1	shCd19	0	0	0	0	1	0
5	134269276	134270506	1	shCd19	0	0	0	0	1	0
5	135009155	135009166	1	shCd19	0	0	0	0	1	0
5	135009166	135009684	2	shCd19,shRunx3	0	0	0	0	1	1
5	135009684	135009880	3	terminal,shCd19,shRunx3	0	0	1	0	1	1
5	135009880	135009935	2	terminal,shCd19	0	0	1	0	1	0
5	135024833	135024841	1	shCd19	0	0	0	0	1	0
5	135024841	135025178	2	shCd19,shRunx3	0	0	0	0	1	1
5	135025178	135025551	1	shCd19	0	0	0	0	1	0
5	135537199	135538694	1	shCd19	0	0	0	0	1	0
5	135702659	135703366	1	shCd19	0	0	0	0	1	0
5	135955674	135955903	1	shCd19	0	0	0	0	1	0
5	135955903	135956662	2	late,shCd19	0	1	0	0	1	0
5	135956662	135956691	1	shCd19	0	0	0	0	1	0
5	135962279	135962469	1	shCd19	0	0	0	0	1	0
5	135962469	135962865	2	shCd19,shRunx3	0	0	0	0	1	1
5	135962865	135963083	1	shCd19	0	0	0	0	1	0
5	136149008	136149387	1	shCd19	0	0	0	0	1	0
5	136170502	136170782	1	terminal	0	0	1	0	0	0
5	136170782	136171738	2	terminal,shCd19	0	0	1	0	1	0
5	136171738	136171982	1	shCd19	0	0	0	0	1	0
5	136961834	136962012	1	shRunx3	0	0	0	0	0	1
5	136962012	136962358	2	shCd19,shRunx3	0	0	0	0	1	1
5	136962358	136962368	1	shCd19	0	0	0	0	1	0
5	137082877	137083193	1	terminal	0	0	1	0	0	0
5	137463602	137463801	1	shRunx3	0	0	0	0	0	1
5	137535153	137535500	1	shCd19	0	0	0	0	1	0
5	137590537	137590831	1	memory	0	0	0	1	0	0
5	137600338	137600455	1	shCd19	0	0	0	0	1	0
5	137600455	137601075	2	terminal,shCd19	0	0	1	0	1	0
5	137601075	137601275	1	shCd19	0	0	0	0	1	0
5	137628667	137628800	1	shCd19	0	0	0	0	1	0
5	137628800	137629116	2	terminal,shCd19	0	0	1	0	1	0
5	137629116	137629118	1	terminal	0	0	1	0	0	0
5	137684413	137684675	1	shCd19	0	0	0	0	1	0
5	137684675	137684944	2	shCd19,shRunx3	0	0	0	0	1	1
5	137684944	137685158	1	shCd19	0	0	0	0	1	0
5	137692995	137693296	1	shCd19	0	0	0	0	1	0
5	137741333	137741970	1	shCd19	0	0	0	0	1	0
5	137742362	137742835	1	shCd19	0	0	0	0	1	0
5	138085114	138085458	1	shCd19	0	0	0	0	1	0
5	138241050	138241294	1	shRunx3	0	0	0	0	0	1
5	138243716	138243936	1	shRunx3	0	0	0	0	0	1
5	138255700	138256032	1	shCd19	0	0	0	0	1	0
5	138532338	138533225	1	late	0	1	0	0	0	0
5	138541785	138542166	1	terminal	0	0	1	0	0	0
5	138619433	138619699	1	memory	0	0	0	1	0	0
5	138622827	138623148	1	shCd19	0	0	0	0	1	0
5	138942945	138943142	1	shRunx3	0	0	0	0	0	1
5	139166922	139166928	1	shCd19	0	0	0	0	1	0
5	139166928	139166973	2	terminal,shCd19	0	0	1	0	1	0
5	139166973	139167224	3	early,terminal,shCd19	1	0	1	0	1	0
5	139167224	139167259	2	early,shCd19	1	0	0	0	1	0
5	139167259	139167532	1	shCd19	0	0	0	0	1	0
5	139252435	139252455	1	shRunx3	0	0	0	0	0	1
5	139252455	139252690	2	shCd19,shRunx3	0	0	0	0	1	1
5	139252690	139252972	1	shCd19	0	0	0	0	1	0
5	139285423	139285889	1	shRunx3	0	0	0	0	0	1
5	139298800	139298811	1	shCd19	0	0	0	0	1	0
5	139298811	139299663	2	shCd19,shRunx3	0	0	0	0	1	1
5	139299663	139299707	1	shCd19	0	0	0	0	1	0
5	139395286	139395599	1	early	1	0	0	0	0	0
5	139400517	139400917	1	shCd19	0	0	0	0	1	0
5	139434071	139434652	1	late	0	1	0	0	0	0
5	139483325	139483615	2	shCd19,shRunx3	0	0	0	0	1	1
5	139483615	139483624	1	shCd19	0	0	0	0	1	0
5	139516461	139516730	1	terminal	0	0	1	0	0	0
5	139524203	139524475	1	shRunx3	0	0	0	0	0	1
5	139830677	139831109	1	shRunx3	0	0	0	0	0	1
5	140321654	140321962	1	shCd19	0	0	0	0	1	0
5	140517314	140518435	1	shCd19	0	0	0	0	1	0
5	140596508	140597110	1	shCd19	0	0	0	0	1	0
5	140616606	140617023	1	shCd19	0	0	0	0	1	0
5	140728771	140729015	1	terminal	0	0	1	0	0	0
5	140763264	140764519	1	memory	0	0	0	1	0	0
5	140838684	140838960	1	shCd19	0	0	0	0	1	0
5	140872428	140873035	1	shCd19	0	0	0	0	1	0
5	141081782	141081993	1	shRunx3	0	0	0	0	0	1
5	141261811	141262088	1	terminal	0	0	1	0	0	0
5	141347187	141347507	1	early	1	0	0	0	0	0
5	141890323	141890644	1	late	0	1	0	0	0	0
5	142233670	142233916	1	terminal	0	0	1	0	0	0
5	142257891	142258182	1	shRunx3	0	0	0	0	0	1
5	142440187	142441162	1	shCd19	0	0	0	0	1	0
5	142758034	142758335	1	memory	0	0	0	1	0	0
5	142790031	142790287	1	terminal	0	0	1	0	0	0
5	142824300	142824535	1	shRunx3	0	0	0	0	0	1
5	142894818	142895512	1	shCd19	0	0	0	0	1	0
5	142905811	142906216	1	shCd19	0	0	0	0	1	0
5	142920502	142921026	1	shCd19	0	0	0	0	1	0
5	143132646	143132995	1	shCd19	0	0	0	0	1	0
5	143536263	143536955	1	shCd19	0	0	0	0	1	0
5	143732488	143732789	1	shCd19	0	0	0	0	1	0
5	143976076	143976311	1	shCd19	0	0	0	0	1	0
5	144123338	144123907	1	late	0	1	0	0	0	0
5	145203828	145204461	1	shCd19	0	0	0	0	1	0
5	145231138	145231877	1	shCd19	0	0	0	0	1	0
5	145378014	145378523	1	late	0	1	0	0	0	0
5	146220771	146221084	1	shRunx3	0	0	0	0	0	1
5	146803064	146803860	1	terminal	0	0	1	0	0	0
5	146832425	146832850	1	shCd19	0	0	0	0	1	0
5	147079069	147079408	1	memory	0	0	0	1	0	0
5	147150036	147150498	1	terminal	0	0	1	0	0	0
5	147172593	147173001	1	late	0	1	0	0	0	0
5	147212650	147213048	1	late	0	1	0	0	0	0
5	147756514	147756919	1	terminal	0	0	1	0	0	0
5	148140862	148141172	1	shRunx3	0	0	0	0	0	1
5	148342295	148342577	1	shCd19	0	0	0	0	1	0
5	148501480	148501748	2	shCd19,shRunx3	0	0	0	0	1	1
5	148501748	148501763	1	shRunx3	0	0	0	0	0	1
5	148667930	148668415	1	memory	0	0	0	1	0	0
5	148790106	148790589	1	shRunx3	0	0	0	0	0	1
5	148948451	148948815	1	early	1	0	0	0	0	0
5	148953700	148954051	1	memory	0	0	0	1	0	0
5	148976771	148977239	1	shCd19	0	0	0	0	1	0
5	149636059	149636726	1	shCd19	0	0	0	0	1	0
5	149764657	149764949	1	memory	0	0	0	1	0	0
5	150284739	150285179	1	memory	0	0	0	1	0	0
5	151368492	151369300	1	shCd19	0	0	0	0	1	0
6	3699540	3699780	1	shCd19	0	0	0	0	1	0
6	4893770	4894302	1	late	0	1	0	0	0	0
6	5075193	5075468	1	memory	0	0	0	1	0	0
6	5113249	5113478	1	shRunx3	0	0	0	0	0	1
6	5408309	5408662	1	shCd19	0	0	0	0	1	0
6	5675859	5676113	1	shRunx3	0	0	0	0	0	1
6	5709154	5709589	1	shRunx3	0	0	0	0	0	1
6	6231124	6231441	1	terminal	0	0	1	0	0	0
6	6629848	6630191	1	late	0	1	0	0	0	0
6	6639031	6639591	1	shCd19	0	0	0	0	1	0
6	7248146	7248450	1	late	0	1	0	0	0	0
6	7310441	7310798	1	late	0	1	0	0	0	0
6	7828056	7828428	1	shRunx3	0	0	0	0	0	1
6	8004814	8005358	1	shRunx3	0	0	0	0	0	1
6	8239991	8240284	1	late	0	1	0	0	0	0
6	8259088	8259308	1	shCd19	0	0	0	0	1	0
6	8259308	8259433	2	terminal,shCd19	0	0	1	0	1	0
6	8259433	8259621	1	terminal	0	0	1	0	0	0
6	8485524	8486111	1	shCd19	0	0	0	0	1	0
6	8509123	8509401	1	shCd19	0	0	0	0	1	0
6	8640912	8641210	1	terminal	0	0	1	0	0	0
6	9345993	9346307	1	early	1	0	0	0	0	0
6	9705611	9706004	1	memory	0	0	0	1	0	0
6	9901671	9901916	1	memory	0	0	0	1	0	0
6	10039164	10039572	1	shRunx3	0	0	0	0	0	1
6	11258071	11258361	1	memory	0	0	0	1	0	0
6	11282237	11282699	1	late	0	1	0	0	0	0
6	11617401	11617779	1	memory	0	0	0	1	0	0
6	11907217	11908028	1	shCd19	0	0	0	0	1	0
6	12061225	12061703	1	late	0	1	0	0	0	0
6	12546071	12546755	1	terminal	0	0	1	0	0	0
6	12790652	12791035	1	early	1	0	0	0	0	0
6	13313444	13313645	1	shCd19	0	0	0	0	1	0
6	13677707	13678406	1	shCd19	0	0	0	0	1	0
6	13949924	13950248	1	shRunx3	0	0	0	0	0	1
6	13995232	13995744	1	shRunx3	0	0	0	0	0	1
6	14437267	14437688	1	shRunx3	0	0	0	0	0	1
6	14631725	14631984	1	shCd19	0	0	0	0	1	0
6	14769994	14770236	1	shRunx3	0	0	0	0	0	1
6	14929136	14929391	1	memory	0	0	0	1	0	0
6	15792420	15792930	1	late	0	1	0	0	0	0
6	16836009	16836320	1	memory	0	0	0	1	0	0
6	16912608	16913340	1	shRunx3	0	0	0	0	0	1
6	17647252	17647465	1	shRunx3	0	0	0	0	0	1
6	18106348	18106635	1	shRunx3	0	0	0	0	0	1
6	18273037	18273272	1	shRunx3	0	0	0	0	0	1
6	18368566	18368852	1	terminal	0	0	1	0	0	0
6	18602822	18603203	1	terminal	0	0	1	0	0	0
6	19273899	19274159	1	early	1	0	0	0	0	0
6	19455170	19455416	1	shRunx3	0	0	0	0	0	1
6	19590768	19591152	1	terminal	0	0	1	0	0	0
6	19909409	19909697	1	late	0	1	0	0	0	0
6	20554523	20555044	1	late	0	1	0	0	0	0
6	20936792	20937059	1	terminal	0	0	1	0	0	0
6	21641938	21642357	1	memory	0	0	0	1	0	0
6	23342075	23342375	1	late	0	1	0	0	0	0
6	23623100	23623396	1	memory	0	0	0	1	0	0
6	24914589	24914821	1	shRunx3	0	0	0	0	0	1
6	25842069	25842392	1	shRunx3	0	0	0	0	0	1
6	25867582	25867886	1	terminal	0	0	1	0	0	0
6	26045942	26046360	1	shRunx3	0	0	0	0	0	1
6	26196483	26196812	1	late	0	1	0	0	0	0
6	26411899	26412205	1	late	0	1	0	0	0	0
6	26742612	26743117	1	memory	0	0	0	1	0	0
6	26817779	26818242	1	late	0	1	0	0	0	0
6	27228455	27228929	1	terminal	0	0	1	0	0	0
6	27587661	27588115	1	memory	0	0	0	1	0	0
6	27628581	27628991	1	memory	0	0	0	1	0	0
6	27631621	27631978	1	shCd19	0	0	0	0	1	0
6	28160499	28160974	1	memory	0	0	0	1	0	0
6	28226963	28227308	1	terminal	0	0	1	0	0	0
6	28564045	28564431	1	shRunx3	0	0	0	0	0	1
6	28880851	28881128	1	late	0	1	0	0	0	0
6	28897178	28897626	1	shCd19	0	0	0	0	1	0
6	29232067	29232367	1	late	0	1	0	0	0	0
6	29347686	29348334	1	shCd19	0	0	0	0	1	0
6	29467407	29468199	1	shCd19	0	0	0	0	1	0
6	29729210	29729575	1	early	1	0	0	0	0	0
6	29946801	29947375	1	shRunx3	0	0	0	0	0	1
6	30070892	30071255	1	shRunx3	0	0	0	0	0	1
6	30174191	30174508	1	shCd19	0	0	0	0	1	0
6	30347555	30348077	1	shRunx3	0	0	0	0	0	1
6	30687361	30687922	1	shCd19	0	0	0	0	1	0
6	30847400	30847724	1	memory	0	0	0	1	0	0
6	31006977	31007388	1	terminal	0	0	1	0	0	0
6	31126291	31126328	1	shCd19	0	0	0	0	1	0
6	31126328	31126756	2	shCd19,shRunx3	0	0	0	0	1	1
6	31126756	31127191	1	shCd19	0	0	0	0	1	0
6	31201307	31202012	1	shCd19	0	0	0	0	1	0
6	31621873	31622741	1	shRunx3	0	0	0	0	0	1
6	31756866	31757256	1	memory	0	0	0	1	0	0
6	32402843	32403201	1	shRunx3	0	0	0	0	0	1
6	32754645	32754893	1	memory	0	0	0	1	0	0
6	32847893	32848480	1	terminal	0	0	1	0	0	0
6	32906869	32907170	1	memory	0	0	0	1	0	0
6	32953881	32954177	1	shRunx3	0	0	0	0	0	1
6	33027397	33027670	1	early	1	0	0	0	0	0
6	33038844	33039057	1	shRunx3	0	0	0	0	0	1
6	33432866	33433165	1	shCd19	0	0	0	0	1	0
6	33760607	33760881	1	shCd19	0	0	0	0	1	0
6	34154691	34155071	1	early	1	0	0	0	0	0
6	34287729	34288145	1	early	1	0	0	0	0	0
6	34874724	34875068	1	shCd19	0	0	0	0	1	0
6	34877744	34878592	1	shCd19	0	0	0	0	1	0
6	34911002	34911213	1	shRunx3	0	0	0	0	0	1
6	34915878	34916187	1	shCd19	0	0	0	0	1	0
6	34938130	34938601	1	shRunx3	0	0	0	0	0	1
6	35882751	35883021	1	shRunx3	0	0	0	0	0	1
6	36126963	36127178	1	shRunx3	0	0	0	0	0	1
6	36387989	36388320	1	shRunx3	0	0	0	0	0	1
6	37101103	37101595	1	shRunx3	0	0	0	0	0	1
6	37209021	37209309	1	terminal	0	0	1	0	0	0
6	37211724	37212040	1	shRunx3	0	0	0	0	0	1
6	37475640	37476099	1	shRunx3	0	0	0	0	0	1
6	37821606	37821694	1	shCd19	0	0	0	0	1	0
6	37821694	37822060	2	shCd19,shRunx3	0	0	0	0	1	1
6	37822060	37822259	1	shCd19	0	0	0	0	1	0
6	38534912	38535212	1	shCd19	0	0	0	0	1	0
6	38551836	38552448	1	shCd19	0	0	0	0	1	0
6	38612330	38612640	1	shRunx3	0	0	0	0	0	1
6	38643401	38643668	1	memory	0	0	0	1	0	0
6	38803382	38803691	1	shRunx3	0	0	0	0	0	1
6	38809717	38809747	1	shCd19	0	0	0	0	1	0
6	38809747	38810224	2	terminal,shCd19	0	0	1	0	1	0
6	38810224	38810504	1	shCd19	0	0	0	0	1	0
6	38977822	38978112	1	shRunx3	0	0	0	0	0	1
6	39205104	39205686	1	shCd19	0	0	0	0	1	0
6	39379490	39379506	1	terminal	0	0	1	0	0	0
6	39379506	39380192	2	terminal,shCd19	0	0	1	0	1	0
6	39380192	39380370	1	shCd19	0	0	0	0	1	0
6	41107340	41107707	1	shCd19	0	0	0	0	1	0
6	41112785	41113478	1	shCd19	0	0	0	0	1	0
6	41215706	41216023	1	shCd19	0	0	0	0	1	0
6	41532362	41533162	1	shRunx3	0	0	0	0	0	1
6	41541435	41541859	1	shCd19	0	0	0	0	1	0
6	41573440	41573802	1	terminal	0	0	1	0	0	0
6	41597220	41597506	1	shRunx3	0	0	0	0	0	1
6	42622520	42622733	1	shRunx3	0	0	0	0	0	1
6	43196327	43196754	1	late	0	1	0	0	0	0
6	43219499	43219793	1	late	0	1	0	0	0	0
6	44041655	44042010	1	shCd19	0	0	0	0	1	0
6	44161959	44162356	1	shCd19	0	0	0	0	1	0
6	44970497	44970902	1	late	0	1	0	0	0	0
6	45275128	45275422	1	terminal	0	0	1	0	0	0
6	45312103	45312527	1	shRunx3	0	0	0	0	0	1
6	46160223	46160515	1	memory	0	0	0	1	0	0
6	46607258	46607795	1	terminal	0	0	1	0	0	0
6	47636654	47636655	1	shCd19	0	0	0	0	1	0
6	47636655	47636991	2	shCd19,shRunx3	0	0	0	0	1	1
6	47636991	47637532	1	shCd19	0	0	0	0	1	0
6	47813229	47813685	1	shCd19	0	0	0	0	1	0
6	48419563	48420094	1	early	1	0	0	0	0	0
6	48546048	48546456	1	terminal	0	0	1	0	0	0
6	48611610	48612025	1	late	0	1	0	0	0	0
6	48656205	48656591	1	shCd19	0	0	0	0	1	0
6	48675803	48676387	1	shCd19	0	0	0	0	1	0
6	48706250	48706592	1	late	0	1	0	0	0	0
6	48732554	48732794	1	shCd19	0	0	0	0	1	0
6	48732794	48733320	2	shCd19,shRunx3	0	0	0	0	1	1
6	48733320	48733451	1	shCd19	0	0	0	0	1	0
6	48736981	48737514	1	shCd19	0	0	0	0	1	0
6	48801805	48802458	1	shCd19	0	0	0	0	1	0
6	48847281	48847529	1	memory	0	0	0	1	0	0
6	49259308	49259747	1	late	0	1	0	0	0	0
6	49458748	49458992	1	memory	0	0	0	1	0	0
6	50310866	50311240	1	late	0	1	0	0	0	0
6	50373227	50373474	1	shCd19	0	0	0	0	1	0
6	50381695	50382103	1	shCd19	0	0	0	0	1	0
6	50416437	50416470	1	shCd19	0	0	0	0	1	0
6	50416470	50417338	2	shCd19,shRunx3	0	0	0	0	1	1
6	50417338	50417923	1	shCd19	0	0	0	0	1	0
6	50596593	50596658	1	shCd19	0	0	0	0	1	0
6	50596658	50597042	2	shCd19,shRunx3	0	0	0	0	1	1
6	50597042	50597134	1	shCd19	0	0	0	0	1	0
6	50675776	50676157	1	terminal	0	0	1	0	0	0
6	51104603	51104918	1	late	0	1	0	0	0	0
6	51131442	51131772	1	late	0	1	0	0	0	0
6	51157032	51157343	1	terminal	0	0	1	0	0	0
6	51271011	51271412	1	shCd19	0	0	0	0	1	0
6	51741648	51742482	1	shCd19	0	0	0	0	1	0
6	51804112	51804410	1	memory	0	0	0	1	0	0
6	52660265	52660628	1	memory	0	0	0	1	0	0
6	52794920	52795292	1	late	0	1	0	0	0	0
6	52836001	52836310	1	late	0	1	0	0	0	0
6	53395119	53395375	1	memory	0	0	0	1	0	0
6	53577423	53577859	1	late	0	1	0	0	0	0
6	53868723	53868965	1	terminal	0	0	1	0	0	0
6	54297271	54297551	1	memory	0	0	0	1	0	0
6	54702894	54703427	1	shCd19	0	0	0	0	1	0
6	54925963	54926221	1	terminal	0	0	1	0	0	0
6	54961850	54962080	1	shCd19	0	0	0	0	1	0
6	55792661	55792900	1	terminal	0	0	1	0	0	0
6	55973903	55974569	1	shRunx3	0	0	0	0	0	1
6	56263204	56263403	1	shRunx3	0	0	0	0	0	1
6	57002092	57002618	1	late	0	1	0	0	0	0
6	57534828	57535991	1	shRunx3	0	0	0	0	0	1
6	57702733	57703278	1	shCd19	0	0	0	0	1	0
6	57883462	57883948	1	terminal	0	0	1	0	0	0
6	58113897	58114303	1	memory	0	0	0	1	0	0
6	58236898	58237233	1	shRunx3	0	0	0	0	0	1
6	58832666	58833230	1	shCd19	0	0	0	0	1	0
6	59847573	59847795	1	shRunx3	0	0	0	0	0	1
6	59947614	59948218	1	early	1	0	0	0	0	0
6	60281594	60282123	1	terminal	0	0	1	0	0	0
6	60546265	60546573	1	shRunx3	0	0	0	0	0	1
6	60959750	60960052	1	late	0	1	0	0	0	0
6	61279349	61279674	1	shRunx3	0	0	0	0	0	1
6	61384481	61385242	1	terminal	0	0	1	0	0	0
6	61646465	61646916	1	shRunx3	0	0	0	0	0	1
6	61869904	61870144	1	shRunx3	0	0	0	0	0	1
6	62955660	62955964	1	late	0	1	0	0	0	0
6	63716843	63717280	1	early	1	0	0	0	0	0
6	63823805	63824049	1	terminal	0	0	1	0	0	0
6	63997096	63997504	1	shCd19	0	0	0	0	1	0
6	64139890	64140178	1	memory	0	0	0	1	0	0
6	64392023	64392271	1	memory	0	0	0	1	0	0
6	64523688	64524133	1	late	0	1	0	0	0	0
6	65573387	65573663	1	shCd19	0	0	0	0	1	0
6	65991338	65991608	1	terminal	0	0	1	0	0	0
6	66177812	66178164	1	shRunx3	0	0	0	0	0	1
6	66356845	66357187	1	early	1	0	0	0	0	0
6	66793386	66793588	1	shRunx3	0	0	0	0	0	1
6	66939512	66939916	1	shCd19	0	0	0	0	1	0
6	67014735	67015370	1	late	0	1	0	0	0	0
6	67757432	67757800	1	terminal	0	0	1	0	0	0
6	68706284	68706664	1	memory	0	0	0	1	0	0
6	69196569	69196885	1	shRunx3	0	0	0	0	0	1
6	69701641	69702047	1	terminal	0	0	1	0	0	0
6	70789881	70790177	1	shCd19	0	0	0	0	1	0
6	70824772	70824830	1	shCd19	0	0	0	0	1	0
6	70824830	70825124	2	late,shCd19	0	1	0	0	1	0
6	70825124	70825535	1	shCd19	0	0	0	0	1	0
6	70844015	70844724	1	shRunx3	0	0	0	0	0	1
6	70893681	70894068	1	late	0	1	0	0	0	0
6	71258464	71258726	1	terminal	0	0	1	0	0	0
6	71295725	71296160	1	shRunx3	0	0	0	0	0	1
6	71448282	71448523	1	shRunx3	0	0	0	0	0	1
6	71475856	71476424	1	shCd19	0	0	0	0	1	0
6	71632920	71633026	1	shCd19	0	0	0	0	1	0
6	71633026	71633436	2	shCd19,shRunx3	0	0	0	0	1	1
6	71633436	71633457	1	shCd19	0	0	0	0	1	0
6	71945986	71946363	1	late	0	1	0	0	0	0
6	71980157	71981096	1	shCd19	0	0	0	0	1	0
6	72121988	72122458	1	terminal	0	0	1	0	0	0
6	72362257	72362876	1	shCd19	0	0	0	0	1	0
6	72512576	72512924	1	shCd19	0	0	0	0	1	0
6	72579006	72579344	1	shRunx3	0	0	0	0	0	1
6	72659897	72660194	1	shRunx3	0	0	0	0	0	1
6	72962272	72962298	1	late	0	1	0	0	0	0
6	72962298	72962616	2	late,shCd19	0	1	0	0	1	0
6	72962616	72962988	1	shCd19	0	0	0	0	1	0
6	72993101	72993491	1	shRunx3	0	0	0	0	0	1
6	73248397	73248647	1	shRunx3	0	0	0	0	0	1
6	73415177	73415513	1	early	1	0	0	0	0	0
6	73725649	73725857	1	shRunx3	0	0	0	0	0	1
6	74188370	74188839	1	shRunx3	0	0	0	0	0	1
6	74204474	74204852	1	early	1	0	0	0	0	0
6	74287170	74287386	1	shRunx3	0	0	0	0	0	1
6	74434356	74434760	1	terminal	0	0	1	0	0	0
6	74539653	74539919	1	memory	0	0	0	1	0	0
6	74963449	74963714	1	memory	0	0	0	1	0	0
6	75129829	75130103	1	shCd19	0	0	0	0	1	0
6	75326641	75326897	1	terminal	0	0	1	0	0	0
6	75533899	75534167	1	memory	0	0	0	1	0	0
6	76599001	76599261	1	memory	0	0	0	1	0	0
6	76933304	76933703	1	terminal	0	0	1	0	0	0
6	77547534	77547965	1	shRunx3	0	0	0	0	0	1
6	77591863	77592315	1	terminal	0	0	1	0	0	0
6	78280331	78280538	1	shRunx3	0	0	0	0	0	1
6	78414233	78414693	1	shRunx3	0	0	0	0	0	1
6	78729807	78730084	1	shRunx3	0	0	0	0	0	1
6	79209703	79209967	1	terminal	0	0	1	0	0	0
6	79368158	79368440	1	memory	0	0	0	1	0	0
6	79759833	79760154	1	memory	0	0	0	1	0	0
6	80212081	80212503	1	terminal	0	0	1	0	0	0
6	81609165	81609406	1	terminal	0	0	1	0	0	0
6	82309834	82310044	1	shCd19	0	0	0	0	1	0
6	82652640	82653279	1	shCd19	0	0	0	0	1	0
6	83120538	83121083	1	early	1	0	0	0	0	0
6	83125482	83125757	1	shRunx3	0	0	0	0	0	1
6	83506582	83507361	1	shCd19	0	0	0	0	1	0
6	83564972	83565282	1	memory	0	0	0	1	0	0
6	83818881	83819183	1	shCd19	0	0	0	0	1	0
6	83831577	83832009	1	shRunx3	0	0	0	0	0	1
6	84582621	84582845	1	shRunx3	0	0	0	0	0	1
6	84699343	84699597	1	early	1	0	0	0	0	0
6	84727172	84727522	1	terminal	0	0	1	0	0	0
6	84742591	84742881	1	memory	0	0	0	1	0	0
6	85014526	85014986	1	shRunx3	0	0	0	0	0	1
6	85339236	85339668	1	memory	0	0	0	1	0	0
6	85451278	85451612	1	shRunx3	0	0	0	0	0	1
6	85472749	85473116	1	shRunx3	0	0	0	0	0	1
6	85569969	85570207	1	shRunx3	0	0	0	0	0	1
6	85602654	85603247	1	early	1	0	0	0	0	0
6	85961163	85961206	1	memory	0	0	0	1	0	0
6	85961206	85961220	2	terminal,memory	0	0	1	1	0	0
6	85961220	85961462	3	terminal,memory,shCd19	0	0	1	1	1	0
6	85961462	85961465	2	terminal,shCd19	0	0	1	0	1	0
6	85961465	85961991	1	shCd19	0	0	0	0	1	0
6	86443708	86444271	1	shRunx3	0	0	0	0	0	1
6	86593198	86593784	1	shCd19	0	0	0	0	1	0
6	86607401	86607810	1	shCd19	0	0	0	0	1	0
6	86669183	86669536	1	shRunx3	0	0	0	0	0	1
6	86726180	86726537	1	late	0	1	0	0	0	0
6	86804747	86805070	1	shRunx3	0	0	0	0	0	1
6	86823132	86823213	1	shRunx3	0	0	0	0	0	1
6	86823213	86823235	2	shCd19,shRunx3	0	0	0	0	1	1
6	86823235	86823477	3	terminal,shCd19,shRunx3	0	0	1	0	1	1
6	86823477	86823573	2	terminal,shRunx3	0	0	1	0	0	1
6	86823573	86823768	1	terminal	0	0	1	0	0	0
6	87076638	87076983	1	shRunx3	0	0	0	0	0	1
6	87077021	87077395	1	terminal	0	0	1	0	0	0
6	87152584	87152999	1	shCd19	0	0	0	0	1	0
6	87282854	87283116	1	shRunx3	0	0	0	0	0	1
6	87400923	87401163	1	shRunx3	0	0	0	0	0	1
6	87447194	87448500	1	shCd19	0	0	0	0	1	0
6	87471477	87472044	1	late	0	1	0	0	0	0
6	87502288	87502667	1	shCd19	0	0	0	0	1	0
6	87502667	87503203	2	shCd19,shRunx3	0	0	0	0	1	1
6	87503203	87503478	1	shCd19	0	0	0	0	1	0
6	87540978	87541260	1	shRunx3	0	0	0	0	0	1
6	87838963	87839328	1	shCd19	0	0	0	0	1	0
6	87880921	87881268	1	memory	0	0	0	1	0	0
6	88783020	88783361	1	shRunx3	0	0	0	0	0	1
6	88800578	88800789	1	shRunx3	0	0	0	0	0	1
6	88851899	88852193	1	shCd19	0	0	0	0	1	0
6	89038537	89038995	1	terminal	0	0	1	0	0	0
6	89367852	89368134	1	early	1	0	0	0	0	0
6	89551012	89551257	1	shRunx3	0	0	0	0	0	1
6	90317060	90317359	1	shCd19	0	0	0	0	1	0
6	90350767	90351098	1	early	1	0	0	0	0	0
6	90629896	90630101	1	shRunx3	0	0	0	0	0	1
6	91304525	91304860	1	terminal	0	0	1	0	0	0
6	91345809	91346371	1	late	0	1	0	0	0	0
6	91377877	91378189	1	terminal	0	0	1	0	0	0
6	91406657	91407062	1	terminal	0	0	1	0	0	0
6	91495465	91495706	1	terminal	0	0	1	0	0	0
6	91844939	91845176	1	shRunx3	0	0	0	0	0	1
6	92854898	92855208	1	shRunx3	0	0	0	0	0	1
6	92935966	92936339	1	memory	0	0	0	1	0	0
6	93059228	93059567	1	early	1	0	0	0	0	0
6	93062788	93063170	1	early	1	0	0	0	0	0
6	93389559	93389845	1	memory	0	0	0	1	0	0
6	94157213	94157600	1	shRunx3	0	0	0	0	0	1
6	94404386	94404915	1	late	0	1	0	0	0	0
6	94569744	94570052	1	memory	0	0	0	1	0	0
6	95143749	95144086	1	shRunx3	0	0	0	0	0	1
6	95238600	95238906	1	shRunx3	0	0	0	0	0	1
6	95501517	95501748	1	shRunx3	0	0	0	0	0	1
6	95578732	95579072	1	shCd19	0	0	0	0	1	0
6	95611735	95612164	1	shCd19	0	0	0	0	1	0
6	95711525	95712630	1	shCd19	0	0	0	0	1	0
6	95866300	95866772	1	shRunx3	0	0	0	0	0	1
6	96225972	96226439	1	terminal	0	0	1	0	0	0
6	96383355	96383678	1	shRunx3	0	0	0	0	0	1
6	96542150	96542420	1	memory	0	0	0	1	0	0
6	97205629	97206035	1	shCd19	0	0	0	0	1	0
6	97221272	97222077	1	shCd19	0	0	0	0	1	0
6	97222318	97223556	1	shCd19	0	0	0	0	1	0
6	97294185	97294473	1	shCd19	0	0	0	0	1	0
6	99228152	99228418	1	shRunx3	0	0	0	0	0	1
6	99434906	99435371	1	shCd19	0	0	0	0	1	0
6	100000547	100000749	1	shRunx3	0	0	0	0	0	1
6	100824400	100824719	1	shRunx3	0	0	0	0	0	1
6	100988447	100988936	1	terminal	0	0	1	0	0	0
6	101107979	101108331	1	late	0	1	0	0	0	0
6	101452077	101452336	1	shCd19	0	0	0	0	1	0
6	101801763	101802476	1	memory	0	0	0	1	0	0
6	102331201	102331587	1	late	0	1	0	0	0	0
6	102978831	102979350	1	shRunx3	0	0	0	0	0	1
6	104756888	104757221	1	memory	0	0	0	1	0	0
6	104757448	104757647	1	shRunx3	0	0	0	0	0	1
6	105067833	105068181	1	late	0	1	0	0	0	0
6	105126503	105126770	1	memory	0	0	0	1	0	0
6	105520369	105520692	1	terminal	0	0	1	0	0	0
6	105540542	105540840	1	early	1	0	0	0	0	0
6	106013760	106014075	1	memory	0	0	0	1	0	0
6	106302301	106302601	1	terminal	0	0	1	0	0	0
6	106837628	106837959	1	memory	0	0	0	1	0	0
6	107364899	107365294	1	shRunx3	0	0	0	0	0	1
6	108105093	108105450	1	terminal	0	0	1	0	0	0
6	108424634	108424842	1	shRunx3	0	0	0	0	0	1
6	108448304	108448537	1	shCd19	0	0	0	0	1	0
6	108535587	108535832	1	shRunx3	0	0	0	0	0	1
6	108549177	108549557	1	shCd19	0	0	0	0	1	0
6	108549557	108549814	2	memory,shCd19	0	0	0	1	1	0
6	108549814	108549873	1	shCd19	0	0	0	0	1	0
6	108552699	108553295	1	shCd19	0	0	0	0	1	0
6	108553295	108553598	2	late,shCd19	0	1	0	0	1	0
6	108553598	108553823	1	shCd19	0	0	0	0	1	0
6	108560647	108561494	1	shCd19	0	0	0	0	1	0
6	108597217	108597425	1	shCd19	0	0	0	0	1	0
6	108630637	108630639	1	shCd19	0	0	0	0	1	0
6	108630639	108630927	2	terminal,shCd19	0	0	1	0	1	0
6	108630927	108631249	3	terminal,shCd19,shRunx3	0	0	1	0	1	1
6	108631249	108631444	2	terminal,shCd19	0	0	1	0	1	0
6	108631444	108631703	1	shCd19	0	0	0	0	1	0
6	108659358	108660543	1	shCd19	0	0	0	0	1	0
6	108665563	108665874	1	shCd19	0	0	0	0	1	0
6	108672000	108672609	1	shCd19	0	0	0	0	1	0
6	108913768	108913970	1	shRunx3	0	0	0	0	0	1
6	108922695	108923069	1	shRunx3	0	0	0	0	0	1
6	109574626	109574866	1	memory	0	0	0	1	0	0
6	109694586	109694926	1	terminal	0	0	1	0	0	0
6	109797636	109797890	1	memory	0	0	0	1	0	0
6	109835660	109836067	1	shCd19	0	0	0	0	1	0
6	110021327	110021564	1	shCd19	0	0	0	0	1	0
6	110097174	110097376	1	shRunx3	0	0	0	0	0	1
6	110197837	110198259	1	terminal	0	0	1	0	0	0
6	110267438	110267901	1	terminal	0	0	1	0	0	0
6	111109819	111110322	1	shCd19	0	0	0	0	1	0
6	111222508	111222931	1	terminal	0	0	1	0	0	0
6	111226230	111226585	1	memory	0	0	0	1	0	0
6	111445624	111445941	1	early	1	0	0	0	0	0
6	112007883	112008654	1	shRunx3	0	0	0	0	0	1
6	112139118	112139331	1	shRunx3	0	0	0	0	0	1
6	112294411	112294794	1	memory	0	0	0	1	0	0
6	112300766	112301101	1	late	0	1	0	0	0	0
6	112433129	112433500	1	memory	0	0	0	1	0	0
6	113076216	113077275	1	shCd19	0	0	0	0	1	0
6	113130352	113130711	1	late	0	1	0	0	0	0
6	113306516	113307558	1	shRunx3	0	0	0	0	0	1
6	113377466	113378135	1	shCd19	0	0	0	0	1	0
6	113481006	113481328	1	memory	0	0	0	1	0	0
6	113655005	113655430	1	shCd19	0	0	0	0	1	0
6	113661230	113661615	1	shCd19	0	0	0	0	1	0
6	113661615	113662001	2	early,shCd19	1	0	0	0	1	0
6	113662001	113662014	1	shCd19	0	0	0	0	1	0
6	113668525	113669012	1	late	0	1	0	0	0	0
6	114048429	114048742	1	early	1	0	0	0	0	0
6	114289255	114289634	1	shCd19	0	0	0	0	1	0
6	114644137	114644714	1	shCd19	0	0	0	0	1	0
6	114660165	114660207	1	shCd19	0	0	0	0	1	0
6	114660207	114660476	2	memory,shCd19	0	0	0	1	1	0
6	114660476	114660598	1	shCd19	0	0	0	0	1	0
6	114722266	114722533	1	shRunx3	0	0	0	0	0	1
6	114735702	114735976	1	memory	0	0	0	1	0	0
6	114883425	114883794	1	shCd19	0	0	0	0	1	0
6	114892363	114892605	1	shCd19	0	0	0	0	1	0
6	114894697	114894945	1	shCd19	0	0	0	0	1	0
6	114918144	114918188	1	shCd19	0	0	0	0	1	0
6	114918188	114918641	2	shCd19,shRunx3	0	0	0	0	1	1
6	114918641	114918831	1	shCd19	0	0	0	0	1	0
6	114936653	114937461	1	shRunx3	0	0	0	0	0	1
6	114955862	114956124	1	terminal	0	0	1	0	0	0
6	115193297	115193500	1	shRunx3	0	0	0	0	0	1
6	115594576	115594891	1	shCd19	0	0	0	0	1	0
6	115676287	115676937	1	shCd19	0	0	0	0	1	0
6	115677284	115677841	1	shCd19	0	0	0	0	1	0
6	115677841	115678161	2	shCd19,shRunx3	0	0	0	0	1	1
6	115678161	115678195	1	shCd19	0	0	0	0	1	0
6	115692839	115693299	1	shCd19	0	0	0	0	1	0
6	115693299	115693742	2	shCd19,shRunx3	0	0	0	0	1	1
6	115693742	115693874	1	shRunx3	0	0	0	0	0	1
6	115965477	115965811	1	shRunx3	0	0	0	0	0	1
6	116153464	116153962	1	early	1	0	0	0	0	0
6	117281605	117282222	1	memory	0	0	0	1	0	0
6	117879264	117880233	1	shCd19	0	0	0	0	1	0
6	117906094	117906376	1	shRunx3	0	0	0	0	0	1
6	117907111	117907388	1	memory	0	0	0	1	0	0
6	117936942	117937692	1	shCd19	0	0	0	0	1	0
6	118075254	118075580	1	memory	0	0	0	1	0	0
6	118110080	118110575	1	early	1	0	0	0	0	0
6	118267930	118268237	1	shRunx3	0	0	0	0	0	1
6	118665734	118666070	1	shRunx3	0	0	0	0	0	1
6	119289164	119289528	1	shCd19	0	0	0	0	1	0
6	119615227	119615616	1	memory	0	0	0	1	0	0
6	119656093	119656921	1	shRunx3	0	0	0	0	0	1
6	120082898	120083393	1	terminal	0	0	1	0	0	0
6	120188379	120188744	1	shRunx3	0	0	0	0	0	1
6	120190303	120190544	1	shCd19	0	0	0	0	1	0
6	120363810	120364326	1	shRunx3	0	0	0	0	0	1
6	120916617	120916863	1	shCd19	0	0	0	0	1	0
6	120987597	120987866	1	terminal	0	0	1	0	0	0
6	121201916	121202240	1	terminal	0	0	1	0	0	0
6	121503109	121503530	1	memory	0	0	0	1	0	0
6	121548066	121548865	1	terminal	0	0	1	0	0	0
6	121684605	121684819	1	shRunx3	0	0	0	0	0	1
6	122085813	122086131	1	early	1	0	0	0	0	0
6	122258052	122258437	1	terminal	0	0	1	0	0	0
6	122284745	122285017	1	shCd19	0	0	0	0	1	0
6	122293924	122294423	1	shCd19	0	0	0	0	1	0
6	122308388	122308597	1	shCd19	0	0	0	0	1	0
6	122308597	122309216	2	shCd19,shRunx3	0	0	0	0	1	1
6	122309216	122309278	1	shRunx3	0	0	0	0	0	1
6	122328161	122328438	1	shCd19	0	0	0	0	1	0
6	122368474	122368811	1	shRunx3	0	0	0	0	0	1
6	122527727	122528094	1	shRunx3	0	0	0	0	0	1
6	122536972	122537188	1	shRunx3	0	0	0	0	0	1
6	122548985	122549391	1	late	0	1	0	0	0	0
6	122601918	122603068	1	shCd19	0	0	0	0	1	0
6	122616764	122617082	1	shCd19	0	0	0	0	1	0
6	122694859	122695142	1	shCd19	0	0	0	0	1	0
6	122707614	122708164	1	late	0	1	0	0	0	0
6	122742469	122742696	1	shCd19	0	0	0	0	1	0
6	122810639	122811389	1	shRunx3	0	0	0	0	0	1
6	122991958	122992400	1	terminal	0	0	1	0	0	0
6	123193005	123193699	1	late	0	1	0	0	0	0
6	123921089	123921297	1	shRunx3	0	0	0	0	0	1
6	124256035	124256414	1	shRunx3	0	0	0	0	0	1
6	124426436	124426739	1	shRunx3	0	0	0	0	0	1
6	124507097	124507297	1	shRunx3	0	0	0	0	0	1
6	124527345	124527908	1	memory	0	0	0	1	0	0
6	124723360	124724069	1	shRunx3	0	0	0	0	0	1
6	124740623	124741605	1	shCd19	0	0	0	0	1	0
6	125131447	125131954	1	shCd19	0	0	0	0	1	0
6	125191087	125191746	1	shCd19	0	0	0	0	1	0
6	125215267	125215764	1	late	0	1	0	0	0	0
6	125241193	125241968	1	shCd19	0	0	0	0	1	0
6	125483548	125483592	1	shRunx3	0	0	0	0	0	1
6	125483592	125483802	2	shCd19,shRunx3	0	0	0	0	1	1
6	125483802	125484149	1	shCd19	0	0	0	0	1	0
6	125730070	125730443	1	memory	0	0	0	1	0	0
6	126157617	126157947	1	late	0	1	0	0	0	0
6	126517799	126518036	1	shRunx3	0	0	0	0	0	1
6	126789482	126789796	1	memory	0	0	0	1	0	0
6	126917861	126918281	1	terminal	0	0	1	0	0	0
6	126939071	126940206	1	shCd19	0	0	0	0	1	0
6	127356219	127356545	1	late	0	1	0	0	0	0
6	127582195	127583043	1	shCd19	0	0	0	0	1	0
6	127844568	127845353	1	terminal	0	0	1	0	0	0
6	128147444	128147684	1	shCd19	0	0	0	0	1	0
6	128424687	128424932	1	shCd19	0	0	0	0	1	0
6	128582586	128582870	1	shRunx3	0	0	0	0	0	1
6	128623336	128623802	1	shRunx3	0	0	0	0	0	1
6	128836183	128836354	1	shCd19	0	0	0	0	1	0
6	128836354	128836389	2	terminal,shCd19	0	0	1	0	1	0
6	128836389	128836674	3	terminal,shCd19,shRunx3	0	0	1	0	1	1
6	128836674	128836676	2	shCd19,shRunx3	0	0	0	0	1	1
6	128836676	128837270	1	shCd19	0	0	0	0	1	0
6	128843422	128843936	1	shCd19	0	0	0	0	1	0
6	128888936	128889515	1	shRunx3	0	0	0	0	0	1
6	129237581	129237788	1	shRunx3	0	0	0	0	0	1
6	129680269	129680682	1	shCd19	0	0	0	0	1	0
6	129746745	129747064	1	shRunx3	0	0	0	0	0	1
6	129747064	129747779	3	late,shCd19,shRunx3	0	1	0	0	1	1
6	129747779	129747792	2	late,shCd19	0	1	0	0	1	0
6	129747792	129748196	1	shCd19	0	0	0	0	1	0
6	129794061	129794276	1	shRunx3	0	0	0	0	0	1
6	130259629	130259864	1	shRunx3	0	0	0	0	0	1
6	130373989	130374339	1	shRunx3	0	0	0	0	0	1
6	130405002	130405291	1	shRunx3	0	0	0	0	0	1
6	131257059	131257296	1	shRunx3	0	0	0	0	0	1
6	131614119	131615082	1	shCd19	0	0	0	0	1	0
6	131736710	131737076	1	terminal	0	0	1	0	0	0
6	131834718	131835082	1	shRunx3	0	0	0	0	0	1
6	131842544	131842806	1	shRunx3	0	0	0	0	0	1
6	131889567	131889810	1	memory	0	0	0	1	0	0
6	131914099	131914383	1	shRunx3	0	0	0	0	0	1
6	132599467	132599866	1	late	0	1	0	0	0	0
6	133050240	133050440	1	shCd19	0	0	0	0	1	0
6	133096317	133096783	1	shRunx3	0	0	0	0	0	1
6	133994842	133995217	1	late	0	1	0	0	0	0
6	134067879	134068149	1	memory	0	0	0	1	0	0
6	134366635	134367070	1	shRunx3	0	0	0	0	0	1
6	134739212	134739821	1	terminal	0	0	1	0	0	0
6	135775174	135775732	1	terminal	0	0	1	0	0	0
6	136518468	136518615	1	shCd19	0	0	0	0	1	0
6	136518615	136518723	2	shCd19,shRunx3	0	0	0	0	1	1
6	136518723	136518803	3	early,shCd19,shRunx3	1	0	0	0	1	1
6	136518803	136519014	4	early,terminal,shCd19,shRunx3	1	0	1	0	1	1
6	136519014	136519024	3	early,terminal,shCd19	1	0	1	0	1	0
6	136519024	136519136	2	terminal,shCd19	0	0	1	0	1	0
6	136519136	136519477	1	shCd19	0	0	0	0	1	0
6	136965081	136965387	1	shCd19	0	0	0	0	1	0
6	137263691	137263956	1	shRunx3	0	0	0	0	0	1
6	137629166	137629628	1	shRunx3	0	0	0	0	0	1
6	137897231	137897499	1	memory	0	0	0	1	0	0
6	138187769	138188136	1	terminal	0	0	1	0	0	0
6	138393351	138393648	1	memory	0	0	0	1	0	0
6	139110457	139110967	1	memory	0	0	0	1	0	0
6	139232789	139233355	1	shRunx3	0	0	0	0	0	1
6	140583855	140584211	1	shRunx3	0	0	0	0	0	1
6	140613431	140613646	1	shCd19	0	0	0	0	1	0
6	140613646	140614010	2	shCd19,shRunx3	0	0	0	0	1	1
6	140614010	140614212	1	shCd19	0	0	0	0	1	0
6	140708108	140708681	1	shCd19	0	0	0	0	1	0
6	140751558	140751778	1	shCd19	0	0	0	0	1	0
6	140817109	140817411	1	shCd19	0	0	0	0	1	0
6	141910850	141911146	1	memory	0	0	0	1	0	0
6	142345630	142345897	1	shCd19	0	0	0	0	1	0
6	142386843	142387209	1	shCd19	0	0	0	0	1	0
6	142537628	142537923	1	shCd19	0	0	0	0	1	0
6	142861057	142861454	1	shCd19	0	0	0	0	1	0
6	142861804	142862164	1	shCd19	0	0	0	0	1	0
6	142862164	142862440	2	shCd19,shRunx3	0	0	0	0	1	1
6	142862440	142862731	1	shCd19	0	0	0	0	1	0
6	142955783	142956175	1	shRunx3	0	0	0	0	0	1
6	142973220	142973605	1	late	0	1	0	0	0	0
6	142986649	142987051	1	terminal	0	0	1	0	0	0
6	143523916	143524410	1	early	1	0	0	0	0	0
6	143660238	143660549	1	late	0	1	0	0	0	0
6	144444029	144444384	1	late	0	1	0	0	0	0
6	144670424	144671101	1	shCd19	0	0	0	0	1	0
6	145291230	145291499	1	terminal	0	0	1	0	0	0
6	145340110	145341758	1	shCd19	0	0	0	0	1	0
6	145544624	145544865	1	memory	0	0	0	1	0	0
6	145882632	145883035	1	shRunx3	0	0	0	0	0	1
6	146080620	146081719	1	shCd19	0	0	0	0	1	0
6	146378195	146378551	1	memory	0	0	0	1	0	0
6	146521427	146521921	1	shCd19	0	0	0	0	1	0
6	147409891	147410189	1	late	0	1	0	0	0	0
6	147647686	147648072	1	shRunx3	0	0	0	0	0	1
6	147743503	147743878	1	shRunx3	0	0	0	0	0	1
6	147909169	147909500	1	shCd19	0	0	0	0	1	0
6	148287258	148287606	1	memory	0	0	0	1	0	0
6	148972659	148972902	1	shRunx3	0	0	0	0	0	1
7	3151879	3152303	1	shRunx3	0	0	0	0	0	1
7	3512344	3512740	1	memory	0	0	0	1	0	0
7	3617093	3617563	1	shCd19	0	0	0	0	1	0
7	3644790	3645054	1	early	1	0	0	0	0	0
7	3692962	3693610	1	shCd19	0	0	0	0	1	0
7	3903673	3903918	1	shRunx3	0	0	0	0	0	1
7	3937198	3937551	1	shRunx3	0	0	0	0	0	1
7	4136853	4137543	1	shCd19	0	0	0	0	1	0
7	4225591	4225867	1	shRunx3	0	0	0	0	0	1
7	4530561	4530778	1	shRunx3	0	0	0	0	0	1
7	4651506	4651807	1	shRunx3	0	0	0	0	0	1
7	4652128	4652422	1	memory	0	0	0	1	0	0
7	4739825	4740038	1	shRunx3	0	0	0	0	0	1
7	4812718	4812970	1	terminal	0	0	1	0	0	0
7	4825001	4825363	1	memory	0	0	0	1	0	0
7	4865997	4866340	1	shCd19	0	0	0	0	1	0
7	5019905	5020100	1	shCd19	0	0	0	0	1	0
7	5020100	5020307	2	shCd19,shRunx3	0	0	0	0	1	1
7	5020307	5020457	1	shCd19	0	0	0	0	1	0
7	5122081	5122459	1	shRunx3	0	0	0	0	0	1
7	6125256	6125628	1	memory	0	0	0	1	0	0
7	6234157	6234431	1	shRunx3	0	0	0	0	0	1
7	6588836	6589162	1	terminal	0	0	1	0	0	0
7	6721701	6722188	1	early	1	0	0	0	0	0
7	6854920	6855344	1	shRunx3	0	0	0	0	0	1
7	10241422	10241902	1	shRunx3	0	0	0	0	0	1
7	10619160	10619588	1	memory	0	0	0	1	0	0
7	11717197	11717525	1	shRunx3	0	0	0	0	0	1
7	12301190	12301490	1	memory	0	0	0	1	0	0
7	12827964	12828361	1	shRunx3	0	0	0	0	0	1
7	12921839	12922541	1	shCd19	0	0	0	0	1	0
7	13023791	13024083	1	shRunx3	0	0	0	0	0	1
7	13024083	13024613	2	shCd19,shRunx3	0	0	0	0	1	1
7	13024613	13024719	1	shCd19	0	0	0	0	1	0
7	13037922	13038654	1	shCd19	0	0	0	0	1	0
7	13054126	13054426	1	shCd19	0	0	0	0	1	0
7	13302501	13303314	1	shRunx3	0	0	0	0	0	1
7	14100224	14100500	1	shRunx3	0	0	0	0	0	1
7	15962427	15962758	1	early	1	0	0	0	0	0
7	16046237	16046566	1	shRunx3	0	0	0	0	0	1
7	16052886	16053345	1	shCd19	0	0	0	0	1	0
7	16098219	16098919	1	shRunx3	0	0	0	0	0	1
7	16119888	16119894	1	shCd19	0	0	0	0	1	0
7	16119894	16120147	2	terminal,shCd19	0	0	1	0	1	0
7	16120147	16120454	1	shCd19	0	0	0	0	1	0
7	16198162	16198518	1	terminal	0	0	1	0	0	0
7	16206987	16207691	1	shCd19	0	0	0	0	1	0
7	16285484	16287013	1	shCd19	0	0	0	0	1	0
7	16542150	16542753	1	shCd19	0	0	0	0	1	0
7	16739182	16739429	1	memory	0	0	0	1	0	0
7	16841498	16841692	1	late	0	1	0	0	0	0
7	16841692	16841997	2	late,shCd19	0	1	0	0	1	0
7	16841997	16842052	1	shCd19	0	0	0	0	1	0
7	16874950	16875266	1	shRunx3	0	0	0	0	0	1
7	16924300	16924583	1	shCd19	0	0	0	0	1	0
7	17056162	17056563	1	shCd19	0	0	0	0	1	0
7	17633011	17633445	1	early	1	0	0	0	0	0
7	17818447	17818935	1	memory	0	0	0	1	0	0
7	18300225	18300700	1	terminal	0	0	1	0	0	0
7	18675117	18675469	1	late	0	1	0	0	0	0
7	18712367	18712835	1	shRunx3	0	0	0	0	0	1
7	18929488	18929772	1	late	0	1	0	0	0	0
7	19003023	19003324	1	shCd19	0	0	0	0	1	0
7	19077372	19077729	1	shRunx3	0	0	0	0	0	1
7	19077864	19077975	1	shCd19	0	0	0	0	1	0
7	19077975	19078244	2	shCd19,shRunx3	0	0	0	0	1	1
7	19078244	19078363	1	shCd19	0	0	0	0	1	0
7	19148904	19149767	1	shCd19	0	0	0	0	1	0
7	19271955	19272597	1	shRunx3	0	0	0	0	0	1
7	19344496	19344759	1	shRunx3	0	0	0	0	0	1
7	19344759	19345023	2	shCd19,shRunx3	0	0	0	0	1	1
7	19345023	19345316	1	shCd19	0	0	0	0	1	0
7	19508357	19509024	1	shCd19	0	0	0	0	1	0
7	19665120	19665711	1	shRunx3	0	0	0	0	0	1
7	19727312	19727575	1	shCd19	0	0	0	0	1	0
7	19855578	19855890	1	shCd19	0	0	0	0	1	0
7	19926813	19927365	1	shCd19	0	0	0	0	1	0
7	19933125	19933333	1	shCd19	0	0	0	0	1	0
7	23532343	23532655	1	shRunx3	0	0	0	0	0	1
7	23683005	23683270	1	memory	0	0	0	1	0	0
7	23778372	23778653	1	shCd19	0	0	0	0	1	0
7	24369736	24370430	1	shCd19	0	0	0	0	1	0
7	24399637	24399889	1	shCd19	0	0	0	0	1	0
7	24477370	24477624	1	shRunx3	0	0	0	0	0	1
7	25000544	25000828	1	shCd19	0	0	0	0	1	0
7	25267423	25268345	1	terminal	0	0	1	0	0	0
7	25278464	25279218	1	shCd19	0	0	0	0	1	0
7	25325075	25325407	1	early	1	0	0	0	0	0
7	25599672	25599986	1	terminal	0	0	1	0	0	0
7	25754760	25754898	1	shCd19	0	0	0	0	1	0
7	25754898	25755615	2	terminal,shCd19	0	0	1	0	1	0
7	25755615	25755616	1	shCd19	0	0	0	0	1	0
7	25962107	25962610	1	early	1	0	0	0	0	0
7	26423950	26424253	1	memory	0	0	0	1	0	0
7	26793004	26793280	1	shRunx3	0	0	0	0	0	1
7	26886678	26886913	1	shRunx3	0	0	0	0	0	1
7	27166510	27167496	1	shCd19	0	0	0	0	1	0
7	27178672	27179057	1	shCd19	0	0	0	0	1	0
7	27272771	27273026	1	shRunx3	0	0	0	0	0	1
7	27361171	27361906	1	shCd19	0	0	0	0	1	0
7	27473299	27473347	1	shRunx3	0	0	0	0	0	1
7	27473347	27473681	2	shCd19,shRunx3	0	0	0	0	1	1
7	27473681	27473774	1	shCd19	0	0	0	0	1	0
7	27507821	27508616	1	shCd19	0	0	0	0	1	0
7	27595957	27596329	1	shCd19	0	0	0	0	1	0
7	27897848	27898098	1	shRunx3	0	0	0	0	0	1
7	28168399	28168701	1	late	0	1	0	0	0	0
7	28378907	28379214	1	late	0	1	0	0	0	0
7	28382851	28382867	1	shCd19	0	0	0	0	1	0
7	28382867	28383199	2	shCd19,shRunx3	0	0	0	0	1	1
7	28383199	28383611	1	shCd19	0	0	0	0	1	0
7	28392372	28392719	1	shCd19	0	0	0	0	1	0
7	28392719	28393080	2	shCd19,shRunx3	0	0	0	0	1	1
7	28393080	28393406	1	shCd19	0	0	0	0	1	0
7	28533283	28533560	1	memory	0	0	0	1	0	0
7	28741667	28741936	1	shCd19	0	0	0	0	1	0
7	28741936	28741975	2	terminal,shCd19	0	0	1	0	1	0
7	28741975	28742236	1	terminal	0	0	1	0	0	0
7	28766277	28766692	1	shCd19	0	0	0	0	1	0
7	28780230	28781003	1	shCd19	0	0	0	0	1	0
7	28781003	28781633	2	shCd19,shRunx3	0	0	0	0	1	1
7	28781633	28781757	1	shRunx3	0	0	0	0	0	1
7	28820652	28821569	1	shCd19	0	0	0	0	1	0
7	29891910	29892168	1	memory	0	0	0	1	0	0
7	30090200	30091405	1	shCd19	0	0	0	0	1	0
7	30095110	30095628	1	shCd19	0	0	0	0	1	0
7	30146324	30146635	1	late	0	1	0	0	0	0
7	30169021	30169345	1	late	0	1	0	0	0	0
7	30551658	30552479	1	shCd19	0	0	0	0	1	0
7	30593070	30593526	1	shCd19	0	0	0	0	1	0
7	30909652	30910110	1	shCd19	0	0	0	0	1	0
7	31033598	31033949	1	terminal	0	0	1	0	0	0
7	31086410	31087251	1	shCd19	0	0	0	0	1	0
7	31114771	31114988	1	shRunx3	0	0	0	0	0	1
7	31145097	31145337	1	shRunx3	0	0	0	0	0	1
7	31153487	31154102	1	shCd19	0	0	0	0	1	0
7	31168326	31168821	1	shCd19	0	0	0	0	1	0
7	33679860	33680184	1	early	1	0	0	0	0	0
7	34285114	34285409	1	shCd19	0	0	0	0	1	0
7	34315177	34315490	1	memory	0	0	0	1	0	0
7	34354900	34355342	1	terminal	0	0	1	0	0	0
7	34388238	34388252	1	shRunx3	0	0	0	0	0	1
7	34388252	34388512	2	terminal,shRunx3	0	0	1	0	0	1
7	34388512	34388565	1	terminal	0	0	1	0	0	0
7	34412071	34412292	1	shRunx3	0	0	0	0	0	1
7	34913969	34914194	1	shRunx3	0	0	0	0	0	1
7	35056503	35056909	1	shCd19	0	0	0	0	1	0
7	35102537	35102858	1	shCd19	0	0	0	0	1	0
7	35130473	35130686	1	shCd19	0	0	0	0	1	0
7	35206432	35206635	1	shRunx3	0	0	0	0	0	1
7	35333916	35334217	1	shRunx3	0	0	0	0	0	1
7	35807308	35807688	1	shRunx3	0	0	0	0	0	1
7	35923352	35923834	1	shRunx3	0	0	0	0	0	1
7	36059922	36060248	1	shCd19	0	0	0	0	1	0
7	36937258	36937558	1	shCd19	0	0	0	0	1	0
7	38178519	38178957	1	terminal	0	0	1	0	0	0
7	38214518	38215093	1	shCd19	0	0	0	0	1	0
7	38215093	38215094	2	shCd19,shRunx3	0	0	0	0	1	1
7	38215094	38215348	3	terminal,shCd19,shRunx3	0	0	1	0	1	1
7	38215348	38215476	2	shCd19,shRunx3	0	0	0	0	1	1
7	38215476	38215488	1	shCd19	0	0	0	0	1	0
7	40634219	40634654	1	terminal	0	0	1	0	0	0
7	40687030	40687284	1	terminal	0	0	1	0	0	0
7	40992439	40992712	1	terminal	0	0	1	0	0	0
7	41457294	41457858	1	late	0	1	0	0	0	0
7	41633469	41634122	1	shCd19	0	0	0	0	1	0
7	42278249	42278460	1	shRunx3	0	0	0	0	0	1
7	42945787	42946450	1	terminal	0	0	1	0	0	0
7	43399723	43400222	1	shCd19	0	0	0	0	1	0
7	43436403	43436443	1	shCd19	0	0	0	0	1	0
7	43436443	43437164	2	shCd19,shRunx3	0	0	0	0	1	1
7	43437164	43437276	1	shCd19	0	0	0	0	1	0
7	43718079	43718421	1	shRunx3	0	0	0	0	0	1
7	43798316	43798608	1	terminal	0	0	1	0	0	0
7	43886872	43887376	1	early	1	0	0	0	0	0
7	44495991	44496187	1	shCd19	0	0	0	0	1	0
7	44496187	44496199	2	terminal,shCd19	0	0	1	0	1	0
7	44496199	44496200	3	terminal,shCd19,shRunx3	0	0	1	0	1	1
7	44496200	44496212	4	terminal,memory,shCd19,shRunx3	0	0	1	1	1	1
7	44496212	44496470	5	early,terminal,memory,shCd19,shRunx3	1	0	1	1	1	1
7	44496470	44496471	2	shCd19,shRunx3	0	0	0	0	1	1
7	44496471	44496508	1	shRunx3	0	0	0	0	0	1
7	44815650	44816279	1	shCd19	0	0	0	0	1	0
7	44895773	44896051	1	shRunx3	0	0	0	0	0	1
7	44929565	44929860	1	shCd19	0	0	0	0	1	0
7	44950197	44950512	1	terminal	0	0	1	0	0	0
7	44967525	44967891	1	shRunx3	0	0	0	0	0	1
7	44997253	44997915	1	shCd19	0	0	0	0	1	0
7	45062420	45062691	1	shRunx3	0	0	0	0	0	1
7	45069765	45069995	1	shRunx3	0	0	0	0	0	1
7	45082536	45082814	1	shRunx3	0	0	0	0	0	1
7	45082814	45083458	2	early,shRunx3	1	0	0	0	0	1
7	45083458	45083567	1	shRunx3	0	0	0	0	0	1
7	45238901	45239405	1	shCd19	0	0	0	0	1	0
7	45338281	45338761	1	shCd19	0	0	0	0	1	0
7	45367041	45367846	1	shCd19	0	0	0	0	1	0
7	45395256	45395930	1	shCd19	0	0	0	0	1	0
7	45415176	45415884	1	shCd19	0	0	0	0	1	0
7	45435461	45435775	1	shRunx3	0	0	0	0	0	1
7	45513544	45513926	1	shRunx3	0	0	0	0	0	1
7	45704897	45705306	1	shRunx3	0	0	0	0	0	1
7	45715025	45715436	1	shCd19	0	0	0	0	1	0
7	45742191	45742607	1	shRunx3	0	0	0	0	0	1
7	45770913	45771031	1	shCd19	0	0	0	0	1	0
7	45771031	45771421	2	early,shCd19	1	0	0	0	1	0
7	45771421	45771542	1	shCd19	0	0	0	0	1	0
7	45800588	45800893	1	shCd19	0	0	0	0	1	0
7	45908487	45908764	1	shRunx3	0	0	0	0	0	1
7	46185788	46186205	1	late	0	1	0	0	0	0
7	46393759	46394022	1	shCd19	0	0	0	0	1	0
7	46795293	46795429	1	shRunx3	0	0	0	0	0	1
7	46795429	46796048	2	shCd19,shRunx3	0	0	0	0	1	1
7	47022216	47022786	1	shRunx3	0	0	0	0	0	1
7	47094024	47094421	1	shCd19	0	0	0	0	1	0
7	47214734	47215015	1	shCd19	0	0	0	0	1	0
7	47669977	47670338	1	shRunx3	0	0	0	0	0	1
7	48919189	48919836	1	shCd19	0	0	0	0	1	0
7	49159566	49159852	1	terminal	0	0	1	0	0	0
7	50482913	50483251	1	late	0	1	0	0	0	0
7	52619290	52619621	1	late	0	1	0	0	0	0
7	52674226	52674543	1	early	1	0	0	0	0	0
7	53242607	53242924	1	late	0	1	0	0	0	0
7	54441285	54441523	1	shRunx3	0	0	0	0	0	1
7	54660982	54661564	1	early	1	0	0	0	0	0
7	54892974	54893357	1	shRunx3	0	0	0	0	0	1
7	55559889	55560399	1	memory	0	0	0	1	0	0
7	55589977	55590322	1	late	0	1	0	0	0	0
7	55708927	55709367	1	late	0	1	0	0	0	0
7	55746029	55746323	1	late	0	1	0	0	0	0
7	56700826	56701158	1	shRunx3	0	0	0	0	0	1
7	56704301	56704596	1	shRunx3	0	0	0	0	0	1
7	57180379	57180632	1	terminal	0	0	1	0	0	0
7	57194858	57195216	1	memory	0	0	0	1	0	0
7	57430306	57430586	1	terminal	0	0	1	0	0	0
7	57691312	57691957	1	late	0	1	0	0	0	0
7	57798884	57799127	1	memory	0	0	0	1	0	0
7	58418521	58418722	1	shRunx3	0	0	0	0	0	1
7	58448790	58449112	1	shCd19	0	0	0	0	1	0
7	58643443	58643689	1	memory	0	0	0	1	0	0
7	58682333	58682666	1	shRunx3	0	0	0	0	0	1
7	58784469	58784833	1	memory	0	0	0	1	0	0
7	61497793	61498096	1	early	1	0	0	0	0	0
7	61933479	61933875	1	late	0	1	0	0	0	0
7	62833847	62834294	1	shRunx3	0	0	0	0	0	1
7	63610975	63611228	1	terminal	0	0	1	0	0	0
7	63647775	63647983	1	shRunx3	0	0	0	0	0	1
7	63716656	63717010	1	terminal	0	0	1	0	0	0
7	63930035	63930249	1	shRunx3	0	0	0	0	0	1
7	63938673	63939716	2	shCd19,shRunx3	0	0	0	0	1	1
7	63939716	63940118	1	shCd19	0	0	0	0	1	0
7	63974306	63974902	1	shCd19	0	0	0	0	1	0
7	64142165	64142542	1	shCd19	0	0	0	0	1	0
7	64392331	64392340	1	shRunx3	0	0	0	0	0	1
7	64392340	64392617	2	terminal,shRunx3	0	0	1	0	0	1
7	64392617	64392634	1	shRunx3	0	0	0	0	0	1
7	64650308	64650618	1	shCd19	0	0	0	0	1	0
7	66079031	66079909	1	shCd19	0	0	0	0	1	0
7	66087429	66087636	1	shRunx3	0	0	0	0	0	1
7	66178904	66179436	1	shCd19	0	0	0	0	1	0
7	66233378	66233856	1	shCd19	0	0	0	0	1	0
7	66482710	66483226	1	early	1	0	0	0	0	0
7	66629306	66629553	1	shRunx3	0	0	0	0	0	1
7	66642019	66642311	1	shRunx3	0	0	0	0	0	1
7	66689667	66689891	1	shCd19	0	0	0	0	1	0
7	67613832	67614551	1	shRunx3	0	0	0	0	0	1
7	68018069	68018377	1	shRunx3	0	0	0	0	0	1
7	68283657	68284373	1	shCd19	0	0	0	0	1	0
7	68310670	68310957	1	shRunx3	0	0	0	0	0	1
7	68349916	68350563	1	shCd19	0	0	0	0	1	0
7	68447544	68447845	1	early	1	0	0	0	0	0
7	68488029	68488310	1	terminal	0	0	1	0	0	0
7	68985840	68986066	1	shRunx3	0	0	0	0	0	1
7	69712147	69712662	1	memory	0	0	0	1	0	0
7	69882832	69883364	1	shRunx3	0	0	0	0	0	1
7	70451367	70451630	1	shRunx3	0	0	0	0	0	1
7	71020923	71021172	1	terminal	0	0	1	0	0	0
7	72306418	72307244	1	shCd19	0	0	0	0	1	0
7	72314508	72314544	1	terminal	0	0	1	0	0	0
7	72314544	72314604	2	terminal,shCd19	0	0	1	0	1	0
7	72314604	72314856	3	terminal,shCd19,shRunx3	0	0	1	0	1	1
7	72314856	72314863	2	shCd19,shRunx3	0	0	0	0	1	1
7	72314863	72314968	1	shRunx3	0	0	0	0	0	1
7	72351339	72351703	1	shCd19	0	0	0	0	1	0
7	72532948	72533570	1	early	1	0	0	0	0	0
7	72563792	72564036	1	shRunx3	0	0	0	0	0	1
7	72573768	72574333	1	terminal	0	0	1	0	0	0
7	72621394	72621774	1	late	0	1	0	0	0	0
7	73219263	73219676	1	shRunx3	0	0	0	0	0	1
7	73252843	73253185	1	early	1	0	0	0	0	0
7	73558280	73559057	1	shCd19	0	0	0	0	1	0
7	73584467	73584575	1	late	0	1	0	0	0	0
7	73584575	73584752	2	late,shCd19	0	1	0	0	1	0
7	73584752	73584805	1	shCd19	0	0	0	0	1	0
7	73618451	73619042	1	shCd19	0	0	0	0	1	0
7	74059190	74059533	1	late	0	1	0	0	0	0
7	74145855	74146286	1	memory	0	0	0	1	0	0
7	74555173	74555447	1	terminal	0	0	1	0	0	0
7	74690253	74691170	1	shCd19	0	0	0	0	1	0
7	75080813	75081186	1	shCd19	0	0	0	0	1	0
7	75362362	75362825	1	shCd19	0	0	0	0	1	0
7	75455278	75455898	1	shCd19	0	0	0	0	1	0
7	75580560	75580838	1	early	1	0	0	0	0	0
7	75600591	75600910	1	shCd19	0	0	0	0	1	0
7	75644539	75645253	1	shCd19	0	0	0	0	1	0
7	75656420	75656619	1	shCd19	0	0	0	0	1	0
7	75656619	75657036	2	shCd19,shRunx3	0	0	0	0	1	1
7	75657036	75657083	1	shCd19	0	0	0	0	1	0
7	75666862	75667380	1	shCd19	0	0	0	0	1	0
7	75712527	75712930	1	shCd19	0	0	0	0	1	0
7	75910208	75910835	1	shCd19	0	0	0	0	1	0
7	76616245	76616491	1	memory	0	0	0	1	0	0
7	76924808	76925094	1	early	1	0	0	0	0	0
7	77448860	77449231	1	late	0	1	0	0	0	0
7	77485175	77485433	1	terminal	0	0	1	0	0	0
7	78128508	78128912	1	terminal	0	0	1	0	0	0
7	78623178	78623865	1	late	0	1	0	0	0	0
7	78667852	78668078	1	shRunx3	0	0	0	0	0	1
7	78732175	78732489	1	memory	0	0	0	1	0	0
7	78737834	78738237	1	shCd19	0	0	0	0	1	0
7	78956852	78957457	1	terminal	0	0	1	0	0	0
7	80207396	80207698	1	terminal	0	0	1	0	0	0
7	80403788	80404344	1	shCd19	0	0	0	0	1	0
7	80404344	80404619	2	late,shCd19	0	1	0	0	1	0
7	80404619	80404816	1	late	0	1	0	0	0	0
7	80449909	80450437	1	shCd19	0	0	0	0	1	0
7	80534487	80535561	1	shCd19	0	0	0	0	1	0
7	80538408	80538716	1	late	0	1	0	0	0	0
7	80901083	80901354	1	early	1	0	0	0	0	0
7	81133355	81133739	1	shRunx3	0	0	0	0	0	1
7	81179107	81179207	1	shCd19	0	0	0	0	1	0
7	81179207	81179318	2	shCd19,shRunx3	0	0	0	0	1	1
7	81179318	81180049	3	late,shCd19,shRunx3	0	1	0	0	1	1
7	81180049	81180195	1	shCd19	0	0	0	0	1	0
7	81319595	81320280	1	shCd19	0	0	0	0	1	0
7	81445166	81445452	1	late	0	1	0	0	0	0
7	82441758	82442138	1	late	0	1	0	0	0	0
7	82537678	82538318	1	shRunx3	0	0	0	0	0	1
7	82865997	82866201	1	shCd19	0	0	0	0	1	0
7	82866201	82866282	2	shCd19,shRunx3	0	0	0	0	1	1
7	82866282	82866583	3	terminal,shCd19,shRunx3	0	0	1	0	1	1
7	82866583	82867065	2	shCd19,shRunx3	0	0	0	0	1	1
7	82867065	82867124	1	shCd19	0	0	0	0	1	0
7	83056363	83056590	1	shRunx3	0	0	0	0	0	1
7	83102093	83102456	1	shRunx3	0	0	0	0	0	1
7	83125687	83126177	1	late	0	1	0	0	0	0
7	83395626	83396144	1	shCd19	0	0	0	0	1	0
7	83541736	83542359	1	late	0	1	0	0	0	0
7	83818143	83818699	1	memory	0	0	0	1	0	0
7	83891970	83892255	1	shCd19	0	0	0	0	1	0
7	83966911	83967243	1	shRunx3	0	0	0	0	0	1
7	84077186	84077544	1	shRunx3	0	0	0	0	0	1
7	84319761	84320099	1	shRunx3	0	0	0	0	0	1
7	84922742	84923139	1	shRunx3	0	0	0	0	0	1
7	85114619	85114873	1	shRunx3	0	0	0	0	0	1
7	85671063	85671482	1	shRunx3	0	0	0	0	0	1
7	86265847	86266259	1	memory	0	0	0	1	0	0
7	86992018	86992500	1	shRunx3	0	0	0	0	0	1
7	87025100	87025507	1	memory	0	0	0	1	0	0
7	87030515	87030880	1	memory	0	0	0	1	0	0
7	87488878	87489252	1	late	0	1	0	0	0	0
7	87559282	87559494	1	shRunx3	0	0	0	0	0	1
7	87587961	87588368	1	terminal	0	0	1	0	0	0
7	87628723	87628941	1	shRunx3	0	0	0	0	0	1
7	88206378	88206973	1	shCd19	0	0	0	0	1	0
7	88352348	88352635	1	terminal	0	0	1	0	0	0
7	88554616	88555177	1	terminal	0	0	1	0	0	0
7	89116633	89116892	1	memory	0	0	0	1	0	0
7	89551398	89551704	1	memory	0	0	0	1	0	0
7	89980129	89980587	1	shCd19	0	0	0	0	1	0
7	90355273	90356025	1	shCd19	0	0	0	0	1	0
7	90476095	90476353	1	shRunx3	0	0	0	0	0	1
7	90913505	90913928	1	early	1	0	0	0	0	0
7	92740904	92741486	1	shCd19	0	0	0	0	1	0
7	92874329	92875307	1	shCd19	0	0	0	0	1	0
7	93573978	93574404	1	terminal	0	0	1	0	0	0
7	93974556	93974882	1	shRunx3	0	0	0	0	0	1
7	94110863	94111181	1	memory	0	0	0	1	0	0
7	94874646	94874913	1	memory	0	0	0	1	0	0
7	95013917	95014215	1	shCd19	0	0	0	0	1	0
7	95476396	95476678	1	shRunx3	0	0	0	0	0	1
7	95626307	95626543	1	shRunx3	0	0	0	0	0	1
7	95937225	95937582	1	early	1	0	0	0	0	0
7	97331961	97332068	1	shRunx3	0	0	0	0	0	1
7	97332068	97332762	2	shCd19,shRunx3	0	0	0	0	1	1
7	97332762	97332849	1	shRunx3	0	0	0	0	0	1
7	97336486	97337062	1	shCd19	0	0	0	0	1	0
7	97341215	97341525	1	memory	0	0	0	1	0	0
7	97835978	97836366	1	terminal	0	0	1	0	0	0
7	97963574	97963851	1	shRunx3	0	0	0	0	0	1
7	98702586	98703173	1	shCd19	0	0	0	0	1	0
7	99086185	99086520	1	shRunx3	0	0	0	0	0	1
7	99140885	99141103	1	shCd19	0	0	0	0	1	0
7	99141103	99141215	2	shCd19,shRunx3	0	0	0	0	1	1
7	99141215	99141509	3	terminal,shCd19,shRunx3	0	0	1	0	1	1
7	99141509	99141791	2	shCd19,shRunx3	0	0	0	0	1	1
7	99141791	99141800	1	shRunx3	0	0	0	0	0	1
7	99152430	99152954	1	shCd19	0	0	0	0	1	0
7	99503181	99503428	1	shCd19	0	0	0	0	1	0
7	99681322	99681538	1	shCd19	0	0	0	0	1	0
7	99748914	99749229	1	shRunx3	0	0	0	0	0	1
7	99859126	99859377	1	terminal	0	0	1	0	0	0
7	99992143	99992468	1	shRunx3	0	0	0	0	0	1
7	100371967	100372188	1	shCd19	0	0	0	0	1	0
7	100590928	100591449	1	shCd19	0	0	0	0	1	0
7	100607302	100607986	1	shCd19	0	0	0	0	1	0
7	100706364	100706967	1	shCd19	0	0	0	0	1	0
7	100712496	100712864	1	early	1	0	0	0	0	0
7	100841028	100841483	1	shRunx3	0	0	0	0	0	1
7	100880577	100880812	1	shRunx3	0	0	0	0	0	1
7	100932621	100932626	1	shRunx3	0	0	0	0	0	1
7	100932626	100932875	2	shCd19,shRunx3	0	0	0	0	1	1
7	100932875	100932876	1	shRunx3	0	0	0	0	0	1
7	101242395	101242974	1	shCd19	0	0	0	0	1	0
7	101350159	101350490	1	shRunx3	0	0	0	0	0	1
7	101580878	101581176	1	shRunx3	0	0	0	0	0	1
7	101600455	101601096	1	shCd19	0	0	0	0	1	0
7	101634134	101634967	1	shCd19	0	0	0	0	1	0
7	101766267	101766635	1	memory	0	0	0	1	0	0
7	101896359	101896999	1	shRunx3	0	0	0	0	0	1
7	101963064	101963295	1	shRunx3	0	0	0	0	0	1
7	101969893	101970226	1	shRunx3	0	0	0	0	0	1
7	102096423	102096694	1	shRunx3	0	0	0	0	0	1
7	102266624	102267959	1	shCd19	0	0	0	0	1	0
7	102531545	102531802	1	shRunx3	0	0	0	0	0	1
7	103466539	103466844	1	late	0	1	0	0	0	0
7	103549027	103549344	1	shRunx3	0	0	0	0	0	1
7	103848257	103848627	1	memory	0	0	0	1	0	0
7	103854554	103854957	1	shRunx3	0	0	0	0	0	1
7	104042050	104042284	1	shRunx3	0	0	0	0	0	1
7	104244294	104244740	1	shCd19	0	0	0	0	1	0
7	104290950	104292050	1	shCd19	0	0	0	0	1	0
7	104353132	104353704	1	shCd19	0	0	0	0	1	0
7	104591391	104591717	1	shRunx3	0	0	0	0	0	1
7	104891642	104892068	1	late	0	1	0	0	0	0
7	105074730	105075036	1	memory	0	0	0	1	0	0
7	105399278	105400265	1	shCd19	0	0	0	0	1	0
7	105810985	105811292	1	shRunx3	0	0	0	0	0	1
7	106367717	106368271	1	early	1	0	0	0	0	0
7	106551116	106551829	1	shCd19	0	0	0	0	1	0
7	106690789	106690990	1	shRunx3	0	0	0	0	0	1
7	106866728	106867020	1	memory	0	0	0	1	0	0
7	107894031	107894373	1	shCd19	0	0	0	0	1	0
7	108192208	108192576	1	late	0	1	0	0	0	0
7	109364826	109365173	1	shRunx3	0	0	0	0	0	1
7	109951464	109951936	1	shCd19	0	0	0	0	1	0
7	110027853	110028131	1	memory	0	0	0	1	0	0
7	110077872	110078255	1	late	0	1	0	0	0	0
7	110109159	110109452	1	shCd19	0	0	0	0	1	0
7	110425313	110425568	1	memory	0	0	0	1	0	0
7	110777795	110778054	1	shRunx3	0	0	0	0	0	1
7	110779138	110779485	1	memory	0	0	0	1	0	0
7	111028718	111029363	1	shCd19	0	0	0	0	1	0
7	111082662	111084065	1	shCd19	0	0	0	0	1	0
7	111117761	111118089	1	early	1	0	0	0	0	0
7	111234729	111235098	1	shRunx3	0	0	0	0	0	1
7	111897639	111898045	1	early	1	0	0	0	0	0
7	111902221	111902506	1	late	0	1	0	0	0	0
7	112238847	112239154	1	late	0	1	0	0	0	0
7	112299495	112299794	1	early	1	0	0	0	0	0
7	112441225	112441575	1	early	1	0	0	0	0	0
7	113086495	113086895	1	shRunx3	0	0	0	0	0	1
7	113368740	113369482	1	shRunx3	0	0	0	0	0	1
7	113398656	113398864	1	shRunx3	0	0	0	0	0	1
7	114069199	114069707	1	shCd19	0	0	0	0	1	0
7	114102733	114103116	1	terminal	0	0	1	0	0	0
7	114162422	114162879	1	shRunx3	0	0	0	0	0	1
7	114400123	114400429	1	shRunx3	0	0	0	0	0	1
7	114417032	114417407	1	late	0	1	0	0	0	0
7	114480032	114480091	1	shCd19	0	0	0	0	1	0
7	114480091	114480408	2	shCd19,shRunx3	0	0	0	0	1	1
7	114480408	114480480	1	shCd19	0	0	0	0	1	0
7	114537274	114537604	1	early	1	0	0	0	0	0
7	115238378	115238677	1	shRunx3	0	0	0	0	0	1
7	115581202	115581687	1	late	0	1	0	0	0	0
7	115725940	115726197	1	terminal	0	0	1	0	0	0
7	116051158	116051710	1	memory	0	0	0	1	0	0
7	116156816	116157202	1	late	0	1	0	0	0	0
7	116226859	116227127	1	shRunx3	0	0	0	0	0	1
7	116584938	116585275	1	shCd19	0	0	0	0	1	0
7	116588957	116589304	1	shRunx3	0	0	0	0	0	1
7	117040229	117040505	1	memory	0	0	0	1	0	0
7	117394198	117394456	1	shCd19	0	0	0	0	1	0
7	117433275	117433730	1	shCd19	0	0	0	0	1	0
7	117551808	117552033	1	shRunx3	0	0	0	0	0	1
7	118113349	118114106	1	shCd19	0	0	0	0	1	0
7	118129116	118129537	1	memory	0	0	0	1	0	0
7	118129579	118130248	1	shRunx3	0	0	0	0	0	1
7	118243604	118244201	1	shCd19	0	0	0	0	1	0
7	118294638	118294725	1	shRunx3	0	0	0	0	0	1
7	118294725	118294997	2	shCd19,shRunx3	0	0	0	0	1	1
7	118294997	118295050	1	shRunx3	0	0	0	0	0	1
7	118319572	118319771	1	shRunx3	0	0	0	0	0	1
7	118532998	118533693	1	shCd19	0	0	0	0	1	0
7	118705535	118705955	1	shCd19	0	0	0	0	1	0
7	119164373	119164667	1	shRunx3	0	0	0	0	0	1
7	119191651	119192069	1	terminal	0	0	1	0	0	0
7	119252610	119252883	1	shRunx3	0	0	0	0	0	1
7	119322213	119322412	1	shRunx3	0	0	0	0	0	1
7	119500376	119500652	1	shRunx3	0	0	0	0	0	1
7	119649659	119649936	1	memory	0	0	0	1	0	0
7	119750586	119750916	1	late	0	1	0	0	0	0
7	119835890	119836536	1	shCd19	0	0	0	0	1	0
7	120077698	120077954	1	shRunx3	0	0	0	0	0	1
7	120703915	120704371	1	terminal	0	0	1	0	0	0
7	120795745	120796062	1	memory	0	0	0	1	0	0
7	120798670	120798879	1	shCd19	0	0	0	0	1	0
7	121091304	121091847	1	shCd19	0	0	0	0	1	0
7	121115154	121115485	1	terminal	0	0	1	0	0	0
7	121283648	121284002	1	memory	0	0	0	1	0	0
7	121409618	121410183	1	early	1	0	0	0	0	0
7	121670885	121671232	1	late	0	1	0	0	0	0
7	122066875	122067374	1	shRunx3	0	0	0	0	0	1
7	122270568	122271197	1	terminal	0	0	1	0	0	0
7	122605867	122606227	1	shCd19	0	0	0	0	1	0
7	123107944	123108542	1	shCd19	0	0	0	0	1	0
7	123158172	123158513	1	shRunx3	0	0	0	0	0	1
7	123233622	123234094	1	late	0	1	0	0	0	0
7	123708442	123708749	1	shRunx3	0	0	0	0	0	1
7	123953126	123953480	1	terminal	0	0	1	0	0	0
7	124002334	124002862	1	shCd19	0	0	0	0	1	0
7	124424917	124425267	1	memory	0	0	0	1	0	0
7	125021692	125021894	1	shCd19	0	0	0	0	1	0
7	125118361	125118850	1	shRunx3	0	0	0	0	0	1
7	125349082	125349491	1	early	1	0	0	0	0	0
7	125581054	125581652	1	shRunx3	0	0	0	0	0	1
7	125593419	125594332	1	shCd19	0	0	0	0	1	0
7	125603360	125603865	1	shCd19	0	0	0	0	1	0
7	125821511	125821858	1	early	1	0	0	0	0	0
7	126294932	126295281	1	shRunx3	0	0	0	0	0	1
7	126330114	126330410	1	shCd19	0	0	0	0	1	0
7	126369266	126369277	1	shRunx3	0	0	0	0	0	1
7	126369277	126369852	2	shCd19,shRunx3	0	0	0	0	1	1
7	126369852	126369899	1	shRunx3	0	0	0	0	0	1
7	126487109	126487618	1	shCd19	0	0	0	0	1	0
7	126503346	126504073	1	shCd19	0	0	0	0	1	0
7	126596546	126596936	1	shCd19	0	0	0	0	1	0
7	126649333	126649652	1	shCd19	0	0	0	0	1	0
7	126695371	126696039	1	shCd19	0	0	0	0	1	0
7	126861614	126862381	1	shCd19	0	0	0	0	1	0
7	126884719	126885339	1	shRunx3	0	0	0	0	0	1
7	126886503	126886823	1	late	0	1	0	0	0	0
7	127087170	127087922	1	shRunx3	0	0	0	0	0	1
7	127090480	127090763	1	shRunx3	0	0	0	0	0	1
7	127090763	127091373	2	shCd19,shRunx3	0	0	0	0	1	1
7	127091373	127091416	1	shRunx3	0	0	0	0	0	1
7	127112503	127113416	1	shCd19	0	0	0	0	1	0
7	127208628	127208776	1	shCd19	0	0	0	0	1	0
7	127208776	127208803	2	shCd19,shRunx3	0	0	0	0	1	1
7	127208803	127209143	3	terminal,shCd19,shRunx3	0	0	1	0	1	1
7	127209143	127209389	2	terminal,shCd19	0	0	1	0	1	0
7	127209389	127209619	1	shCd19	0	0	0	0	1	0
7	127376050	127376415	1	shRunx3	0	0	0	0	0	1
7	127421749	127421771	1	shCd19	0	0	0	0	1	0
7	127421771	127422050	2	shCd19,shRunx3	0	0	0	0	1	1
7	127422050	127422289	1	shRunx3	0	0	0	0	0	1
7	127471011	127471630	1	shCd19	0	0	0	0	1	0
7	127512069	127512577	1	shCd19	0	0	0	0	1	0
7	127579763	127580046	1	shCd19	0	0	0	0	1	0
7	127766855	127767287	1	shRunx3	0	0	0	0	0	1
7	127865403	127865609	1	shRunx3	0	0	0	0	0	1
7	128119827	128120323	1	shCd19	0	0	0	0	1	0
7	128158344	128158418	1	shRunx3	0	0	0	0	0	1
7	128158418	128159183	2	shCd19,shRunx3	0	0	0	0	1	1
7	128159183	128159676	1	shCd19	0	0	0	0	1	0
7	128392491	128392761	1	shCd19	0	0	0	0	1	0
7	128398445	128398816	1	late	0	1	0	0	0	0
7	128509907	128510422	1	shRunx3	0	0	0	0	0	1
7	129245319	129245719	1	memory	0	0	0	1	0	0
7	129273048	129273345	1	early	1	0	0	0	0	0
7	129609482	129609895	1	memory	0	0	0	1	0	0
7	129638348	129638689	1	shRunx3	0	0	0	0	0	1
7	130519343	130519898	1	shCd19	0	0	0	0	1	0
7	130976736	130977330	1	terminal	0	0	1	0	0	0
7	131003054	131003311	1	shRunx3	0	0	0	0	0	1
7	131216416	131216813	1	memory	0	0	0	1	0	0
7	131388287	131388602	1	late	0	1	0	0	0	0
7	131899270	131899513	1	memory	0	0	0	1	0	0
7	132032289	132032820	1	terminal	0	0	1	0	0	0
7	132135470	132135807	1	shRunx3	0	0	0	0	0	1
7	132438891	132439149	1	memory	0	0	0	1	0	0
7	132775703	132775995	1	shRunx3	0	0	0	0	0	1
7	133637254	133637678	1	shRunx3	0	0	0	0	0	1
7	133896140	133896394	1	shCd19	0	0	0	0	1	0
7	134056385	134056940	1	shCd19	0	0	0	0	1	0
7	134454322	134454677	1	terminal	0	0	1	0	0	0
7	135538701	135539070	1	late	0	1	0	0	0	0
7	135588295	135588708	1	shCd19	0	0	0	0	1	0
7	135588708	135589149	2	early,shCd19	1	0	0	0	1	0
7	135589149	135589212	1	shCd19	0	0	0	0	1	0
7	135827633	135827853	1	shRunx3	0	0	0	0	0	1
7	135852495	135852896	1	late	0	1	0	0	0	0
7	135897682	135897943	1	terminal	0	0	1	0	0	0
7	136151225	136151578	1	memory	0	0	0	1	0	0
7	136554430	136554677	1	shRunx3	0	0	0	0	0	1
7	137109811	137110208	1	shRunx3	0	0	0	0	0	1
7	137682461	137682730	1	shRunx3	0	0	0	0	0	1
7	138845746	138846385	1	shCd19	0	0	0	0	1	0
7	138885020	138885404	1	memory	0	0	0	1	0	0
7	139129119	139129636	1	shCd19	0	0	0	0	1	0
7	139150839	139151107	1	terminal	0	0	1	0	0	0
7	139188076	139188872	1	shCd19	0	0	0	0	1	0
7	139388876	139389268	1	terminal	0	0	1	0	0	0
7	139541404	139541913	1	shRunx3	0	0	0	0	0	1
7	139915967	139916321	1	shRunx3	0	0	0	0	0	1
7	139970941	139971363	1	shCd19	0	0	0	0	1	0
7	139971363	139971745	2	shCd19,shRunx3	0	0	0	0	1	1
7	139971745	139971965	1	shCd19	0	0	0	0	1	0
7	139974311	139974646	1	shCd19	0	0	0	0	1	0
7	139979553	139979867	1	memory	0	0	0	1	0	0
7	140941369	140941857	1	shCd19	0	0	0	0	1	0
7	141058787	141059168	1	shCd19	0	0	0	0	1	0
7	141902191	141902487	1	shCd19	0	0	0	0	1	0
7	142353804	142354505	1	shCd19	0	0	0	0	1	0
7	142541960	142542233	1	terminal	0	0	1	0	0	0
7	142573088	142573330	1	shRunx3	0	0	0	0	0	1
7	142621833	142622176	1	terminal	0	0	1	0	0	0
7	143004944	143006012	1	shRunx3	0	0	0	0	0	1
7	143009486	143009740	1	shRunx3	0	0	0	0	0	1
7	143009740	143010636	2	shCd19,shRunx3	0	0	0	0	1	1
7	143010636	143010682	1	shCd19	0	0	0	0	1	0
7	143501918	143502550	1	shRunx3	0	0	0	0	0	1
7	143548204	143549306	1	shCd19	0	0	0	0	1	0
7	143636677	143637070	1	shCd19	0	0	0	0	1	0
7	143829672	143829727	1	shRunx3	0	0	0	0	0	1
7	143829727	143830216	2	shCd19,shRunx3	0	0	0	0	1	1
7	143830216	143830364	1	shRunx3	0	0	0	0	0	1
7	144397004	144397292	1	memory	0	0	0	1	0	0
7	144914805	144915045	1	shRunx3	0	0	0	0	0	1
7	145195936	145196149	1	shRunx3	0	0	0	0	0	1
7	145242157	145242476	1	shRunx3	0	0	0	0	0	1
8	3355396	3355419	1	shCd19	0	0	0	0	1	0
8	3355419	3355456	2	shCd19,shRunx3	0	0	0	0	1	1
8	3355456	3355741	3	terminal,shCd19,shRunx3	0	0	1	0	1	1
8	3355741	3355761	2	shCd19,shRunx3	0	0	0	0	1	1
8	3864476	3864870	1	shRunx3	0	0	0	0	0	1
8	4165420	4165902	1	shRunx3	0	0	0	0	0	1
8	4165902	4166482	2	shCd19,shRunx3	0	0	0	0	1	1
8	4166482	4166518	1	shRunx3	0	0	0	0	0	1
8	4253094	4253122	1	shCd19	0	0	0	0	1	0
8	4253122	4253359	2	terminal,shCd19	0	0	1	0	1	0
8	4677454	4678267	2	shCd19,shRunx3	0	0	0	0	1	1
8	4678267	4678689	1	shCd19	0	0	0	0	1	0
8	6008557	6008900	1	shRunx3	0	0	0	0	0	1
8	7216288	7216529	1	shRunx3	0	0	0	0	0	1
8	7736489	7736755	1	memory	0	0	0	1	0	0
8	9840020	9840366	1	memory	0	0	0	1	0	0
8	9940385	9940637	1	memory	0	0	0	1	0	0
8	10340676	10341009	1	shRunx3	0	0	0	0	0	1
8	10685290	10685625	1	memory	0	0	0	1	0	0
8	11186993	11187347	1	late	0	1	0	0	0	0
8	11555065	11555374	1	shCd19	0	0	0	0	1	0
8	11555374	11555892	2	shCd19,shRunx3	0	0	0	0	1	1
8	11555892	11556092	1	shCd19	0	0	0	0	1	0
8	11556092	11556106	2	terminal,shCd19	0	0	1	0	1	0
8	11556106	11556487	1	terminal	0	0	1	0	0	0
8	11636327	11636827	1	shCd19	0	0	0	0	1	0
8	11761176	11761471	1	memory	0	0	0	1	0	0
8	12028010	12028310	1	shCd19	0	0	0	0	1	0
8	12368508	12368870	1	memory	0	0	0	1	0	0
8	13144810	13145012	1	shRunx3	0	0	0	0	0	1
8	13213240	13213264	1	shRunx3	0	0	0	0	0	1
8	13213264	13213978	2	shCd19,shRunx3	0	0	0	0	1	1
8	13213978	13214094	1	shRunx3	0	0	0	0	0	1
8	13610006	13610289	1	late	0	1	0	0	0	0
8	13643005	13643346	1	shCd19	0	0	0	0	1	0
8	13648556	13649891	1	shCd19	0	0	0	0	1	0
8	13676978	13677775	1	shCd19	0	0	0	0	1	0
8	13730301	13730612	1	shRunx3	0	0	0	0	0	1
8	14012784	14013048	1	shCd19	0	0	0	0	1	0
8	14077664	14078051	1	shRunx3	0	0	0	0	0	1
8	14154727	14155377	1	shRunx3	0	0	0	0	0	1
8	15293352	15293745	1	early	1	0	0	0	0	0
8	15549511	15549753	1	shRunx3	0	0	0	0	0	1
8	15799878	15800517	1	terminal	0	0	1	0	0	0
8	15803686	15804045	1	early	1	0	0	0	0	0
8	16067389	16067903	1	shRunx3	0	0	0	0	0	1
8	18492951	18493264	1	shCd19	0	0	0	0	1	0
8	18500460	18500777	1	shRunx3	0	0	0	0	0	1
8	18899027	18899324	1	late	0	1	0	0	0	0
8	18987347	18987694	1	memory	0	0	0	1	0	0
8	19018189	19018723	1	memory	0	0	0	1	0	0
8	19251076	19251483	1	terminal	0	0	1	0	0	0
8	19524368	19524585	1	shRunx3	0	0	0	0	0	1
8	20932784	20933239	1	memory	0	0	0	1	0	0
8	21776029	21776475	1	terminal	0	0	1	0	0	0
8	22111706	22111956	1	shRunx3	0	0	0	0	0	1
8	22166214	22166458	1	terminal	0	0	1	0	0	0
8	22344052	22344355	1	early	1	0	0	0	0	0
8	22405646	22406137	1	shCd19	0	0	0	0	1	0
8	22504288	22504717	1	terminal	0	0	1	0	0	0
8	22805510	22806009	1	shCd19	0	0	0	0	1	0
8	22807981	22808690	1	shCd19	0	0	0	0	1	0
8	22808690	22808840	2	late,shCd19	0	1	0	0	1	0
8	22808840	22809055	1	late	0	1	0	0	0	0
8	23030717	23031106	1	late	0	1	0	0	0	0
8	23257211	23257549	1	terminal	0	0	1	0	0	0
8	24165375	24165630	1	shRunx3	0	0	0	0	0	1
8	25032105	25032402	1	early	1	0	0	0	0	0
8	25068084	25068425	1	shCd19	0	0	0	0	1	0
8	25273717	25273756	1	shCd19	0	0	0	0	1	0
8	25273756	25274470	2	shCd19,shRunx3	0	0	0	0	1	1
8	25274470	25274479	3	terminal,shCd19,shRunx3	0	0	1	0	1	1
8	25274479	25274480	4	late,terminal,shCd19,shRunx3	0	1	1	0	1	1
8	25274480	25274747	5	early,late,terminal,shCd19,shRunx3	1	1	1	0	1	1
8	25274747	25274760	4	late,terminal,shCd19,shRunx3	0	1	1	0	1	1
8	25274760	25274854	3	terminal,shCd19,shRunx3	0	0	1	0	1	1
8	25274854	25274876	2	shCd19,shRunx3	0	0	0	0	1	1
8	25274876	25274966	1	shCd19	0	0	0	0	1	0
8	25404409	25404998	1	early	1	0	0	0	0	0
8	25601380	25602470	1	shCd19	0	0	0	0	1	0
8	25694453	25694826	1	early	1	0	0	0	0	0
8	25785065	25785565	1	shCd19	0	0	0	0	1	0
8	25948688	25949332	1	shRunx3	0	0	0	0	0	1
8	26176994	26177287	1	shRunx3	0	0	0	0	0	1
8	26638333	26638934	1	shRunx3	0	0	0	0	0	1
8	26722827	26723198	1	memory	0	0	0	1	0	0
8	26784959	26785261	1	terminal	0	0	1	0	0	0
8	26830403	26831035	1	late	0	1	0	0	0	0
8	28191007	28191260	1	shRunx3	0	0	0	0	0	1
8	28400730	28401086	1	terminal	0	0	1	0	0	0
8	30267302	30267834	1	shRunx3	0	0	0	0	0	1
8	30458839	30459060	1	shRunx3	0	0	0	0	0	1
8	30969684	30969977	1	terminal	0	0	1	0	0	0
8	31470468	31470828	1	memory	0	0	0	1	0	0
8	32148523	32148810	1	terminal	0	0	1	0	0	0
8	32408308	32408505	1	shCd19	0	0	0	0	1	0
8	32650695	32651361	1	shRunx3	0	0	0	0	0	1
8	32738269	32738605	1	shRunx3	0	0	0	0	0	1
8	33300549	33300843	1	shRunx3	0	0	0	0	0	1
8	33851206	33851562	1	terminal	0	0	1	0	0	0
8	33862950	33863228	1	shCd19	0	0	0	0	1	0
8	33952336	33952673	1	terminal	0	0	1	0	0	0
8	34154450	34155377	1	shCd19	0	0	0	0	1	0
8	34315145	34315843	1	late	0	1	0	0	0	0
8	34424904	34425458	1	terminal	0	0	1	0	0	0
8	34525569	34525821	1	shRunx3	0	0	0	0	0	1
8	34734944	34735814	1	shCd19	0	0	0	0	1	0
8	35634089	35634828	1	shCd19	0	0	0	0	1	0
8	36141266	36141531	1	memory	0	0	0	1	0	0
8	36173228	36173542	1	shCd19	0	0	0	0	1	0
8	36181983	36182065	1	shCd19	0	0	0	0	1	0
8	36182065	36182128	2	terminal,shCd19	0	0	1	0	1	0
8	36182128	36182639	3	terminal,shCd19,shRunx3	0	0	1	0	1	1
8	36182639	36182664	2	shCd19,shRunx3	0	0	0	0	1	1
8	36182664	36182687	1	shRunx3	0	0	0	0	0	1
8	36205310	36205668	1	shRunx3	0	0	0	0	0	1
8	36330954	36331219	1	shRunx3	0	0	0	0	0	1
8	36879254	36879547	1	memory	0	0	0	1	0	0
8	37089707	37090405	1	terminal	0	0	1	0	0	0
8	37111152	37111484	1	early	1	0	0	0	0	0
8	38018513	38018803	1	shCd19	0	0	0	0	1	0
8	38041864	38042275	1	shRunx3	0	0	0	0	0	1
8	38585021	38585535	1	memory	0	0	0	1	0	0
8	38592131	38592787	1	terminal	0	0	1	0	0	0
8	38701879	38702429	1	terminal	0	0	1	0	0	0
8	38797750	38798281	1	early	1	0	0	0	0	0
8	39277037	39277286	1	terminal	0	0	1	0	0	0
8	39587852	39588066	1	shCd19	0	0	0	0	1	0
8	39913620	39913822	1	shRunx3	0	0	0	0	0	1
8	40088438	40088712	1	memory	0	0	0	1	0	0
8	40459207	40459451	1	shRunx3	0	0	0	0	0	1
8	40595269	40595516	1	shCd19	0	0	0	0	1	0
8	40826710	40827037	1	late	0	1	0	0	0	0
8	41111510	41111796	1	late	0	1	0	0	0	0
8	41239600	41240143	1	shCd19	0	0	0	0	1	0
8	41257261	41257584	1	memory	0	0	0	1	0	0
8	41712943	41713437	1	memory	0	0	0	1	0	0
8	41986962	41987368	1	late	0	1	0	0	0	0
8	42211470	42211752	1	terminal	0	0	1	0	0	0
8	43907324	43907579	1	early	1	0	0	0	0	0
8	44207303	44207571	1	shRunx3	0	0	0	0	0	1
8	45085254	45085618	1	memory	0	0	0	1	0	0
8	45152261	45152949	1	memory	0	0	0	1	0	0
8	45580111	45580403	1	shRunx3	0	0	0	0	0	1
8	45665886	45666297	1	terminal	0	0	1	0	0	0
8	45940234	45940541	1	shRunx3	0	0	0	0	0	1
8	45975256	45975544	1	shCd19	0	0	0	0	1	0
8	46210469	46211054	1	shCd19	0	0	0	0	1	0
8	46453222	46453575	1	terminal	0	0	1	0	0	0
8	46519493	46520002	1	late	0	1	0	0	0	0
8	46611886	46612164	1	late	0	1	0	0	0	0
8	46859349	46859703	1	shCd19	0	0	0	0	1	0
8	46865265	46865615	1	shCd19	0	0	0	0	1	0
8	46920172	46920465	1	shCd19	0	0	0	0	1	0
8	47393639	47394057	1	late	0	1	0	0	0	0
8	47674549	47674879	1	shRunx3	0	0	0	0	0	1
8	47674879	47674964	2	late,shRunx3	0	1	0	0	0	1
8	47674964	47675196	3	late,terminal,shRunx3	0	1	1	0	0	1
8	47675196	47675208	2	late,terminal	0	1	1	0	0	0
8	47675208	47675434	1	terminal	0	0	1	0	0	0
8	47713918	47714779	1	shCd19	0	0	0	0	1	0
8	48226491	48226844	1	early	1	0	0	0	0	0
8	48481341	48481814	1	early	1	0	0	0	0	0
8	48531778	48532538	1	memory	0	0	0	1	0	0
8	48903564	48904165	1	shRunx3	0	0	0	0	0	1
8	49704552	49704927	1	memory	0	0	0	1	0	0
8	50584414	50584703	1	memory	0	0	0	1	0	0
8	50672554	50673044	1	early	1	0	0	0	0	0
8	50762419	50762705	1	late	0	1	0	0	0	0
8	50920930	50921537	1	late	0	1	0	0	0	0
8	51127690	51128160	1	shRunx3	0	0	0	0	0	1
8	51452972	51453327	1	shCd19	0	0	0	0	1	0
8	51530720	51530928	1	shRunx3	0	0	0	0	0	1
8	51794493	51794749	1	shRunx3	0	0	0	0	0	1
8	52399418	52399780	1	memory	0	0	0	1	0	0
8	53604834	53605154	1	shRunx3	0	0	0	0	0	1
8	53858359	53858940	1	early	1	0	0	0	0	0
8	54806056	54806326	1	memory	0	0	0	1	0	0
8	55731675	55731990	1	memory	0	0	0	1	0	0
8	56551475	56551850	1	shRunx3	0	0	0	0	0	1
8	57163090	57163761	1	terminal	0	0	1	0	0	0
8	57281500	57281791	1	shCd19	0	0	0	0	1	0
8	57345394	57345636	1	memory	0	0	0	1	0	0
8	57521256	57521591	1	shCd19	0	0	0	0	1	0
8	57727112	57727650	1	early	1	0	0	0	0	0
8	58941042	58941453	1	shCd19	0	0	0	0	1	0
8	58959532	58959816	1	shRunx3	0	0	0	0	0	1
8	59122215	59122513	1	shCd19	0	0	0	0	1	0
8	60444754	60444967	1	shRunx3	0	0	0	0	0	1
8	60615222	60615461	1	shCd19	0	0	0	0	1	0
8	60776741	60776951	1	shRunx3	0	0	0	0	0	1
8	60843444	60843775	1	shRunx3	0	0	0	0	0	1
8	61183666	61183983	1	memory	0	0	0	1	0	0
8	61748356	61748714	1	terminal	0	0	1	0	0	0
8	61952889	61953140	1	shRunx3	0	0	0	0	0	1
8	61989276	61989849	1	terminal	0	0	1	0	0	0
8	62026396	62026803	1	terminal	0	0	1	0	0	0
8	62163447	62163998	1	late	0	1	0	0	0	0
8	62291322	62291633	1	early	1	0	0	0	0	0
8	62408899	62409211	1	shCd19	0	0	0	0	1	0
8	62438234	62438633	1	early	1	0	0	0	0	0
8	62750498	62750783	1	terminal	0	0	1	0	0	0
8	62778923	62779374	1	shRunx3	0	0	0	0	0	1
8	62955540	62955889	1	memory	0	0	0	1	0	0
8	63277714	63277970	1	memory	0	0	0	1	0	0
8	63682257	63682539	1	shRunx3	0	0	0	0	0	1
8	64805126	64805436	1	shCd19	0	0	0	0	1	0
8	64871779	64872327	1	shCd19	0	0	0	0	1	0
8	64982550	64982800	1	memory	0	0	0	1	0	0
8	66463338	66463608	1	terminal	0	0	1	0	0	0
8	66749109	66749330	1	shRunx3	0	0	0	0	0	1
8	67009899	67010209	1	shCd19	0	0	0	0	1	0
8	67839257	67839542	1	late	0	1	0	0	0	0
8	68329098	68329492	1	late	0	1	0	0	0	0
8	68957805	68958167	1	memory	0	0	0	1	0	0
8	69625272	69625274	1	terminal	0	0	1	0	0	0
8	69625274	69625280	2	terminal,shCd19	0	0	1	0	1	0
8	69625280	69625569	3	terminal,shCd19,shRunx3	0	0	1	0	1	1
8	69625569	69625605	2	terminal,shCd19	0	0	1	0	1	0
8	69625605	69625722	1	shCd19	0	0	0	0	1	0
8	69749682	69750146	2	shCd19,shRunx3	0	0	0	0	1	1
8	69750146	69750228	1	shRunx3	0	0	0	0	0	1
8	69774683	69774921	1	shCd19	0	0	0	0	1	0
8	69832216	69832683	1	shRunx3	0	0	0	0	0	1
8	69840655	69840901	1	terminal	0	0	1	0	0	0
8	69859261	69859510	1	terminal	0	0	1	0	0	0
8	69937356	69937819	1	shRunx3	0	0	0	0	0	1
8	69996246	69996367	1	shCd19	0	0	0	0	1	0
8	69996367	69996639	2	shCd19,shRunx3	0	0	0	0	1	1
8	69996639	69996823	1	shCd19	0	0	0	0	1	0
8	70042502	70043057	1	late	0	1	0	0	0	0
8	70147935	70148235	1	late	0	1	0	0	0	0
8	70212305	70212878	1	shCd19	0	0	0	0	1	0
8	70234194	70234476	1	shRunx3	0	0	0	0	0	1
8	70297317	70297807	1	shRunx3	0	0	0	0	0	1
8	70472775	70473152	1	terminal	0	0	1	0	0	0
8	70506434	70506447	1	shRunx3	0	0	0	0	0	1
8	70506447	70506753	2	shCd19,shRunx3	0	0	0	0	1	1
8	70539008	70539676	1	shCd19	0	0	0	0	1	0
8	70617047	70617323	1	shCd19	0	0	0	0	1	0
8	70673295	70673619	1	shRunx3	0	0	0	0	0	1
8	70754402	70754927	1	shCd19	0	0	0	0	1	0
8	70760720	70761409	1	shRunx3	0	0	0	0	0	1
8	70766029	70766510	1	shCd19	0	0	0	0	1	0
8	70820832	70821190	1	terminal	0	0	1	0	0	0
8	70865555	70865757	1	shRunx3	0	0	0	0	0	1
8	71272373	71272430	1	shRunx3	0	0	0	0	0	1
8	71272430	71272596	2	shCd19,shRunx3	0	0	0	0	1	1
8	71272596	71273281	1	shCd19	0	0	0	0	1	0
8	71444750	71445112	1	memory	0	0	0	1	0	0
8	71591754	71592101	1	shCd19	0	0	0	0	1	0
8	71592233	71592730	1	early	1	0	0	0	0	0
8	72160291	72160887	1	shCd19	0	0	0	0	1	0
8	72160887	72161271	2	shCd19,shRunx3	0	0	0	0	1	1
8	72161271	72161528	1	shRunx3	0	0	0	0	0	1
8	72239344	72239915	1	shCd19	0	0	0	0	1	0
8	72330681	72330979	1	shCd19	0	0	0	0	1	0
8	72330979	72331288	2	shCd19,shRunx3	0	0	0	0	1	1
8	72331288	72331295	1	shCd19	0	0	0	0	1	0
8	72343842	72344471	1	late	0	1	0	0	0	0
8	72351238	72352359	1	shCd19	0	0	0	0	1	0
8	72353620	72354674	1	shCd19	0	0	0	0	1	0
8	72369489	72369952	1	late	0	1	0	0	0	0
8	72443895	72444124	1	shRunx3	0	0	0	0	0	1
8	72570781	72571112	1	shCd19	0	0	0	0	1	0
8	73794026	73794443	1	terminal	0	0	1	0	0	0
8	73923933	73924264	1	memory	0	0	0	1	0	0
8	74293002	74293390	1	late	0	1	0	0	0	0
8	74503348	74503697	1	early	1	0	0	0	0	0
8	74617396	74617782	1	late	0	1	0	0	0	0
8	74672386	74672803	1	shRunx3	0	0	0	0	0	1
8	74681798	74682084	1	late	0	1	0	0	0	0
8	74704686	74705009	1	shRunx3	0	0	0	0	0	1
8	75033628	75034270	1	shCd19	0	0	0	0	1	0
8	75419133	75419496	1	shCd19	0	0	0	0	1	0
8	75597275	75597611	1	shRunx3	0	0	0	0	0	1
8	76044384	76044804	1	shRunx3	0	0	0	0	0	1
8	76506497	76506781	1	shRunx3	0	0	0	0	0	1
8	76520853	76521259	1	early	1	0	0	0	0	0
8	77428732	77429136	1	shRunx3	0	0	0	0	0	1
8	77726678	77726981	1	early	1	0	0	0	0	0
8	77844460	77844768	1	memory	0	0	0	1	0	0
8	78327633	78328020	1	memory	0	0	0	1	0	0
8	78820521	78821145	1	shCd19	0	0	0	0	1	0
8	78901714	78901951	1	shRunx3	0	0	0	0	0	1
8	79051481	79051857	1	early	1	0	0	0	0	0
8	80694991	80695386	1	memory	0	0	0	1	0	0
8	80742714	80742744	1	shCd19	0	0	0	0	1	0
8	80742744	80743006	2	shCd19,shRunx3	0	0	0	0	1	1
8	80743006	80743110	1	shCd19	0	0	0	0	1	0
8	81022232	81022501	1	shRunx3	0	0	0	0	0	1
8	81047537	81047881	1	late	0	1	0	0	0	0
8	81048002	81049146	1	early	1	0	0	0	0	0
8	81946604	81947039	1	memory	0	0	0	1	0	0
8	81985521	81985765	1	memory	0	0	0	1	0	0
8	82106554	82106860	1	terminal	0	0	1	0	0	0
8	82288537	82289045	1	late	0	1	0	0	0	0
8	82542745	82543089	1	shCd19	0	0	0	0	1	0
8	82694717	82695007	1	memory	0	0	0	1	0	0
8	83136720	83137223	1	shRunx3	0	0	0	0	0	1
8	83466902	83467450	1	shRunx3	0	0	0	0	0	1
8	83566730	83566750	1	shCd19	0	0	0	0	1	0
8	83566750	83566939	2	shCd19,shRunx3	0	0	0	0	1	1
8	83566939	83567242	1	shRunx3	0	0	0	0	0	1
8	83593284	83593490	1	shRunx3	0	0	0	0	0	1
8	83594202	83594992	1	shCd19	0	0	0	0	1	0
8	83607307	83608101	1	shCd19	0	0	0	0	1	0
8	83637027	83637350	1	memory	0	0	0	1	0	0
8	83739898	83740545	1	shCd19	0	0	0	0	1	0
8	83787585	83787874	1	late	0	1	0	0	0	0
8	83972464	83973083	1	shCd19	0	0	0	0	1	0
8	84066483	84066817	1	shCd19	0	0	0	0	1	0
8	84126952	84127020	1	shCd19	0	0	0	0	1	0
8	84127020	84127299	2	shCd19,shRunx3	0	0	0	0	1	1
8	84127299	84127902	1	shCd19	0	0	0	0	1	0
8	84197217	84197250	1	shRunx3	0	0	0	0	0	1
8	84197250	84197472	2	shCd19,shRunx3	0	0	0	0	1	1
8	84197472	84198829	1	shCd19	0	0	0	0	1	0
8	84251972	84252410	1	terminal	0	0	1	0	0	0
8	84478422	84478933	1	late	0	1	0	0	0	0
8	84662090	84662365	1	shCd19	0	0	0	0	1	0
8	84689210	84689549	1	shCd19	0	0	0	0	1	0
8	84703247	84703507	1	shCd19	0	0	0	0	1	0
8	84703507	84703995	2	shCd19,shRunx3	0	0	0	0	1	1
8	84703995	84704060	1	shCd19	0	0	0	0	1	0
8	84825500	84826101	1	shCd19	0	0	0	0	1	0
8	84846796	84846894	1	shCd19	0	0	0	0	1	0
8	84846894	84847333	2	memory,shCd19	0	0	0	1	1	0
8	84847333	84847411	1	shCd19	0	0	0	0	1	0
8	84922753	84922979	1	shRunx3	0	0	0	0	0	1
8	85025312	85025725	1	shCd19	0	0	0	0	1	0
8	85026855	85027194	1	terminal	0	0	1	0	0	0
8	85299084	85299511	1	shCd19	0	0	0	0	1	0
8	85299511	85299837	2	shCd19,shRunx3	0	0	0	0	1	1
8	85299837	85300307	1	shCd19	0	0	0	0	1	0
8	86392610	86393116	1	terminal	0	0	1	0	0	0
8	86498229	86498648	1	late	0	1	0	0	0	0
8	86623272	86623739	1	shCd19	0	0	0	0	1	0
8	86707738	86707795	1	shCd19	0	0	0	0	1	0
8	86707795	86708068	2	shCd19,shRunx3	0	0	0	0	1	1
8	86708068	86708114	1	shCd19	0	0	0	0	1	0
8	86838860	86839214	1	terminal	0	0	1	0	0	0
8	86853588	86854279	1	shCd19	0	0	0	0	1	0
8	86888082	86888313	1	shCd19	0	0	0	0	1	0
8	87287777	87288042	1	shCd19	0	0	0	0	1	0
8	87309469	87309704	1	shRunx3	0	0	0	0	0	1
8	87936221	87936530	1	shRunx3	0	0	0	0	0	1
8	88217738	88218246	1	terminal	0	0	1	0	0	0
8	88592622	88593178	1	shCd19	0	0	0	0	1	0
8	88696694	88697595	1	shCd19	0	0	0	0	1	0
8	89391672	89392063	1	shRunx3	0	0	0	0	0	1
8	89518197	89518557	1	shRunx3	0	0	0	0	0	1
8	90154387	90154714	1	shRunx3	0	0	0	0	0	1
8	90524048	90524495	1	early	1	0	0	0	0	0
8	90799908	90800327	1	shRunx3	0	0	0	0	0	1
8	91112482	91112685	1	shRunx3	0	0	0	0	0	1
8	91555575	91556301	1	terminal	0	0	1	0	0	0
8	91920166	91920515	1	shRunx3	0	0	0	0	0	1
8	92355971	92356208	1	shRunx3	0	0	0	0	0	1
8	92742194	92742472	1	terminal	0	0	1	0	0	0
8	92956480	92956729	1	shCd19	0	0	0	0	1	0
8	93036639	93036869	1	shCd19	0	0	0	0	1	0
8	93228173	93228397	1	shRunx3	0	0	0	0	0	1
8	93279616	93279963	1	memory	0	0	0	1	0	0
8	93705538	93705897	1	late	0	1	0	0	0	0
8	93744502	93744844	1	memory	0	0	0	1	0	0
8	93825753	93826108	1	early	1	0	0	0	0	0
8	93876445	93876698	1	shRunx3	0	0	0	0	0	1
8	93907927	93908148	1	shRunx3	0	0	0	0	0	1
8	94421251	94421507	1	shRunx3	0	0	0	0	0	1
8	94447493	94447715	1	shCd19	0	0	0	0	1	0
8	94447715	94448192	2	shCd19,shRunx3	0	0	0	0	1	1
8	94448192	94448445	1	shCd19	0	0	0	0	1	0
8	94453812	94454654	1	shCd19	0	0	0	0	1	0
8	94458440	94458771	1	terminal	0	0	1	0	0	0
8	94666855	94667475	1	shRunx3	0	0	0	0	0	1
8	94738708	94739104	1	terminal	0	0	1	0	0	0
8	94770679	94770885	1	shRunx3	0	0	0	0	0	1
8	94917464	94917971	1	shCd19	0	0	0	0	1	0
8	95255586	95255947	1	memory	0	0	0	1	0	0
8	95331513	95332210	1	shRunx3	0	0	0	0	0	1
8	95348358	95348721	1	early	1	0	0	0	0	0
8	95744055	95744340	1	late	0	1	0	0	0	0
8	95807522	95808027	1	shRunx3	0	0	0	0	0	1
8	96057523	96057764	1	memory	0	0	0	1	0	0
8	96178277	96178670	1	early	1	0	0	0	0	0
8	96543730	96544090	1	late	0	1	0	0	0	0
8	96610159	96610423	1	memory	0	0	0	1	0	0
8	97430512	97430931	1	terminal	0	0	1	0	0	0
8	98097441	98097704	1	terminal	0	0	1	0	0	0
8	98540766	98541233	1	terminal	0	0	1	0	0	0
8	99202881	99203095	1	shRunx3	0	0	0	0	0	1
8	99647468	99647725	1	terminal	0	0	1	0	0	0
8	99808503	99808767	1	memory	0	0	0	1	0	0
8	99964595	99964848	1	terminal	0	0	1	0	0	0
8	100094059	100094450	1	late	0	1	0	0	0	0
8	100095796	100096362	1	early	1	0	0	0	0	0
8	100245942	100246641	1	late	0	1	0	0	0	0
8	100438972	100439442	1	shRunx3	0	0	0	0	0	1
8	100830546	100830954	1	memory	0	0	0	1	0	0
8	101215611	101216021	1	early	1	0	0	0	0	0
8	101365856	101366058	1	shRunx3	0	0	0	0	0	1
8	102056341	102056569	1	shRunx3	0	0	0	0	0	1
8	102619922	102620137	1	shRunx3	0	0	0	0	0	1
8	103387937	103388308	1	shCd19	0	0	0	0	1	0
8	104150726	104151080	1	terminal	0	0	1	0	0	0
8	104591384	104591654	1	shRunx3	0	0	0	0	0	1
8	104624737	104625033	1	shCd19	0	0	0	0	1	0
8	105089146	105089498	1	shCd19	0	0	0	0	1	0
8	105827204	105827890	1	shCd19	0	0	0	0	1	0
8	105854814	105855103	1	shRunx3	0	0	0	0	0	1
8	105860260	105860875	1	shCd19	0	0	0	0	1	0
8	106054085	106054734	1	shCd19	0	0	0	0	1	0
8	106337890	106338309	1	shCd19	0	0	0	0	1	0
8	106496114	106496414	1	shRunx3	0	0	0	0	0	1
8	106771066	106771415	1	memory	0	0	0	1	0	0
8	106785459	106785822	1	shRunx3	0	0	0	0	0	1
8	107036832	107037111	1	memory	0	0	0	1	0	0
8	107538372	107538694	1	shRunx3	0	0	0	0	0	1
8	107619919	107620175	1	shRunx3	0	0	0	0	0	1
8	107681093	107681363	1	terminal	0	0	1	0	0	0
8	109088407	109088940	1	shRunx3	0	0	0	0	0	1
8	109557074	109557300	1	shRunx3	0	0	0	0	0	1
8	109711347	109711674	1	shRunx3	0	0	0	0	0	1
8	109750201	109750469	1	shRunx3	0	0	0	0	0	1
8	109750469	109750797	2	shCd19,shRunx3	0	0	0	0	1	1
8	109750797	109751245	1	shCd19	0	0	0	0	1	0
8	110056712	110057067	1	shRunx3	0	0	0	0	0	1
8	110761642	110761877	1	shRunx3	0	0	0	0	0	1
8	110919153	110919897	1	shRunx3	0	0	0	0	0	1
8	110952525	110952919	1	late	0	1	0	0	0	0
8	111012836	111013101	1	shRunx3	0	0	0	0	0	1
8	111121320	111121705	1	shCd19	0	0	0	0	1	0
8	111521855	111521887	1	shCd19	0	0	0	0	1	0
8	111521887	111522277	2	shCd19,shRunx3	0	0	0	0	1	1
8	111522277	111522297	1	shCd19	0	0	0	0	1	0
8	111595831	111596069	1	shCd19	0	0	0	0	1	0
8	111644198	111644563	1	shCd19	0	0	0	0	1	0
8	111713414	111713858	1	memory	0	0	0	1	0	0
8	111731564	111732219	1	shCd19	0	0	0	0	1	0
8	111814096	111814445	1	shCd19	0	0	0	0	1	0
8	112026618	112027209	1	late	0	1	0	0	0	0
8	112089939	112090160	1	shRunx3	0	0	0	0	0	1
8	112139745	112140155	1	shRunx3	0	0	0	0	0	1
8	113367422	113367809	1	late	0	1	0	0	0	0
8	113634993	113635133	1	shCd19	0	0	0	0	1	0
8	113635133	113635755	2	terminal,shCd19	0	0	1	0	1	0
8	113635755	113635756	1	shCd19	0	0	0	0	1	0
8	113832470	113832824	1	shCd19	0	0	0	0	1	0
8	114031633	114032506	1	shRunx3	0	0	0	0	0	1
8	114449686	114449953	1	memory	0	0	0	1	0	0
8	114981424	114981821	1	shRunx3	0	0	0	0	0	1
8	115000514	115000747	1	shRunx3	0	0	0	0	0	1
8	115022478	115022722	1	terminal	0	0	1	0	0	0
8	115163296	115163656	1	shRunx3	0	0	0	0	0	1
8	115513994	115514819	1	late	0	1	0	0	0	0
8	115726609	115727320	1	shCd19	0	0	0	0	1	0
8	116048247	116048448	1	shRunx3	0	0	0	0	0	1
8	116402690	116402894	1	shRunx3	0	0	0	0	0	1
8	116628081	116628656	1	shCd19	0	0	0	0	1	0
8	116635926	116636736	1	shCd19	0	0	0	0	1	0
8	116637886	116638542	1	shCd19	0	0	0	0	1	0
8	116905262	116906395	1	shCd19	0	0	0	0	1	0
8	116978437	116978971	1	shRunx3	0	0	0	0	0	1
8	116993211	116993638	1	shCd19	0	0	0	0	1	0
8	117074228	117074389	1	shCd19	0	0	0	0	1	0
8	117074389	117074408	2	shCd19,shRunx3	0	0	0	0	1	1
8	117074408	117074662	3	terminal,shCd19,shRunx3	0	0	1	0	1	1
8	117074662	117074745	2	shCd19,shRunx3	0	0	0	0	1	1
8	117277950	117278453	1	shCd19	0	0	0	0	1	0
8	117282078	117282590	1	shRunx3	0	0	0	0	0	1
8	117288066	117288546	1	shCd19	0	0	0	0	1	0
8	117772369	117772782	1	shRunx3	0	0	0	0	0	1
8	118914746	118915071	1	early	1	0	0	0	0	0
8	118969003	118969398	1	shRunx3	0	0	0	0	0	1
8	119423710	119424407	1	shCd19	0	0	0	0	1	0
8	119604464	119605001	1	shCd19	0	0	0	0	1	0
8	119605001	119605591	2	shCd19,shRunx3	0	0	0	0	1	1
8	119605591	119605720	1	shRunx3	0	0	0	0	0	1
8	120229735	120230043	1	shCd19	0	0	0	0	1	0
8	120487142	120487484	1	shRunx3	0	0	0	0	0	1
8	120701889	120702389	1	shCd19	0	0	0	0	1	0
8	120976997	120977356	1	late	0	1	0	0	0	0
8	121312427	121312738	1	late	0	1	0	0	0	0
8	121372946	121373253	1	memory	0	0	0	1	0	0
8	121750234	121750509	1	early	1	0	0	0	0	0
8	121944560	121945114	1	shCd19	0	0	0	0	1	0
8	122325956	122326253	1	shRunx3	0	0	0	0	0	1
8	122382174	122382531	1	shRunx3	0	0	0	0	0	1
8	122415867	122416287	1	terminal	0	0	1	0	0	0
8	122473816	122473972	1	shRunx3	0	0	0	0	0	1
8	122473972	122474397	2	shCd19,shRunx3	0	0	0	0	1	1
8	122474397	122474905	1	shRunx3	0	0	0	0	0	1
8	122673102	122673489	1	shRunx3	0	0	0	0	0	1
8	122924031	122924720	1	shCd19	0	0	0	0	1	0
8	122929075	122929302	1	shRunx3	0	0	0	0	0	1
8	122937422	122937637	1	shRunx3	0	0	0	0	0	1
8	123028279	123028725	1	shRunx3	0	0	0	0	0	1
8	123030275	123030651	1	shRunx3	0	0	0	0	0	1
8	123032676	123032837	1	shRunx3	0	0	0	0	0	1
8	123032837	123033235	2	shCd19,shRunx3	0	0	0	0	1	1
8	123033235	123033243	1	shCd19	0	0	0	0	1	0
8	123042298	123042912	1	shRunx3	0	0	0	0	0	1
8	123064821	123065776	1	shCd19	0	0	0	0	1	0
8	123969143	123969513	1	late	0	1	0	0	0	0
8	124317450	124318400	1	shCd19	0	0	0	0	1	0
8	124318963	124319140	1	terminal	0	0	1	0	0	0
8	124319140	124319410	2	terminal,shCd19	0	0	1	0	1	0
8	124319410	124319741	3	terminal,shCd19,shRunx3	0	0	1	0	1	1
8	124319741	124319769	2	shCd19,shRunx3	0	0	0	0	1	1
8	124319769	124319982	1	shCd19	0	0	0	0	1	0
8	124355867	124356301	1	shCd19	0	0	0	0	1	0
8	124544836	124545582	1	shCd19	0	0	0	0	1	0
8	124863060	124863448	1	shCd19	0	0	0	0	1	0
8	124982952	124983274	1	terminal	0	0	1	0	0	0
8	125433730	125433988	1	shCd19	0	0	0	0	1	0
8	125683554	125684003	1	terminal	0	0	1	0	0	0
8	125754109	125754372	1	early	1	0	0	0	0	0
8	126468507	126468773	1	shRunx3	0	0	0	0	0	1
8	126584202	126584493	1	shCd19	0	0	0	0	1	0
8	126662807	126663075	1	shCd19	0	0	0	0	1	0
8	126847249	126848048	1	shCd19	0	0	0	0	1	0
8	126867196	126868186	1	shCd19	0	0	0	0	1	0
8	127144236	127144890	1	shRunx3	0	0	0	0	0	1
8	128261616	128261932	1	terminal	0	0	1	0	0	0
8	128481018	128481535	1	shCd19	0	0	0	0	1	0
8	128646278	128646968	1	shCd19	0	0	0	0	1	0
9	3514823	3515043	1	shRunx3	0	0	0	0	0	1
9	3820391	3820693	1	shCd19	0	0	0	0	1	0
9	4204720	4205015	1	shRunx3	0	0	0	0	0	1
9	4309749	4310502	1	shCd19	0	0	0	0	1	0
9	4521654	4521859	1	shRunx3	0	0	0	0	0	1
9	4530779	4531219	1	shRunx3	0	0	0	0	0	1
9	4728509	4728951	1	shRunx3	0	0	0	0	0	1
9	4842074	4842487	1	late	0	1	0	0	0	0
9	5174975	5175331	1	shRunx3	0	0	0	0	0	1
9	5298667	5298917	1	shCd19	0	0	0	0	1	0
9	5415980	5416570	1	late	0	1	0	0	0	0
9	6476340	6476718	1	late	0	1	0	0	0	0
9	6560877	6561210	1	shRunx3	0	0	0	0	0	1
9	6836063	6836586	1	shCd19	0	0	0	0	1	0
9	6981726	6981984	1	memory	0	0	0	1	0	0
9	7284053	7284256	1	shCd19	0	0	0	0	1	0
9	7503870	7504134	1	shCd19	0	0	0	0	1	0
9	7577199	7577494	1	early	1	0	0	0	0	0
9	7763797	7764310	1	shRunx3	0	0	0	0	0	1
9	7836587	7837407	1	shCd19	0	0	0	0	1	0
9	7872647	7872719	1	shRunx3	0	0	0	0	0	1
9	7872719	7872754	2	late,shRunx3	0	1	0	0	0	1
9	7872754	7873170	3	late,shCd19,shRunx3	0	1	0	0	1	1
9	7873170	7873218	2	late,shCd19	0	1	0	0	1	0
9	7873218	7873409	1	shCd19	0	0	0	0	1	0
9	8857920	8858202	1	late	0	1	0	0	0	0
9	9112414	9112871	1	late	0	1	0	0	0	0
9	11696941	11697450	1	late	0	1	0	0	0	0
9	12326308	12326559	1	memory	0	0	0	1	0	0
9	12636700	12637041	1	shCd19	0	0	0	0	1	0
9	12758093	12758379	1	memory	0	0	0	1	0	0
9	12766530	12766917	1	late	0	1	0	0	0	0
9	13246895	13247225	1	shCd19	0	0	0	0	1	0
9	13749530	13749801	1	shCd19	0	0	0	0	1	0
9	13877576	13877870	1	terminal	0	0	1	0	0	0
9	13947460	13947784	1	terminal	0	0	1	0	0	0
9	14093025	14093354	1	shCd19	0	0	0	0	1	0
9	14784643	14785434	1	shCd19	0	0	0	0	1	0
9	14837256	14837568	1	shRunx3	0	0	0	0	0	1
9	15017908	15018109	1	shRunx3	0	0	0	0	0	1
9	15018109	15018203	2	early,shRunx3	1	0	0	0	0	1
9	15018203	15018289	3	early,shCd19,shRunx3	1	0	0	0	1	1
9	15018289	15018363	4	early,memory,shCd19,shRunx3	1	0	0	1	1	1
9	15018363	15018629	3	memory,shCd19,shRunx3	0	0	0	1	1	1
9	15018629	15019100	2	shCd19,shRunx3	0	0	0	0	1	1
9	15019100	15019106	1	shCd19	0	0	0	0	1	0
9	15707946	15708339	1	memory	0	0	0	1	0	0
9	15951339	15951554	1	shRunx3	0	0	0	0	0	1
9	16237077	16237513	1	late	0	1	0	0	0	0
9	17219438	17219816	1	early	1	0	0	0	0	0
9	17807351	17807676	1	memory	0	0	0	1	0	0
9	17821847	17822227	1	early	1	0	0	0	0	0
9	18167179	18167395	1	shRunx3	0	0	0	0	0	1
9	18495062	18495510	1	early	1	0	0	0	0	0
9	19362658	19363069	1	shRunx3	0	0	0	0	0	1
9	19730607	19730879	1	terminal	0	0	1	0	0	0
9	20200441	20200852	1	late	0	1	0	0	0	0
9	20491931	20492228	1	shCd19	0	0	0	0	1	0
9	20651648	20652087	1	shRunx3	0	0	0	0	0	1
9	20878207	20878678	1	shRunx3	0	0	0	0	0	1
9	20952644	20953225	1	shCd19	0	0	0	0	1	0
9	21096732	21097197	1	early	1	0	0	0	0	0
9	21133224	21133690	1	terminal	0	0	1	0	0	0
9	21183619	21183948	1	shCd19	0	0	0	0	1	0
9	21220707	21221013	1	shCd19	0	0	0	0	1	0
9	21287588	21288624	1	shRunx3	0	0	0	0	0	1
9	21290861	21291675	1	shCd19	0	0	0	0	1	0
9	21321310	21321800	1	shCd19	0	0	0	0	1	0
9	21424494	21424926	1	shCd19	0	0	0	0	1	0
9	21450389	21450717	1	shRunx3	0	0	0	0	0	1
9	21592503	21592921	1	shCd19	0	0	0	0	1	0
9	21637821	21638124	1	terminal	0	0	1	0	0	0
9	21955704	21955723	1	shRunx3	0	0	0	0	0	1
9	21955723	21956028	2	shCd19,shRunx3	0	0	0	0	1	1
9	22054488	22055170	1	shRunx3	0	0	0	0	0	1
9	22085470	22085504	1	memory	0	0	0	1	0	0
9	22085504	22085956	2	memory,shCd19	0	0	0	1	1	0
9	22085956	22085973	1	memory	0	0	0	1	0	0
9	22332240	22332592	1	late	0	1	0	0	0	0
9	22541428	22541791	1	shRunx3	0	0	0	0	0	1
9	22743153	22743418	1	terminal	0	0	1	0	0	0
9	22868677	22869022	1	shRunx3	0	0	0	0	0	1
9	23453957	23454236	1	terminal	0	0	1	0	0	0
9	23594370	23594767	1	early	1	0	0	0	0	0
9	24187388	24187683	1	shRunx3	0	0	0	0	0	1
9	24863085	24863305	1	shRunx3	0	0	0	0	0	1
9	25090935	25091343	1	memory	0	0	0	1	0	0
9	25428068	25428398	1	memory	0	0	0	1	0	0
9	25471045	25471259	1	shCd19	0	0	0	0	1	0
9	25606962	25607466	1	shRunx3	0	0	0	0	0	1
9	25633654	25634105	1	memory	0	0	0	1	0	0
9	26212296	26212549	1	early	1	0	0	0	0	0
9	26246644	26246962	1	memory	0	0	0	1	0	0
9	26377195	26377627	1	shRunx3	0	0	0	0	0	1
9	26791173	26792034	1	terminal	0	0	1	0	0	0
9	27188729	27189203	1	terminal	0	0	1	0	0	0
9	28020041	28020386	1	late	0	1	0	0	0	0
9	28295599	28295904	1	shRunx3	0	0	0	0	0	1
9	28643237	28643599	1	terminal	0	0	1	0	0	0
9	28865019	28865513	1	terminal	0	0	1	0	0	0
9	29271739	29272009	1	shCd19	0	0	0	0	1	0
9	29374101	29374450	1	shRunx3	0	0	0	0	0	1
9	29462306	29462706	1	late	0	1	0	0	0	0
9	29884090	29884431	1	shCd19	0	0	0	0	1	0
9	30059528	30060081	1	early	1	0	0	0	0	0
9	30111665	30111972	1	early	1	0	0	0	0	0
9	31003332	31003848	1	shCd19	0	0	0	0	1	0
9	31133085	31134058	1	late	0	1	0	0	0	0
9	31280006	31280773	1	shCd19	0	0	0	0	1	0
9	31666865	31667233	1	memory	0	0	0	1	0	0
9	32423583	32424408	1	terminal	0	0	1	0	0	0
9	32503977	32504395	1	shCd19	0	0	0	0	1	0
9	32506712	32507897	1	shCd19	0	0	0	0	1	0
9	32539166	32539715	1	shCd19	0	0	0	0	1	0
9	32572418	32572741	1	shRunx3	0	0	0	0	0	1
9	32925922	32926544	1	shCd19	0	0	0	0	1	0
9	32931446	32931799	1	late	0	1	0	0	0	0
9	32941212	32941517	1	terminal	0	0	1	0	0	0
9	33060458	33060576	1	shCd19	0	0	0	0	1	0
9	33060576	33060768	2	shCd19,shRunx3	0	0	0	0	1	1
9	33060768	33060799	4	early,terminal,shCd19,shRunx3	1	0	1	0	1	1
9	33060799	33061069	5	early,late,terminal,shCd19,shRunx3	1	1	1	0	1	1
9	33061069	33061093	4	early,late,terminal,shCd19	1	1	1	0	1	0
9	33061093	33061094	3	early,late,shCd19	1	1	0	0	1	0
9	33061094	33061107	2	late,shCd19	0	1	0	0	1	0
9	33061107	33061129	1	shCd19	0	0	0	0	1	0
9	33329228	33329465	1	shRunx3	0	0	0	0	0	1
9	33560578	33561015	1	memory	0	0	0	1	0	0
9	33986923	33987210	1	late	0	1	0	0	0	0
9	34018668	34018876	1	shRunx3	0	0	0	0	0	1
9	34872729	34873174	1	terminal	0	0	1	0	0	0
9	35002963	35003334	1	shCd19	0	0	0	0	1	0
9	35135602	35136285	1	late	0	1	0	0	0	0
9	35175564	35176261	1	late	0	1	0	0	0	0
9	35228295	35228734	1	late	0	1	0	0	0	0
9	35312565	35312803	1	terminal	0	0	1	0	0	0
9	35435001	35435200	1	shRunx3	0	0	0	0	0	1
9	37645513	37645796	1	late	0	1	0	0	0	0
9	37775796	37776115	1	shRunx3	0	0	0	0	0	1
9	38076514	38076750	1	shRunx3	0	0	0	0	0	1
9	39249739	39250078	1	late	0	1	0	0	0	0
9	39493450	39493732	1	memory	0	0	0	1	0	0
9	39736444	39736842	1	shRunx3	0	0	0	0	0	1
9	40422901	40424887	1	shCd19	0	0	0	0	1	0
9	40433039	40433286	1	terminal	0	0	1	0	0	0
9	40556160	40556419	1	terminal	0	0	1	0	0	0
9	40663868	40664242	1	memory	0	0	0	1	0	0
9	40743343	40743953	1	shCd19	0	0	0	0	1	0
9	41784454	41784706	1	memory	0	0	0	1	0	0
9	41823390	41824050	1	late	0	1	0	0	0	0
9	41968864	41969227	1	shCd19	0	0	0	0	1	0
9	42096594	42097215	1	shCd19	0	0	0	0	1	0
9	42097215	42097712	2	shCd19,shRunx3	0	0	0	0	1	1
9	42097712	42098086	1	shCd19	0	0	0	0	1	0
9	42108359	42108862	1	shCd19	0	0	0	0	1	0
9	42158831	42159341	1	shCd19	0	0	0	0	1	0
9	42233831	42234234	1	late	0	1	0	0	0	0
9	42748841	42749137	1	shRunx3	0	0	0	0	0	1
9	43074166	43074475	1	memory	0	0	0	1	0	0
9	43096111	43096484	1	shCd19	0	0	0	0	1	0
9	43408418	43408916	1	memory	0	0	0	1	0	0
9	43540230	43540490	1	memory	0	0	0	1	0	0
9	44022287	44022597	1	shCd19	0	0	0	0	1	0
9	44031018	44031578	1	memory	0	0	0	1	0	0
9	44037099	44037359	1	shCd19	0	0	0	0	1	0
9	44537824	44538251	1	shRunx3	0	0	0	0	0	1
9	44592634	44593013	1	shRunx3	0	0	0	0	0	1
9	44976634	44976923	1	shCd19	0	0	0	0	1	0
9	44978068	44978331	1	terminal	0	0	1	0	0	0
9	44986239	44986343	1	shCd19	0	0	0	0	1	0
9	44986343	44986686	2	memory,shCd19	0	0	0	1	1	0
9	44986686	44987218	1	shCd19	0	0	0	0	1	0
9	45058578	45058840	1	shCd19	0	0	0	0	1	0
9	45079616	45079939	1	shCd19	0	0	0	0	1	0
9	45097990	45098390	1	late	0	1	0	0	0	0
9	45098622	45098900	1	shCd19	0	0	0	0	1	0
9	45294214	45294727	1	shCd19	0	0	0	0	1	0
9	45944714	45944831	1	shCd19	0	0	0	0	1	0
9	45944831	45945140	2	terminal,shCd19	0	0	1	0	1	0
9	45945140	45945428	1	shCd19	0	0	0	0	1	0
9	45960153	45960525	1	late	0	1	0	0	0	0
9	46583055	46583420	1	early	1	0	0	0	0	0
9	46939110	46939433	1	shCd19	0	0	0	0	1	0
9	47189765	47190116	1	shRunx3	0	0	0	0	0	1
9	47677938	47678149	1	shRunx3	0	0	0	0	0	1
9	48004105	48004439	1	shRunx3	0	0	0	0	0	1
9	48760802	48761178	1	shRunx3	0	0	0	0	0	1
9	49610358	49610393	1	memory	0	0	0	1	0	0
9	49610393	49610630	2	memory,shCd19	0	0	0	1	1	0
9	49610630	49610974	1	shCd19	0	0	0	0	1	0
9	49871048	49871345	1	memory	0	0	0	1	0	0
9	50324268	50324540	1	shCd19	0	0	0	0	1	0
9	50324540	50324951	2	shCd19,shRunx3	0	0	0	0	1	1
9	50324951	50324956	1	shRunx3	0	0	0	0	0	1
9	50382136	50382561	1	shRunx3	0	0	0	0	0	1
9	51286740	51287137	1	early	1	0	0	0	0	0
9	51501937	51502147	1	shCd19	0	0	0	0	1	0
9	51505502	51505755	1	shRunx3	0	0	0	0	0	1
9	53610085	53610465	1	shCd19	0	0	0	0	1	0
9	53664035	53664398	1	memory	0	0	0	1	0	0
9	53941225	53941600	1	early	1	0	0	0	0	0
9	54349426	54349712	1	shRunx3	0	0	0	0	0	1
9	54587825	54588168	1	memory	0	0	0	1	0	0
9	54612583	54613021	1	shCd19	0	0	0	0	1	0
9	54636825	54637121	1	early	1	0	0	0	0	0
9	55170261	55170516	1	shRunx3	0	0	0	0	0	1
9	55511529	55512081	1	shCd19	0	0	0	0	1	0
9	55700028	55700299	1	shRunx3	0	0	0	0	0	1
9	56041808	56041844	1	shRunx3	0	0	0	0	0	1
9	56041844	56042130	2	shCd19,shRunx3	0	0	0	0	1	1
9	56042130	56042143	1	shCd19	0	0	0	0	1	0
9	56103875	56105955	1	shCd19	0	0	0	0	1	0
9	56422221	56422470	1	shCd19	0	0	0	0	1	0
9	56465083	56465172	1	shCd19	0	0	0	0	1	0
9	56465172	56465440	2	shCd19,shRunx3	0	0	0	0	1	1
9	56465440	56465750	1	shCd19	0	0	0	0	1	0
9	56509062	56509410	1	shCd19	0	0	0	0	1	0
9	56509410	56509694	2	terminal,shCd19	0	0	1	0	1	0
9	57072652	57073025	1	shCd19	0	0	0	0	1	0
9	57089210	57089497	1	terminal	0	0	1	0	0	0
9	57262552	57262873	1	early	1	0	0	0	0	0
9	57339398	57339719	1	shCd19	0	0	0	0	1	0
9	57339719	57340526	3	late,shCd19,shRunx3	0	1	0	0	1	1
9	57340526	57340547	2	late,shCd19	0	1	0	0	1	0
9	57340547	57340751	1	shCd19	0	0	0	0	1	0
9	57560932	57560966	1	shCd19	0	0	0	0	1	0
9	57560966	57561255	2	terminal,shCd19	0	0	1	0	1	0
9	57561255	57561309	1	shCd19	0	0	0	0	1	0
9	57599187	57599513	1	memory	0	0	0	1	0	0
9	57972016	57972729	1	shCd19	0	0	0	0	1	0
9	58580721	58581677	1	shRunx3	0	0	0	0	0	1
9	58583324	58583945	1	terminal	0	0	1	0	0	0
9	58758859	58759174	1	shRunx3	0	0	0	0	0	1
9	58791933	58792297	1	shRunx3	0	0	0	0	0	1
9	58975311	58975684	1	memory	0	0	0	1	0	0
9	59032147	59032367	1	shRunx3	0	0	0	0	0	1
9	59623467	59623767	1	shRunx3	0	0	0	0	0	1
9	59655976	59656735	1	shCd19	0	0	0	0	1	0
9	59658032	59658617	1	shRunx3	0	0	0	0	0	1
9	59659617	59659918	1	shCd19	0	0	0	0	1	0
9	59712001	59712636	1	shRunx3	0	0	0	0	0	1
9	59743760	59744095	1	shRunx3	0	0	0	0	0	1
9	60425475	60425763	1	early	1	0	0	0	0	0
9	60617865	60618375	1	memory	0	0	0	1	0	0
9	60998261	60998317	1	shCd19	0	0	0	0	1	0
9	60998317	60998336	2	terminal,shCd19	0	0	1	0	1	0
9	60998336	60998597	3	terminal,shCd19,shRunx3	0	0	1	0	1	1
9	60998597	60999332	2	shCd19,shRunx3	0	0	0	0	1	1
9	60999332	60999768	1	shCd19	0	0	0	0	1	0
9	61199572	61200216	1	late	0	1	0	0	0	0
9	61663854	61664526	1	shCd19	0	0	0	0	1	0
9	61669494	61669654	1	shCd19	0	0	0	0	1	0
9	61669654	61670361	2	shCd19,shRunx3	0	0	0	0	1	1
9	61670361	61670371	1	shRunx3	0	0	0	0	0	1
9	61680638	61681091	1	terminal	0	0	1	0	0	0
9	61702413	61702834	1	shCd19	0	0	0	0	1	0
9	61707744	61708371	1	shCd19	0	0	0	0	1	0
9	61965227	61965696	1	shCd19	0	0	0	0	1	0
9	62157756	62158013	1	shCd19	0	0	0	0	1	0
9	62235031	62235294	1	shCd19	0	0	0	0	1	0
9	63196910	63197249	1	shCd19	0	0	0	0	1	0
9	63737041	63737252	1	shRunx3	0	0	0	0	0	1
9	63737555	63738469	1	shCd19	0	0	0	0	1	0
9	63740314	63740438	1	shCd19	0	0	0	0	1	0
9	63740438	63740982	2	terminal,shCd19	0	0	1	0	1	0
9	63740982	63741210	1	shCd19	0	0	0	0	1	0
9	63891300	63891674	1	shCd19	0	0	0	0	1	0
9	64372001	64372321	1	memory	0	0	0	1	0	0
9	64690614	64691139	1	terminal	0	0	1	0	0	0
9	64792683	64793617	1	shCd19	0	0	0	0	1	0
9	64796904	64797296	1	shRunx3	0	0	0	0	0	1
9	64797296	64797951	2	shCd19,shRunx3	0	0	0	0	1	1
9	64797951	64797962	1	shCd19	0	0	0	0	1	0
9	65489812	65490039	1	shCd19	0	0	0	0	1	0
9	65541300	65542245	1	shCd19	0	0	0	0	1	0
9	65715764	65716197	1	memory	0	0	0	1	0	0
9	66158194	66158957	1	shCd19	0	0	0	0	1	0
9	66280341	66280763	1	shCd19	0	0	0	0	1	0
9	66373810	66374137	1	shCd19	0	0	0	0	1	0
9	66512077	66512625	1	shCd19	0	0	0	0	1	0
9	66807896	66808407	1	late	0	1	0	0	0	0
9	66873312	66874052	1	shCd19	0	0	0	0	1	0
9	67043599	67044306	1	shCd19	0	0	0	0	1	0
9	67188253	67188523	1	early	1	0	0	0	0	0
9	67228451	67228934	1	early	1	0	0	0	0	0
9	67638561	67638962	1	terminal	0	0	1	0	0	0
9	67901618	67902128	1	shCd19	0	0	0	0	1	0
9	68335019	68335261	1	memory	0	0	0	1	0	0
9	68521781	68522035	1	early	1	0	0	0	0	0
9	69034413	69034434	1	late	0	1	0	0	0	0
9	69034434	69034746	2	late,shRunx3	0	1	0	0	0	1
9	69034746	69034778	1	shRunx3	0	0	0	0	0	1
9	69297888	69297910	1	shCd19	0	0	0	0	1	0
9	69297910	69297922	2	terminal,shCd19	0	0	1	0	1	0
9	69297922	69298191	3	terminal,shCd19,shRunx3	0	0	1	0	1	1
9	69298191	69298203	1	shCd19	0	0	0	0	1	0
9	69458182	69458450	1	shRunx3	0	0	0	0	0	1
9	69812246	69812779	1	shRunx3	0	0	0	0	0	1
9	69848914	69849191	1	shRunx3	0	0	0	0	0	1
9	69941009	69941296	1	shCd19	0	0	0	0	1	0
9	69987007	69987371	1	late	0	1	0	0	0	0
9	69991967	69992249	1	memory	0	0	0	1	0	0
9	70025310	70025862	1	late	0	1	0	0	0	0
9	70034279	70034618	1	shCd19	0	0	0	0	1	0
9	70239094	70239485	1	shRunx3	0	0	0	0	0	1
9	70381350	70381563	1	shCd19	0	0	0	0	1	0
9	70393523	70393925	1	late	0	1	0	0	0	0
9	70417603	70417971	1	memory	0	0	0	1	0	0
9	70726366	70726601	1	shRunx3	0	0	0	0	0	1
9	71706035	71706601	1	late	0	1	0	0	0	0
9	71848849	71849344	1	shRunx3	0	0	0	0	0	1
9	72246796	72247127	1	late	0	1	0	0	0	0
9	72364622	72364882	1	shRunx3	0	0	0	0	0	1
9	72661876	72662359	1	shCd19	0	0	0	0	1	0
9	72895570	72895809	1	shRunx3	0	0	0	0	0	1
9	73044362	73044657	1	late	0	1	0	0	0	0
9	73586715	73587180	1	terminal	0	0	1	0	0	0
9	74180053	74180552	1	shRunx3	0	0	0	0	0	1
9	74270236	74270828	1	terminal	0	0	1	0	0	0
9	74651631	74652273	1	shRunx3	0	0	0	0	0	1
9	75000552	75000853	1	memory	0	0	0	1	0	0
9	75131178	75131398	1	shRunx3	0	0	0	0	0	1
9	75135885	75136303	1	early	1	0	0	0	0	0
9	75337978	75338266	1	memory	0	0	0	1	0	0
9	75437804	75438025	1	shCd19	0	0	0	0	1	0
9	76038757	76039119	1	shRunx3	0	0	0	0	0	1
9	76102685	76102912	1	shRunx3	0	0	0	0	0	1
9	76942828	76943209	1	terminal	0	0	1	0	0	0
9	76961938	76962163	1	shRunx3	0	0	0	0	0	1
9	77454405	77454635	1	shRunx3	0	0	0	0	0	1
9	77466626	77466983	1	shRunx3	0	0	0	0	0	1
9	77826544	77826884	1	shRunx3	0	0	0	0	0	1
9	78057174	78057560	1	early	1	0	0	0	0	0
9	79793263	79793654	1	shCd19	0	0	0	0	1	0
9	79806198	79806558	1	shCd19	0	0	0	0	1	0
9	79888403	79888727	1	terminal	0	0	1	0	0	0
9	79918935	79919050	1	shCd19	0	0	0	0	1	0
9	79919050	79919635	2	shCd19,shRunx3	0	0	0	0	1	1
9	79919635	79919675	1	shCd19	0	0	0	0	1	0
9	79986092	79986587	1	memory	0	0	0	1	0	0
9	80985662	80985866	1	shRunx3	0	0	0	0	0	1
9	81799084	81799693	1	shRunx3	0	0	0	0	0	1
9	82496788	82497059	1	shRunx3	0	0	0	0	0	1
9	83440889	83441234	1	shRunx3	0	0	0	0	0	1
9	84261830	84262107	1	shCd19	0	0	0	0	1	0
9	84314149	84314416	1	memory	0	0	0	1	0	0
9	84368929	84369364	1	terminal	0	0	1	0	0	0
9	84433489	84434250	1	shRunx3	0	0	0	0	0	1
9	84437000	84437307	1	shRunx3	0	0	0	0	0	1
9	85134970	85135461	1	late	0	1	0	0	0	0
9	85185053	85185399	1	shRunx3	0	0	0	0	0	1
9	85208624	85208925	1	terminal	0	0	1	0	0	0
9	86456028	86456428	1	terminal	0	0	1	0	0	0
9	86589114	86589368	1	terminal	0	0	1	0	0	0
9	86696998	86697341	1	late	0	1	0	0	0	0
9	87095047	87095333	1	shCd19	0	0	0	0	1	0
9	87744782	87745210	1	late	0	1	0	0	0	0
9	87993484	87994102	1	shRunx3	0	0	0	0	0	1
9	88112155	88112634	1	early	1	0	0	0	0	0
9	88439029	88439369	1	terminal	0	0	1	0	0	0
9	88522136	88523143	1	shCd19	0	0	0	0	1	0
9	89198785	89199449	1	shCd19	0	0	0	0	1	0
9	89837765	89838087	1	memory	0	0	0	1	0	0
9	90139383	90139633	1	terminal	0	0	1	0	0	0
9	90548329	90548594	1	shRunx3	0	0	0	0	0	1
9	91319773	91320030	1	shCd19	0	0	0	0	1	0
9	91357675	91357967	1	memory	0	0	0	1	0	0
9	91521891	91522170	1	memory	0	0	0	1	0	0
9	91714877	91715347	1	memory	0	0	0	1	0	0
9	91816583	91816977	1	memory	0	0	0	1	0	0
9	92004550	92004834	1	memory	0	0	0	1	0	0
9	92173850	92174207	1	shCd19	0	0	0	0	1	0
9	92383996	92384845	1	shRunx3	0	0	0	0	0	1
9	92529021	92529288	1	early	1	0	0	0	0	0
9	92658776	92659147	1	terminal	0	0	1	0	0	0
9	93300423	93300747	1	memory	0	0	0	1	0	0
9	93466624	93467004	1	shCd19	0	0	0	0	1	0
9	93686646	93687335	1	memory	0	0	0	1	0	0
9	93766018	93766600	1	early	1	0	0	0	0	0
9	94371426	94371697	1	memory	0	0	0	1	0	0
9	94554006	94554290	1	early	1	0	0	0	0	0
9	94930432	94931005	1	shRunx3	0	0	0	0	0	1
9	95072229	95072598	1	early	1	0	0	0	0	0
9	95407550	95408342	1	shCd19	0	0	0	0	1	0
9	95760526	95760880	1	memory	0	0	0	1	0	0
9	95959597	95960983	1	shCd19	0	0	0	0	1	0
9	96116470	96116847	1	shRunx3	0	0	0	0	0	1
9	96363891	96364786	1	shCd19	0	0	0	0	1	0
9	96583257	96583691	1	shCd19	0	0	0	0	1	0
9	96663616	96663908	1	shCd19	0	0	0	0	1	0
9	96669932	96670619	1	shCd19	0	0	0	0	1	0
9	96713912	96714647	1	shCd19	0	0	0	0	1	0
9	96889470	96889522	1	late	0	1	0	0	0	0
9	96889522	96889531	3	late,terminal,shCd19	0	1	1	0	1	0
9	96889531	96890205	4	late,terminal,shCd19,shRunx3	0	1	1	0	1	1
9	96890205	96890257	3	terminal,shCd19,shRunx3	0	0	1	0	1	1
9	96890257	96890268	2	shCd19,shRunx3	0	0	0	0	1	1
9	96890268	96890278	1	shCd19	0	0	0	0	1	0
9	97497013	97497645	1	early	1	0	0	0	0	0
9	97548920	97549479	1	shRunx3	0	0	0	0	0	1
9	98184570	98184853	1	shRunx3	0	0	0	0	0	1
9	98205090	98205342	1	memory	0	0	0	1	0	0
9	98404341	98404541	1	shRunx3	0	0	0	0	0	1
9	98422018	98422555	1	late	0	1	0	0	0	0
9	99242851	99243129	1	shCd19	0	0	0	0	1	0
9	99546588	99546848	1	memory	0	0	0	1	0	0
9	100433427	100433645	1	shRunx3	0	0	0	0	0	1
9	100460080	100460496	1	shCd19	0	0	0	0	1	0
9	100462102	100462572	1	shCd19	0	0	0	0	1	0
9	100545901	100546318	1	shCd19	0	0	0	0	1	0
9	100551017	100551305	1	memory	0	0	0	1	0	0
9	100762058	100762313	1	early	1	0	0	0	0	0
9	102436604	102436867	1	terminal	0	0	1	0	0	0
9	102625452	102625579	1	memory	0	0	0	1	0	0
9	102625579	102626125	2	memory,shCd19	0	0	0	1	1	0
9	102626125	102626308	1	shCd19	0	0	0	0	1	0
9	102626308	102626592	2	shCd19,shRunx3	0	0	0	0	1	1
9	102626592	102626684	1	shRunx3	0	0	0	0	0	1
9	103154222	103154990	1	shRunx3	0	0	0	0	0	1
9	103338535	103338972	1	memory	0	0	0	1	0	0
9	103552891	103553195	1	shRunx3	0	0	0	0	0	1
9	103589032	103589772	1	memory	0	0	0	1	0	0
9	103760164	103760431	1	shCd19	0	0	0	0	1	0
9	104228943	104229319	1	late	0	1	0	0	0	0
9	105131419	105131772	1	early	1	0	0	0	0	0
9	105160981	105161373	1	terminal	0	0	1	0	0	0
9	105487656	105487903	1	memory	0	0	0	1	0	0
9	105814333	105814724	1	late	0	1	0	0	0	0
9	106029885	106030188	1	memory	0	0	0	1	0	0
9	106091634	106092075	1	early	1	0	0	0	0	0
9	106169928	106171468	1	shCd19	0	0	0	0	1	0
9	106215194	106215746	1	shCd19	0	0	0	0	1	0
9	106280608	106281627	1	shCd19	0	0	0	0	1	0
9	106312904	106313144	1	shRunx3	0	0	0	0	0	1
9	106733885	106734263	1	shRunx3	0	0	0	0	0	1
9	106742351	106742702	1	memory	0	0	0	1	0	0
9	106822419	106823005	1	shCd19	0	0	0	0	1	0
9	106891469	106891693	1	shRunx3	0	0	0	0	0	1
9	106891693	106891887	2	shCd19,shRunx3	0	0	0	0	1	1
9	106891887	106892325	3	terminal,shCd19,shRunx3	0	0	1	0	1	1
9	106892325	106892394	2	shCd19,shRunx3	0	0	0	0	1	1
9	106892394	106892607	1	shCd19	0	0	0	0	1	0
9	107280363	107280630	1	shCd19	0	0	0	0	1	0
9	107280630	107281196	2	shCd19,shRunx3	0	0	0	0	1	1
9	107281196	107281444	1	shCd19	0	0	0	0	1	0
9	107313049	107313355	1	shRunx3	0	0	0	0	0	1
9	107334160	107334678	1	shCd19	0	0	0	0	1	0
9	107354060	107354396	1	terminal	0	0	1	0	0	0
9	107513996	107514322	1	shRunx3	0	0	0	0	0	1
9	107550864	107551177	1	shCd19	0	0	0	0	1	0
9	107551177	107551571	2	early,shCd19	1	0	0	0	1	0
9	107551571	107551795	1	shCd19	0	0	0	0	1	0
9	107558992	107559221	1	shRunx3	0	0	0	0	0	1
9	107568535	107569308	1	shCd19	0	0	0	0	1	0
9	107617711	107618086	1	memory	0	0	0	1	0	0
9	108035390	108035802	1	shCd19	0	0	0	0	1	0
9	108154885	108155205	1	shRunx3	0	0	0	0	0	1
9	108293936	108294148	1	shRunx3	0	0	0	0	0	1
9	108517560	108518251	1	shCd19	0	0	0	0	1	0
9	108599154	108599646	1	shRunx3	0	0	0	0	0	1
9	108783402	108784190	1	shCd19	0	0	0	0	1	0
9	108816403	108816805	1	shRunx3	0	0	0	0	0	1
9	109464942	109465206	1	terminal	0	0	1	0	0	0
9	109903793	109904168	1	late	0	1	0	0	0	0
9	109931109	109931438	1	shCd19	0	0	0	0	1	0
9	109931438	109931822	2	shCd19,shRunx3	0	0	0	0	1	1
9	109931822	109932076	1	shCd19	0	0	0	0	1	0
9	110320315	110320684	1	shRunx3	0	0	0	0	0	1
9	110424691	110424918	1	shCd19	0	0	0	0	1	0
9	110645038	110645622	1	shRunx3	0	0	0	0	0	1
9	110887924	110888190	1	shRunx3	0	0	0	0	0	1
9	111515316	111515558	1	memory	0	0	0	1	0	0
9	112282457	112282793	1	shRunx3	0	0	0	0	0	1
9	112284662	112284872	1	shCd19	0	0	0	0	1	0
9	112425210	112425446	1	shRunx3	0	0	0	0	0	1
9	112452199	112452629	1	shRunx3	0	0	0	0	0	1
9	112558207	112558408	1	shRunx3	0	0	0	0	0	1
9	112582864	112583069	1	shRunx3	0	0	0	0	0	1
9	113751464	113751760	1	memory	0	0	0	1	0	0
9	113930626	113931106	1	shRunx3	0	0	0	0	0	1
9	114007607	114008182	1	late	0	1	0	0	0	0
9	114026362	114026366	1	terminal	0	0	1	0	0	0
9	114026366	114026644	2	terminal,shRunx3	0	0	1	0	0	1
9	114026644	114026902	1	shRunx3	0	0	0	0	0	1
9	114414647	114414967	1	terminal	0	0	1	0	0	0
9	115310613	115311097	1	shCd19	0	0	0	0	1	0
9	115611966	115612217	1	shCd19	0	0	0	0	1	0
9	115640010	115640305	1	early	1	0	0	0	0	0
9	115846183	115846573	1	memory	0	0	0	1	0	0
9	116188665	116189419	1	shCd19	0	0	0	0	1	0
9	116294995	116295253	1	shRunx3	0	0	0	0	0	1
9	116368906	116368907	1	shCd19	0	0	0	0	1	0
9	116368907	116369218	2	shCd19,shRunx3	0	0	0	0	1	1
9	116369218	116369256	3	terminal,shCd19,shRunx3	0	0	1	0	1	1
9	116369256	116369480	4	early,terminal,shCd19,shRunx3	1	0	1	0	1	1
9	116369480	116369496	3	early,shCd19,shRunx3	1	0	0	0	1	1
9	116369496	116369525	2	early,shCd19	1	0	0	0	1	0
9	116369525	116369573	1	shCd19	0	0	0	0	1	0
9	116935529	116936271	1	shRunx3	0	0	0	0	0	1
9	117080287	117080864	1	late	0	1	0	0	0	0
9	117130744	117131266	1	late	0	1	0	0	0	0
9	117457650	117457943	1	memory	0	0	0	1	0	0
9	117649712	117650081	1	shCd19	0	0	0	0	1	0
9	117662885	117663327	1	memory	0	0	0	1	0	0
9	117926612	117926623	1	terminal	0	0	1	0	0	0
9	117926623	117926940	2	terminal,shCd19	0	0	1	0	1	0
9	117926940	117927200	3	terminal,shCd19,shRunx3	0	0	1	0	1	1
9	117927200	117927419	2	shCd19,shRunx3	0	0	0	0	1	1
9	117927419	117927697	1	shCd19	0	0	0	0	1	0
9	118039983	118040462	1	shCd19	0	0	0	0	1	0
9	118040462	118040800	2	shCd19,shRunx3	0	0	0	0	1	1
9	118040800	118041040	1	shCd19	0	0	0	0	1	0
9	118246763	118247420	1	shRunx3	0	0	0	0	0	1
9	118385209	118385433	1	shRunx3	0	0	0	0	0	1
9	118511849	118512149	1	shCd19	0	0	0	0	1	0
9	118725266	118726292	1	terminal	0	0	1	0	0	0
9	118750932	118751257	1	shCd19	0	0	0	0	1	0
9	119005328	119005594	1	terminal	0	0	1	0	0	0
9	119322456	119323043	1	shRunx3	0	0	0	0	0	1
9	119340896	119341198	1	memory	0	0	0	1	0	0
9	119431410	119431816	1	shRunx3	0	0	0	0	0	1
9	119730287	119730691	1	late	0	1	0	0	0	0
9	120054533	120055394	1	shCd19	0	0	0	0	1	0
9	120200970	120201235	1	memory	0	0	0	1	0	0
9	121675132	121675701	1	shCd19	0	0	0	0	1	0
9	121718849	121719393	1	shRunx3	0	0	0	0	0	1
9	122232432	122233118	1	shCd19	0	0	0	0	1	0
9	122233118	122233409	2	shCd19,shRunx3	0	0	0	0	1	1
9	122233409	122233796	1	shCd19	0	0	0	0	1	0
9	122341300	122341646	1	memory	0	0	0	1	0	0
9	122442616	122443010	1	terminal	0	0	1	0	0	0
9	123509743	123510701	1	shCd19	0	0	0	0	1	0
9	123519077	123519462	1	shCd19	0	0	0	0	1	0
9	123734026	123734423	1	shCd19	0	0	0	0	1	0
9	123740604	123741130	1	shCd19	0	0	0	0	1	0
9	123806265	123806618	1	shRunx3	0	0	0	0	0	1
9	123830632	123830858	1	shRunx3	0	0	0	0	0	1
9	123850905	123851228	1	shCd19	0	0	0	0	1	0
9	124043654	124044354	1	shCd19	0	0	0	0	1	0
9	124145905	124146803	1	shCd19	0	0	0	0	1	0
9	124312116	124312615	1	terminal	0	0	1	0	0	0
9	124422549	124423549	1	shCd19	0	0	0	0	1	0
9	124423766	124424423	1	shCd19	0	0	0	0	1	0
X	5657774	5658409	1	shCd19	0	0	0	0	1	0
X	5989432	5989755	1	shRunx3	0	0	0	0	0	1
X	6580168	6580505	1	shCd19	0	0	0	0	1	0
X	7203965	7204242	1	late	0	1	0	0	0	0
X	7574452	7574761	1	shCd19	0	0	0	0	1	0
X	7644525	7644892	1	shCd19	0	0	0	0	1	0
X	7899001	7899599	1	shCd19	0	0	0	0	1	0
X	8054766	8055099	1	shRunx3	0	0	0	0	0	1
X	8132037	8132066	1	shRunx3	0	0	0	0	0	1
X	8132066	8132495	2	shCd19,shRunx3	0	0	0	0	1	1
X	8132495	8132795	1	shRunx3	0	0	0	0	0	1
X	8850793	8851289	1	terminal	0	0	1	0	0	0
X	9648358	9648739	1	terminal	0	0	1	0	0	0
X	10208504	10208705	1	shRunx3	0	0	0	0	0	1
X	10291738	10292052	1	shCd19	0	0	0	0	1	0
X	10518246	10518650	1	memory	0	0	0	1	0	0
X	10718934	10719238	1	terminal	0	0	1	0	0	0
X	10946545	10946977	1	late	0	1	0	0	0	0
X	11220360	11220932	1	late	0	1	0	0	0	0
X	11274379	11274636	1	shCd19	0	0	0	0	1	0
X	11422321	11422593	1	shRunx3	0	0	0	0	0	1
X	11573665	11573887	1	shRunx3	0	0	0	0	0	1
X	11950930	11951480	1	early	1	0	0	0	0	0
X	11992017	11992299	1	shRunx3	0	0	0	0	0	1
X	12163707	12164159	1	late	0	1	0	0	0	0
X	12482097	12482482	1	shRunx3	0	0	0	0	0	1
X	12535732	12535988	1	shRunx3	0	0	0	0	0	1
X	12703816	12704090	1	memory	0	0	0	1	0	0
X	13652195	13652616	1	shCd19	0	0	0	0	1	0
X	14219220	14219605	1	shCd19	0	0	0	0	1	0
X	14723772	14724040	1	terminal	0	0	1	0	0	0
X	15074685	15075372	1	shRunx3	0	0	0	0	0	1
X	17059095	17059349	1	terminal	0	0	1	0	0	0
X	17242328	17242688	1	early	1	0	0	0	0	0
X	17267027	17267745	1	early	1	0	0	0	0	0
X	17336295	17336707	1	late	0	1	0	0	0	0
X	17863500	17864053	1	shCd19	0	0	0	0	1	0
X	18446786	18447230	1	memory	0	0	0	1	0	0
X	18624646	18625009	1	shRunx3	0	0	0	0	0	1
X	19051603	19052013	1	shCd19	0	0	0	0	1	0
X	19197139	19197675	1	memory	0	0	0	1	0	0
X	19791588	19792018	1	late	0	1	0	0	0	0
X	20103997	20104279	1	late	0	1	0	0	0	0
X	20510692	20511043	1	shCd19	0	0	0	0	1	0
X	20575558	20576218	1	memory	0	0	0	1	0	0
X	20617272	20617367	1	shCd19	0	0	0	0	1	0
X	20617367	20617629	2	shCd19,shRunx3	0	0	0	0	1	1
X	20617629	20617810	1	shRunx3	0	0	0	0	0	1
X	20663263	20663590	1	terminal	0	0	1	0	0	0
X	20798048	20798884	1	shCd19	0	0	0	0	1	0
X	20950375	20950730	1	shRunx3	0	0	0	0	0	1
X	21329004	21329319	1	shRunx3	0	0	0	0	0	1
X	21738748	21739107	1	late	0	1	0	0	0	0
X	21905769	21906293	1	shRunx3	0	0	0	0	0	1
X	21995825	21996072	1	memory	0	0	0	1	0	0
X	22267380	22267629	1	shRunx3	0	0	0	0	0	1
X	23326684	23326921	1	terminal	0	0	1	0	0	0
X	23756908	23757276	1	early	1	0	0	0	0	0
X	24341233	24341514	1	late	0	1	0	0	0	0
X	36251036	36251281	1	shRunx3	0	0	0	0	0	1
X	36980776	36981758	1	shCd19	0	0	0	0	1	0
X	36987756	36988031	1	shCd19	0	0	0	0	1	0
X	38346729	38346989	1	shCd19	0	0	0	0	1	0
X	38500599	38500923	1	late	0	1	0	0	0	0
X	38718546	38718870	1	terminal	0	0	1	0	0	0
X	38916855	38917214	1	early	1	0	0	0	0	0
X	39220029	39220326	1	shRunx3	0	0	0	0	0	1
X	39641028	39641409	1	late	0	1	0	0	0	0
X	39648138	39648566	1	terminal	0	0	1	0	0	0
X	40007711	40008083	1	memory	0	0	0	1	0	0
X	40227032	40227247	1	shRunx3	0	0	0	0	0	1
X	40555362	40555774	1	late	0	1	0	0	0	0
X	40761996	40762278	1	memory	0	0	0	1	0	0
X	41929767	41930120	1	late	0	1	0	0	0	0
X	42249580	42249780	1	shRunx3	0	0	0	0	0	1
X	42884668	42884958	1	terminal	0	0	1	0	0	0
X	42929589	42929898	1	memory	0	0	0	1	0	0
X	44453111	44453438	1	memory	0	0	0	1	0	0
X	45071542	45071764	1	shRunx3	0	0	0	0	0	1
X	45108534	45109190	1	late	0	1	0	0	0	0
X	45344744	45345193	1	late	0	1	0	0	0	0
X	45367695	45368329	1	early	1	0	0	0	0	0
X	46221918	46222303	1	early	1	0	0	0	0	0
X	46329103	46329354	1	memory	0	0	0	1	0	0
X	46513158	46513491	1	shCd19	0	0	0	0	1	0
X	48424494	48424751	1	shRunx3	0	0	0	0	0	1
X	48433368	48433659	1	shCd19	0	0	0	0	1	0
X	48623418	48624007	1	shCd19	0	0	0	0	1	0
X	50874477	50874833	1	shCd19	0	0	0	0	1	0
X	50952955	50953397	1	early	1	0	0	0	0	0
X	51938462	51939079	1	shRunx3	0	0	0	0	0	1
X	52123226	52123557	1	late	0	1	0	0	0	0
X	52284496	52284902	1	shCd19	0	0	0	0	1	0
X	52422809	52423163	1	late	0	1	0	0	0	0
X	52449067	52449454	1	memory	0	0	0	1	0	0
X	52766025	52766301	1	early	1	0	0	0	0	0
X	52988392	52988598	1	shCd19	0	0	0	0	1	0
X	55395075	55395701	1	terminal	0	0	1	0	0	0
X	56056795	56057204	1	late	0	1	0	0	0	0
X	57107611	57107919	1	shCd19	0	0	0	0	1	0
X	57522894	57523222	1	shRunx3	0	0	0	0	0	1
X	57844458	57844969	1	memory	0	0	0	1	0	0
X	58613518	58613737	1	shRunx3	0	0	0	0	0	1
X	59006239	59006462	1	shCd19	0	0	0	0	1	0
X	59576991	59577297	1	memory	0	0	0	1	0	0
X	59690416	59690635	1	shRunx3	0	0	0	0	0	1
X	60473687	60474226	1	late	0	1	0	0	0	0
X	60557170	60557381	1	shRunx3	0	0	0	0	0	1
X	60981284	60981626	1	shRunx3	0	0	0	0	0	1
X	62302610	62302901	1	late	0	1	0	0	0	0
X	63120180	63120572	1	early	1	0	0	0	0	0
X	63491079	63491442	1	terminal	0	0	1	0	0	0
X	64010167	64010537	1	shRunx3	0	0	0	0	0	1
X	64064266	64064670	1	shRunx3	0	0	0	0	0	1
X	64447078	64447505	1	terminal	0	0	1	0	0	0
X	64562542	64563090	1	memory	0	0	0	1	0	0
X	64968647	64968942	1	terminal	0	0	1	0	0	0
X	65343329	65343569	1	shRunx3	0	0	0	0	0	1
X	65872183	65872990	1	late	0	1	0	0	0	0
X	66137752	66138072	1	early	1	0	0	0	0	0
X	66305338	66305650	1	memory	0	0	0	1	0	0
X	66771948	66772360	1	shRunx3	0	0	0	0	0	1
X	67011284	67011818	1	terminal	0	0	1	0	0	0
X	67053068	67053433	1	shRunx3	0	0	0	0	0	1
X	67454992	67455443	1	shRunx3	0	0	0	0	0	1
X	67946104	67946406	1	shRunx3	0	0	0	0	0	1
X	68013779	68014051	1	shCd19	0	0	0	0	1	0
X	68671312	68671639	1	shRunx3	0	0	0	0	0	1
X	70549532	70549884	1	terminal	0	0	1	0	0	0
X	70735871	70736151	1	terminal	0	0	1	0	0	0
X	71173093	71173302	1	shRunx3	0	0	0	0	0	1
X	71399313	71399663	1	early	1	0	0	0	0	0
X	71465734	71466058	1	shRunx3	0	0	0	0	0	1
X	72587857	72588202	1	shCd19	0	0	0	0	1	0
X	72599352	72599714	1	memory	0	0	0	1	0	0
X	72757397	72758021	1	late	0	1	0	0	0	0
X	73383731	73384205	1	late	0	1	0	0	0	0
X	73459021	73459274	1	shRunx3	0	0	0	0	0	1
X	73715927	73716515	1	shCd19	0	0	0	0	1	0
X	73875545	73875916	1	shCd19	0	0	0	0	1	0
X	73914821	73914879	1	shRunx3	0	0	0	0	0	1
X	73914879	73915254	2	shCd19,shRunx3	0	0	0	0	1	1
X	73915254	73915353	1	shCd19	0	0	0	0	1	0
X	73923148	73923427	1	shRunx3	0	0	0	0	0	1
X	74243512	74243742	1	shCd19	0	0	0	0	1	0
X	74243742	74244150	2	shCd19,shRunx3	0	0	0	0	1	1
X	74244150	74244199	1	shRunx3	0	0	0	0	0	1
X	74269976	74270716	1	shCd19	0	0	0	0	1	0
X	74326709	74327093	1	early	1	0	0	0	0	0
X	74991395	74991787	1	memory	0	0	0	1	0	0
X	75116303	75116586	1	terminal	0	0	1	0	0	0
X	75500692	75501383	1	memory	0	0	0	1	0	0
X	76441422	76441752	1	shRunx3	0	0	0	0	0	1
X	76650111	76650417	1	shRunx3	0	0	0	0	0	1
X	76942329	76942532	1	shCd19	0	0	0	0	1	0
X	77420028	77420307	1	early	1	0	0	0	0	0
X	78900580	78900862	1	early	1	0	0	0	0	0
X	78916771	78916976	1	shRunx3	0	0	0	0	0	1
X	79508904	79509331	1	terminal	0	0	1	0	0	0
X	80771581	80771924	1	memory	0	0	0	1	0	0
X	81289532	81289837	1	shRunx3	0	0	0	0	0	1
X	81652567	81653296	1	memory	0	0	0	1	0	0
X	81699401	81699719	1	terminal	0	0	1	0	0	0
X	82071660	82072069	1	terminal	0	0	1	0	0	0
X	82106565	82106807	1	memory	0	0	0	1	0	0
X	83610215	83610539	1	shRunx3	0	0	0	0	0	1
X	83798650	83798937	1	late	0	1	0	0	0	0
X	84226206	84226665	1	memory	0	0	0	1	0	0
X	85232972	85233377	1	memory	0	0	0	1	0	0
X	85238436	85238739	1	late	0	1	0	0	0	0
X	85528915	85529308	1	early	1	0	0	0	0	0
X	85679792	85680236	1	terminal	0	0	1	0	0	0
X	85957088	85957438	1	shRunx3	0	0	0	0	0	1
X	86048434	86048844	1	terminal	0	0	1	0	0	0
X	86322875	86323171	1	early	1	0	0	0	0	0
X	87310662	87311087	1	memory	0	0	0	1	0	0
X	87523150	87523618	1	memory	0	0	0	1	0	0
X	87604109	87604425	1	early	1	0	0	0	0	0
X	87814534	87814807	1	shRunx3	0	0	0	0	0	1
X	87869412	87869757	1	terminal	0	0	1	0	0	0
X	88359149	88359511	1	memory	0	0	0	1	0	0
X	88630414	88630702	1	shCd19	0	0	0	0	1	0
X	89251137	89251407	1	memory	0	0	0	1	0	0
X	89378988	89379270	1	late	0	1	0	0	0	0
X	89728650	89728857	1	shRunx3	0	0	0	0	0	1
X	89952876	89953081	1	shRunx3	0	0	0	0	0	1
X	90505172	90505548	1	memory	0	0	0	1	0	0
X	90582065	90582452	1	memory	0	0	0	1	0	0
X	91675544	91675819	1	memory	0	0	0	1	0	0
X	91702332	91702535	1	shRunx3	0	0	0	0	0	1
X	92156557	92156778	1	shRunx3	0	0	0	0	0	1
X	92207248	92207792	1	memory	0	0	0	1	0	0
X	93179490	93179952	1	memory	0	0	0	1	0	0
X	94022923	94023467	1	late	0	1	0	0	0	0
X	94125230	94125569	1	late	0	1	0	0	0	0
X	94456316	94456580	1	terminal	0	0	1	0	0	0
X	94527046	94527295	1	memory	0	0	0	1	0	0
X	95214075	95214528	1	terminal	0	0	1	0	0	0
X	95320557	95320810	1	shRunx3	0	0	0	0	0	1
X	95816961	95817270	1	memory	0	0	0	1	0	0
X	95992821	95993206	1	late	0	1	0	0	0	0
X	96111700	96112080	1	shRunx3	0	0	0	0	0	1
X	96133437	96133758	1	shRunx3	0	0	0	0	0	1
X	96311780	96312171	1	shRunx3	0	0	0	0	0	1
X	96547209	96547524	1	terminal	0	0	1	0	0	0
X	98205691	98206101	1	late	0	1	0	0	0	0
X	98273448	98273833	1	late	0	1	0	0	0	0
X	98694081	98694387	1	late	0	1	0	0	0	0
X	99277751	99278118	1	late	0	1	0	0	0	0
X	100208415	100208768	1	late	0	1	0	0	0	0
X	100322267	100322898	1	terminal	0	0	1	0	0	0
X	101128470	101128529	1	shCd19	0	0	0	0	1	0
X	101128529	101128782	2	shCd19,shRunx3	0	0	0	0	1	1
X	101128782	101128791	1	shRunx3	0	0	0	0	0	1
X	101452727	101452950	1	shRunx3	0	0	0	0	0	1
X	101733842	101734123	1	shCd19	0	0	0	0	1	0
X	101750244	101750611	1	shCd19	0	0	0	0	1	0
X	102036929	102037243	1	shCd19	0	0	0	0	1	0
X	102139558	102139771	1	shRunx3	0	0	0	0	0	1
X	102539912	102540160	1	shRunx3	0	0	0	0	0	1
X	103334705	103334969	1	shRunx3	0	0	0	0	0	1
X	103626410	103626664	1	memory	0	0	0	1	0	0
X	103711877	103712083	1	shRunx3	0	0	0	0	0	1
X	104026193	104026470	1	late	0	1	0	0	0	0
X	104899734	104899990	1	shRunx3	0	0	0	0	0	1
X	106965995	106966267	1	memory	0	0	0	1	0	0
X	107220628	107220835	1	shCd19	0	0	0	0	1	0
X	107240848	107241248	1	terminal	0	0	1	0	0	0
X	107523069	107523423	1	memory	0	0	0	1	0	0
X	108010093	108010352	1	memory	0	0	0	1	0	0
X	109339542	109339965	1	shRunx3	0	0	0	0	0	1
X	109510380	109510761	1	shCd19	0	0	0	0	1	0
X	109760963	109761236	1	shRunx3	0	0	0	0	0	1
X	109892443	109892928	1	memory	0	0	0	1	0	0
X	110201001	110201309	1	late	0	1	0	0	0	0
X	110203256	110203688	1	memory	0	0	0	1	0	0
X	110468635	110468945	1	shRunx3	0	0	0	0	0	1
X	110486449	110486844	1	shRunx3	0	0	0	0	0	1
X	112359032	112359270	1	shRunx3	0	0	0	0	0	1
X	113190204	113190524	1	memory	0	0	0	1	0	0
X	113959814	113960215	1	memory	0	0	0	1	0	0
X	114231504	114232197	1	terminal	0	0	1	0	0	0
X	115138238	115138544	1	shRunx3	0	0	0	0	0	1
X	115289716	115290115	1	early	1	0	0	0	0	0
X	115530422	115530849	1	memory	0	0	0	1	0	0
X	115642677	115643128	1	shRunx3	0	0	0	0	0	1
X	115986268	115986782	1	early	1	0	0	0	0	0
X	116076819	116077157	1	early	1	0	0	0	0	0
X	116263087	116263491	1	memory	0	0	0	1	0	0
X	117367211	117367463	1	memory	0	0	0	1	0	0
X	117395372	117395731	1	terminal	0	0	1	0	0	0
X	117928057	117928477	1	terminal	0	0	1	0	0	0
X	118796146	118796400	1	shRunx3	0	0	0	0	0	1
X	118941212	118941584	1	memory	0	0	0	1	0	0
X	118973464	118973706	1	shRunx3	0	0	0	0	0	1
X	120481655	120482019	1	late	0	1	0	0	0	0
X	120802934	120803197	1	early	1	0	0	0	0	0
X	121262793	121263231	1	shRunx3	0	0	0	0	0	1
X	122426927	122427398	1	memory	0	0	0	1	0	0
X	122669357	122669609	1	memory	0	0	0	1	0	0
X	122735660	122736066	1	early	1	0	0	0	0	0
X	126557263	126557836	1	late	0	1	0	0	0	0
X	126828617	126828898	1	early	1	0	0	0	0	0
X	126930950	126931395	1	shCd19	0	0	0	0	1	0
X	127086767	127087008	1	shRunx3	0	0	0	0	0	1
X	128524214	128524738	1	terminal	0	0	1	0	0	0
X	128568259	128568533	1	terminal	0	0	1	0	0	0
X	129525806	129526138	1	terminal	0	0	1	0	0	0
X	130636045	130636388	1	memory	0	0	0	1	0	0
X	130755155	130755585	1	shCd19	0	0	0	0	1	0
X	130768971	130769921	1	shRunx3	0	0	0	0	0	1
X	130889773	130890060	1	shRunx3	0	0	0	0	0	1
X	130908442	130908837	1	shRunx3	0	0	0	0	0	1
X	132075902	132076261	1	late	0	1	0	0	0	0
X	132394166	132394601	1	shRunx3	0	0	0	0	0	1
X	133437975	133438251	1	early	1	0	0	0	0	0
X	133732255	133732587	1	early	1	0	0	0	0	0
X	133916003	133916329	1	early	1	0	0	0	0	0
X	134074727	134075002	1	terminal	0	0	1	0	0	0
X	134512537	134512770	1	shRunx3	0	0	0	0	0	1
X	136819073	136819444	1	memory	0	0	0	1	0	0
X	137172102	137172401	1	late	0	1	0	0	0	0
X	137971115	137971583	1	shRunx3	0	0	0	0	0	1
X	138879864	138880216	1	shRunx3	0	0	0	0	0	1
X	139213663	139213918	1	shCd19	0	0	0	0	1	0
X	139742151	139742420	1	shRunx3	0	0	0	0	0	1
X	139885633	139885830	1	shRunx3	0	0	0	0	0	1
X	140044632	140045088	1	memory	0	0	0	1	0	0
X	140183110	140183403	1	terminal	0	0	1	0	0	0
X	140313865	140314168	1	early	1	0	0	0	0	0
X	140542897	140543539	1	shCd19	0	0	0	0	1	0
X	141209105	141209351	1	memory	0	0	0	1	0	0
X	141346192	141346869	1	shRunx3	0	0	0	0	0	1
X	141382099	141382598	1	terminal	0	0	1	0	0	0
X	141687588	141687847	1	early	1	0	0	0	0	0
X	142542661	142542989	1	shRunx3	0	0	0	0	0	1
X	143225623	143225930	1	memory	0	0	0	1	0	0
X	143227624	143228121	1	late	0	1	0	0	0	0
X	143854710	143855221	1	late	0	1	0	0	0	0
X	143902897	143903218	1	terminal	0	0	1	0	0	0
X	143951755	143952492	1	terminal	0	0	1	0	0	0
X	144185280	144185558	1	terminal	0	0	1	0	0	0
X	144372177	144372605	1	terminal	0	0	1	0	0	0
X	144919466	144919904	1	terminal	0	0	1	0	0	0
X	145468550	145468825	1	memory	0	0	0	1	0	0
X	145509820	145510105	1	memory	0	0	0	1	0	0
X	146777661	146778045	1	shRunx3	0	0	0	0	0	1
X	146890911	146891305	1	terminal	0	0	1	0	0	0
X	147331893	147332242	1	memory	0	0	0	1	0	0
X	147398638	147398838	1	shRunx3	0	0	0	0	0	1
X	150292539	150292896	1	shRunx3	0	0	0	0	0	1
X	150501488	150501773	1	shCd19	0	0	0	0	1	0
X	150826267	150826773	1	shRunx3	0	0	0	0	0	1
X	151016988	151017307	1	shRunx3	0	0	0	0	0	1
X	152447961	152448255	1	shRunx3	0	0	0	0	0	1
X	152475704	152476387	1	memory	0	0	0	1	0	0
X	153245837	153246330	1	memory	0	0	0	1	0	0
X	153249224	153249621	1	late	0	1	0	0	0	0
X	154463535	154464110	1	early	1	0	0	0	0	0
X	154641225	154641529	1	memory	0	0	0	1	0	0
X	155638826	155639138	1	memory	0	0	0	1	0	0
X	156263977	156264177	1	shRunx3	0	0	0	0	0	1
X	156363406	156363620	1	shRunx3	0	0	0	0	0	1
X	156638025	156638747	1	terminal	0	0	1	0	0	0
X	157219234	157219803	1	late	0	1	0	0	0	0
X	157247870	157248156	1	late	0	1	0	0	0	0
X	157473744	157474237	1	terminal	0	0	1	0	0	0
X	158104804	158105106	1	early	1	0	0	0	0	0
X	158206634	158206904	1	terminal	0	0	1	0	0	0
X	158670731	158670982	1	shRunx3	0	0	0	0	0	1
X	158859043	158859290	1	shRunx3	0	0	0	0	0	1
X	158960925	158961488	1	shRunx3	0	0	0	0	0	1
X	159282387	159282743	1	shCd19	0	0	0	0	1	0
X	159678560	159678911	1	shCd19	0	0	0	0	1	0
X	159829375	159829712	1	shCd19	0	0	0	0	1	0
X	160150187	160150567	1	shRunx3	0	0	0	0	0	1
X	160309548	160310051	1	shRunx3	0	0	0	0	0	1
X	160477642	160478136	1	shRunx3	0	0	0	0	0	1
X	160847853	160848200	1	early	1	0	0	0	0	0
X	161001234	161001472	1	terminal	0	0	1	0	0	0
X	161736820	161737040	1	shRunx3	0	0	0	0	0	1
X	161889870	161890236	1	shRunx3	0	0	0	0	0	1
X	161975379	161975639	1	early	1	0	0	0	0	0
X	162198112	162198369	1	shCd19	0	0	0	0	1	0
X	162208746	162209520	1	late	0	1	0	0	0	0
X	162257308	162257622	1	terminal	0	0	1	0	0	0
X	162456167	162456526	1	terminal	0	0	1	0	0	0
X	162828947	162829643	1	shCd19	0	0	0	0	1	0
X	162867914	162868477	1	shCd19	0	0	0	0	1	0
X	163306024	163306525	1	memory	0	0	0	1	0	0
X	163908694	163908758	1	shCd19	0	0	0	0	1	0
X	163908758	163909124	2	shCd19,shRunx3	0	0	0	0	1	1
X	163909124	163909476	1	shCd19	0	0	0	0	1	0
X	166243423	166243952	1	shRunx3	0	0	0	0	0	1
X	166790758	166791035	1	late	0	1	0	0	0	0
X	166885415	166885767	1	shRunx3	0	0	0	0	0	1
X	167125127	167125457	1	shRunx3	0	0	0	0	0	1
X	167201213	167201572	1	shCd19	0	0	0	0	1	0
X	167420850	167421110	1	early	1	0	0	0	0	0
X	167476702	167477019	1	late	0	1	0	0	0	0
X	167929780	167930021	1	shRunx3	0	0	0	0	0	1
X	168304607	168304871	1	terminal	0	0	1	0	0	0
X	168503282	168504047	1	shRunx3	0	0	0	0	0	1
